LAND;BEZ;LOR_ab_2021;UJAHR;UMONAT;USTUNDE;UWOCHENTAG;UKATEGORIE;UART;UTYP1;ULICHTVERH;IstRad;IstPKW;IstFuss;IstKrad;IstGkfz;IstSonstige;USTRZUSTAND
11;7;7501133;2021;12;11;5;3;5;2;0;0;1;0;0;0;0;0
11;5;5100315;2021;12;7;4;3;5;3;1;1;1;0;0;0;0;1
11;1;1100416;2021;12;14;3;3;1;5;0;1;1;0;0;0;0;0
11;1;1300834;2021;12;4;5;3;2;6;2;0;1;0;1;0;0;1
11;6;6100103;2021;12;18;5;3;1;5;2;1;1;0;0;0;0;1
11;4;4501042;2021;12;19;6;3;2;6;2;0;1;0;0;0;0;0
11;2;2200211;2021;12;15;7;3;6;7;1;0;1;1;0;0;0;1
11;1;1100308;2021;12;17;2;3;6;2;2;1;0;1;0;0;0;0
11;6;6300527;2021;12;8;5;1;6;7;1;0;0;1;0;1;0;1
11;1;1400938;2021;12;9;4;3;5;7;1;0;1;0;0;0;0;0
11;4;4501147;2021;12;12;5;3;5;7;0;1;1;0;0;0;0;0
11;11;11300722;2021;11;7;2;3;5;2;1;1;0;0;0;0;1;1
11;4;4501150;2021;12;19;7;3;6;2;2;0;1;1;0;0;0;0
11;3;3300413;2021;12;0;3;3;1;5;2;0;1;0;0;0;1;0
11;7;7100102;2021;12;22;1;3;2;6;2;0;1;0;0;0;0;1
11;2;2200209;2021;12;16;4;3;5;2;1;0;1;0;1;0;0;0
11;2;2200211;2021;12;8;6;3;5;7;0;1;1;0;0;0;0;0
11;2;2400623;2021;12;13;7;3;2;1;0;0;1;0;0;0;0;0
11;10;10300731;2021;12;22;4;3;0;1;2;0;0;0;0;0;1;1
11;1;1300732;2021;12;8;2;2;2;6;0;0;1;0;0;0;0;0
11;6;6200314;2021;12;15;5;2;1;5;0;0;1;0;0;0;1;0
11;1;1200627;2021;12;16;7;2;6;4;2;0;1;1;0;0;0;0
11;1;1200629;2021;12;18;3;3;2;6;2;0;1;0;0;0;0;0
11;4;4501045;2021;12;0;3;3;1;5;2;0;1;0;0;0;0;2
11;1;1400940;2021;12;14;4;3;6;4;0;0;1;1;0;0;0;0
11;7;7300619;2021;12;18;5;3;2;6;2;0;1;0;1;0;0;0
11;10;10200420;2021;12;10;6;3;5;3;0;0;1;0;0;0;0;0
11;11;11300721;2021;11;18;3;3;5;2;2;0;1;0;0;0;1;1
11;10;10400938;2021;12;13;4;3;5;3;0;0;1;0;0;1;0;0
11;3;3500934;2021;12;17;5;3;5;3;2;1;1;0;0;0;0;1
11;7;7400823;2021;12;17;6;3;1;5;2;1;1;0;0;0;0;1
11;10;10200422;2021;12;14;6;3;6;7;0;1;0;1;0;0;0;0
11;10;10400835;2021;12;16;6;3;5;3;2;1;1;0;0;0;0;0
11;11;11100204;2021;12;5;4;3;5;2;2;1;1;0;0;0;0;1
11;4;4200308;2021;12;15;1;2;5;3;1;0;1;0;0;0;0;1
11;5;5100210;2021;12;15;2;3;2;6;0;0;1;0;0;0;0;1
11;1;1300834;2021;12;11;3;3;5;3;0;1;1;0;0;0;0;0
11;1;1401049;2021;12;9;7;2;6;2;0;0;0;1;0;0;1;1
11;12;12601235;2021;12;7;6;3;6;2;1;0;1;1;0;0;0;2
11;9;9501737;2021;12;10;6;3;5;3;0;0;1;0;0;0;0;1
11;1;1100310;2021;12;8;2;2;0;1;0;0;0;0;0;0;1;1
11;6;6100206;2021;12;16;1;3;0;3;2;0;1;0;0;0;1;0
11;12;12400616;2021;10;8;7;2;9;1;0;0;0;0;1;0;0;1
11;8;8100417;2021;10;14;7;3;5;2;0;1;1;0;0;0;0;0
11;8;8100415;2021;11;9;3;3;5;3;0;1;1;0;0;0;0;1
11;3;3601142;2021;11;18;5;3;5;2;1;1;0;0;1;0;0;1
11;11;11100102;2021;10;16;6;3;5;3;0;1;1;0;0;0;0;0
11;4;4100102;2021;10;22;6;3;5;3;2;0;1;0;0;0;1;0
11;2;2500831;2021;10;11;3;3;5;3;0;0;1;0;1;0;0;0
11;8;8100311;2021;10;21;3;3;6;7;2;0;1;1;0;0;0;0
11;6;6200419;2021;10;20;2;3;1;5;2;0;1;0;0;0;0;0
11;11;11501339;2021;11;12;3;2;5;2;0;1;1;0;0;0;0;1
11;4;4400835;2021;10;8;4;3;6;2;0;0;1;1;0;0;0;1
11;3;3601450;2021;11;12;6;3;0;2;0;1;1;0;0;0;0;1
11;9;9301126;2021;11;11;1;3;0;7;0;0;0;0;1;0;0;1
11;9;9502042;2021;11;10;4;3;1;5;0;1;1;0;0;0;0;0
11;1;1300733;2021;11;16;7;3;5;3;2;1;1;0;0;0;0;1
11;5;5200423;2021;10;3;5;3;9;1;2;0;0;0;0;0;1;0
11;2;2200209;2021;10;11;2;2;5;5;0;0;1;0;1;0;0;0
11;1;1100313;2021;10;7;1;3;5;3;0;0;1;0;1;0;0;0
11;10;10200417;2021;11;16;4;2;5;3;2;0;1;0;1;0;0;0
11;7;7300517;2021;11;17;6;3;3;6;2;1;1;0;0;0;0;0
11;7;7400823;2021;10;8;2;3;5;3;0;0;1;0;1;0;0;1
11;12;12500926;2021;10;7;4;3;2;6;0;0;0;0;1;1;0;1
11;6;6100103;2021;11;13;4;3;1;5;0;0;0;0;1;0;1;1
11;1;1300733;2021;11;8;4;3;2;6;0;1;1;0;0;0;0;1
11;4;4300624;2021;10;19;4;3;1;5;2;1;1;0;0;0;0;0
11;5;5100208;2021;10;13;5;3;0;4;0;1;0;1;0;0;0;1
11;4;4200308;2021;10;10;6;3;0;7;0;0;1;0;1;0;0;0
11;11;11401034;2021;11;9;2;3;5;2;0;1;1;0;0;0;0;0
11;5;5100210;2021;11;18;5;3;5;3;2;0;1;0;0;0;1;1
11;3;3601141;2021;11;7;3;3;2;6;0;0;1;0;0;0;0;0
11;11;11200411;2021;10;16;7;3;5;3;0;1;0;0;1;0;0;0
11;2;2400623;2021;10;13;5;3;5;3;0;0;1;0;1;0;0;0
11;6;6200313;2021;10;17;3;2;5;2;0;0;1;0;0;0;0;1
11;10;10400940;2021;11;17;2;3;6;2;2;0;0;1;0;0;1;1
11;1;1100205;2021;11;10;5;3;5;3;0;1;1;0;0;0;0;0
11;3;3601450;2021;11;21;1;3;2;6;2;0;1;0;0;0;0;1
11;1;1300733;2021;10;10;3;3;2;6;0;0;1;0;0;0;0;1
11;3;3100101;2021;11;18;7;3;1;5;2;0;1;0;0;0;0;1
11;10;10100314;2021;10;15;5;3;5;7;0;0;1;0;0;0;0;0
11;11;11300620;2021;10;13;6;3;2;6;0;0;1;0;0;0;0;1
11;1;1300834;2021;10;16;6;3;0;7;0;0;1;0;1;0;0;1
11;1;1100309;2021;10;16;6;3;6;7;0;0;0;1;0;0;1;0
11;1;1401049;2021;11;14;2;3;5;2;0;0;1;0;0;0;1;0
11;9;9100203;2021;11;8;6;3;5;2;0;0;1;0;0;0;0;1
11;3;3400725;2021;11;8;4;3;6;4;0;0;0;1;0;0;1;1
11;5;5200524;2021;10;15;6;3;2;6;0;0;1;0;0;0;0;0
11;7;7601341;2021;10;11;3;3;5;2;0;0;1;0;0;0;1;0
11;5;5100314;2021;10;6;4;3;5;3;1;1;1;0;0;0;0;0
11;12;12200309;2021;11;9;2;3;6;4;0;0;1;1;0;0;0;1
11;4;4501040;2021;10;11;3;3;0;6;0;1;0;0;0;0;1;1
11;3;3601449;2021;10;12;4;3;2;6;0;1;0;0;0;0;0;0
11;8;8100209;2021;11;16;7;3;5;3;2;1;1;0;0;0;0;0
11;8;8100209;2021;11;16;2;3;5;3;2;1;1;0;0;0;0;1
11;8;8100419;2021;11;6;3;2;5;3;1;0;1;0;0;0;0;1
11;11;11200512;2021;11;15;2;3;2;6;0;0;1;0;0;0;0;0
11;10;10100313;2021;10;10;7;3;5;3;0;0;1;0;0;0;0;0
11;9;9200819;2021;10;10;7;2;6;4;0;0;1;1;0;0;0;0
11;4;4400835;2021;11;14;3;3;2;2;0;0;1;0;0;0;0;0
11;12;12200414;2021;11;18;5;3;5;2;1;1;1;0;0;0;0;1
11;8;8100417;2021;10;0;1;3;2;6;2;0;1;0;0;0;0;0
11;7;7300619;2021;10;12;4;3;2;6;0;0;1;0;0;0;0;1
11;4;4500939;2021;10;4;3;3;0;2;2;0;0;0;1;1;0;0
11;7;7100103;2021;10;16;2;2;7;7;0;1;0;0;0;0;0;0
11;12;12200515;2021;11;18;4;3;0;2;2;1;1;0;0;0;0;0
11;4;4300619;2021;11;18;3;3;6;4;1;0;1;1;0;0;0;0
11;3;3501037;2021;10;15;4;3;5;3;0;1;1;0;0;0;0;0
11;8;8401139;2021;10;13;6;3;1;1;0;0;1;0;0;0;1;1
11;12;12200411;2021;11;15;6;3;2;6;0;0;1;0;0;0;0;0
11;2;2500728;2021;11;13;2;3;0;6;0;1;1;0;0;0;0;0
11;2;2200209;2021;11;14;4;3;3;6;0;1;1;0;0;0;0;0
11;4;4501149;2021;11;9;3;3;5;2;0;1;1;0;0;0;0;0
11;6;6300528;2021;10;11;7;3;5;3;0;1;1;0;0;0;0;0
11;11;11300620;2021;10;8;4;3;2;6;0;0;1;0;1;0;0;0
11;3;3601450;2021;10;11;2;3;1;1;0;0;1;0;0;0;0;0
11;12;12100204;2021;11;7;2;3;5;3;0;1;1;0;0;0;0;0
11;7;7200307;2021;11;17;4;3;2;6;2;0;1;0;0;0;0;0
11;8;8100521;2021;11;13;6;3;2;6;0;0;1;0;0;0;0;0
11;4;4300412;2021;10;15;3;2;5;3;0;0;1;0;0;0;1;1
11;2;2500832;2021;10;16;5;3;0;1;0;1;1;0;0;0;0;1
11;5;5300841;2021;11;14;6;2;6;4;0;0;1;1;0;0;0;0
11;10;10200629;2021;11;6;3;3;1;5;1;0;1;0;0;1;0;1
11;1;1100310;2021;10;9;5;3;2;2;0;0;1;0;1;0;0;0
11;1;1100205;2021;10;20;7;3;5;7;2;0;1;0;1;0;0;0
11;5;5100105;2021;10;12;1;2;4;1;0;0;1;0;0;0;0;0
11;5;5100317;2021;10;6;6;3;2;6;1;0;1;0;1;0;0;0
11;4;4501042;2021;11;15;2;3;2;2;0;0;1;0;1;0;0;0
11;3;3400827;2021;11;13;5;3;5;3;0;0;1;0;0;0;0;1
11;8;8100103;2021;11;10;5;3;0;5;0;0;1;0;0;0;1;1
11;1;1100309;2021;10;23;1;3;5;3;2;1;0;0;0;0;0;0
11;4;4200309;2021;10;13;5;3;5;3;0;0;1;0;0;0;0;0
11;8;8200623;2021;10;13;3;2;2;7;0;0;1;0;0;0;0;0
11;4;4300416;2021;11;19;2;3;0;2;2;1;1;0;0;0;0;1
11;3;3400619;2021;11;9;5;3;5;2;0;1;1;0;0;0;0;0
11;3;3701660;2021;11;18;7;3;5;7;2;0;1;0;0;0;0;0
11;8;8401241;2021;10;7;3;2;5;3;1;1;1;0;0;0;0;1
11;3;3701554;2021;10;7;4;3;2;6;0;1;0;0;0;0;0;0
11;5;5100104;2021;11;17;7;3;6;2;2;0;1;1;0;0;0;1
11;2;2200209;2021;11;20;1;3;6;4;2;0;1;1;0;0;0;1
11;4;4300623;2021;10;19;5;3;1;5;2;1;1;0;0;0;0;0
11;1;1100309;2021;10;12;6;3;5;3;0;1;1;0;0;0;0;1
11;8;8200623;2021;10;9;4;3;1;5;0;1;1;0;0;0;1;1
11;1;1200623;2021;11;20;6;3;6;4;2;1;0;1;0;0;0;0
11;7;7601236;2021;11;17;3;3;2;6;2;1;1;0;0;0;0;0
11;11;11501340;2021;10;15;5;3;5;2;0;1;1;0;0;0;0;0
11;2;2400624;2021;10;8;6;3;5;7;0;0;1;0;0;0;0;0
11;11;11300620;2021;10;10;1;3;2;6;0;0;1;0;1;0;0;0
11;3;3601245;2021;10;9;6;3;5;3;0;1;1;0;0;0;0;0
11;1;1300834;2021;11;11;2;2;3;6;0;0;1;0;1;0;0;0
11;11;11501238;2021;11;13;5;3;3;6;0;0;1;0;0;0;0;1
11;3;3200206;2021;11;8;3;3;5;3;0;0;1;0;1;0;0;0
11;5;5400942;2021;10;16;1;2;8;1;0;1;1;0;0;0;0;0
11;1;1400938;2021;10;17;5;3;2;7;1;0;0;0;1;0;1;0
11;10;10400836;2021;10;11;2;2;6;7;0;0;1;1;0;0;0;0
11;9;9100304;2021;11;16;2;3;2;6;2;0;1;0;0;0;0;1
11;4;4200308;2021;11;20;5;3;2;6;2;0;1;0;0;0;0;1
11;1;1300733;2021;11;16;1;3;2;6;1;0;1;0;0;0;0;1
11;1;1401046;2021;10;9;2;3;5;2;0;0;1;0;0;0;1;1
11;6;6300632;2021;10;16;1;3;5;3;0;0;1;0;0;0;0;0
11;9;9100203;2021;11;20;7;3;6;2;2;0;1;1;0;0;0;1
11;7;7601341;2021;11;19;1;2;5;3;2;0;1;0;0;0;0;1
11;10;10300731;2021;10;7;5;3;5;3;0;0;1;0;0;0;1;0
11;3;3601450;2021;10;12;6;3;6;4;0;0;1;1;0;0;0;0
11;11;11300721;2021;10;7;2;3;5;3;0;0;0;0;0;1;1;0
11;8;8100312;2021;10;18;6;3;2;7;1;0;1;0;0;0;1;0
11;10;10100209;2021;11;9;3;3;2;7;0;0;1;0;0;0;0;1
11;6;6300633;2021;11;8;4;3;0;7;0;1;0;0;0;0;0;1
11;4;4501040;2021;10;12;6;3;2;7;0;0;1;0;1;0;0;0
11;9;9200715;2021;10;14;3;3;5;3;0;0;1;0;0;0;0;0
11;8;8100102;2021;10;6;4;3;5;7;1;0;1;1;0;0;0;0
11;1;1100309;2021;10;10;3;2;5;2;0;1;0;0;0;1;0;1
11;4;4501045;2021;10;9;2;3;5;3;0;1;1;0;0;0;0;0
11;12;12200310;2021;11;16;2;3;5;2;1;1;1;0;0;0;0;0
11;8;8100209;2021;10;20;3;3;2;6;2;1;1;0;0;0;0;0
11;11;11200514;2021;10;16;4;3;2;2;0;0;0;0;1;0;1;0
11;12;12200414;2021;11;14;1;3;3;6;0;0;1;0;0;0;0;0
11;12;12100204;2021;11;7;3;3;5;3;0;0;1;0;0;0;0;1
11;11;11100203;2021;11;16;7;2;0;1;2;0;0;0;1;0;0;1
11;5;5300735;2021;10;22;7;3;5;2;2;0;1;0;0;0;0;0
11;10;10100312;2021;10;15;7;2;5;2;0;0;1;0;0;0;0;0
11;4;4300415;2021;11;17;4;3;6;2;2;0;1;1;0;0;0;0
11;10;10300734;2021;11;8;7;3;0;1;0;0;0;0;1;0;0;1
11;1;1100309;2021;10;22;1;3;6;4;2;0;1;1;0;0;0;1
11;4;4400728;2021;10;14;4;3;3;6;0;0;1;0;0;0;1;0
11;9;9501737;2021;10;8;3;3;0;1;0;0;1;0;1;0;0;1
11;9;9501737;2021;11;19;4;2;5;3;0;1;0;0;1;0;0;1
11;4;4501148;2021;11;19;3;3;6;2;2;0;1;1;0;0;0;1
11;2;2100102;2021;10;16;5;3;5;3;0;1;1;0;0;0;0;0
11;8;8100102;2021;10;12;5;3;5;3;0;0;1;0;1;0;0;1
11;7;7200413;2021;11;17;6;3;2;6;1;0;1;0;0;0;0;1
11;5;5100315;2021;11;12;2;3;2;2;0;0;1;0;0;0;0;1
11;9;9401431;2021;11;18;4;3;0;1;2;1;0;0;0;0;0;0
11;3;3601142;2021;11;18;2;3;5;2;2;1;1;0;0;0;0;0
11;1;1200627;2021;10;9;7;3;0;1;0;0;0;0;1;0;0;0
11;7;7400721;2021;10;14;4;3;2;6;0;0;1;0;0;0;1;0
11;4;4200309;2021;10;8;2;3;5;3;0;0;1;0;0;0;0;0
11;1;1100311;2021;10;16;1;3;4;6;0;1;0;0;0;0;1;1
11;1;1100206;2021;11;2;5;3;5;3;2;0;1;0;0;0;0;0
11;11;11300722;2021;11;15;7;3;5;3;1;0;1;0;1;0;0;0
11;7;7400824;2021;10;21;2;3;5;2;2;0;1;0;0;0;1;0
11;5;5300841;2021;10;11;5;1;6;4;0;0;0;1;0;1;0;0
11;5;5200633;2021;11;12;6;3;2;7;0;0;1;0;1;0;0;0
11;3;3400725;2021;11;15;4;3;5;2;0;0;1;0;0;0;0;1
11;3;11300617;2021;10;18;5;3;5;3;1;1;1;0;0;0;0;0
11;1;1100310;2021;10;18;4;3;1;5;2;1;1;0;0;0;0;1
11;8;8300935;2021;10;22;7;3;2;6;2;0;1;0;0;0;0;0
11;3;3601450;2021;10;8;6;3;5;2;0;1;1;0;0;0;0;0
11;1;1300733;2021;11;19;2;2;2;6;2;0;1;0;1;0;0;0
11;6;6200313;2021;11;17;5;3;6;4;2;0;1;1;0;0;0;1
11;2;2500835;2021;11;6;3;3;0;2;1;0;1;0;1;0;0;0
11;11;11100203;2021;10;10;1;3;5;2;0;0;1;0;1;0;0;0
11;8;8401243;2021;10;14;5;3;5;2;0;0;1;0;1;0;0;0
11;12;12500927;2021;10;14;3;3;5;2;0;1;1;0;0;0;0;1
11;3;3400721;2021;10;8;3;3;0;1;0;0;0;0;1;0;0;1
11;5;5200629;2021;11;15;2;3;6;7;0;0;0;1;0;0;1;0
11;3;3500932;2021;11;19;7;3;0;5;2;1;0;0;0;0;1;0
11;4;4300620;2021;11;8;2;3;5;2;0;1;1;0;0;0;0;0
11;3;3300514;2021;10;11;3;3;5;3;0;0;1;0;0;0;0;1
11;6;6100209;2021;10;8;4;3;5;2;0;1;1;0;0;0;0;0
11;6;6200314;2021;11;18;7;3;1;5;2;0;1;0;0;0;0;1
11;3;3601245;2021;11;14;1;3;1;5;0;1;1;0;0;0;0;0
11;8;8100416;2021;11;8;3;3;0;7;0;1;1;0;0;0;0;1
11;12;12100101;2021;11;13;7;3;1;5;0;1;1;0;0;0;0;0
11;11;11200410;2021;10;11;6;3;5;2;0;0;1;0;1;0;0;0
11;2;2200210;2021;10;2;6;2;0;1;2;0;0;0;1;0;0;1
11;3;3300514;2021;10;14;2;3;6;4;0;0;1;1;0;0;0;0
11;3;3601346;2021;10;23;6;3;1;5;2;1;1;0;0;0;0;0
11;11;11200410;2021;11;9;3;3;2;6;0;0;1;0;0;0;0;1
11;10;10100316;2021;11;8;5;3;5;2;0;1;1;0;0;0;0;0
11;9;9100304;2021;10;14;6;3;5;2;0;1;1;0;0;0;0;0
11;4;4300623;2021;10;14;6;3;2;6;0;1;1;0;0;0;0;0
11;5;5100316;2021;10;16;3;2;5;2;0;1;1;0;0;0;0;0
11;11;11200512;2021;10;16;3;3;1;5;0;1;0;0;0;0;1;0
11;1;1100310;2021;11;8;3;3;0;3;0;1;0;0;1;0;0;1
11;8;8100105;2021;10;21;4;3;6;4;2;0;1;1;0;0;0;0
11;12;12100205;2021;10;8;4;3;2;6;0;0;1;0;0;0;0;0
11;4;4100102;2021;10;20;1;3;5;2;2;0;1;0;0;0;0;1
11;8;8100415;2021;11;14;6;3;6;4;0;0;1;1;0;0;0;0
11;10;11200515;2021;11;21;7;3;6;4;2;0;1;1;0;0;0;0
11;7;7300619;2021;11;9;4;3;1;5;0;1;1;0;0;0;0;0
11;11;11401137;2021;11;14;7;3;2;6;0;0;1;0;0;0;0;0
11;7;7501031;2021;10;16;1;3;2;1;0;0;1;0;0;0;0;0
11;10;10100104;2021;10;4;1;3;9;1;2;0;1;0;0;0;0;0
11;12;12100101;2021;11;7;5;3;6;4;0;0;1;1;0;0;0;1
11;1;1100414;2021;11;14;6;3;0;6;0;1;0;0;0;0;1;1
11;12;12100101;2021;10;19;1;3;5;2;2;0;1;0;0;0;0;0
11;6;6100209;2021;10;13;4;3;0;3;0;0;1;0;1;0;0;1
11;4;4501149;2021;11;21;5;3;5;2;2;0;1;0;1;0;0;0
11;6;6400838;2021;10;12;2;3;5;2;0;1;1;0;0;0;0;0
11;1;1200628;2021;10;14;6;3;2;2;0;0;1;0;0;0;0;0
11;9;9501736;2021;11;7;4;3;5;3;0;0;1;0;0;0;0;1
11;8;8100206;2021;11;14;5;3;6;7;0;0;0;1;0;0;1;0
11;7;7100102;2021;10;7;7;3;0;7;1;0;1;0;0;0;1;0
11;2;2500832;2021;10;18;3;3;6;7;0;1;0;1;0;0;0;0
11;8;8100314;2021;10;15;4;3;4;6;0;0;1;0;0;0;0;0
11;5;5200524;2021;10;18;2;3;2;6;1;0;1;0;0;0;0;0
11;6;6100210;2021;11;14;2;3;1;5;0;0;1;0;1;0;0;0
11;7;7601236;2021;10;13;4;2;6;4;0;1;0;1;0;0;0;0
11;3;3501037;2021;11;17;1;3;2;6;1;0;1;0;0;0;0;1
11;4;4300619;2021;11;15;4;3;5;2;0;1;1;0;0;0;0;0
11;9;9301025;2021;11;13;7;3;2;6;0;1;1;0;0;0;0;0
11;3;3400721;2021;10;11;7;2;1;5;0;1;1;0;0;0;0;0
11;5;5300736;2021;10;14;7;3;4;6;0;1;0;0;0;0;0;0
11;4;4500939;2021;11;19;5;3;1;5;2;1;1;0;0;0;0;1
11;1;1200628;2021;11;6;6;3;0;7;1;0;1;0;0;0;1;1
11;11;11300721;2021;10;13;1;3;1;5;0;1;1;0;0;0;0;0
11;3;3400620;2021;10;16;4;3;5;3;0;1;1;0;0;0;0;1
11;1;1100415;2021;11;11;5;3;2;2;0;0;0;0;1;1;0;0
11;11;11400931;2021;11;23;3;3;1;5;2;0;1;0;0;0;0;1
11;8;8100415;2021;10;14;5;3;5;3;0;1;1;0;0;0;0;0
11;2;2500833;2021;10;9;5;3;0;1;0;0;0;0;1;0;0;1
11;10;10100209;2021;10;4;2;3;5;3;2;0;1;0;0;0;0;1
11;7;7300619;2021;11;10;6;3;6;4;0;0;0;1;0;0;1;0
11;8;8100105;2021;11;17;1;3;2;6;2;0;1;0;0;0;0;1
11;1;1401048;2021;11;13;5;3;2;6;0;0;0;0;0;0;1;1
11;10;10400941;2021;11;15;2;3;5;3;0;0;1;0;0;0;1;0
11;2;2100106;2021;10;15;7;3;5;3;0;0;1;0;0;0;1;0
11;4;4200308;2021;10;12;5;3;5;2;0;1;1;0;0;0;0;0
11;11;11401032;2021;10;6;2;3;5;3;2;1;1;0;0;0;0;2
11;12;12601235;2021;11;6;2;3;5;2;0;1;1;0;0;0;0;0
11;11;11100204;2021;11;11;5;2;5;3;0;0;1;0;0;0;1;0
11;2;2100102;2021;11;11;7;2;5;2;0;1;1;0;0;0;0;0
11;4;4300622;2021;10;19;3;3;1;1;2;0;1;0;0;0;0;0
11;1;1200623;2021;10;1;5;3;1;5;2;1;1;0;0;0;0;0
11;5;5100208;2021;11;17;6;2;5;3;1;0;1;0;1;0;1;0
11;2;2100104;2021;10;20;5;3;5;3;2;1;1;0;0;0;0;0
11;9;9501838;2021;10;15;4;3;2;6;0;0;1;0;0;0;0;1
11;5;5100101;2021;10;10;7;3;2;6;0;0;1;0;0;0;0;1
11;6;6300632;2021;10;8;5;3;5;3;0;0;1;0;0;0;0;0
11;2;2400623;2021;11;13;2;2;5;3;0;1;1;0;0;0;0;0
11;8;8200831;2021;11;16;5;3;2;6;2;0;1;0;0;0;0;1
11;2;2500833;2021;11;22;4;3;1;5;2;1;1;0;0;0;0;1
11;11;11100101;2021;10;13;7;2;3;6;0;0;1;0;1;0;0;0
11;1;1300834;2021;10;8;5;3;2;6;0;0;1;0;0;0;0;0
11;9;9300920;2021;10;14;3;2;5;3;0;0;1;0;1;0;0;0
11;8;8200730;2021;11;15;3;3;5;7;0;0;1;0;0;0;1;0
11;3;3601245;2021;11;10;6;3;0;7;0;1;0;0;0;0;0;1
11;11;11100204;2021;11;14;2;3;6;4;0;0;0;1;0;0;1;0
11;1;1100101;2021;10;9;2;3;0;1;0;1;0;0;0;0;0;0
11;9;9301228;2021;10;7;4;3;8;1;0;0;1;0;0;0;0;1
11;4;4501152;2021;10;18;2;3;0;1;1;0;0;0;0;0;1;0
11;7;7601237;2021;11;14;7;3;6;4;0;0;1;1;0;0;0;1
11;1;1200520;2021;11;18;2;3;2;2;2;0;1;0;1;0;0;1
11;5;5300737;2021;11;21;3;3;8;7;2;0;1;0;0;0;0;0
11;1;1100101;2021;11;9;6;3;2;6;0;0;1;0;0;0;1;1
11;8;8401244;2021;10;18;6;2;5;2;1;0;1;0;1;0;0;0
11;8;8200832;2021;10;12;1;3;5;5;0;0;1;0;1;0;0;0
11;10;10300734;2021;10;12;7;3;0;7;0;0;1;0;0;0;0;0
11;3;3601243;2021;11;9;3;3;4;6;0;1;1;0;0;0;0;1
11;3;3400830;2021;11;12;5;3;5;3;0;1;1;0;0;0;0;0
11;7;7400823;2021;10;9;7;3;5;3;0;0;1;0;0;0;1;0
11;3;3501038;2021;10;22;6;3;6;4;2;0;0;1;0;0;1;0
11;9;9300920;2021;10;12;3;3;0;2;0;0;1;0;1;0;0;0
11;1;1401046;2021;10;8;4;3;5;2;0;1;1;0;0;0;0;0
11;2;2500726;2021;10;19;2;3;1;5;1;1;1;0;0;0;0;1
11;8;8401241;2021;11;10;3;3;5;3;0;0;1;0;1;0;0;1
11;1;1300834;2021;10;6;4;3;6;4;1;0;0;1;1;0;0;1
11;1;1100310;2021;10;9;4;3;6;7;0;0;0;1;0;0;1;0
11;5;5200527;2021;11;17;6;2;6;4;1;0;1;1;0;0;0;0
11;9;9200512;2021;11;10;1;2;5;2;0;0;1;0;0;0;1;1
11;4;4300412;2021;11;14;4;3;5;3;0;1;1;0;0;0;0;0
11;11;11400927;2021;11;1;1;3;0;1;2;1;0;0;0;0;0;0
11;6;6200313;2021;10;15;4;2;6;4;0;0;1;1;0;0;0;0
11;10;10400835;2021;10;16;2;3;5;2;0;1;1;0;0;0;0;0
11;1;1200517;2021;10;19;1;3;5;3;2;0;1;0;0;0;0;0
11;12;12500930;2021;11;7;4;3;1;5;0;0;1;0;0;0;1;0
11;3;3601142;2021;11;9;6;3;6;4;0;0;1;1;0;0;0;1
11;1;1100103;2021;10;9;2;3;5;2;0;0;1;0;0;0;0;1
11;1;1100308;2021;10;12;4;3;5;3;0;1;0;0;0;0;1;1
11;4;4100101;2021;11;16;5;3;6;4;2;0;1;1;0;0;0;1
11;2;2100106;2021;11;14;4;2;0;3;0;0;1;0;1;0;0;1
11;8;8100314;2021;10;9;5;2;6;2;0;0;0;1;1;0;0;0
11;9;9100101;2021;10;6;5;2;6;4;2;1;0;1;0;0;0;1
11;1;1100102;2021;10;11;6;2;0;1;0;0;0;0;1;0;0;0
11;1;1300836;2021;11;19;2;3;1;5;1;1;1;0;0;0;0;0
11;4;4300518;2021;11;17;5;3;6;2;2;0;1;1;0;0;0;1
11;1;1100102;2021;11;7;2;3;0;2;1;1;1;0;0;0;0;1
11;11;11400931;2021;10;17;7;3;5;7;0;1;1;0;0;0;0;0
11;7;7200413;2021;10;8;5;3;5;3;0;1;1;0;0;0;0;0
11;2;2400624;2021;10;8;3;2;0;2;0;0;1;0;1;0;0;1
11;4;4501044;2021;11;17;2;3;6;7;2;0;1;1;0;0;0;1
11;2;2100103;2021;11;19;5;3;0;4;2;0;0;1;1;0;0;1
11;12;12400616;2021;11;10;7;3;5;3;0;0;1;0;0;0;0;1
11;1;1100415;2021;10;10;3;3;6;4;0;0;1;1;0;0;0;1
11;8;8100209;2021;11;13;5;3;5;3;0;1;1;0;0;0;0;0
11;10;10100315;2021;10;19;5;2;6;4;2;0;0;1;0;0;1;0
11;6;6200313;2021;10;18;6;3;6;2;1;0;1;1;0;0;0;1
11;4;4300412;2021;10;16;6;3;2;6;0;0;1;0;0;0;0;1