LAND;BEZ;LOR_ab_2021;UJAHR;UMONAT;USTUNDE;UWOCHENTAG;UKATEGORIE;UART;UTYP1;ULICHTVERH;IstRad;IstPKW;IstFuss;IstKrad;IstGkfz;IstSonstige;USTRZUSTAND
11;2;2300316;2021;10;20;6;3;5;2;2;1;1;0;0;0;0;0
11;4;4501043;2021;11;16;3;3;0;1;0;0;0;0;1;0;0;0
11;2;2300417;2021;11;18;5;3;8;1;2;0;1;0;0;0;0;1
11;5;5200629;2021;11;17;4;3;5;3;2;0;1;0;1;0;0;0
11;5;5100104;2021;10;18;1;3;2;7;0;1;0;0;1;0;0;0
11;1;1100308;2021;11;8;4;3;5;2;0;1;1;0;0;0;0;1
11;1;1100308;2021;10;16;5;3;3;6;0;0;1;0;0;0;1;0
11;1;1100103;2021;10;14;5;3;2;6;0;0;1;0;0;0;0;1
11;1;1100310;2021;10;12;6;3;2;6;0;1;0;0;0;0;0;0
11;11;11200410;2021;11;9;2;3;2;6;0;0;1;0;0;0;1;1
11;5;5100316;2021;11;18;5;3;5;2;2;0;1;0;0;0;1;1
11;4;4500939;2021;11;10;2;3;5;3;0;1;1;0;0;0;0;0
11;9;9401330;2021;10;17;7;3;0;1;0;1;0;0;0;0;0;0
11;1;1200520;2021;10;11;5;3;6;4;0;0;1;1;0;0;0;0
11;5;5300840;2021;10;7;2;3;5;3;0;0;1;0;1;0;0;0
11;9;9100304;2021;11;10;2;2;6;4;0;0;0;1;1;0;0;0
11;11;11300616;2021;11;12;5;3;5;3;0;1;1;0;0;0;0;1
11;9;9501940;2021;11;21;7;3;5;2;2;0;1;0;0;0;0;0
11;10;10100311;2021;10;9;3;3;5;2;0;0;0;0;0;1;1;1
11;4;4300622;2021;10;17;5;3;1;3;0;0;1;0;0;0;0;1
11;6;6100207;2021;11;15;7;3;5;3;2;0;1;0;0;0;1;1
11;1;1200522;2021;10;8;6;3;1;5;0;1;0;0;0;1;0;0
11;2;2100102;2021;10;18;6;3;3;2;1;0;0;0;0;0;1;1
11;10;10400939;2021;10;16;6;3;5;3;0;0;1;0;0;0;1;1
11;4;4501040;2021;10;17;7;3;5;3;0;0;1;0;1;0;0;0
11;2;2300316;2021;11;7;3;3;5;3;0;1;1;0;0;0;0;1
11;11;11300620;2021;11;6;6;1;6;4;2;0;0;1;0;0;1;1
11;5;5100211;2021;11;16;4;3;5;2;1;0;1;0;0;0;0;0
11;3;3601451;2021;10;12;1;2;6;4;0;0;0;1;1;0;0;0
11;3;3601346;2021;10;16;5;3;0;1;0;1;0;0;0;0;0;0
11;9;9100407;2021;10;16;3;3;6;4;0;0;0;1;0;0;1;1
11;8;8100104;2021;11;19;6;3;2;6;1;0;1;0;0;0;1;0
11;3;3500933;2021;11;20;2;2;6;7;2;0;1;1;0;0;0;0
11;2;2400521;2021;10;9;3;3;2;7;0;0;1;0;0;0;1;0
11;2;2200213;2021;11;20;7;3;5;2;2;0;1;1;0;0;0;1
11;12;12500926;2021;11;12;1;2;5;3;0;1;1;0;0;0;0;1
11;1;1401048;2021;11;16;4;3;5;3;0;0;1;0;0;0;0;0
11;6;6300524;2021;11;16;6;3;5;2;0;1;1;0;0;0;0;0
11;8;8100314;2021;10;11;6;3;1;5;0;1;0;0;0;1;0;0
11;3;3300413;2021;10;11;7;2;5;3;0;0;1;0;1;0;0;0
11;4;4300416;2021;10;18;7;3;5;2;1;1;1;0;0;0;0;0
11;4;4501042;2021;11;18;3;3;2;6;2;0;1;0;0;0;0;0
11;10;10100311;2021;11;18;5;3;6;4;1;0;1;1;0;0;0;1
11;3;3601142;2021;10;12;7;3;5;3;0;0;1;0;0;0;0;0
11;7;7601546;2021;10;14;6;3;5;2;0;0;1;0;0;0;0;0
11;11;11300721;2021;10;15;3;3;2;6;0;0;1;0;0;1;0;0
11;11;11200410;2021;10;4;4;2;5;2;2;0;1;0;1;0;0;0
11;1;1100415;2021;10;8;3;3;0;1;0;1;0;0;0;0;0;1
11;2;2100105;2021;11;17;5;3;3;6;2;1;1;0;0;0;0;1
11;8;8100312;2021;11;18;3;3;5;3;2;1;1;0;0;0;0;1
11;5;5200527;2021;10;7;4;3;5;2;0;1;1;0;0;0;0;1
11;2;2500834;2021;10;18;4;3;1;5;0;0;1;0;0;0;0;0
11;8;8401242;2021;11;23;6;3;2;6;2;0;1;0;0;0;0;0
11;9;9200717;2021;11;16;7;3;3;7;1;0;1;0;0;0;0;0
11;7;7601340;2021;11;15;4;3;5;2;0;1;0;0;0;1;0;0
11;12;12100101;2021;11;21;1;3;5;3;2;0;1;0;0;0;0;0
11;8;8401243;2021;10;8;7;2;5;2;0;0;1;0;0;0;0;0
11;2;2500728;2021;10;17;4;3;5;3;1;0;1;0;0;0;0;0
11;4;4300517;2021;10;5;1;3;8;1;2;0;1;0;0;0;0;0
11;5;5200423;2021;10;20;1;3;2;6;2;0;1;0;0;0;0;0
11;5;5200423;2021;11;15;5;3;2;2;0;0;1;0;0;0;0;0
11;10;10100311;2021;11;15;6;3;5;2;0;0;1;0;0;0;0;0
11;2;2200210;2021;10;18;7;3;2;2;1;0;1;0;0;0;0;0
11;3;3400723;2021;10;18;5;3;6;2;2;0;1;1;0;0;0;1
11;3;3400829;2021;11;18;5;2;5;2;2;1;0;0;0;0;0;0
11;1;1401045;2021;11;5;3;3;2;6;2;0;1;0;0;0;0;1
11;4;4300622;2021;10;14;5;3;5;2;0;1;1;0;0;0;0;0
11;10;10400941;2021;10;14;5;3;5;3;0;1;1;0;0;0;0;1
11;3;3100101;2021;10;15;5;3;2;6;0;1;1;0;0;0;0;0
11;1;1200624;2021;11;7;2;3;2;6;0;0;1;0;0;0;0;1
11;7;7300517;2021;11;16;5;3;1;5;1;1;1;0;0;0;0;1
11;7;7601340;2021;11;12;3;3;5;7;0;0;1;0;0;1;0;0
11;11;11300722;2021;10;12;2;3;5;7;0;0;1;0;0;0;1;0
11;12;12500930;2021;10;8;5;3;5;2;0;0;1;0;1;0;0;0
11;11;11300620;2021;10;7;3;3;6;4;0;0;1;1;0;0;0;0
11;4;4200204;2021;11;16;3;3;2;7;1;0;1;0;0;0;0;0
11;10;10200423;2021;11;12;5;3;5;3;0;1;1;0;0;0;0;0
11;3;3400619;2021;11;16;1;3;5;3;1;0;1;0;0;0;0;1
11;1;1100101;2021;10;8;2;3;6;4;0;1;0;1;0;0;0;0
11;2;2400521;2021;10;19;2;3;5;3;1;0;1;0;0;0;1;0
11;1;2100101;2021;11;16;7;3;6;4;2;0;1;1;0;0;0;1
11;6;6400843;2021;10;18;5;3;6;2;1;0;1;1;0;0;0;0
11;4;4300619;2021;10;0;7;2;8;1;2;0;1;0;0;0;0;0
11;12;12500928;2021;10;20;6;3;0;3;2;0;1;0;1;0;0;1
11;1;1200629;2021;10;15;6;3;6;4;0;1;0;1;0;0;0;0
11;5;5100316;2021;11;15;2;3;5;2;0;0;1;0;0;0;0;1
11;4;4300416;2021;11;7;6;3;1;5;0;1;1;0;0;0;0;1
11;9;9200510;2021;11;17;4;3;6;4;2;0;0;1;0;0;1;0
11;4;4501042;2021;10;0;6;3;0;1;2;1;0;0;0;0;0;0
11;11;11300721;2021;10;10;3;3;5;3;0;0;1;0;0;0;0;0
11;8;8100312;2021;10;19;3;3;1;5;2;1;1;0;0;0;0;1
11;12;12500929;2021;11;12;3;3;5;3;0;0;1;0;1;0;0;1
11;4;4501044;2021;10;7;3;3;1;5;1;1;1;0;0;0;0;1
11;1;1300732;2021;10;13;4;3;4;1;0;0;1;0;1;0;0;0
11;1;1100313;2021;11;12;1;3;5;3;0;0;1;0;0;0;0;1
11;7;7601236;2021;11;6;2;2;5;5;2;0;1;0;1;0;0;1
11;3;3300514;2021;11;14;4;3;8;1;0;0;1;0;0;0;0;0
11;5;5200629;2021;11;15;7;3;6;4;0;0;1;1;0;0;0;0
11;1;1100206;2021;10;9;7;3;5;3;0;1;1;0;0;0;0;0
11;12;12500926;2021;10;10;7;2;5;2;0;0;1;0;0;0;0;0
11;3;3601142;2021;11;15;3;3;0;6;0;1;0;0;0;0;1;0
11;10;10100315;2021;11;13;5;3;5;3;0;0;1;0;0;0;0;0
11;4;4100101;2021;10;20;7;3;0;7;2;1;0;0;0;0;0;0
11;6;6400840;2021;10;9;4;3;1;5;0;0;1;0;0;0;0;0
11;1;1100207;2021;10;8;3;2;5;3;0;0;1;0;0;0;1;1
11;6;6200421;2021;11;16;4;3;5;2;2;1;1;0;0;0;0;1
11;4;4100101;2021;11;20;3;2;5;2;2;0;1;0;0;0;0;1
11;4;4200311;2021;10;16;4;3;3;6;0;0;1;0;0;1;0;0
11;7;7400822;2021;10;14;3;3;2;6;0;0;1;0;0;0;0;0
11;2;2200213;2021;10;13;4;3;1;5;0;1;1;0;0;0;0;0
11;7;7400720;2021;11;10;2;3;6;2;0;0;1;1;0;0;0;0
11;6;6200311;2021;10;7;3;3;6;2;2;0;1;1;0;0;0;1
11;12;12200412;2021;11;4;7;2;1;5;2;1;1;0;0;0;0;0
11;4;4300622;2021;11;13;2;3;5;2;0;1;1;0;0;0;0;1
11;8;8200832;2021;11;6;3;3;2;6;2;0;1;0;0;0;0;1
11;8;8401243;2021;11;8;6;3;2;6;0;1;1;0;0;0;0;0
11;8;8100102;2021;10;2;7;3;0;1;2;0;0;0;0;0;1;0
11;7;7601442;2021;10;11;7;3;5;3;0;0;1;0;0;0;1;0
11;11;11300721;2021;11;10;3;3;0;2;0;1;1;0;0;0;0;1
11;1;1100308;2021;11;18;5;3;5;7;2;0;1;0;0;0;1;1
11;1;1300733;2021;10;14;7;2;6;7;0;0;0;1;0;0;1;0
11;10;10200526;2021;10;15;6;3;6;2;0;0;1;1;0;0;0;0
11;7;7100103;2021;10;21;3;3;0;7;2;1;0;0;0;0;0;1
11;9;9200717;2021;10;6;3;2;6;4;2;0;1;1;0;0;0;1
11;2;2300314;2021;11;19;4;3;0;6;2;0;1;0;1;0;0;1
11;6;6100103;2021;11;20;3;3;0;7;2;0;0;0;0;0;1;1
11;7;7601238;2021;10;11;4;2;5;2;0;0;1;0;1;0;0;0
11;4;4100101;2021;10;9;6;3;2;6;0;0;1;0;0;0;1;1
11;3;3200207;2021;11;21;6;2;2;6;2;0;1;0;0;0;0;0
11;2;2100102;2021;11;10;7;3;5;2;0;0;1;0;0;0;0;0
11;12;12200309;2021;11;18;4;3;0;7;1;0;1;0;0;0;1;0
11;7;7200307;2021;11;16;2;3;6;2;0;0;1;1;0;0;0;0
11;3;3400826;2021;10;10;7;3;0;2;0;1;1;0;0;0;0;0
11;1;1200522;2021;10;17;4;2;6;4;0;0;0;1;0;0;1;0
11;6;6400838;2021;10;17;2;3;0;1;1;1;0;0;0;0;0;0
11;2;2500726;2021;11;9;2;3;5;2;0;0;1;0;0;0;1;0
11;3;3300514;2021;11;8;4;3;5;2;0;1;0;0;0;0;1;0
11;11;11300617;2021;11;10;6;3;5;3;0;0;1;0;0;0;0;1
11;2;2200210;2021;10;13;1;3;5;3;0;0;1;0;1;0;0;0
11;7;7100102;2021;10;23;4;3;0;1;2;0;0;0;0;0;1;0
11;2;2500726;2021;11;14;6;3;0;7;0;0;0;0;1;0;0;0
11;1;1100102;2021;11;9;4;3;5;2;0;1;1;0;0;0;0;1
11;2;2300314;2021;10;18;4;3;6;4;2;0;1;1;0;0;0;0
11;10;10100104;2021;10;8;7;3;5;3;0;0;1;0;0;0;0;1
11;11;11200514;2021;10;14;6;3;5;2;0;0;0;0;0;0;1;0
11;11;11401032;2021;11;6;3;3;5;3;1;0;1;0;1;0;0;1
11;1;1300834;2021;11;19;5;2;6;2;1;0;1;1;0;0;0;1
11;2;2100102;2021;11;9;4;3;5;2;0;1;1;0;0;0;0;1
11;2;2200210;2021;10;5;7;2;1;5;2;1;1;0;0;0;0;0
11;8;8401243;2021;10;16;5;3;6;7;0;0;1;1;0;0;0;0
11;6;6200313;2021;10;9;3;3;0;2;0;1;1;0;0;0;0;1
11;7;7400826;2021;10;22;2;3;5;7;2;0;0;0;1;0;1;0
11;11;11100309;2021;11;16;2;3;3;6;1;1;0;0;0;0;0;1
11;6;6400737;2021;11;15;6;3;9;1;0;0;1;0;0;0;0;1
11;3;3200205;2021;11;5;7;3;0;6;2;0;1;0;0;0;0;0
11;10;10400940;2021;10;13;3;3;1;5;0;0;1;0;0;0;0;1
11;1;1300834;2021;11;16;7;3;3;6;2;0;1;0;1;0;0;1
11;2;2200209;2021;11;17;2;3;6;2;2;0;1;1;0;0;0;1
11;10;10100311;2021;10;6;5;3;5;2;0;0;1;0;0;0;0;0
11;2;2400522;2021;10;7;6;3;1;5;2;1;1;0;0;0;0;0
11;1;1300733;2021;10;16;2;3;6;4;0;1;0;1;0;0;0;0
11;4;4501148;2021;10;14;6;3;1;5;0;0;1;0;1;0;0;0
11;1;1100207;2021;11;9;4;3;3;6;0;0;0;0;1;0;1;0
11;8;8100416;2021;11;17;5;3;1;5;2;0;1;0;0;0;0;1
11;4;4300416;2021;10;14;6;3;2;6;0;0;1;0;0;0;0;0
11;7;7400824;2021;10;8;3;2;5;2;0;1;1;0;0;0;0;0
11;4;4501153;2021;10;23;3;3;2;6;2;0;1;0;0;0;0;0
11;1;1100312;2021;10;10;2;3;1;5;0;1;0;0;0;0;1;1
11;9;9301126;2021;11;16;2;2;5;3;1;0;1;0;1;0;0;0
11;7;7601544;2021;10;18;4;2;0;7;1;0;1;0;0;0;0;0
11;1;1100309;2021;10;2;1;3;0;1;2;1;0;0;0;0;0;0
11;7;7100206;2021;11;18;7;3;2;6;2;0;1;0;1;0;0;0
11;11;11200411;2021;11;11;3;3;5;3;0;0;1;0;0;0;0;1
11;6;6100102;2021;11;21;2;3;5;7;2;0;1;0;1;0;0;0
11;11;11300721;2021;10;0;1;1;5;2;2;0;1;0;0;0;1;0
11;8;8401244;2021;10;20;7;3;2;6;2;0;1;0;0;0;0;0
11;1;1401046;2021;11;11;4;3;5;2;0;0;1;0;0;1;0;0
11;8;8100417;2021;11;12;7;3;2;6;0;0;1;0;1;0;0;0
11;3;3601450;2021;10;4;2;3;0;1;2;0;0;0;1;0;0;1
11;1;1100206;2021;10;10;4;3;1;7;0;0;1;0;1;0;0;0
11;1;1401049;2021;11;8;4;3;5;2;0;1;1;0;0;0;0;1
11;7;7601341;2021;11;16;3;3;5;3;2;1;1;0;0;0;0;1
11;7;7200307;2021;10;10;5;3;2;7;0;0;0;0;1;0;1;0
11;11;11300620;2021;10;15;5;3;2;6;1;0;1;0;1;0;0;1
11;7;7400823;2021;11;14;6;3;5;3;0;0;1;0;0;0;1;0
11;10;10400938;2021;11;7;2;3;5;3;0;1;1;0;0;0;0;1
11;11;11200513;2021;11;8;4;3;6;4;0;1;0;1;0;0;0;0
11;7;7601442;2021;11;13;2;3;5;3;0;0;1;0;0;0;1;0
11;8;8200831;2021;10;10;7;3;2;6;0;0;1;0;0;0;0;0
11;7;7300517;2021;10;9;4;3;5;3;0;0;0;0;0;0;1;0
11;5;5300737;2021;10;3;1;2;8;1;2;0;1;0;0;0;0;0
11;9;9300920;2021;11;7;2;2;6;4;0;0;0;1;0;0;1;0
11;2;2400521;2021;11;14;5;3;3;6;0;0;1;0;1;0;0;0
11;8;8100415;2021;11;16;7;3;5;2;2;1;1;0;0;0;0;0
11;3;3601141;2021;10;11;2;3;2;2;0;1;1;0;0;0;0;1
11;7;7100101;2021;10;15;5;3;1;5;0;1;1;0;0;0;0;0
11;2;2200208;2021;11;17;6;3;6;7;1;1;0;1;0;0;0;0
11;4;4500939;2021;11;16;4;3;2;7;2;0;1;0;0;0;0;1
11;4;4200310;2021;10;10;5;3;1;5;0;1;1;0;0;0;0;0
11;1;1100415;2021;10;20;4;3;6;7;2;0;1;1;0;0;0;0
11;1;1400942;2021;10;10;7;3;2;6;0;0;1;0;0;0;1;1
11;11;11300722;2021;10;7;6;3;3;6;0;0;1;0;0;1;0;0
11;7;7100102;2021;11;11;3;3;0;3;0;1;1;0;0;0;0;0
11;12;12100101;2021;11;17;5;3;6;4;2;0;0;1;0;0;1;1
11;9;9100407;2021;11;19;3;2;0;1;2;0;1;0;0;0;0;0
11;12;12100102;2021;10;23;1;2;1;5;2;1;1;0;0;0;0;0
11;7;7100102;2021;10;8;5;3;6;2;0;0;1;1;0;0;0;0
11;1;1100207;2021;10;14;3;3;5;3;0;1;1;0;0;0;0;0
11;2;2400625;2021;10;9;6;2;2;7;0;0;1;0;0;0;1;0
11;2;2100102;2021;10;8;2;3;5;2;0;1;1;0;0;0;0;0
11;8;8100206;2021;11;15;6;3;5;2;0;1;1;0;0;0;0;0
11;5;5300737;2021;11;20;2;3;2;6;2;0;1;0;0;0;0;1
11;1;1100308;2021;11;12;5;3;1;5;0;1;1;0;0;0;0;1
11;1;1100102;2021;11;22;3;2;3;2;2;0;1;0;1;0;0;0
11;7;7601341;2021;10;11;7;3;6;4;0;1;0;1;0;0;0;0
11;7;7501031;2021;10;12;5;3;2;6;0;0;1;0;0;0;0;0
11;11;11300620;2021;10;10;2;3;6;2;0;0;1;1;0;0;0;0
11;8;8100104;2021;10;11;1;3;2;6;0;1;1;0;0;0;0;0
11;1;1100309;2021;11;17;4;3;5;2;2;0;1;0;0;0;1;0
11;7;7300618;2021;11;0;7;3;1;5;2;1;1;0;0;0;0;0
11;1;1100205;2021;10;8;2;3;1;5;0;1;0;0;0;0;1;1
11;3;3601453;2021;10;11;5;3;5;2;0;0;1;0;0;0;1;1
11;3;3100103;2021;10;4;4;3;0;1;2;0;0;0;1;0;0;1
11;2;2100106;2021;11;18;5;3;2;6;2;0;1;0;0;0;0;0
11;10;10300734;2021;11;1;3;3;9;1;2;0;1;0;0;0;0;0
11;10;10100311;2021;10;13;5;3;5;2;0;1;1;0;0;0;0;0
11;3;3501038;2021;10;14;6;3;5;2;0;0;0;0;0;1;1;1
11;12;12500926;2021;10;8;6;3;0;4;0;0;0;1;1;0;0;0
11;1;1100102;2021;11;6;3;3;2;6;1;0;1;0;0;0;0;0
11;2;2300419;2021;11;18;5;3;1;5;2;1;1;0;0;0;0;1
11;3;3601141;2021;11;18;3;3;2;6;2;0;1;0;0;0;0;0
11;11;11400929;2021;10;17;1;2;5;2;0;1;0;0;1;0;0;0
11;3;3601142;2021;10;8;5;3;5;3;0;1;1;0;0;0;0;0
11;2;2400521;2021;10;18;2;3;1;5;2;1;1;0;0;0;0;0
11;4;4501042;2021;10;19;2;3;5;2;1;0;1;0;1;0;0;0
11;5;5200528;2021;11;18;2;3;5;2;2;1;1;0;0;0;0;1
11;3;3601450;2021;11;9;5;3;6;2;0;0;1;1;0;0;0;0
11;1;1100415;2021;11;21;1;2;0;1;2;1;0;0;0;0;0;1
11;6;6100209;2021;10;19;3;3;0;7;2;0;1;0;1;0;0;1
11;8;8100520;2021;10;18;2;3;6;2;2;0;1;1;0;0;0;0
11;1;1300733;2021;11;18;7;3;6;4;2;0;0;1;1;0;0;1
11;4;4300621;2021;11;14;2;3;6;7;0;0;1;1;0;0;0;0
11;7;4501153;2021;11;15;2;3;0;1;1;1;0;0;0;0;0;1
11;10;10200630;2021;10;7;6;3;5;2;0;1;1;0;0;0;0;0
11;1;1100312;2021;10;12;6;3;5;3;0;0;1;0;1;0;0;0
11;5;5200528;2021;10;23;6;2;0;6;2;0;1;0;0;0;0;0
11;5;5100104;2021;11;7;4;2;5;2;0;0;1;0;1;0;0;0
11;1;1100308;2021;11;8;5;3;2;6;0;1;1;0;0;0;0;0
11;3;3400721;2021;10;1;7;2;0;1;2;0;0;0;0;0;1;0
11;5;5100313;2021;10;1;2;2;1;7;2;0;1;0;0;0;1;1
11;2;2100102;2021;10;18;3;3;0;1;2;0;0;0;1;0;0;1
11;7;7501029;2021;10;14;2;3;2;6;0;0;0;0;1;0;1;0
11;8;8200624;2021;11;20;3;2;5;3;2;0;1;0;0;0;0;1
11;1;1400939;2021;10;21;4;3;5;3;2;0;1;0;0;0;1;0
11;7;7501030;2021;10;18;4;3;2;6;2;0;1;0;0;0;0;0
11;7;7501031;2021;11;16;1;3;2;2;2;0;1;0;0;0;0;1
11;4;4400728;2021;11;16;4;3;5;2;1;1;1;0;0;0;0;0
11;12;12601235;2021;11;16;7;3;5;2;2;0;1;0;0;0;0;0
11;7;7400826;2021;10;13;1;3;5;3;0;0;1;0;1;0;0;0
11;2;2200210;2021;10;20;7;3;5;3;2;0;1;0;0;0;0;0
11;1;1401048;2021;11;18;5;3;4;6;1;1;0;0;0;0;1;1
11;7;7300619;2021;11;15;6;3;5;3;0;0;1;0;0;0;0;0
11;11;11400929;2021;10;7;2;3;6;4;0;1;0;1;0;0;0;1
11;6;6300528;2021;10;14;4;3;2;6;0;0;1;0;0;0;0;0
11;7;7300517;2021;11;14;5;3;0;7;0;0;1;0;0;0;0;0
11;4;4501044;2021;11;8;4;3;5;2;0;1;1;0;0;0;0;1
11;6;6300525;2021;10;16;5;3;5;3;0;0;1;0;0;0;0;0
11;2;2400521;2021;10;17;5;3;5;2;0;1;1;0;0;0;0;1
11;2;2500836;2021;10;15;6;2;0;7;0;1;0;0;0;0;0;0
11;10;10400835;2021;11;11;1;3;8;1;0;0;1;0;0;0;0;1
11;1;1100310;2021;11;16;5;3;3;6;2;0;0;0;1;0;1;1
11;12;12601235;2021;11;18;3;3;2;2;1;0;1;0;0;0;0;0
11;5;5100317;2021;10;17;7;3;5;2;0;1;1;0;0;0;0;0
11;2;2400520;2021;10;11;5;3;5;3;0;1;1;0;0;0;0;0
11;2;2200208;2021;10;6;2;3;5;2;1;1;0;0;0;0;1;0
11;7;9100306;2021;11;10;2;3;2;6;0;0;1;0;0;0;0;0
11;9;9100407;2021;11;12;5;3;6;3;0;0;1;1;0;0;0;0
11;1;1100103;2021;11;23;7;3;5;7;2;0;1;0;1;0;0;0
11;6;6300634;2021;10;16;2;2;6;4;0;0;1;1;0;0;0;0
11;11;11401135;2021;10;15;3;3;5;3;0;1;1;0;0;0;0;1
11;1;1100310;2021;10;13;5;3;3;6;0;0;0;0;1;0;1;1
11;8;8100311;2021;11;14;6;2;0;6;0;0;1;0;0;0;1;0
11;5;5300737;2021;10;19;5;2;0;3;0;0;1;0;1;0;0;0
11;10;10200629;2021;10;15;6;3;5;3;0;1;1;0;0;0;0;1
11;4;4100101;2021;10;17;7;3;5;2;0;0;1;0;0;0;0;0
11;1;1100102;2021;10;14;6;3;5;3;0;1;1;0;0;0;0;0
11;10;10100205;2021;11;14;3;3;0;7;0;0;0;0;1;1;0;1
11;1;1401045;2021;11;7;6;3;2;6;0;0;1;0;0;0;1;1
11;12;12500928;2021;11;7;5;3;6;4;0;0;1;1;0;0;0;1
11;6;6300632;2021;10;10;1;3;5;3;0;1;1;0;0;0;0;0
11;1;1100103;2021;10;10;5;3;2;6;0;0;1;0;1;0;0;0
11;1;1200628;2021;10;0;2;3;5;3;2;0;1;0;0;0;1;0
11;7;7200409;2021;10;9;3;3;1;5;0;0;1;0;0;0;1;1
11;8;8200832;2021;11;17;2;3;5;2;2;0;1;0;0;0;0;1
11;8;8100102;2021;11;12;7;3;3;6;0;0;1;0;1;0;0;0
11;11;11401136;2021;11;21;2;3;1;5;2;0;1;0;0;0;1;0
11;3;3601243;2021;10;14;3;3;5;3;0;0;1;0;0;0;0;1
11;6;6100101;2021;11;16;7;3;5;3;2;0;1;0;0;0;0;1
11;12;12100101;2021;11;0;2;3;3;6;2;0;1;0;0;0;1;1
11;11;11300721;2021;11;7;3;2;6;4;0;0;1;1;0;0;0;1
11;2;2500833;2021;11;2;7;3;5;3;2;0;1;0;1;0;0;0
11;4;4300414;2021;10;16;6;3;3;6;0;1;1;0;0;0;1;0
11;5;5100104;2021;10;15;1;2;0;7;0;1;0;0;0;0;0;0
11;2;2500833;2021;10;2;1;3;0;1;2;0;0;0;0;0;1;0
11;11;11100205;2021;11;17;3;3;5;3;2;1;1;0;0;0;0;0
11;1;1300732;2021;11;16;5;3;2;4;2;0;1;1;1;0;0;1
11;1;1400940;2021;10;12;7;3;0;7;0;0;0;0;1;0;0;0
11;3;3400831;2021;10;11;6;3;2;6;0;1;1;0;0;0;0;0
11;9;9501939;2021;10;6;3;2;6;2;2;0;1;1;0;0;0;0
11;9;9200613;2021;10;11;4;2;5;3;0;0;1;0;0;0;0;0
11;1;1200520;2021;10;16;2;3;5;2;0;1;0;0;0;0;1;0
11;3;3300516;2021;11;12;3;3;5;3;0;0;1;0;0;0;0;1
11;4;4501045;2021;10;8;4;3;1;5;0;1;1;0;0;0;0;1
11;7;7300517;2021;10;9;4;2;5;3;0;1;1;0;0;0;0;0
11;2;2300418;2021;11;17;6;3;0;6;1;1;1;0;0;0;0;0
11;6;6200317;2021;11;10;1;2;0;3;0;1;1;0;0;0;0;1
11;1;1200517;2021;11;8;4;3;2;2;0;1;1;0;0;0;0;0
11;1;1400940;2021;11;17;7;2;6;4;1;0;1;1;0;0;0;0
11;9;9100101;2021;11;15;3;3;3;6;0;1;1;0;0;0;0;0
11;1;1401045;2021;11;3;7;3;2;6;2;0;1;0;0;0;0;0
11;8;8100419;2021;11;20;1;2;5;3;2;0;1;0;1;0;0;1
11;1;1300835;2021;10;15;3;3;5;2;0;1;1;0;0;0;0;0
11;1;1100313;2021;10;20;2;3;5;2;2;1;1;0;0;0;0;0
11;7;7100205;2021;11;18;7;3;5;2;2;1;1;0;0;0;0;1
11;4;4501042;2021;11;9;2;3;3;6;0;1;1;0;0;0;0;1
11;7;7400823;2021;11;19;3;3;5;2;2;1;1;0;0;0;0;0
11;12;12500930;2021;11;10;6;3;2;6;0;0;1;0;0;0;0;1
11;4;4501043;2021;10;14;6;3;3;6;0;1;1;0;0;0;0;0
11;11;11300721;2021;10;15;6;3;2;6;0;0;1;0;0;0;0;1
11;3;3601141;2021;10;19;6;3;2;7;2;0;1;0;0;0;0;0
11;3;3500936;2021;11;15;4;3;6;4;0;0;1;1;0;0;0;0
11;1;1100310;2021;11;11;5;3;2;6;0;0;1;0;0;0;0;0
11;11;11401136;2021;10;16;6;3;5;3;0;1;1;0;0;0;0;0
11;12;12100103;2021;10;16;6;3;5;3;0;1;1;0;0;0;0;0
11;8;8401243;2021;10;19;3;3;2;2;2;0;1;0;0;0;0;0
11;9;9200715;2021;10;18;3;3;2;6;2;0;1;0;1;0;0;1
11;5;5200423;2021;11;7;3;3;6;4;0;0;1;1;0;0;0;1
11;2;2200208;2021;10;22;4;3;2;6;2;1;1;0;0;0;0;0
11;2;2500833;2021;10;23;4;3;5;3;2;0;1;0;0;0;1;0
11;6;6100205;2021;11;11;7;3;6;4;0;0;1;1;0;0;0;0
11;1;1300733;2021;11;9;1;3;0;6;0;0;1;0;1;0;0;1
11;1;1401046;2021;11;7;4;3;5;7;0;0;1;0;1;0;0;0
11;9;9100407;2021;11;23;7;3;9;1;2;0;1;0;0;0;0;0
11;12;12500929;2021;10;18;7;3;1;5;2;0;1;0;0;0;1;0
11;2;2100104;2021;10;0;7;3;2;6;2;0;1;0;0;0;0;0
11;4;4300517;2021;11;18;5;3;3;6;1;0;0;0;1;0;1;0
11;11;11300721;2021;11;20;5;2;2;6;2;0;1;0;1;0;1;1
11;8;8100207;2021;10;18;7;3;0;3;1;0;0;0;1;0;1;0
11;5;5100316;2021;10;13;4;3;0;6;0;0;0;0;0;0;1;0
11;1;1100310;2021;11;22;5;3;1;5;2;0;1;0;0;0;1;0