LAND;BEZ;LOR_ab_2021;UJAHR;UMONAT;USTUNDE;UWOCHENTAG;UKATEGORIE;UART;UTYP1;ULICHTVERH;IstRad;IstPKW;IstFuss;IstKrad;IstGkfz;IstSonstige;USTRZUSTAND
11;8;8200832;2021;10;14;3;3;2;6;0;0;1;0;0;0;0;1
11;10;10400940;2021;11;16;2;3;5;2;2;1;1;0;0;0;0;1
11;11;11300722;2021;11;17;5;2;5;2;2;0;1;0;1;0;0;0
11;4;4501148;2021;11;16;7;3;5;2;2;0;1;0;0;0;0;1
11;9;9501838;2021;10;15;3;3;5;3;0;0;1;0;1;0;0;1
11;1;1200522;2021;11;17;6;3;5;3;2;1;0;0;0;0;1;0
11;2;2500836;2021;10;18;5;3;0;1;2;0;1;0;1;0;0;0
11;7;7300619;2021;10;20;6;3;5;5;2;0;1;0;1;0;0;1
11;4;4300416;2021;10;20;7;3;6;7;0;0;1;1;0;0;0;0
11;8;8100418;2021;10;17;6;3;5;3;2;0;1;0;0;0;0;0
11;4;4501045;2021;11;19;2;3;6;4;2;1;0;1;0;0;0;1
11;3;3601243;2021;11;8;6;3;5;2;0;1;1;0;0;0;0;1
11;3;3601450;2021;11;16;4;3;0;2;2;0;1;0;0;0;1;1
11;11;11300722;2021;10;16;1;3;5;2;0;0;1;0;0;0;0;0
11;2;2400521;2021;10;11;3;3;3;6;0;1;1;0;0;0;0;0
11;12;12500824;2021;10;13;4;2;6;4;0;0;1;1;0;0;0;0
11;3;3200205;2021;11;6;2;3;5;3;2;0;1;0;0;0;0;0
11;5;5100105;2021;10;7;4;3;2;3;0;1;1;0;0;0;0;1
11;10;10300733;2021;11;18;7;3;5;2;2;0;1;0;0;0;0;1
11;7;7400720;2021;11;13;2;3;5;3;0;0;1;0;0;0;0;0
11;9;9100101;2021;11;11;4;3;5;3;0;1;0;0;1;0;0;0
11;5;5200629;2021;11;12;6;3;5;2;0;0;1;0;0;0;0;1
11;12;12200412;2021;10;14;1;2;1;5;0;0;1;0;1;0;0;0
11;7;7501135;2021;10;1;1;3;1;5;2;1;1;0;0;0;0;0
11;3;3601245;2021;11;9;4;3;5;3;0;1;1;0;0;0;0;0
11;5;5200423;2021;11;10;5;2;5;3;0;0;1;0;0;0;0;0
11;12;12200412;2021;10;17;6;3;5;2;0;0;1;0;0;0;0;0
11;9;9301227;2021;10;15;6;3;1;5;0;1;1;0;0;0;0;0
11;1;1400938;2021;10;8;6;2;5;3;0;1;1;0;0;0;0;0
11;1;1300733;2021;10;18;6;3;6;2;1;0;1;1;0;0;0;1
11;2;2200209;2021;10;8;7;3;5;3;0;1;0;0;0;0;0;1
11;3;3400619;2021;10;16;6;3;5;3;0;1;1;0;0;0;0;0
11;3;3400725;2021;11;17;3;3;5;2;2;0;1;0;1;0;0;0
11;4;4501043;2021;11;19;5;3;5;2;2;1;1;0;0;0;0;1
11;1;1100416;2021;11;8;3;3;5;7;0;1;1;0;0;0;0;0
11;4;4300621;2021;10;18;1;3;5;7;1;0;1;0;0;0;1;0
11;1;1300732;2021;10;20;5;3;5;2;2;1;0;0;0;0;1;0
11;2;2500727;2021;10;14;3;3;0;1;0;1;0;0;0;0;0;0
11;4;4300621;2021;11;10;2;3;1;5;0;1;0;0;0;0;1;0
11;4;4400835;2021;11;17;6;3;6;7;1;0;1;1;0;0;0;0
11;12;12400723;2021;11;16;2;3;0;7;2;0;0;0;1;0;0;1
11;5;5100317;2021;10;7;3;3;0;1;2;0;0;0;1;0;0;1
11;6;6400838;2021;11;19;7;3;6;2;2;0;1;1;0;0;0;1
11;10;10300731;2021;11;16;2;3;6;2;1;0;1;1;0;0;0;1
11;6;6100207;2021;11;12;4;3;5;2;0;0;1;0;1;0;0;0
11;7;7100206;2021;11;17;6;3;6;7;2;0;1;1;0;0;0;0
11;8;8100310;2021;10;15;6;3;6;7;0;1;1;1;0;0;0;0
11;4;4200310;2021;10;16;7;3;5;2;0;0;1;0;1;0;0;0
11;4;4300412;2021;10;12;7;3;2;6;0;0;1;0;0;0;0;0
11;2;2200209;2021;11;12;3;2;1;5;0;1;0;0;0;0;1;1
11;1;1100313;2021;11;17;5;3;5;3;1;0;1;0;0;0;0;1
11;4;4501040;2021;10;11;7;3;5;7;0;1;1;0;0;0;0;0
11;10;10300732;2021;10;16;6;3;6;6;2;0;1;1;0;0;0;0
11;10;10200524;2021;10;8;2;3;5;3;0;1;1;0;0;0;0;0
11;4;4300622;2021;10;11;4;3;6;4;0;0;0;1;1;0;0;0
11;4;4501150;2021;10;17;3;3;5;7;1;0;1;0;1;0;0;0
11;4;4501042;2021;11;10;3;3;2;6;0;0;1;0;1;0;0;1
11;7;7601442;2021;10;11;4;2;6;2;0;0;0;1;0;1;0;0
11;11;11300721;2021;10;13;4;3;3;6;0;0;1;0;0;1;0;0
11;1;1200626;2021;11;15;6;2;5;3;0;0;1;0;0;0;0;0
11;6;6100208;2021;11;2;7;3;6;4;2;0;0;1;0;0;1;0
11;1;1300730;2021;11;14;4;3;5;3;0;0;1;0;1;0;0;0
11;12;12200309;2021;11;23;2;3;5;3;2;1;1;0;0;0;0;0
11;7;7300618;2021;10;14;4;3;5;3;0;1;1;0;0;0;0;0
11;6;6300528;2021;10;11;2;3;5;3;0;0;1;0;1;0;0;0
11;10;10200420;2021;10;14;1;3;5;2;0;0;1;0;0;0;0;0
11;4;4100102;2021;11;13;4;3;5;2;0;0;1;0;0;0;0;0
11;1;1100206;2021;11;21;6;3;6;2;2;0;1;1;0;0;0;0
11;3;3601348;2021;10;15;1;3;5;7;0;1;0;0;0;0;0;0
11;9;9301227;2021;10;18;4;3;5;3;2;1;1;0;0;0;0;1
11;2;2100102;2021;11;12;6;3;5;3;0;0;1;0;0;0;0;0
11;8;8100312;2021;11;15;3;3;6;2;0;0;1;1;0;0;0;0
11;10;10400835;2021;10;12;5;3;5;3;0;1;1;0;0;0;0;0
11;11;11300723;2021;10;18;5;2;0;1;0;1;0;0;0;0;0;1
11;5;5100314;2021;10;18;5;3;0;5;2;0;1;0;1;0;0;0
11;6;6300633;2021;11;8;2;3;6;2;0;0;1;1;0;0;0;1
11;5;5100208;2021;11;12;5;2;2;6;0;0;1;0;0;1;0;1
11;9;9301025;2021;11;9;3;3;6;7;0;0;1;1;0;0;0;0
11;3;3500934;2021;10;15;1;3;5;3;0;0;0;0;1;0;0;0
11;3;3400828;2021;10;10;5;3;1;5;0;1;1;0;0;0;0;0
11;7;7400721;2021;10;13;2;3;2;6;0;0;1;0;0;0;0;0
11;11;11200514;2021;11;8;2;3;2;6;0;1;0;0;0;0;0;0
11;1;1100310;2021;11;9;5;3;2;6;0;0;1;0;0;0;0;0
11;3;3300516;2021;11;0;1;3;0;1;2;0;0;0;0;0;1;0
11;10;10300732;2021;10;12;2;3;9;1;0;0;1;0;0;0;0;0
11;9;9200510;2021;11;17;7;3;5;3;2;1;1;0;0;0;0;1
11;9;9501939;2021;10;19;5;3;1;5;2;1;1;0;0;0;0;0
11;1;1100309;2021;10;18;6;3;6;2;2;0;1;1;0;0;0;1
11;12;12100205;2021;10;14;6;3;5;3;0;0;1;0;0;0;0;1
11;10;10200526;2021;10;18;6;3;9;1;2;0;0;0;1;0;0;0
11;4;4300622;2021;11;16;3;3;2;6;2;0;1;0;1;0;0;0
11;1;1400937;2021;11;7;6;3;5;3;0;0;1;0;0;0;0;1
11;7;7100102;2021;11;17;4;3;5;3;2;0;1;0;1;0;0;0
11;5;5100315;2021;10;17;6;2;5;3;0;0;1;0;0;0;1;0
11;9;9200715;2021;10;15;3;2;5;2;0;0;1;0;0;0;1;0
11;5;5200629;2021;10;23;3;2;5;3;2;0;1;0;0;0;0;0
11;4;4300619;2021;10;16;2;3;5;2;0;1;1;0;0;0;0;0
11;8;8401244;2021;11;0;3;2;9;1;2;0;1;0;0;0;0;0
11;6;6100103;2021;10;12;3;3;5;2;0;0;1;0;0;0;0;1
11;2;2400625;2021;10;17;4;3;2;6;0;0;1;0;0;0;0;0
11;2;2500833;2021;11;10;1;3;0;1;0;1;0;0;0;0;0;1
11;1;1100309;2021;11;10;2;3;5;3;0;1;1;0;0;0;0;1
11;9;9401534;2021;11;20;3;3;9;1;2;0;0;0;0;0;1;0
11;6;6200313;2021;11;9;2;3;2;6;0;0;1;0;0;0;0;0
11;12;12400618;2021;10;14;7;2;0;7;0;0;0;0;1;0;0;1
11;7;7400721;2021;10;0;7;2;2;1;2;0;1;0;0;0;0;0
11;9;9200819;2021;11;17;3;3;5;2;1;1;1;0;0;0;0;0
11;1;1100308;2021;11;8;5;3;2;6;0;1;1;0;0;0;0;1
11;1;1200628;2021;10;19;7;3;1;5;2;1;1;0;0;0;0;0
11;3;3400619;2021;10;7;4;3;0;2;0;1;1;0;0;0;0;1
11;8;8200831;2021;10;14;3;3;0;5;0;0;1;0;0;0;0;0
11;7;7200413;2021;11;14;5;3;5;7;0;0;1;0;0;0;0;1
11;7;7501133;2021;11;8;3;3;0;2;0;1;1;0;0;0;0;1
11;1;1100310;2021;10;15;4;3;5;7;0;0;1;0;1;0;0;0
11;4;4200308;2021;10;6;6;2;4;6;2;0;1;0;0;1;0;0
11;3;3500934;2021;11;18;6;3;1;5;1;1;1;0;0;0;0;0
11;10;10400941;2021;11;12;2;2;5;3;0;1;1;0;0;0;0;1
11;3;3400620;2021;11;6;5;3;5;3;2;1;1;0;0;0;0;0
11;2;2500835;2021;11;10;3;2;0;1;0;0;0;0;1;0;0;0
11;11;11501238;2021;10;11;7;3;5;2;0;0;1;0;1;0;0;0
11;1;1100310;2021;10;15;4;3;0;2;0;1;1;0;0;0;0;0
11;11;11300722;2021;10;14;2;3;5;2;0;1;1;0;0;0;0;0
11;7;7601339;2021;10;12;1;3;0;2;0;0;1;0;1;0;0;0
11;4;4501042;2021;11;15;4;3;0;2;0;0;1;0;0;0;1;0
11;5;5200525;2021;11;14;6;2;6;4;0;0;1;1;0;0;0;1
11;11;11200513;2021;10;17;2;3;5;2;0;1;1;0;0;0;0;0
11;8;8100417;2021;10;13;5;2;5;3;0;1;1;0;0;0;0;1
11;8;8100418;2021;11;14;6;3;6;4;0;0;1;1;0;0;0;0
11;9;9501737;2021;11;7;4;3;1;5;0;1;1;0;0;0;0;1
11;1;1300834;2021;10;9;5;3;0;2;0;1;1;0;0;0;0;0
11;4;4501152;2021;10;13;4;3;0;7;0;1;0;0;0;1;0;1
11;4;4100101;2021;10;6;3;2;2;7;2;0;1;0;1;0;0;1
11;11;11300620;2021;11;18;4;3;5;2;2;0;1;0;0;0;0;0
11;11;11501341;2021;11;18;3;3;0;7;2;0;1;0;0;0;0;1
11;5;5100317;2021;10;2;4;2;0;7;2;0;0;0;0;0;1;1
11;4;4400729;2021;10;17;4;3;0;1;0;1;0;0;0;0;0;0
11;8;8200832;2021;11;10;6;2;6;4;0;0;1;1;0;0;0;1
11;12;12500824;2021;11;15;7;3;5;2;0;1;1;0;0;0;0;1
11;10;10100208;2021;11;19;4;3;2;7;2;1;1;0;0;0;0;1
11;8;8401242;2021;11;21;7;3;5;3;2;0;1;0;0;0;0;0
11;6;6400735;2021;10;10;7;2;5;3;0;0;1;0;0;0;0;0
11;3;3501038;2021;10;20;4;3;5;7;2;1;1;0;0;0;0;0
11;2;2100106;2021;10;17;1;3;5;2;0;1;1;0;0;0;0;0
11;12;12200309;2021;11;12;2;2;5;3;0;0;1;0;1;0;0;1
11;4;4300621;2021;11;10;4;3;1;5;0;1;1;0;0;0;0;0
11;8;8200623;2021;11;13;7;3;3;6;0;0;1;0;0;0;0;0
11;8;8100102;2021;10;23;7;3;6;7;2;0;1;1;0;0;0;0
11;7;7200307;2021;10;22;4;3;0;1;2;0;0;0;0;0;1;0
11;9;9100407;2021;11;10;6;2;0;7;0;1;0;0;0;0;0;0
11;4;4501042;2021;11;16;3;3;6;4;2;0;1;1;0;0;0;1
11;12;12601031;2021;10;22;4;3;5;3;2;0;1;0;0;0;1;0
11;3;3400828;2021;10;16;6;3;5;3;0;0;1;0;0;0;0;1
11;2;2500833;2021;10;22;1;2;6;2;2;0;1;1;0;0;0;0
11;12;12500928;2021;10;8;6;3;2;6;0;0;1;0;0;0;0;0
11;10;10200418;2021;11;18;2;3;5;2;1;0;1;0;0;0;1;1
11;4;4300416;2021;11;21;5;3;5;7;2;0;1;0;1;0;0;1
11;7;7400823;2021;11;8;3;2;5;3;0;0;0;0;1;0;1;0
11;9;9200715;2021;10;12;2;3;6;2;0;0;1;1;0;0;0;1
11;4;4100102;2021;10;5;5;3;2;2;2;0;1;0;0;0;1;0
11;5;5200420;2021;10;20;2;2;2;2;2;0;1;0;1;0;1;0
11;3;3400831;2021;11;13;2;3;6;4;0;0;0;1;0;0;1;1
11;8;8300934;2021;11;20;6;3;0;2;2;1;1;0;0;0;0;0
11;1;1100205;2021;11;19;1;3;5;2;2;1;1;0;0;0;0;1
11;1;1300733;2021;10;16;2;3;2;6;0;0;1;0;0;0;1;0
11;10;10400836;2021;10;11;2;3;5;3;0;1;1;0;0;0;0;0
11;12;12601235;2021;11;2;7;3;2;7;2;0;1;0;0;0;0;0
11;1;1100311;2021;11;14;1;3;1;7;0;0;1;0;0;0;0;1
11;11;11200513;2021;10;7;5;2;0;2;1;0;1;0;0;0;1;0
11;12;12200309;2021;10;14;6;3;0;6;0;0;1;0;1;0;0;0
11;9;9501737;2021;10;16;2;3;5;3;0;1;1;0;0;0;0;0
11;9;9100304;2021;10;14;6;3;0;4;0;0;0;1;1;0;0;0
11;1;1200519;2021;11;12;4;3;0;5;0;1;1;0;0;0;0;1
11;10;10200421;2021;11;15;5;3;5;2;0;1;1;0;0;0;0;0
11;2;2300315;2021;10;12;6;3;5;2;0;1;1;0;0;0;0;0
11;1;1100416;2021;10;7;3;3;5;3;0;1;1;0;0;0;0;0
11;6;6300526;2021;10;13;4;3;2;3;0;0;1;0;1;0;0;0
11;2;2400521;2021;10;12;2;2;5;3;0;0;1;0;1;0;0;0
11;5;5100104;2021;11;9;1;3;5;3;0;0;1;0;0;0;0;1
11;2;2300315;2021;10;17;4;3;5;3;0;1;0;0;0;0;1;0
11;9;9100101;2021;10;15;4;3;1;5;0;1;1;0;0;0;0;0
11;6;7300619;2021;11;13;7;3;0;7;0;0;0;0;1;0;0;1
11;8;8100314;2021;11;19;3;3;2;6;2;0;1;0;0;0;0;0
11;1;1401043;2021;11;12;7;3;2;2;0;0;1;0;1;0;0;0
11;5;5200631;2021;10;12;1;3;2;6;0;0;1;0;1;0;0;0
11;4;4501041;2021;10;13;7;3;5;7;0;0;1;0;0;0;0;0
11;1;1200624;2021;11;18;4;3;5;2;2;1;1;0;0;0;0;0
11;6;6100103;2021;11;6;5;3;6;4;2;0;0;1;0;0;1;0
11;6;6400838;2021;10;18;7;3;2;6;0;0;1;0;0;0;0;0
11;3;3701554;2021;10;10;4;3;5;5;0;0;1;0;0;0;1;0
11;10;10100315;2021;11;17;4;2;2;7;2;0;1;0;0;0;0;0
11;12;12500824;2021;11;16;3;3;1;5;1;0;1;0;0;1;1;1
11;9;9401329;2021;10;10;5;3;2;6;0;0;1;0;0;0;0;0
11;1;1100102;2021;10;3;5;3;9;1;2;0;0;0;1;0;0;0
11;7;7400721;2021;10;15;2;3;5;3;0;0;1;0;1;0;0;0
11;6;6100205;2021;11;11;6;2;0;1;0;0;0;0;1;0;0;1
11;4;4200311;2021;11;18;1;2;5;2;2;0;1;0;0;0;0;1
11;8;8100103;2021;11;12;5;3;2;6;0;0;1;0;0;0;0;1
11;6;6100101;2021;11;16;2;3;1;5;1;1;1;0;0;0;0;0
11;2;2100106;2021;10;19;7;3;5;2;2;1;1;0;0;0;0;0
11;3;3400724;2021;10;16;4;3;2;6;1;0;1;0;0;0;0;0
11;9;9501939;2021;10;9;2;3;5;2;0;1;0;0;0;0;1;0
11;9;9502043;2021;11;9;2;3;5;3;0;0;1;0;0;0;0;0
11;7;7601341;2021;11;13;5;3;5;2;0;1;0;0;0;0;1;0
11;6;6200317;2021;11;11;7;2;6;4;0;0;1;1;0;0;0;0
11;11;11300722;2021;10;17;3;3;5;2;0;1;1;0;0;0;0;0
11;9;9501940;2021;10;21;5;3;5;2;2;1;0;0;0;0;1;1
11;12;12601032;2021;11;7;6;3;1;5;0;0;1;0;0;0;1;0
11;10;10200629;2021;11;15;4;3;6;2;1;0;1;1;0;0;0;1
11;1;1200627;2021;10;22;5;3;3;6;2;0;1;0;0;0;0;0
11;12;12200309;2021;10;0;5;3;5;7;2;0;1;0;0;0;1;0
11;11;11200513;2021;10;8;7;3;5;3;0;0;1;0;0;0;0;1
11;2;2200208;2021;10;3;6;2;0;1;2;0;0;0;0;0;1;0
11;6;6300524;2021;11;15;2;3;5;2;0;1;0;0;0;1;0;1
11;10;10100210;2021;11;16;5;2;6;4;2;0;1;1;0;0;0;1
11;4;4300619;2021;11;12;3;3;2;6;0;0;1;0;0;0;0;0
11;7;7400822;2021;10;3;1;3;5;3;2;1;1;0;0;0;0;0
11;1;1100312;2021;10;19;5;2;4;6;2;1;1;0;0;0;1;0
11;2;2200212;2021;10;14;3;3;2;6;0;0;1;0;0;0;0;0
11;4;4501153;2021;11;17;3;3;5;2;2;1;1;0;0;0;0;0
11;4;4300624;2021;11;8;6;3;6;4;0;0;1;1;0;0;0;1
11;2;2300315;2021;11;22;1;2;6;2;2;0;1;1;0;0;0;0
11;3;3500934;2021;10;7;3;3;6;4;0;0;0;1;0;0;1;1
11;1;1100309;2021;10;8;4;3;5;3;0;1;1;0;0;0;0;0
11;1;1100313;2021;10;15;1;3;1;5;0;0;1;0;1;0;0;0
11;7;7601340;2021;11;17;7;3;6;4;2;0;1;1;0;0;0;1
11;1;1100207;2021;11;10;1;3;5;3;0;0;1;0;0;0;0;0
11;9;9401330;2021;11;12;4;3;6;2;0;0;1;1;0;0;0;0
11;10;10400938;2021;11;16;6;3;6;7;1;0;1;1;0;0;0;0
11;3;3501038;2021;10;13;6;3;6;7;0;0;0;1;0;0;1;0
11;1;1100205;2021;10;17;6;3;6;4;1;0;1;1;0;0;0;1
11;3;3500932;2021;10;6;2;3;5;2;2;0;0;0;0;0;1;0
11;5;5300737;2021;10;14;6;3;2;6;0;0;1;0;0;0;0;0
11;6;6200422;2021;11;1;3;2;8;1;2;0;1;0;0;0;0;1
11;6;6200312;2021;11;7;5;3;2;6;2;0;1;0;0;0;0;1
11;1;1100103;2021;10;17;6;3;3;2;0;0;1;0;1;0;0;0
11;1;1300733;2021;10;9;6;3;0;1;0;1;0;0;0;0;0;0
11;1;1300834;2021;10;14;3;3;5;3;0;0;1;0;0;0;1;0
11;4;4300623;2021;10;17;3;3;1;5;0;1;1;0;0;0;0;0
11;11;11400931;2021;10;19;2;3;6;4;1;1;0;1;0;0;0;1
11;4;4200206;2021;10;17;7;2;5;3;1;1;1;0;0;0;0;0
11;3;3400725;2021;10;13;6;3;2;6;0;0;1;0;0;0;1;0
11;6;6200312;2021;11;19;2;3;2;2;2;0;1;0;0;0;0;0
11;4;4501150;2021;11;17;5;3;1;5;2;0;1;0;0;0;0;1
11;6;6400842;2021;11;17;3;3;1;5;2;0;1;0;0;0;0;0
11;1;1100206;2021;10;23;7;3;5;3;2;1;1;0;0;0;0;0
11;12;12500825;2021;10;14;5;3;2;2;0;0;1;0;0;1;0;0
11;1;1300733;2021;10;14;3;3;6;7;0;0;1;1;0;0;0;0
11;7;7501029;2021;11;13;2;3;5;3;0;0;1;0;0;0;0;1
11;4;4501149;2021;11;9;5;3;5;7;0;1;0;0;0;0;1;0
11;4;4501042;2021;11;14;7;3;0;5;0;1;0;0;0;0;1;1
11;7;7400927;2021;10;8;3;2;5;7;0;0;1;0;0;0;0;1
11;4;4501043;2021;11;17;7;2;6;2;2;0;1;1;0;0;0;1
11;5;5200632;2021;11;18;2;2;1;1;1;0;1;0;0;1;0;1
11;4;4501041;2021;10;14;5;3;5;2;0;1;1;0;0;0;0;0
11;7;7100206;2021;10;11;6;3;0;2;0;0;1;0;0;1;1;1
11;4;4300620;2021;10;19;2;3;5;3;1;1;1;0;0;0;0;1
11;4;4200310;2021;10;20;6;3;5;7;2;0;1;0;0;0;0;0
11;4;4300412;2021;11;19;3;3;2;6;2;0;1;0;0;0;0;0
11;8;8100311;2021;11;19;5;3;5;2;2;1;1;0;0;0;0;1
11;1;1100309;2021;10;18;6;3;1;5;1;1;0;0;0;0;1;0
11;6;6200422;2021;10;14;3;3;3;2;0;0;1;0;1;0;0;0
11;6;6400841;2021;10;14;3;3;0;6;0;0;0;0;0;0;1;0
11;2;2100105;2021;10;16;2;3;5;3;0;0;1;0;0;0;1;0
11;1;1300835;2021;11;7;3;3;1;7;0;0;0;0;0;1;1;1
11;11;11300616;2021;10;16;4;3;5;2;0;0;1;0;1;0;0;0
11;1;1100309;2021;10;20;4;3;5;2;2;1;0;1;0;0;1;0
11;7;7501031;2021;11;11;7;2;5;3;0;0;0;0;1;0;0;0
11;7;7400927;2021;11;13;3;3;0;1;0;0;0;0;1;0;0;1
11;2;2300419;2021;11;18;7;3;6;7;2;0;0;1;0;0;1;0
11;3;3200207;2021;10;11;1;2;5;3;0;0;1;0;1;0;0;0
11;5;5200630;2021;10;13;7;3;5;3;0;1;1;0;0;0;0;0
11;5;5100208;2021;11;17;4;3;5;2;2;0;1;0;0;0;1;0
11;11;11400931;2021;11;12;6;3;5;2;0;0;1;0;0;0;0;0
11;5;5100101;2021;10;5;2;3;1;1;2;0;1;0;0;0;0;1
11;5;5100316;2021;10;15;4;3;6;4;0;0;1;1;0;0;0;0
11;1;1100310;2021;11;15;5;3;2;2;0;0;1;0;0;0;0;0
11;8;8200726;2021;11;17;4;3;2;6;1;0;1;0;0;0;0;1
11;1;1401048;2021;10;14;5;3;5;2;0;1;1;0;0;0;0;0
11;3;3601347;2021;10;8;5;3;1;5;0;1;1;0;0;0;0;1
11;2;2500835;2021;10;13;2;3;1;5;0;0;1;0;0;0;0;0
11;3;3200309;2021;11;6;6;3;6;4;1;0;1;1;0;0;0;1
11;1;1401045;2021;11;10;2;3;0;1;0;1;0;0;0;0;0;1
11;7;7501029;2021;11;17;4;2;2;6;2;0;1;0;0;0;0;0
11;8;8301037;2021;11;18;2;3;1;5;2;0;1;0;0;0;0;0
11;3;3601245;2021;10;20;7;3;5;2;2;1;1;0;0;0;0;0
11;7;7100206;2021;10;14;4;3;5;2;0;1;0;0;0;0;1;0
11;1;1100205;2021;10;8;2;3;2;6;0;0;1;0;0;0;0;0
11;10;10100313;2021;11;6;2;2;5;2;1;1;1;0;0;0;0;0
11;11;11100102;2021;11;14;5;3;2;6;0;0;1;0;0;0;0;0
11;9;9501737;2021;11;9;1;2;8;1;0;0;0;0;1;0;0;1
11;5;5300735;2021;10;19;3;3;5;2;2;0;1;0;0;0;0;1
11;3;3500933;2021;10;15;5;3;5;2;0;0;1;0;0;0;0;1
11;1;1100309;2021;11;22;6;3;1;5;2;1;1;0;0;0;0;0
11;8;8100312;2021;10;19;5;3;1;5;2;0;1;0;0;1;0;0
11;3;3701660;2021;10;12;6;3;1;7;0;1;1;0;0;0;0;0
11;5;5200420;2021;10;10;7;3;5;3;0;0;1;0;0;0;0;0
11;5;5400944;2021;10;14;6;2;5;2;0;0;1;0;1;0;0;0
11;5;5100101;2021;11;14;3;2;8;1;0;0;1;0;0;0;0;0
11;7;7200308;2021;11;7;6;3;2;6;0;0;1;0;0;0;0;1
11;1;1100309;2021;11;23;5;3;6;6;2;0;1;1;0;0;0;1
11;4;4501153;2021;10;14;1;2;1;5;0;0;1;0;1;0;0;0
11;3;3501037;2021;10;14;5;3;1;5;0;0;1;0;0;0;1;0
11;4;4501043;2021;10;17;3;3;5;2;0;1;1;0;0;0;0;0
11;8;8100206;2021;11;14;2;3;5;3;0;1;0;0;0;0;1;1
11;5;5300735;2021;11;11;7;3;4;6;0;0;1;0;1;0;0;0
11;2;2300315;2021;11;15;2;3;5;3;0;0;1;0;0;0;0;0
11;11;11200410;2021;10;6;3;2;0;1;0;0;0;0;1;0;0;1
11;4;4200308;2021;11;14;7;3;2;6;0;0;1;0;0;0;0;1
11;3;3601245;2021;11;17;2;3;5;2;2;1;0;0;0;1;0;1
11;1;1300731;2021;11;21;3;3;1;5;2;1;1;0;0;0;0;1
11;4;4300518;2021;11;6;6;3;1;5;1;1;1;0;0;0;0;1
11;9;9501737;2021;10;19;6;3;5;2;2;0;1;0;1;0;0;0
11;7;7400720;2021;10;15;1;3;5;3;0;0;1;0;1;0;0;0
11;7;7501134;2021;10;19;7;3;1;5;2;0;1;0;0;0;0;0
11;3;3100103;2021;11;22;3;2;0;1;2;0;0;0;1;0;0;1
11;2;2200208;2021;11;14;5;3;5;2;0;1;1;0;0;0;0;1
11;1;1100309;2021;10;11;7;3;0;1;0;1;0;0;0;0;0;0
11;2;2300316;2021;10;16;6;3;5;3;0;1;1;0;0;0;0;0
11;2;2100102;2021;10;12;3;3;2;6;0;0;1;0;0;0;0;0
11;8;8200832;2021;10;6;4;3;5;2;2;0;1;0;1;0;0;0
11;10;10300734;2021;10;17;2;3;5;2;1;1;1;0;0;0;0;0
11;8;8200726;2021;11;10;3;3;5;2;0;0;1;0;0;0;0;1
11;12;12100102;2021;10;13;4;3;2;6;0;0;1;0;1;0;0;0
11;1;1300835;2021;10;19;1;3;8;1;2;0;1;0;0;0;0;1
11;4;4500937;2021;11;16;6;3;2;6;1;0;1;0;0;0;0;1
11;1;1401044;2021;11;6;7;3;1;7;2;0;1;0;0;0;0;0
11;2;2100104;2021;11;12;4;3;5;2;0;1;0;0;1;0;0;0
11;4;4501043;2021;11;7;1;3;1;5;0;0;1;0;0;0;1;0
11;1;1401048;2021;10;13;5;3;1;5;0;0;1;0;0;1;0;0
11;8;8100417;2021;10;15;2;3;3;6;0;0;1;0;0;0;0;0
11;8;8100102;2021;11;8;2;3;3;6;0;1;1;0;0;0;0;0
11;6;6100207;2021;11;12;4;3;5;3;0;1;0;0;1;0;0;0
11;9;9200715;2021;11;8;6;3;2;6;0;0;1;0;0;0;0;1
11;7;7501029;2021;10;16;2;3;0;2;0;1;1;0;0;0;0;0
11;2;2500726;2021;10;19;3;3;0;2;1;1;1;0;0;0;0;1
11;4;4501040;2021;11;22;4;3;3;2;2;0;1;0;0;0;0;0
11;7;7501135;2021;11;7;4;3;0;2;0;0;1;0;0;0;1;1
11;9;9100203;2021;10;11;5;2;6;7;0;0;1;1;0;0;0;0
11;12;12500824;2021;10;23;5;3;0;1;2;1;0;0;0;0;0;0
11;8;8100417;2021;10;15;6;3;3;6;0;0;1;0;0;0;1;0
11;8;8100103;2021;11;18;1;3;1;5;2;1;1;0;0;0;0;1
11;1;1401048;2021;11;21;5;3;5;3;2;1;0;0;0;0;1;1
11;8;8100312;2021;11;9;2;3;5;7;0;0;1;0;1;0;0;0
11;10;10100101;2021;10;9;7;3;6;4;0;0;1;1;0;0;0;0
11;3;3200309;2021;11;12;3;3;0;6;0;0;0;0;0;0;1;0
11;9;9200819;2021;10;22;4;3;5;2;2;1;1;0;0;0;0;0
11;1;1100207;2021;10;6;4;2;5;2;1;0;1;0;0;0;0;0
11;6;6200313;2021;10;19;1;3;6;2;2;0;1;1;0;0;0;0
11;7;7300619;2021;11;11;7;3;2;2;0;1;1;0;0;0;0;0