LAND;BEZ;LOR_ab_2021;UJAHR;UMONAT;USTUNDE;UWOCHENTAG;UKATEGORIE;UART;UTYP1;ULICHTVERH;IstRad;IstPKW;IstFuss;IstKrad;IstGkfz;IstSonstige;USTRZUSTAND
11;2;2200210;2021;9;23;4;3;0;7;2;0;1;0;0;0;0;0
11;2;2300316;2021;9;21;2;3;0;1;2;0;0;0;1;0;0;0
11;5;5200629;2021;9;15;3;3;0;1;0;0;0;0;1;0;1;0
11;11;11200515;2021;9;15;3;3;5;3;0;1;1;0;0;0;0;0
11;7;7100205;2021;8;16;3;2;6;4;0;1;0;1;0;0;0;0
11;2;2400521;2021;9;13;6;3;6;2;0;0;1;1;0;0;0;0
11;9;9100408;2021;9;17;4;3;0;2;0;1;1;0;0;0;0;0
11;1;1100206;2021;8;12;2;3;6;7;0;0;0;1;0;0;1;1
11;10;10400940;2021;8;16;5;2;5;2;0;0;1;0;0;0;1;0
11;5;5300735;2021;9;10;2;3;5;2;0;0;1;0;0;0;0;0
11;7;7100206;2021;9;16;7;3;1;5;1;1;1;0;0;0;0;1
11;9;9200715;2021;8;16;3;3;5;2;0;0;1;0;1;0;0;0
11;8;8100312;2021;9;14;1;3;2;6;0;0;1;0;1;0;0;0
11;7;7300619;2021;8;21;6;3;5;3;2;0;1;0;0;0;1;0
11;2;2100102;2021;9;9;5;3;1;5;0;1;1;0;0;0;0;0
11;4;4501042;2021;9;16;5;3;6;2;0;0;1;1;0;0;0;0
11;3;3400828;2021;9;15;4;3;5;3;0;1;1;0;0;0;0;1
11;1;1200519;2021;9;8;3;3;5;3;0;1;0;0;0;0;1;0
11;9;9300920;2021;8;6;5;3;5;3;0;0;1;0;0;0;0;1
11;9;9200510;2021;8;13;3;3;0;2;0;1;1;0;0;0;0;0
11;4;4300412;2021;9;14;6;3;5;2;0;1;0;0;0;0;1;0
11;6;6100206;2021;9;17;5;3;0;7;0;1;0;0;0;0;0;0
11;3;3701658;2021;9;11;2;3;6;7;0;1;0;1;0;0;0;0
11;1;1400938;2021;9;17;7;3;6;7;0;1;0;1;0;0;0;0
11;8;8100310;2021;8;12;3;2;5;2;0;1;1;0;0;0;0;0
11;10;10200524;2021;9;9;2;3;5;3;0;1;1;0;0;0;0;0
11;8;8200730;2021;9;15;1;3;2;6;0;0;1;0;1;0;0;0
11;9;9501939;2021;8;17;7;3;6;4;0;0;1;1;0;0;0;0
11;5;5100104;2021;9;8;6;3;5;3;0;0;0;0;0;1;1;0
11;8;8100206;2021;9;4;7;3;6;2;2;0;1;1;0;0;0;0
11;5;5100314;2021;9;20;4;3;3;6;2;0;1;0;0;0;0;1
11;5;5100210;2021;9;15;4;2;5;3;0;0;1;0;0;0;1;1
11;3;3400828;2021;8;13;6;3;5;3;0;0;1;0;0;0;0;1
11;1;1100101;2021;9;12;6;3;0;1;0;0;0;0;1;0;0;0
11;1;1400938;2021;8;23;4;3;2;6;2;0;1;0;0;0;0;1
11;1;1100103;2021;9;12;7;3;3;2;0;0;1;0;0;0;1;0
11;12;12200412;2021;9;14;6;2;5;7;0;0;1;0;1;0;0;0
11;6;6200317;2021;9;14;4;3;5;3;0;1;1;0;0;0;0;0
11;4;4501153;2021;9;8;3;3;5;3;0;1;0;0;0;0;0;0
11;7;7501029;2021;9;12;5;3;5;3;0;0;1;0;0;0;0;0
11;4;4501045;2021;9;10;3;3;1;5;0;1;1;0;0;0;0;0
11;2;2300316;2021;9;10;3;3;4;6;0;1;0;0;0;0;0;0
11;5;5200630;2021;8;19;2;3;5;3;1;0;1;0;1;0;0;0
11;5;5300735;2021;9;16;6;3;0;1;0;0;0;0;1;0;0;1
11;9;9200510;2021;9;19;1;3;1;5;1;1;1;0;0;0;0;0
11;7;7601238;2021;9;14;5;3;5;2;0;0;1;0;0;0;1;0
11;9;9501940;2021;9;17;5;2;6;4;0;0;1;1;0;0;0;0
11;12;12100101;2021;8;12;7;3;5;2;0;1;1;0;0;0;0;0
11;8;8301036;2021;9;5;1;3;1;5;1;0;1;0;0;0;0;0
11;12;12200412;2021;9;15;1;3;5;3;0;1;1;0;0;0;0;0
11;11;11200514;2021;8;6;3;3;6;7;0;0;1;1;0;0;0;1
11;5;5200629;2021;9;9;7;2;0;1;0;0;0;0;1;0;0;1
11;4;4400728;2021;9;15;3;3;0;1;0;0;1;0;1;0;0;0
11;1;1300731;2021;9;7;4;3;6;2;1;0;1;1;0;0;0;1
11;1;1100102;2021;9;8;4;3;3;6;0;0;1;0;1;0;0;0
11;7;7400927;2021;8;15;2;3;5;2;0;0;1;0;1;0;0;0
11;12;12601133;2021;9;18;6;3;5;3;0;0;1;0;0;0;0;0
11;12;12500825;2021;8;14;2;3;2;6;0;0;1;0;0;0;0;1
11;1;1100207;2021;8;3;6;2;0;1;2;1;0;0;0;0;0;1
11;2;2500833;2021;9;19;2;3;0;1;0;1;0;0;0;0;0;0
11;9;9200613;2021;9;8;7;2;5;3;0;1;1;0;0;0;0;1
11;2;2100105;2021;9;16;6;3;5;3;0;1;0;0;1;0;0;0
11;3;3200308;2021;9;21;4;3;2;6;2;0;1;0;0;0;0;1
11;9;9301228;2021;9;11;5;3;4;7;0;0;0;0;0;1;1;0
11;12;12100102;2021;8;11;7;3;5;3;0;0;1;0;0;0;0;0
11;12;12400722;2021;8;10;4;3;0;3;0;0;1;0;1;0;0;0
11;4;4100101;2021;9;8;2;3;5;2;0;0;1;0;0;0;0;0
11;7;7601340;2021;9;15;7;3;0;1;0;0;0;0;1;0;0;0
11;4;4300619;2021;9;16;3;2;6;7;0;0;1;1;0;0;0;0
11;9;9301228;2021;9;6;3;3;5;3;1;0;1;0;0;0;0;0
11;1;1300733;2021;9;10;3;3;1;5;1;0;1;0;1;0;0;1
11;9;9502043;2021;8;6;2;3;2;6;1;1;1;0;0;0;0;1
11;12;12200309;2021;9;9;6;3;6;4;0;0;1;1;0;0;0;0
11;3;3400724;2021;9;9;4;3;1;7;0;0;1;0;0;0;0;0
11;1;1100311;2021;8;8;2;3;0;6;0;0;1;0;1;0;0;1
11;7;7300517;2021;8;16;6;3;5;3;0;0;1;0;0;0;0;0
11;7;7601341;2021;9;18;2;3;2;6;0;1;1;0;0;0;0;0
11;1;1100101;2021;9;16;7;3;2;6;0;0;1;0;0;0;0;1
11;5;5200527;2021;9;12;4;3;3;6;0;0;1;0;0;0;0;0
11;3;3701660;2021;9;21;7;3;0;4;1;0;0;1;0;0;1;0
11;1;1100103;2021;8;8;6;3;0;1;0;0;0;0;1;0;0;1
11;9;9100409;2021;9;17;5;3;2;6;0;0;1;0;0;0;0;0
11;4;4300414;2021;9;11;6;3;1;5;0;1;1;0;0;0;1;0
11;12;12100204;2021;9;15;4;3;2;1;0;0;1;0;1;0;0;1
11;2;2500835;2021;9;21;3;3;0;1;2;0;0;0;1;0;0;0
11;12;12100204;2021;8;13;5;3;2;6;0;0;0;0;0;0;1;1
11;1;1100308;2021;8;9;3;3;2;6;0;1;1;0;0;0;0;0
11;5;5300839;2021;9;18;6;3;0;1;0;1;0;0;0;0;0;0
11;10;10300731;2021;9;7;5;3;5;2;0;1;1;0;0;0;0;0
11;3;3200310;2021;9;0;2;3;6;6;2;0;1;1;0;0;0;0
11;7;7300517;2021;9;17;2;2;5;3;0;1;1;0;0;0;0;0
11;3;3400831;2021;9;15;5;3;5;7;0;0;1;0;1;0;0;0
11;5;5100316;2021;9;20;2;3;6;2;2;0;1;1;0;0;0;0
11;6;6400735;2021;9;14;1;3;3;6;0;1;1;0;0;0;0;0
11;1;1200517;2021;8;15;7;3;2;6;0;0;1;0;1;0;0;0
11;9;9502043;2021;9;7;6;3;5;3;0;1;0;0;0;0;0;0
11;4;4300517;2021;9;12;7;3;5;3;0;0;1;0;0;0;0;0
11;6;6100103;2021;9;21;4;3;0;1;2;0;1;0;0;0;0;1
11;5;5100316;2021;9;14;6;2;5;3;0;1;1;0;0;0;0;0
11;5;5300840;2021;9;15;5;3;5;2;0;1;1;0;0;0;0;0
11;6;6400838;2021;8;10;6;3;0;1;0;0;0;0;1;0;0;1
11;10;10300734;2021;8;17;4;3;6;4;0;0;1;1;0;0;0;0
11;1;1100416;2021;9;7;1;2;1;5;0;0;1;0;1;0;0;0
11;5;5100316;2021;9;6;6;3;5;2;2;0;1;0;0;0;0;0
11;11;11200411;2021;9;11;4;3;0;4;0;0;0;1;1;0;0;0
11;1;1100205;2021;9;9;2;3;5;2;0;1;1;0;0;0;0;0
11;11;11400931;2021;8;9;2;3;3;6;0;0;1;0;0;0;1;0
11;12;12400720;2021;9;6;3;3;5;3;2;0;1;0;1;0;0;0
11;1;1100206;2021;9;13;2;3;6;4;0;0;1;1;0;0;0;0
11;7;7400823;2021;8;13;2;3;5;3;0;1;1;0;0;0;0;1
11;3;3500934;2021;9;12;6;3;5;3;0;1;1;0;0;0;0;0
11;4;4100101;2021;9;13;1;3;5;2;0;0;1;0;0;0;0;0
11;1;1300835;2021;9;6;5;3;5;2;0;1;1;0;0;0;0;1
11;9;9401433;2021;8;17;2;3;5;7;0;0;1;0;0;0;0;1
11;1;1100205;2021;10;19;6;3;5;2;2;1;1;0;0;0;0;0
11;4;4300620;2021;8;23;7;3;5;3;2;0;1;0;0;0;0;1
11;4;4300414;2021;9;14;2;3;6;7;0;0;1;1;0;0;0;0
11;11;11501238;2021;9;16;7;3;6;7;0;1;0;1;0;0;0;1
11;1;1100416;2021;9;17;5;3;0;1;0;1;0;0;0;0;0;0
11;2;2100101;2021;9;16;6;3;5;3;0;1;0;0;0;0;1;0
11;1;1100308;2021;10;11;6;3;0;2;0;0;1;0;1;0;0;0
11;9;9501737;2021;9;15;3;3;5;3;0;0;1;0;0;0;0;0
11;3;3500936;2021;9;12;3;2;6;4;0;0;1;1;0;0;0;0
11;12;12601236;2021;9;10;4;2;5;3;0;1;1;0;0;0;0;1
11;1;1100205;2021;8;7;3;3;0;5;0;1;0;0;0;0;0;0
11;1;1100206;2021;9;14;6;3;0;1;0;1;0;0;0;0;0;0
11;8;8100313;2021;9;18;3;3;5;3;0;1;1;0;0;0;0;0
11;7;7400826;2021;9;20;6;3;2;6;2;0;1;0;1;0;0;1
11;12;12400722;2021;9;14;4;3;6;4;0;0;1;1;0;0;0;0
11;6;6100206;2021;9;21;7;3;5;3;2;1;1;0;0;0;0;0
11;12;12500928;2021;8;13;1;3;1;5;0;0;1;0;0;0;0;0
11;8;8200726;2021;9;15;5;3;5;3;0;0;1;0;0;0;0;0
11;12;12100204;2021;9;14;6;3;2;3;0;0;1;0;0;0;0;0
11;6;6200312;2021;9;15;4;3;5;3;0;1;1;0;0;0;0;1
11;3;3200309;2021;9;7;4;3;5;3;0;1;1;0;0;0;0;1
11;1;1100205;2021;8;17;5;3;3;6;0;0;1;0;0;0;0;1
11;1;1200628;2021;8;12;3;3;5;2;0;1;1;0;0;0;0;0
11;4;4300619;2021;9;12;7;3;5;2;0;1;1;0;0;0;0;0
11;11;11200512;2021;9;16;5;3;2;6;0;1;1;0;0;0;0;0
11;10;10300731;2021;9;7;3;3;5;3;0;1;1;0;0;0;0;0
11;1;1100102;2021;9;17;7;3;2;6;0;0;1;0;0;0;0;0
11;5;5100104;2021;9;20;4;3;1;5;0;1;1;0;0;0;0;0
11;2;2100103;2021;9;15;2;3;3;6;0;1;1;0;0;0;0;0
11;1;1100308;2021;9;2;1;3;1;5;2;0;1;0;0;0;1;0
11;5;5200629;2021;8;1;1;3;2;6;2;0;1;0;0;0;0;0
11;1;1200522;2021;9;8;5;3;5;2;0;1;0;0;1;0;0;0
11;8;8200833;2021;9;9;6;3;5;2;0;0;1;0;1;0;0;0
11;7;7400824;2021;9;18;4;3;0;3;0;1;1;0;0;0;0;1
11;5;5100315;2021;9;13;4;3;0;5;0;0;1;0;0;0;0;0
11;1;1300733;2021;9;20;5;3;5;3;0;0;1;0;0;0;0;0
11;3;3300413;2021;9;12;1;2;5;3;0;0;1;1;0;0;0;0
11;3;3601142;2021;8;9;6;3;5;5;0;1;0;0;0;0;1;0
11;3;3500932;2021;9;18;5;3;5;2;0;1;1;0;0;0;0;0
11;12;12200412;2021;9;13;6;3;5;3;0;0;1;0;0;0;0;0
11;1;1300836;2021;9;7;4;3;5;3;0;1;0;0;0;0;1;0
11;1;1300836;2021;9;11;4;2;6;2;0;0;1;1;0;0;0;1
11;7;7501029;2021;8;11;5;3;0;3;0;1;0;0;0;0;1;1
11;6;6300526;2021;8;20;3;2;0;6;2;1;0;0;0;0;1;0
11;10;10100102;2021;9;19;7;3;5;2;1;0;1;0;1;0;0;0
11;12;12200412;2021;8;14;2;3;0;1;0;1;0;0;0;0;0;1
11;1;1401045;2021;9;16;4;2;0;2;0;0;1;0;0;0;1;0
11;6;6100204;2021;9;22;2;3;2;6;2;1;1;0;0;0;0;0
11;1;1200628;2021;9;4;1;2;8;1;0;0;1;0;0;0;0;0
11;8;8100419;2021;9;6;4;3;5;3;0;1;0;0;0;0;0;0
11;5;5100315;2021;9;9;2;3;5;3;0;0;1;0;1;0;0;0
11;1;1300836;2021;9;13;2;3;5;2;0;1;1;0;0;0;0;0
11;2;2300314;2021;8;22;7;3;2;6;2;0;1;0;0;0;0;0
11;5;5100317;2021;9;7;5;3;0;5;0;1;1;0;0;0;0;0
11;2;2300315;2021;9;21;6;3;5;3;2;1;0;0;1;0;0;0
11;12;12500824;2021;9;9;5;3;5;3;0;0;1;0;0;0;0;1
11;1;1100101;2021;9;14;6;2;0;1;0;1;0;0;0;0;0;0
11;8;8401244;2021;9;15;5;3;2;2;0;0;1;0;0;0;0;0
11;1;1100102;2021;8;15;6;3;2;6;0;0;1;0;0;0;1;0
11;4;4501043;2021;8;21;4;3;0;1;2;0;0;0;0;0;1;1
11;3;3200309;2021;9;12;1;3;1;5;0;1;1;0;0;0;0;0
11;4;4300623;2021;9;13;6;3;5;2;0;1;1;0;0;0;0;0
11;3;3200205;2021;9;16;6;3;5;3;0;0;1;0;0;0;0;0
11;7;7100103;2021;9;13;3;2;5;2;0;1;1;0;0;0;0;0
11;6;6100102;2021;9;18;3;3;3;6;0;1;1;0;0;0;0;0
11;12;12200412;2021;9;22;3;2;5;3;2;0;1;0;1;0;0;1
11;2;2500835;2021;9;16;3;3;6;4;0;0;1;1;0;0;0;0
11;10;10400835;2021;8;14;1;3;5;5;0;0;1;0;0;0;0;1
11;6;6200315;2021;9;17;6;3;2;6;0;0;1;0;0;0;0;1
11;1;1100102;2021;9;8;5;3;2;6;0;0;1;0;1;0;0;1
11;3;3400831;2021;8;7;2;3;2;6;0;0;1;0;1;0;0;1
11;6;6300526;2021;8;7;7;3;1;5;0;1;1;0;0;0;0;0
11;5;5100104;2021;9;10;2;3;2;6;0;0;1;0;0;0;1;0
11;2;2200210;2021;9;11;1;3;5;2;0;1;1;0;0;0;0;0
11;7;7100102;2021;8;16;3;3;5;3;0;1;0;0;0;0;0;0
11;12;12200515;2021;9;16;6;3;5;3;0;1;1;0;0;0;0;0
11;4;4200311;2021;10;18;6;3;2;2;2;0;1;0;0;0;0;0
11;3;3601450;2021;9;17;3;3;2;6;0;0;1;0;1;0;0;0
11;2;2400521;2021;9;16;3;3;5;3;0;1;1;0;0;0;0;0
11;4;4300624;2021;9;11;3;2;6;2;0;0;1;1;0;0;0;1
11;4;4300624;2021;8;11;5;3;2;6;0;1;1;0;0;0;0;1
11;4;4300621;2021;8;11;3;3;5;3;0;1;0;0;0;0;0;0
11;11;11300723;2021;9;7;6;3;6;4;0;0;0;1;1;0;0;0
11;12;12601235;2021;9;13;4;3;2;2;0;0;1;0;0;0;1;0
11;6;6300633;2021;9;16;2;3;1;5;0;1;1;0;0;0;0;0
11;5;5200632;2021;9;16;6;3;2;6;0;0;1;0;1;0;0;1
11;12;12100205;2021;8;17;3;2;2;6;1;0;1;0;0;0;0;0
11;3;3400619;2021;9;10;1;3;2;6;0;0;1;0;0;0;0;0
11;3;3400620;2021;8;22;7;3;5;2;2;1;1;0;0;0;0;0
11;11;11400929;2021;9;16;5;3;2;6;0;1;1;0;0;0;0;0
11;2;2200210;2021;9;13;6;3;5;2;0;1;1;0;0;0;0;0
11;3;3500934;2021;9;12;4;2;0;1;0;0;0;0;1;0;0;0
11;5;5100209;2021;9;11;4;3;5;2;0;0;1;0;0;0;0;1
11;12;12200412;2021;8;2;6;2;0;7;2;0;1;0;0;0;1;1
11;11;11400929;2021;9;12;6;3;2;6;0;0;1;0;0;0;0;0
11;8;8200832;2021;8;18;4;2;1;5;0;1;1;0;0;0;0;0
11;8;8200623;2021;9;21;7;3;0;1;2;0;1;0;0;0;0;0
11;12;12200412;2021;9;19;5;3;2;6;2;0;1;0;0;1;0;1
11;7;7200412;2021;9;17;3;3;1;7;0;1;0;0;0;0;0;0
11;8;8100105;2021;9;23;1;3;6;2;2;0;1;1;0;0;0;0
11;9;9200715;2021;9;7;4;3;5;2;0;0;1;0;0;0;1;0
11;3;3500934;2021;9;18;2;3;2;2;0;0;1;0;0;0;1;0
11;4;4400831;2021;9;20;1;3;1;5;2;0;1;0;0;0;0;0
11;9;9200715;2021;8;19;2;3;2;6;0;0;1;0;0;0;0;0
11;2;2500833;2021;9;21;5;3;5;2;2;1;1;0;0;0;0;0
11;2;2500835;2021;9;17;6;2;3;6;0;1;1;0;0;0;0;0
11;11;11300724;2021;9;18;4;3;5;3;0;0;1;0;0;0;1;0
11;7;7200308;2021;8;12;2;3;5;3;0;1;1;0;0;0;0;1
11;9;9200510;2021;9;12;5;3;2;6;0;0;1;0;0;0;0;0
11;3;3400721;2021;8;17;7;3;5;2;0;0;1;0;0;0;0;0
11;5;5300737;2021;8;16;4;2;5;7;0;0;1;0;0;0;0;0
11;7;7501029;2021;9;15;1;3;2;6;0;0;1;0;0;0;0;0
11;8;8200727;2021;9;14;5;3;5;7;0;0;1;0;1;0;0;0
11;2;2300316;2021;9;7;4;3;5;3;0;0;1;0;1;0;0;0
11;7;7400721;2021;9;15;2;3;0;3;0;0;1;0;0;0;1;0
11;12;12200310;2021;9;14;3;3;2;6;0;0;1;0;0;0;0;0
11;9;9501939;2021;9;7;2;3;2;6;0;0;1;0;0;0;0;0
11;6;6100208;2021;8;16;3;3;1;5;0;1;1;0;0;0;0;0
11;12;12100205;2021;9;15;6;2;1;5;0;0;1;0;0;0;1;1
11;8;8200833;2021;9;19;4;3;5;2;0;0;1;0;1;0;0;0
11;9;9401534;2021;8;20;2;2;4;1;1;0;1;0;0;0;0;1
11;6;6300633;2021;8;16;5;3;5;2;0;1;0;0;0;0;1;0
11;4;4300623;2021;9;15;2;3;5;2;0;1;1;0;0;0;0;0
11;9;9401534;2021;9;15;6;3;6;2;0;0;1;1;0;0;0;1
11;1;1401046;2021;8;15;3;3;1;5;0;1;1;0;0;0;0;0
11;7;7400823;2021;9;16;7;3;5;3;0;0;1;0;0;0;0;0
11;12;12200308;2021;10;14;6;3;6;4;0;0;1;1;0;0;0;0
11;5;5200528;2021;9;19;5;2;5;2;2;0;1;0;1;0;0;0
11;1;1200519;2021;8;15;6;3;2;6;0;0;1;0;0;0;0;1
11;12;12200412;2021;8;19;4;3;2;6;2;0;1;0;0;0;0;1
11;5;5300841;2021;9;22;7;3;5;3;2;0;1;0;0;0;0;0
11;7;7100102;2021;9;13;6;3;5;3;0;1;1;0;0;0;0;0
11;6;6200316;2021;9;13;6;3;6;4;0;1;0;1;0;0;0;0
11;1;1100205;2021;9;18;4;3;5;3;0;0;1;0;0;0;1;0
11;12;12100205;2021;9;10;2;3;1;5;0;1;0;0;0;0;1;0
11;4;4501041;2021;9;8;3;3;5;2;0;1;1;0;0;0;0;0
11;8;8301037;2021;9;18;3;2;6;4;0;0;1;1;0;0;0;0
11;8;8200730;2021;8;9;3;3;5;2;0;0;1;0;0;0;1;0
11;11;11100204;2021;9;17;6;3;5;3;0;0;1;0;1;0;0;0
11;6;6200313;2021;9;8;4;3;5;2;0;1;1;0;0;0;0;0
11;1;1100311;2021;8;13;7;3;2;2;0;1;1;0;0;0;0;0
11;9;9200715;2021;9;4;2;3;5;3;2;0;1;0;0;0;0;0
11;5;5100209;2021;9;8;1;3;5;3;0;0;1;0;0;0;0;0
11;10;10200629;2021;8;20;3;3;2;1;2;0;0;0;1;0;1;0
11;1;1100206;2021;9;16;6;3;3;6;0;1;1;0;0;0;0;0
11;1;1300836;2021;10;2;6;3;5;3;2;0;1;0;0;0;0;0
11;1;1400938;2021;9;6;3;3;8;1;1;0;1;0;0;0;0;1
11;1;1200623;2021;9;13;4;3;6;7;0;1;0;1;0;0;0;0
11;6;6300629;2021;9;23;3;3;0;7;2;0;1;0;0;0;0;0
11;7;7300517;2021;8;10;5;3;5;3;0;1;0;0;0;0;0;0
11;2;2400522;2021;8;15;3;3;4;3;0;1;1;0;0;0;0;0
11;6;6300632;2021;9;15;6;3;5;3;0;0;1;0;0;0;0;0
11;4;4500938;2021;9;14;3;3;1;5;0;1;1;0;0;0;0;0
11;7;7501031;2021;9;16;3;3;2;6;0;0;1;0;0;0;0;0
11;10;10100206;2021;9;11;7;3;0;1;0;1;0;0;0;0;0;0
11;5;5300736;2021;9;15;4;3;5;2;0;1;1;0;0;0;0;0
11;7;7200307;2021;9;12;1;3;1;5;0;0;1;0;0;0;1;0
11;8;8100419;2021;8;20;7;3;1;6;2;1;1;0;0;0;0;0
11;10;10400940;2021;9;15;4;3;6;6;0;1;0;1;0;0;0;0
11;7;7400927;2021;9;5;6;2;5;2;2;0;1;0;1;0;0;1
11;9;9100409;2021;9;10;4;3;5;3;0;0;1;0;0;0;0;0
11;1;1400938;2021;9;11;4;3;2;6;0;0;1;0;0;0;1;1
11;1;1401045;2021;8;17;5;3;6;2;0;0;1;1;0;0;0;0
11;2;2400623;2021;9;13;6;3;0;2;0;0;1;0;1;0;0;0
11;9;9200512;2021;8;19;4;3;1;5;0;0;1;0;0;0;0;0
11;10;10300734;2021;9;8;6;3;1;1;0;0;1;0;0;0;0;0
11;1;1100311;2021;9;15;5;3;6;4;0;0;1;1;0;0;0;0
11;6;6300524;2021;9;19;3;3;0;3;1;0;0;0;1;0;0;0
11;2;2200213;2021;9;7;2;3;5;3;0;1;1;0;0;0;0;0
11;1;1100415;2021;9;21;4;3;0;7;2;1;0;0;0;0;0;0
11;5;5300841;2021;9;21;1;3;2;6;2;0;1;0;0;0;0;0
11;5;5100317;2021;9;6;2;3;2;6;1;0;1;0;0;0;0;0
11;2;2300316;2021;8;8;2;3;5;3;0;0;1;0;0;0;0;1
11;1;1100308;2021;9;20;5;3;5;2;2;1;1;0;0;0;0;0
11;10;10400837;2021;9;20;6;3;5;3;1;0;1;0;1;0;0;0
11;8;8100417;2021;9;9;5;3;7;7;0;0;0;0;0;0;1;0
11;5;5200528;2021;9;16;5;3;2;6;1;0;1;0;0;0;1;0
11;12;12601032;2021;8;11;6;3;5;3;0;1;1;0;0;0;0;0
11;2;2300419;2021;8;16;4;3;5;3;0;1;0;0;0;0;1;0
11;3;3601243;2021;9;23;7;3;5;3;2;0;1;0;0;0;0;0
11;6;6200420;2021;9;22;6;3;1;1;2;0;1;0;1;0;0;0
11;3;3400828;2021;9;18;4;3;5;3;0;0;1;0;1;0;0;0
11;11;11300620;2021;9;17;3;3;6;4;0;1;0;1;0;0;0;0
11;1;1100207;2021;9;18;3;3;0;3;1;0;1;0;1;0;0;0
11;11;11400927;2021;9;17;3;3;0;1;0;1;0;0;0;0;0;0
11;8;8200727;2021;8;14;3;3;1;5;0;1;1;0;0;0;0;0
11;7;7200308;2021;9;13;6;3;3;6;0;1;1;0;0;0;0;0
11;9;9401635;2021;9;16;4;3;5;3;0;1;1;0;0;0;0;0
11;7;7100206;2021;8;15;2;3;5;2;0;1;1;0;0;0;0;1
11;7;7100205;2021;8;9;6;3;5;2;0;1;1;0;0;0;0;0
11;6;6300528;2021;9;12;2;3;1;5;0;0;1;0;0;0;1;0
11;1;1100313;2021;9;20;6;2;0;1;1;0;0;0;0;0;1;0
11;4;4501153;2021;8;10;3;3;5;2;0;1;1;0;0;0;0;0
11;11;11501340;2021;9;12;7;3;5;3;0;0;1;0;1;0;0;1
11;3;3601142;2021;8;11;6;3;5;2;0;1;1;0;0;0;0;0
11;3;3300411;2021;9;18;5;3;5;3;0;1;1;0;0;0;0;0
11;4;4100101;2021;9;12;6;3;5;2;0;0;1;0;0;0;0;0
11;4;4501149;2021;9;10;4;3;5;3;0;1;1;0;0;1;0;0
11;2;2500831;2021;9;11;3;2;0;1;0;0;1;0;1;0;0;1
11;3;3601450;2021;8;10;5;3;2;1;0;0;1;0;0;0;0;1
11;11;11200512;2021;8;19;3;2;0;1;0;1;0;0;0;0;0;0
11;6;6400842;2021;9;7;6;3;5;2;0;0;1;0;0;0;0;0
11;5;5200630;2021;9;12;5;3;2;6;0;0;1;0;0;0;0;0
11;4;4300622;2021;9;18;3;3;2;6;0;0;1;0;0;0;0;0
11;1;1100101;2021;9;21;7;3;2;6;2;0;1;0;0;0;0;0
11;3;3300516;2021;8;16;3;3;5;3;0;0;1;0;0;0;1;0
11;12;12200412;2021;9;15;2;2;2;6;0;0;1;0;0;0;1;0
11;8;8100206;2021;9;15;1;3;6;4;0;0;0;1;1;0;0;0
11;1;1300834;2021;8;9;7;2;3;6;0;0;1;0;0;0;1;0
11;1;1100102;2021;9;9;6;3;2;2;0;0;1;0;0;0;0;0
11;8;8100415;2021;9;18;6;3;5;7;1;0;1;0;0;0;0;0
11;4;4300414;2021;9;10;5;3;2;2;0;0;1;0;1;0;0;0
11;4;4100101;2021;9;13;4;3;5;7;0;0;1;0;0;1;0;1
11;10;10200524;2021;8;13;6;3;2;6;0;0;1;0;0;0;0;1
11;9;9200819;2021;8;20;4;3;0;1;1;1;0;0;0;0;0;1
11;1;1100101;2021;9;19;7;3;5;3;0;0;1;0;0;0;0;0
11;6;6400843;2021;9;13;3;3;6;4;0;0;0;1;1;0;0;0
11;5;5100316;2021;9;7;4;3;5;3;0;1;0;0;0;0;1;0
11;8;8200624;2021;9;13;3;3;0;3;0;0;1;0;1;0;0;0
11;2;2500835;2021;8;12;5;3;1;5;0;1;1;0;0;0;0;1
11;11;11100204;2021;8;15;3;3;5;2;0;0;1;0;0;0;0;0
11;4;4501041;2021;9;19;6;3;0;1;1;0;0;0;1;0;0;0
11;2;2500726;2021;9;16;4;3;6;4;0;0;1;1;0;0;0;0
11;4;4300414;2021;9;15;3;3;5;3;0;0;1;0;0;0;1;0
11;2;2400623;2021;9;18;2;2;1;5;0;1;1;0;0;0;0;0
11;2;2200210;2021;9;16;4;3;5;7;0;0;1;0;0;0;0;0
11;4;4400729;2021;9;13;1;3;3;6;0;1;1;0;0;0;0;0
11;4;4300518;2021;8;13;7;3;5;2;0;1;1;0;0;0;0;0
11;3;3300516;2021;9;10;5;3;4;6;0;0;1;0;0;0;0;0
11;9;9200818;2021;9;18;5;3;1;7;0;0;1;0;0;0;0;0
11;3;3200308;2021;9;20;3;2;5;2;2;0;1;0;0;0;0;0
11;6;6300528;2021;9;19;4;3;2;6;1;0;1;0;1;0;0;0
11;2;2300316;2021;8;8;6;3;5;2;0;1;1;0;0;0;0;1
11;4;4501043;2021;8;21;4;3;0;2;2;0;1;0;1;0;0;1
11;8;8100419;2021;9;7;6;3;0;3;0;1;1;0;0;0;0;0
11;3;3500936;2021;8;15;3;3;5;3;0;0;1;0;0;0;1;0
11;7;7200307;2021;9;15;5;3;5;7;0;0;1;0;0;0;1;0
11;1;1100309;2021;9;7;6;3;5;3;0;1;1;0;0;0;0;0
11;6;6200312;2021;9;14;3;3;2;6;0;0;1;0;0;0;1;0
11;10;10200418;2021;9;8;3;2;6;4;0;0;1;1;0;0;0;0
11;10;10100210;2021;9;17;4;3;5;3;0;0;1;0;1;1;0;0
11;8;8100102;2021;9;2;2;2;2;6;2;0;1;0;1;0;0;0
11;5;5100316;2021;9;18;1;3;0;2;0;0;1;0;1;0;0;0