LAND;BEZ;LOR_ab_2021;UJAHR;UMONAT;USTUNDE;UWOCHENTAG;UKATEGORIE;UART;UTYP1;ULICHTVERH;IstRad;IstPKW;IstFuss;IstKrad;IstGkfz;IstSonstige;USTRZUSTAND
11;6;6400735;2021;9;16;3;2;5;2;0;1;1;0;0;0;0;0
11;7;7100205;2021;9;19;7;3;5;2;1;1;1;0;0;0;0;0
11;4;4501146;2021;9;13;5;3;5;3;0;0;0;0;1;0;1;0
11;11;11300620;2021;9;2;1;2;0;1;2;0;0;0;0;0;1;0
11;1;1200522;2021;9;9;5;2;5;3;0;0;1;0;0;0;0;0
11;5;5100315;2021;9;11;2;2;2;6;0;0;1;0;0;0;0;0
11;8;8100206;2021;8;18;7;3;5;3;0;1;0;0;1;0;0;0
11;3;3601141;2021;9;13;5;3;2;6;0;0;1;0;0;0;0;0
11;9;9100306;2021;9;17;6;3;6;7;1;0;1;1;0;0;0;0
11;7;7601236;2021;9;11;5;2;5;3;0;0;1;0;1;0;0;0
11;1;1401046;2021;9;15;5;2;5;3;0;0;1;0;0;0;1;0
11;4;4200205;2021;8;8;6;3;2;6;0;0;1;0;0;0;0;1
11;6;6100101;2021;8;22;4;3;6;4;2;0;0;1;1;0;0;1
11;9;9501737;2021;9;14;1;3;2;6;0;0;1;0;0;0;0;0
11;1;1200628;2021;9;9;6;3;5;3;0;1;0;0;0;0;1;0
11;6;6100207;2021;9;16;4;3;8;1;0;0;1;0;0;0;0;0
11;2;2300316;2021;9;9;3;2;5;3;0;0;0;0;0;0;1;0
11;12;12601236;2021;8;20;1;3;2;6;2;0;1;0;0;0;0;1
11;6;6100103;2021;9;0;3;2;0;1;2;1;0;0;0;0;0;0
11;2;2100104;2021;9;16;3;3;6;2;0;0;1;1;0;0;0;0
11;3;3601451;2021;8;15;2;3;5;2;0;1;1;0;0;0;0;0
11;11;11300724;2021;9;14;6;3;2;2;0;0;1;0;1;0;0;0
11;9;9200715;2021;9;11;5;3;5;2;0;1;1;0;0;0;0;0
11;9;9501838;2021;8;7;2;3;5;3;0;1;1;0;0;0;0;1
11;1;1100312;2021;8;22;1;3;5;2;2;0;1;0;0;0;1;1
11;8;8100520;2021;9;12;2;3;5;2;0;1;1;0;0;0;0;0
11;1;1100101;2021;9;13;1;3;8;1;0;0;1;0;0;0;0;0
11;11;11300724;2021;8;20;3;3;5;3;2;0;1;0;0;0;0;0
11;10;10200526;2021;9;11;6;3;6;7;0;0;0;1;0;0;1;0
11;4;4500939;2021;10;18;6;3;2;5;2;0;1;0;1;0;0;0
11;11;11300724;2021;9;12;3;3;5;3;0;0;1;0;0;0;0;0
11;4;4501044;2021;9;6;3;2;3;6;1;1;0;0;0;0;1;0
11;4;4500937;2021;9;7;3;3;5;2;0;1;1;0;0;0;0;0
11;10;10200421;2021;8;9;5;3;5;3;0;0;1;0;0;0;0;0
11;8;8200726;2021;8;10;3;3;5;2;0;1;1;0;0;0;0;0
11;12;12100102;2021;9;17;6;3;1;5;0;0;1;0;0;0;0;0
11;1;1400942;2021;9;14;4;3;1;5;0;0;1;0;0;0;1;0
11;7;7400822;2021;9;22;2;3;5;3;2;1;0;0;0;0;1;0
11;4;4200206;2021;9;14;6;3;5;2;0;1;1;0;0;0;0;0
11;1;1100206;2021;9;13;4;3;2;6;0;0;1;0;0;0;0;0
11;4;4501042;2021;9;15;7;3;3;6;0;1;0;0;0;0;1;0
11;1;1300834;2021;8;21;7;2;5;3;2;1;1;0;0;0;0;0
11;11;3601450;2021;9;12;5;3;5;2;0;0;1;0;0;1;0;0
11;1;1100309;2021;9;10;6;3;6;7;0;0;1;1;0;0;0;0
11;4;4501148;2021;9;15;4;3;0;1;0;0;0;0;1;0;0;1
11;7;7100206;2021;9;17;4;3;5;2;0;1;0;0;0;0;1;1
11;3;3400619;2021;8;7;5;3;0;3;0;0;1;0;1;0;0;1
11;3;3601142;2021;8;16;4;2;5;2;0;1;1;0;0;0;0;0
11;9;9100409;2021;9;15;7;3;0;1;0;0;0;0;1;0;0;0
11;7;7601544;2021;9;20;5;3;5;2;2;0;1;0;0;0;0;1
11;8;8100419;2021;9;9;3;3;1;5;0;0;1;0;0;0;0;0
11;6;6200316;2021;9;9;7;2;2;6;0;0;1;0;0;0;0;1
11;12;12200310;2021;9;17;4;3;5;2;0;1;1;0;0;0;0;0
11;6;6200313;2021;9;16;1;3;5;2;0;1;1;0;0;0;0;0
11;6;6200315;2021;9;18;1;3;1;5;1;0;1;0;1;0;0;1
11;7;7100103;2021;8;14;1;3;1;5;0;1;1;0;0;0;0;1
11;1;1100416;2021;9;8;5;3;5;7;0;1;1;0;0;0;0;0
11;9;9200511;2021;9;9;7;3;5;3;0;0;1;0;1;0;0;1
11;6;6200312;2021;9;12;5;3;3;6;0;1;1;0;0;0;0;0
11;9;9100305;2021;9;20;5;3;5;2;2;0;0;0;0;1;1;0
11;11;11300725;2021;8;18;7;3;5;3;0;0;1;0;0;0;0;0
11;8;8100521;2021;8;16;4;3;5;3;0;1;1;0;0;0;0;0
11;3;3100103;2021;9;8;2;3;5;3;0;0;1;0;0;0;1;0
11;8;8100102;2021;9;18;6;3;5;2;0;1;1;0;0;0;0;0
11;1;1400940;2021;9;12;4;3;5;7;0;0;1;0;0;0;0;1
11;9;9100203;2021;8;17;5;3;0;4;0;0;0;1;0;0;1;0
11;4;4501042;2021;8;12;3;3;0;4;0;0;0;1;0;0;1;0
11;1;1100102;2021;9;23;6;3;0;1;2;1;0;0;0;0;0;0
11;2;2500836;2021;9;16;5;3;5;2;0;1;1;0;0;0;0;0
11;1;1100206;2021;9;14;3;3;5;3;0;1;1;0;0;0;0;0
11;2;2500833;2021;9;2;1;3;1;5;2;0;1;0;0;0;1;0
11;8;8100314;2021;9;15;5;3;5;3;0;1;1;0;0;0;0;0
11;4;4501045;2021;9;15;2;3;2;2;0;1;1;0;0;0;0;0
11;9;9200511;2021;9;15;5;3;5;2;0;0;1;0;0;0;0;0
11;4;4501040;2021;9;19;1;2;1;5;2;0;1;0;0;0;1;0
11;3;3400723;2021;8;12;2;3;0;5;0;1;1;0;0;0;0;1
11;1;1100207;2021;9;5;5;3;5;3;1;1;1;0;0;0;0;0
11;12;12200515;2021;9;9;6;3;6;4;0;0;1;1;0;0;0;0
11;3;3601141;2021;9;18;4;3;5;3;1;0;1;0;0;0;1;1
11;8;8100209;2021;9;21;5;3;2;6;2;0;1;0;0;0;0;0
11;5;5100211;2021;8;10;6;3;5;2;0;0;1;0;0;0;0;1
11;4;4300623;2021;8;17;4;3;1;5;0;1;1;0;0;0;0;0
11;12;12200515;2021;9;15;7;3;5;2;0;0;1;0;0;0;0;0
11;1;1100205;2021;9;6;6;3;2;6;1;0;1;0;1;0;0;0
11;10;10100210;2021;9;7;4;3;0;6;0;0;1;0;1;0;0;0
11;11;11200512;2021;9;7;3;3;0;1;0;1;0;0;0;0;0;0
11;5;5100207;2021;9;8;3;3;5;3;0;1;1;0;0;0;0;0
11;11;11300617;2021;9;13;3;3;2;6;0;0;1;0;0;0;0;0
11;9;9100304;2021;8;8;3;3;3;6;0;0;1;0;1;0;1;0
11;9;9401329;2021;9;15;6;2;3;6;0;1;1;0;0;0;0;0
11;8;8100312;2021;9;18;4;2;1;5;0;0;1;0;0;0;0;0
11;2;2500726;2021;8;8;2;3;3;6;0;0;1;0;0;1;0;1
11;4;4500936;2021;8;23;6;3;0;7;2;0;0;0;0;0;1;0
11;12;12400723;2021;9;10;2;3;5;2;0;1;1;0;0;0;0;0
11;1;1200522;2021;9;17;7;3;6;4;1;0;1;1;0;0;0;0
11;2;2400522;2021;9;12;7;3;2;6;0;0;1;0;1;0;0;0
11;10;10400837;2021;10;9;6;3;5;3;0;1;1;0;0;0;0;0
11;3;3601243;2021;9;7;3;3;5;2;0;0;1;0;1;0;0;0
11;5;5100316;2021;9;21;4;2;6;4;2;0;1;1;0;0;0;0
11;3;3500934;2021;9;22;3;2;6;4;2;0;1;1;0;0;0;0
11;7;7601442;2021;8;10;5;2;5;2;0;0;1;0;0;0;0;0
11;11;11300721;2021;8;10;3;3;2;6;0;0;1;0;0;0;0;0
11;4;4300624;2021;9;9;6;3;0;2;0;0;1;0;1;0;0;0
11;9;9200512;2021;9;13;5;3;2;6;0;0;1;0;0;1;0;0
11;2;2300418;2021;9;12;2;3;6;7;0;0;0;1;1;0;0;0
11;4;4100101;2021;9;16;2;3;5;2;0;0;1;0;0;0;1;0
11;5;5300840;2021;9;16;4;3;5;3;0;0;1;0;1;0;0;0
11;6;6100103;2021;9;21;7;3;2;6;2;0;1;0;0;0;0;0
11;4;4501043;2021;8;14;7;3;2;6;0;0;1;0;0;0;0;0
11;2;2500831;2021;9;19;5;3;6;4;1;0;1;1;0;0;0;0
11;4;4501146;2021;9;22;5;3;1;5;2;0;1;0;0;0;1;0
11;7;7400825;2021;9;8;4;3;7;7;0;1;0;0;0;0;0;0
11;2;2300418;2021;9;19;4;3;2;7;1;1;1;0;0;0;0;1
11;3;3400721;2021;8;8;6;3;6;2;0;0;1;1;0;0;0;1
11;1;1100102;2021;8;14;4;3;0;2;0;1;1;0;0;0;0;0
11;5;5300736;2021;9;13;7;3;2;6;0;0;1;0;0;0;0;0
11;4;4400835;2021;9;14;5;2;6;3;0;1;0;1;0;0;0;0
11;5;5100103;2021;9;16;3;2;1;5;0;0;1;0;0;0;0;0
11;2;2100105;2021;9;11;2;3;5;3;0;0;1;0;0;0;0;0
11;1;1200522;2021;9;21;4;3;0;7;2;1;0;0;0;0;0;0
11;12;12100103;2021;9;8;2;2;6;4;0;1;0;1;0;0;0;0
11;1;1100102;2021;9;15;2;2;5;2;0;1;1;0;0;0;0;0
11;1;1400938;2021;8;18;2;3;1;5;0;0;1;0;0;0;1;0
11;3;3500936;2021;9;23;5;3;0;1;2;1;0;0;0;0;0;0
11;1;1100103;2021;9;22;6;3;5;3;2;0;1;0;0;0;0;0
11;6;6100102;2021;9;12;5;3;1;5;0;0;1;0;0;0;0;1
11;10;10100312;2021;9;19;5;3;5;3;2;0;1;0;0;0;0;0
11;4;4300518;2021;8;22;6;3;5;3;2;0;1;0;0;0;0;0
11;10;10100312;2021;8;9;4;3;3;6;0;1;0;0;0;0;0;0
11;6;6400737;2021;9;12;1;3;5;3;0;0;1;0;0;0;0;0
11;1;1100102;2021;9;18;5;3;2;6;0;0;1;0;0;0;0;0
11;4;4200308;2021;9;17;6;3;2;6;0;0;1;0;0;0;0;1
11;6;6200420;2021;9;17;3;3;2;6;0;0;1;0;1;0;0;0
11;1;1100309;2021;9;10;3;3;3;6;0;1;1;0;0;0;0;0
11;4;4200310;2021;9;16;2;3;3;6;0;0;1;0;1;0;0;0
11;4;4501042;2021;8;14;3;3;0;3;0;0;0;0;0;0;1;0
11;1;1100313;2021;9;17;6;3;1;5;0;0;1;0;1;0;0;1
11;2;2100101;2021;9;7;4;3;3;6;0;1;0;0;1;0;0;0
11;4;4501042;2021;8;12;2;3;5;2;0;1;0;0;0;0;1;1
11;6;6400841;2021;8;16;6;3;4;6;0;0;1;0;0;0;0;0
11;6;6100204;2021;9;11;2;3;0;7;0;0;0;0;1;0;0;0
11;12;12200309;2021;9;20;6;2;6;4;2;0;1;1;0;0;0;1
11;12;12400618;2021;8;15;3;3;2;6;0;1;0;0;0;0;0;0
11;2;2300316;2021;9;22;5;3;5;7;2;1;1;0;0;0;0;0
11;11;11300620;2021;9;12;7;2;6;4;0;0;1;1;0;0;0;1
11;8;8100208;2021;8;7;6;3;2;2;0;0;1;0;1;0;0;1
11;7;7200307;2021;9;12;4;3;5;3;0;1;1;0;0;0;0;0
11;3;3400620;2021;9;11;6;3;2;6;0;0;1;0;1;0;0;0
11;2;3601452;2021;9;12;4;3;3;6;0;0;1;0;1;0;0;0
11;2;2500836;2021;9;7;4;3;5;3;0;1;1;0;0;0;0;0
11;2;2200213;2021;8;12;5;3;5;3;0;1;1;0;0;0;0;0
11;2;2100101;2021;8;15;3;3;2;2;0;1;1;0;0;0;0;0
11;2;2200211;2021;9;15;6;3;6;4;0;1;0;1;0;0;0;0
11;9;9200511;2021;8;10;6;3;1;5;0;1;1;0;0;0;0;0
11;7;7400823;2021;8;6;2;2;5;2;0;1;1;0;0;0;0;0
11;5;5300737;2021;8;8;5;2;5;2;0;1;1;0;0;0;0;0
11;8;8100105;2021;7;15;2;3;1;1;0;0;1;0;0;0;0;0
11;3;3200204;2021;8;14;4;3;2;6;0;0;1;0;0;0;0;0
11;2;2100104;2021;7;22;4;3;5;3;2;1;1;0;0;0;0;0
11;3;3601346;2021;7;23;5;3;1;5;2;1;1;0;0;0;0;0
11;2;2100104;2021;8;15;4;3;5;3;0;1;1;0;0;0;0;0
11;5;5100317;2021;8;19;3;2;1;5;1;0;1;0;0;0;1;0
11;4;4500937;2021;7;10;2;3;2;2;0;0;1;0;0;0;0;0
11;5;5100316;2021;8;10;2;3;0;5;0;1;1;0;0;0;0;0
11;11;11501238;2021;8;18;7;3;3;6;0;1;0;0;0;0;0;0
11;12;12200309;2021;7;11;2;3;5;2;0;1;1;0;0;0;0;0
11;7;7400720;2021;8;6;2;3;5;3;0;1;1;0;0;0;0;0
11;8;8200623;2021;8;7;6;3;6;7;0;1;0;1;0;0;0;0
11;7;7200308;2021;7;15;6;2;5;3;0;1;1;0;0;0;0;0
11;6;6200312;2021;7;18;6;3;5;2;0;0;1;0;0;0;0;0
11;2;2300418;2021;8;13;4;3;4;6;0;1;0;0;0;0;0;0
11;4;4200309;2021;7;15;4;3;5;2;0;0;1;0;0;1;0;0
11;4;4501045;2021;8;19;5;3;0;7;1;0;1;0;0;0;0;0
11;11;11100309;2021;8;13;5;3;5;2;0;1;1;0;0;0;0;0
11;7;7601442;2021;8;15;3;3;2;5;0;0;1;0;1;0;0;0
11;9;9200819;2021;8;10;1;3;2;6;0;0;1;0;0;0;1;0
11;5;5100313;2021;7;15;3;3;2;6;0;0;1;0;0;0;0;0
11;8;8200624;2021;8;17;3;3;4;6;0;0;1;0;0;0;0;0
11;3;3400725;2021;8;8;7;3;0;7;0;0;1;0;0;0;0;0
11;4;4400833;2021;7;18;6;3;0;5;0;0;0;0;1;0;0;0
11;11;11401034;2021;7;15;5;3;4;6;0;0;1;0;0;0;1;0
11;7;7400823;2021;8;11;6;3;5;2;0;0;1;0;0;1;0;0
11;3;3501037;2021;8;12;2;3;0;7;0;0;1;0;0;0;1;0
11;3;3601243;2021;8;20;6;2;9;1;1;0;1;1;0;0;0;1
11;11;11401032;2021;8;11;3;2;6;7;0;1;0;1;0;0;0;0
11;12;12500930;2021;8;9;2;2;2;6;0;0;1;0;1;0;0;0
11;9;9301025;2021;7;8;5;3;5;2;0;0;0;0;1;0;1;0
11;4;4100101;2021;7;22;5;3;5;2;2;0;1;0;0;0;0;0
11;4;4400832;2021;8;11;3;3;1;5;0;1;1;0;0;0;0;0
11;1;1300836;2021;7;14;3;3;5;2;0;1;1;0;0;0;0;0
11;2;2500835;2021;7;12;7;3;2;6;0;0;1;0;0;0;0;0
11;5;5100104;2021;8;14;6;3;2;6;0;0;1;0;0;0;0;0
11;2;2200208;2021;8;15;2;3;1;5;0;1;1;0;0;0;0;0
11;7;7400720;2021;7;8;3;3;5;3;0;0;1;0;0;0;0;0
11;3;3100103;2021;8;10;6;3;5;3;0;0;1;0;1;0;0;0
11;9;9200613;2021;7;18;3;3;5;2;0;1;1;0;0;0;0;0
11;8;8200832;2021;8;16;4;2;2;2;0;1;1;0;0;0;0;0
11;10;10100311;2021;7;22;5;3;5;3;2;1;1;0;0;0;0;0
11;6;6300631;2021;7;19;6;3;2;7;0;0;1;0;1;0;0;0
11;12;12400619;2021;8;11;4;3;5;3;0;0;1;0;0;0;0;0
11;1;1100206;2021;8;9;4;3;5;3;0;1;1;0;0;0;0;0
11;8;8100102;2021;7;15;4;3;5;2;0;1;1;0;0;0;0;0
11;11;11200410;2021;8;14;4;2;5;3;0;0;1;0;1;0;0;0
11;9;9501941;2021;8;13;4;3;2;3;0;1;1;0;0;0;0;0
11;12;12100101;2021;8;13;2;3;6;2;0;0;0;1;0;0;1;0
11;9;9502043;2021;8;13;7;3;2;6;0;0;1;0;1;0;1;0
11;11;11300725;2021;7;17;3;3;5;3;0;1;1;0;0;0;0;0
11;1;1401045;2021;8;8;3;3;2;6;0;0;1;0;0;0;0;0
11;1;1300733;2021;8;22;1;3;6;2;2;0;1;1;0;0;0;1
11;3;3601244;2021;7;17;7;3;5;3;0;0;1;0;1;0;0;0
11;4;4300622;2021;7;20;7;2;3;6;0;0;1;0;1;0;0;0
11;8;8100415;2021;8;13;5;3;2;6;0;0;1;0;1;0;0;0
11;4;4500937;2021;7;14;6;3;5;2;0;1;1;0;0;0;0;0
11;11;11200410;2021;7;5;6;3;5;3;0;1;1;0;0;0;0;0
11;8;8100313;2021;8;18;5;3;6;7;0;0;0;1;0;0;1;0
11;4;4300518;2021;8;18;4;2;5;7;0;0;1;0;1;0;0;0
11;8;8100310;2021;8;12;3;3;5;2;0;1;0;0;0;0;1;0
11;1;1100313;2021;8;14;1;3;0;1;0;0;0;0;1;0;0;0
11;7;7400824;2021;7;14;4;2;0;2;0;0;1;0;0;0;1;0
11;5;5100104;2021;8;18;1;2;5;3;0;0;1;0;0;0;0;0
11;5;5300736;2021;7;9;3;2;2;6;0;0;1;0;0;0;1;0
11;5;5100103;2021;7;13;1;3;2;5;0;0;1;0;0;0;0;0
11;1;1100103;2021;8;21;3;2;5;3;1;1;1;0;0;0;0;0
11;1;1100416;2021;8;22;7;3;5;2;2;1;1;0;0;0;0;1
11;4;4300622;2021;7;21;5;3;7;7;1;0;0;0;1;0;0;0
11;8;8100102;2021;7;21;6;3;5;2;2;1;1;0;0;0;0;0
11;9;9200715;2021;8;13;4;3;0;2;0;1;1;0;0;0;0;0
11;12;12100103;2021;7;5;4;3;5;3;1;1;1;0;0;0;0;0
11;4;4300415;2021;7;18;6;3;5;3;0;1;1;0;0;0;0;0
11;4;4200311;2021;8;18;5;3;5;2;0;0;1;0;0;0;1;0
11;2;2200209;2021;8;15;5;3;5;2;0;0;1;0;0;0;1;0
11;12;12200309;2021;8;9;3;3;2;6;0;0;1;0;0;0;0;0
11;9;9501940;2021;8;12;1;2;3;6;0;1;1;0;0;0;0;0
11;2;2100101;2021;7;10;4;3;5;3;0;1;0;0;1;0;0;0
11;11;11501341;2021;8;15;2;2;5;2;0;1;1;0;0;0;0;0
11;8;8100206;2021;7;0;6;2;1;6;2;1;1;1;0;0;0;0
11;11;11400928;2021;7;17;6;3;0;2;0;1;1;0;0;0;0;0
11;2;2300314;2021;7;19;2;3;1;5;0;1;1;0;0;0;0;0
11;9;9100203;2021;8;6;6;3;5;2;1;1;1;0;0;0;0;0
11;8;8401244;2021;8;11;2;3;5;3;0;0;1;0;0;0;0;0
11;4;4100101;2021;7;17;3;3;1;5;0;0;1;0;0;1;0;0
11;1;1100309;2021;8;19;6;3;0;3;0;1;1;0;0;0;0;0
11;4;4300622;2021;7;4;2;3;1;5;0;0;1;0;1;0;0;0
11;4;4501045;2021;8;16;4;3;2;6;0;0;1;0;0;0;0;0
11;3;3300412;2021;7;16;4;3;0;3;0;1;1;0;0;0;0;0
11;1;1100102;2021;7;17;6;3;0;1;0;0;0;0;0;0;1;0
11;3;3601450;2021;8;10;3;3;3;6;0;0;1;0;1;0;0;0
11;1;1401045;2021;7;23;3;3;6;7;2;0;1;1;0;0;0;0
11;4;4300621;2021;7;19;7;3;5;3;0;1;1;0;0;0;0;0
11;1;1100310;2021;8;21;6;3;0;1;2;1;0;0;0;0;0;0
11;5;5200632;2021;8;7;2;3;4;6;1;0;1;0;1;0;0;0
11;4;4501042;2021;8;8;6;3;0;6;0;0;0;0;1;0;1;0
11;1;1100308;2021;7;17;2;3;1;5;0;1;1;0;0;0;0;0
11;11;11300620;2021;7;16;5;3;5;2;0;1;1;0;0;0;0;1
11;11;2500729;2021;7;12;7;3;2;6;0;0;1;0;0;0;0;0
11;1;1400942;2021;8;21;4;2;1;5;2;1;1;0;0;0;0;0
11;1;1100309;2021;8;17;3;3;6;4;0;0;0;1;0;0;1;0
11;8;8100313;2021;7;20;4;3;1;5;0;1;1;0;0;0;0;0
11;6;6300633;2021;8;16;5;3;0;1;0;0;1;0;1;0;0;0
11;2;2400625;2021;8;12;4;3;3;6;0;1;0;0;0;0;0;0
11;11;11100204;2021;8;7;2;3;3;6;0;1;1;0;0;0;0;0
11;12;12100102;2021;8;10;7;3;2;7;0;0;1;0;1;0;0;0
11;1;1200520;2021;7;13;3;2;5;3;0;0;1;0;1;0;0;0
11;8;8401243;2021;8;8;3;3;1;5;0;0;1;0;0;0;0;0
11;9;9200819;2021;8;20;1;3;5;3;0;0;1;0;0;0;0;0
11;9;9401329;2021;7;10;6;3;5;3;0;0;1;0;0;0;1;0
11;6;6300527;2021;7;20;7;3;1;5;0;0;1;0;1;0;0;0
11;4;4400728;2021;8;13;5;3;5;3;0;0;1;0;0;0;0;0
11;8;8200622;2021;7;17;5;3;5;7;0;0;1;0;1;0;0;0
11;6;6300528;2021;8;11;6;3;2;2;0;0;1;0;0;0;0;0
11;9;9200510;2021;7;15;3;3;5;2;0;1;1;0;0;0;0;0
11;5;5200630;2021;8;13;5;3;5;2;0;1;1;0;0;0;0;0
11;6;6200313;2021;8;13;3;3;5;2;0;0;1;0;1;0;0;1
11;2;2500833;2021;8;19;2;2;0;1;0;1;0;0;0;0;0;1
11;7;7100206;2021;7;1;5;3;0;1;2;0;0;0;0;0;1;0
11;12;12400617;2021;8;14;1;3;5;2;0;0;1;0;1;0;0;0
11;3;3501037;2021;7;9;3;3;5;2;0;0;1;0;0;0;1;0
11;1;1200628;2021;7;15;2;3;0;1;0;1;0;0;0;0;0;0
11;1;1100308;2021;7;11;2;3;2;6;0;1;1;0;0;0;0;0
11;9;9200614;2021;8;17;6;3;7;7;0;1;0;0;0;0;0;0
11;12;12200411;2021;8;17;1;2;0;7;0;1;0;0;0;0;0;1
11;9;9300920;2021;8;15;5;3;5;2;0;0;1;0;0;0;0;0
11;4;4300622;2021;8;14;3;3;3;6;0;0;1;0;0;0;0;0
11;10;10200420;2021;7;12;4;2;8;1;0;0;1;0;0;0;1;0
11;10;10400940;2021;7;11;5;2;5;3;0;0;1;0;1;0;0;0
11;8;8100314;2021;8;23;3;3;5;3;2;0;1;0;0;0;0;0
11;2;2400625;2021;8;16;2;3;0;1;0;0;0;0;1;0;0;0
11;1;1100313;2021;7;22;4;2;5;2;2;1;1;0;0;0;0;0
11;8;8401244;2021;7;12;6;1;5;2;0;0;0;0;1;0;1;0
11;5;5100104;2021;7;16;2;3;2;6;0;0;1;0;1;0;0;0
11;12;12200412;2021;8;23;2;3;1;1;2;0;1;0;0;0;0;0
11;1;1300834;2021;8;18;7;3;5;3;0;0;1;0;0;0;0;0
11;7;7200409;2021;8;15;3;2;6;4;0;0;1;1;0;0;0;0
11;8;8200726;2021;8;22;6;2;5;3;2;1;0;0;0;0;1;1
11;12;12601032;2021;7;11;2;2;2;6;0;0;1;0;1;0;0;0
11;2;2200210;2021;8;9;6;3;5;3;0;1;1;0;0;0;0;0
11;5;5300736;2021;8;7;2;3;2;6;0;0;1;0;0;0;0;0
11;8;8401246;2021;8;9;6;3;5;3;0;0;1;0;1;0;0;0
11;4;4300622;2021;7;15;2;3;2;6;0;0;1;0;0;0;0;0
11;3;3701554;2021;8;19;4;3;5;3;0;0;1;0;0;0;1;0
11;8;8401244;2021;7;12;4;3;3;2;0;0;1;0;0;0;1;0
11;8;8100102;2021;7;17;5;3;2;1;0;0;1;0;0;0;1;0
11;9;9401432;2021;8;11;2;3;0;3;0;1;1;0;0;0;0;0
11;9;9200715;2021;7;15;2;3;5;2;0;0;1;0;0;0;0;0
11;1;1100309;2021;8;14;6;3;5;3;0;1;1;0;0;0;0;0
11;12;12400722;2021;8;19;3;3;5;2;0;0;1;0;0;0;0;0
11;1;1400937;2021;8;18;6;3;3;6;0;1;0;0;0;0;0;0
11;6;6400844;2021;7;13;5;3;2;6;0;0;1;0;0;0;0;0
11;12;12100101;2021;7;17;6;3;5;3;0;1;1;0;0;0;0;0
11;2;2500833;2021;8;9;4;2;5;2;0;1;1;0;0;0;0;0
11;2;2100102;2021;7;15;4;3;5;2;0;0;1;0;0;0;1;0
11;3;3300516;2021;7;15;7;3;6;4;0;1;0;1;0;0;0;0
11;7;7300516;2021;8;14;5;3;6;7;0;0;0;1;0;0;1;0
11;12;12200515;2021;8;17;3;3;1;5;0;1;1;0;0;0;0;0
11;6;6100208;2021;8;11;2;3;1;5;0;0;1;0;1;0;0;0
11;2;2200213;2021;8;16;7;3;5;2;0;1;1;0;0;0;0;0
11;6;6100209;2021;7;19;3;2;0;1;0;1;0;0;0;0;0;0
11;2;2200210;2021;8;16;3;3;0;1;0;0;0;0;0;0;1;0
11;6;6400844;2021;8;21;7;3;5;2;2;1;1;0;0;0;0;1
11;2;2500830;2021;7;15;7;3;5;2;0;1;1;0;0;0;0;0
11;8;8301036;2021;7;19;7;2;2;4;1;0;1;1;0;0;0;0
11;2;2400522;2021;8;9;5;3;5;2;0;1;1;0;0;0;0;0
11;2;2100106;2021;7;15;5;3;0;7;0;1;0;0;0;0;0;0
11;5;5400942;2021;8;12;6;3;5;3;0;1;1;0;0;0;0;0
11;10;10200629;2021;8;18;4;3;3;6;0;1;0;0;1;0;0;0
11;8;8100206;2021;8;18;4;3;5;2;0;1;1;0;0;0;0;0
11;6;6100210;2021;7;17;7;3;5;2;0;1;0;0;0;0;1;0
11;3;3500933;2021;8;16;2;3;2;1;0;1;1;0;0;0;0;0
11;6;6100209;2021;7;18;5;2;3;6;0;1;0;0;0;0;0;0
11;3;3400618;2021;8;0;1;3;8;1;2;0;1;0;0;0;0;0
11;12;12200310;2021;7;13;7;3;5;2;0;0;1;0;1;0;0;0
11;5;5100206;2021;7;12;1;3;5;3;0;1;1;0;0;0;0;0
11;1;1100205;2021;8;20;6;3;6;4;1;0;0;1;0;0;1;0
11;11;11400929;2021;8;16;2;3;6;4;0;1;0;1;0;0;0;0
11;2;2200209;2021;8;14;6;3;5;2;0;1;1;0;0;0;0;0
11;12;12601236;2021;7;12;2;2;5;3;0;1;1;0;0;0;0;0
11;4;4300517;2021;8;8;5;3;5;3;0;0;1;0;0;0;0;0
11;1;1100205;2021;7;11;4;3;5;2;0;1;1;0;0;0;0;0
11;4;4300619;2021;7;15;5;3;1;5;0;1;1;0;0;0;0;0
11;1;1100309;2021;8;13;4;3;3;6;0;1;1;0;0;0;0;0
11;3;3100103;2021;8;23;2;2;5;2;2;0;1;0;1;0;0;0
11;5;5300736;2021;7;14;3;3;3;6;0;0;1;0;0;0;0;0
11;12;12400618;2021;7;9;3;3;0;2;0;0;0;0;0;0;1;0
11;7;7400823;2021;8;6;2;3;5;2;0;0;1;0;1;0;0;0
11;4;4501040;2021;8;14;7;3;5;2;0;0;1;0;1;0;0;0
11;4;4300619;2021;7;18;2;2;5;3;0;0;1;0;0;0;0;0
11;5;5100209;2021;8;13;2;2;5;3;0;0;1;0;0;0;1;0
11;12;12500928;2021;8;10;7;3;2;6;0;0;1;0;0;0;0;0
11;12;12200310;2021;7;11;5;3;0;2;0;1;1;0;0;0;0;0
11;4;4501042;2021;7;13;6;2;2;6;0;1;1;0;0;0;0;0
11;3;3400830;2021;8;7;4;3;1;5;0;1;1;0;0;0;0;0
11;2;2400521;2021;7;12;4;3;5;3;0;1;0;0;0;0;0;0
11;4;4400727;2021;8;11;5;3;2;6;0;0;1;0;0;0;0;0
11;6;6400841;2021;8;12;4;3;5;3;0;1;1;0;0;0;0;0
11;7;7400721;2021;8;8;3;2;0;7;0;0;0;0;1;0;0;1
11;12;12500927;2021;8;19;1;2;1;6;1;0;1;0;0;0;0;0