LAND;BEZ;LOR_ab_2021;UJAHR;UMONAT;USTUNDE;UWOCHENTAG;UKATEGORIE;UART;UTYP1;ULICHTVERH;IstRad;IstPKW;IstFuss;IstKrad;IstGkfz;IstSonstige;USTRZUSTAND
11;1;1100207;2021;7;14;3;3;5;3;0;0;1;0;0;0;0;0
11;9;9501941;2021;8;8;3;3;2;2;0;0;1;0;0;0;0;0
11;1;1300733;2021;8;16;1;3;5;3;0;1;0;0;0;0;1;0
11;1;1300834;2021;7;21;6;3;3;6;2;0;0;0;1;0;1;1
11;1;1200517;2021;7;14;5;2;6;4;0;0;1;1;0;1;0;0
11;5;5100315;2021;8;18;6;2;2;6;0;0;1;0;0;0;0;0
11;7;7501029;2021;7;14;6;3;5;3;0;0;1;0;0;0;0;0
11;1;1100207;2021;7;19;6;2;5;3;0;0;1;0;0;0;0;0
11;5;5300737;2021;8;8;5;3;1;7;0;0;1;0;0;0;0;0
11;9;9200715;2021;7;14;5;3;5;2;0;1;1;0;0;0;0;0
11;1;1100207;2021;8;13;5;3;5;3;0;1;1;0;0;0;0;0
11;6;6200421;2021;8;18;3;3;2;6;0;0;1;0;0;0;0;0
11;7;7200411;2021;8;16;3;2;5;3;0;0;1;0;1;0;0;1
11;8;8100208;2021;8;20;1;3;5;3;1;0;1;0;0;0;1;0
11;4;4500937;2021;7;19;4;3;2;6;0;0;1;0;0;0;0;0
11;5;5100211;2021;8;16;3;2;0;7;0;1;1;0;0;0;0;0
11;1;1100206;2021;8;18;7;3;1;5;0;0;1;0;1;0;0;0
11;5;5200423;2021;7;12;6;3;5;7;0;0;1;0;0;0;0;0
11;4;4300518;2021;8;9;5;3;5;7;0;1;1;0;0;0;0;0
11;1;1400937;2021;7;10;6;3;5;2;0;0;1;0;0;0;0;0
11;4;4300517;2021;8;15;5;3;5;2;0;0;1;0;0;0;0;0
11;1;1100205;2021;8;17;4;3;5;2;0;1;1;0;0;0;0;0
11;2;2200213;2021;8;18;3;3;5;7;0;1;0;0;0;0;1;0
11;1;1401045;2021;8;20;2;3;2;6;2;0;1;0;0;1;0;1
11;4;4501040;2021;7;10;4;2;5;2;0;0;1;0;1;0;0;0
11;10;10100311;2021;8;12;1;3;0;6;0;0;1;0;1;0;0;0
11;2;2500835;2021;7;20;7;3;5;2;0;1;1;0;0;0;0;0
11;6;6100204;2021;8;16;6;3;2;6;0;0;1;0;0;0;0;0
11;8;8100415;2021;8;9;2;3;1;5;0;1;1;0;0;0;0;0
11;4;4300623;2021;8;16;6;3;5;3;0;0;1;0;0;0;0;0
11;8;8100209;2021;7;18;3;3;1;5;0;0;0;0;0;1;1;0
11;10;10100315;2021;8;18;5;3;2;2;0;0;1;0;1;0;0;0
11;11;11300722;2021;7;10;4;3;5;2;0;1;0;0;0;1;0;0
11;4;4501042;2021;7;13;5;3;1;5;0;0;1;0;0;0;0;0
11;6;6300528;2021;8;19;4;3;8;1;1;0;1;0;0;0;0;0
11;2;2100104;2021;8;8;3;3;2;6;0;0;1;0;0;0;0;0
11;5;5100208;2021;7;11;4;3;5;2;0;0;1;0;0;0;0;0
11;6;6400737;2021;8;7;4;3;5;3;0;1;0;0;0;0;0;0
11;3;3400828;2021;7;8;2;3;5;2;0;1;1;0;0;0;0;0
11;2;2100103;2021;8;21;2;3;5;3;2;0;1;0;0;0;0;1
11;2;2300314;2021;8;2;7;3;0;1;2;0;0;0;1;0;0;0
11;1;1100313;2021;7;21;3;3;0;2;2;1;1;0;0;0;0;0
11;7;7601544;2021;8;16;3;3;6;4;0;0;1;1;0;0;0;0
11;3;3400620;2021;8;14;7;3;0;7;0;0;1;0;0;0;0;0
11;12;12601235;2021;7;18;5;3;1;5;0;0;1;0;1;0;0;1
11;7;7501135;2021;7;15;6;3;1;7;0;0;1;0;0;0;0;0
11;6;6400844;2021;8;8;4;2;5;2;0;1;1;0;0;0;0;0
11;8;8100103;2021;7;20;5;2;5;7;0;0;1;0;1;0;0;0
11;1;1100102;2021;8;11;5;3;1;6;0;1;1;0;0;0;0;0
11;1;1100309;2021;8;13;5;3;5;2;0;1;1;0;0;0;0;0
11;1;1200517;2021;8;12;3;3;2;6;0;0;1;0;0;0;0;1
11;1;1100311;2021;7;20;7;3;5;2;1;0;1;0;0;0;1;0
11;9;9200819;2021;8;0;1;2;9;1;2;0;0;0;1;0;0;0
11;3;3300516;2021;7;15;4;3;1;5;0;0;1;0;0;0;1;0
11;10;10100311;2021;8;13;2;3;2;6;0;0;0;0;1;1;0;0
11;11;11200411;2021;7;14;7;3;5;3;0;0;1;0;0;0;1;0
11;1;1100205;2021;7;18;5;2;5;2;1;0;1;0;1;0;0;0
11;12;12200515;2021;8;7;6;3;0;7;0;1;0;0;0;0;0;0
11;1;1300834;2021;8;11;2;3;0;3;0;0;1;0;1;0;0;0
11;1;1100311;2021;8;9;6;3;0;7;0;0;1;0;1;0;0;0
11;7;7501029;2021;8;14;3;3;2;6;0;0;1;0;0;0;0;0
11;9;9401534;2021;7;9;5;3;2;2;0;0;1;0;0;0;1;0
11;3;3601245;2021;7;14;5;3;0;7;0;0;0;0;0;0;1;0
11;4;4400727;2021;8;13;3;2;5;2;0;1;1;0;0;0;0;0
11;12;12100102;2021;7;13;4;3;0;5;0;0;1;0;0;0;1;0
11;2;2100102;2021;7;14;7;3;2;6;0;0;1;0;0;0;1;0
11;8;8100314;2021;8;13;6;3;2;6;0;0;1;0;0;0;0;0
11;3;3601243;2021;8;20;2;3;0;1;0;1;0;0;0;0;0;0
11;10;10100208;2021;8;13;7;3;5;3;0;1;1;0;0;0;0;0
11;4;4200311;2021;7;18;3;3;2;7;0;0;1;0;1;0;0;0
11;4;4300620;2021;8;10;4;3;5;2;0;0;1;0;0;0;0;0
11;12;12500825;2021;7;17;5;3;5;2;0;1;1;0;0;0;0;1
11;4;4501148;2021;7;8;6;3;0;2;0;1;1;0;0;0;0;0
11;9;9100306;2021;8;13;4;3;2;6;0;0;1;0;1;0;0;0
11;9;9200715;2021;8;15;2;3;5;2;0;0;1;0;0;0;0;0
11;10;10300734;2021;8;12;6;3;5;3;0;1;1;0;0;0;0;0
11;5;5300736;2021;8;17;4;2;0;3;0;0;1;0;1;0;0;0
11;5;5200528;2021;8;18;2;3;5;2;0;0;1;0;0;0;0;1
11;7;7200413;2021;7;16;4;3;0;3;0;1;1;0;0;0;0;0
11;4;4300619;2021;8;23;1;3;0;1;2;0;0;0;0;0;1;0
11;4;4300517;2021;7;18;7;3;5;2;0;0;1;0;0;0;0;0
11;8;8200623;2021;8;15;6;3;5;2;0;1;1;0;0;0;0;0
11;5;5100208;2021;8;16;3;2;6;4;0;0;1;1;0;0;0;0
11;11;11200512;2021;8;6;7;3;5;2;0;0;1;0;0;0;0;0
11;12;12500927;2021;7;12;2;3;5;3;0;1;0;0;0;0;0;0
11;5;5100316;2021;8;13;4;3;5;2;0;0;1;0;1;0;0;0
11;9;9501939;2021;7;5;4;3;0;6;0;0;1;0;0;0;1;1
11;5;5100208;2021;7;14;5;2;2;2;0;0;1;0;1;0;0;0
11;10;10100102;2021;8;17;4;3;5;3;0;0;1;0;0;0;1;0
11;1;1100309;2021;8;16;2;3;5;2;0;1;0;0;0;0;1;0
11;4;4300412;2021;7;20;5;3;1;5;0;1;1;0;0;0;0;0
11;4;4500936;2021;8;16;4;2;5;3;0;1;1;0;0;0;0;0
11;2;2100104;2021;8;21;3;3;5;3;2;1;1;0;0;0;0;0
11;1;1300836;2021;8;14;2;3;5;3;0;1;1;0;0;0;0;0
11;1;1100102;2021;8;9;7;3;5;3;0;1;1;0;0;0;0;0
11;4;4300517;2021;7;14;3;3;2;6;0;0;1;0;1;0;0;0
11;4;4300412;2021;8;10;3;3;5;2;0;1;1;0;0;0;0;0
11;8;8100312;2021;8;12;1;3;1;5;0;1;1;0;0;0;0;0
11;5;5100104;2021;7;12;5;3;5;2;0;1;1;0;0;0;0;0
11;10;10400938;2021;7;20;6;3;2;2;1;0;1;0;0;0;0;0
11;12;12100204;2021;8;8;5;2;5;3;0;0;1;0;1;0;0;0
11;7;7200410;2021;7;15;5;3;0;2;0;0;1;0;0;0;1;0
11;1;1100309;2021;8;17;5;3;1;5;0;1;1;0;0;0;0;0
11;2;2400624;2021;7;22;7;2;1;5;2;1;1;0;0;0;0;0
11;5;5100210;2021;8;9;5;3;1;5;0;0;1;0;0;0;1;0
11;1;1100415;2021;8;10;3;3;5;3;0;1;1;0;0;0;0;0
11;9;9200717;2021;8;12;1;3;2;6;0;1;1;0;0;0;0;0
11;6;6300632;2021;7;19;4;3;1;5;0;1;1;0;0;0;0;0
11;7;7200414;2021;8;22;1;3;0;1;2;0;1;0;0;0;0;1
11;11;11200410;2021;7;0;1;3;6;4;2;0;0;1;0;0;1;0
11;7;7501031;2021;8;13;5;3;1;7;0;0;1;0;0;0;1;0
11;12;12100205;2021;7;8;2;3;2;6;0;0;1;0;0;0;0;1
11;9;9100101;2021;8;10;6;3;5;2;0;1;0;0;0;1;0;0
11;8;8100311;2021;8;11;2;3;5;2;0;0;1;0;0;0;1;0
11;5;5300840;2021;8;13;6;3;2;6;0;0;1;0;0;0;0;0
11;2;2400521;2021;7;8;2;2;5;2;0;1;0;0;0;0;1;0
11;11;11501238;2021;8;16;4;3;2;6;0;0;1;0;1;0;0;0
11;2;2400625;2021;7;10;4;3;3;6;0;1;0;0;0;0;0;0
11;9;9502042;2021;7;15;6;3;0;7;0;0;1;0;0;0;0;0
11;2;2200209;2021;8;23;3;3;6;2;2;0;1;1;0;0;0;0
11;4;4200308;2021;7;22;6;3;5;2;2;0;1;0;0;0;0;0
11;4;4501043;2021;7;0;2;2;0;1;2;0;0;0;0;0;1;0
11;5;5100316;2021;8;16;6;2;5;2;0;1;1;0;0;0;0;0
11;1;1100310;2021;8;7;2;3;1;7;0;1;1;0;0;0;0;0
11;2;2100106;2021;8;23;6;3;5;7;2;0;1;0;0;0;0;1
11;4;4200311;2021;7;22;5;2;5;2;2;0;1;0;0;0;0;0
11;1;1100416;2021;7;11;6;3;5;3;0;1;1;0;0;0;0;0
11;1;1100310;2021;8;9;3;3;0;3;0;1;0;0;0;0;0;0
11;4;4300622;2021;8;16;3;3;5;3;0;0;1;0;0;0;0;0
11;8;8100105;2021;7;13;5;2;5;3;0;1;1;0;0;0;0;0
11;10;10200627;2021;8;15;5;3;5;3;0;1;1;0;0;0;0;0
11;3;3601452;2021;8;11;4;2;5;2;0;0;1;0;0;0;0;0
11;10;10400940;2021;8;13;2;3;6;4;0;0;1;1;0;0;0;0
11;10;10100311;2021;8;11;7;3;5;2;0;1;1;0;0;0;0;0
11;3;3601142;2021;7;18;4;3;5;2;0;1;1;0;0;0;0;0
11;6;6300634;2021;8;11;3;3;3;6;0;1;1;0;0;0;0;0
11;1;1200625;2021;8;14;7;3;5;2;0;0;1;0;0;0;0;0
11;9;9100408;2021;7;11;6;3;5;2;0;0;1;0;1;0;0;0
11;3;3601450;2021;7;5;7;3;0;1;1;0;1;0;0;0;0;0
11;1;1100308;2021;8;8;4;3;1;5;0;1;1;0;0;0;0;0
11;4;4300622;2021;7;15;5;3;3;6;0;0;1;0;0;0;0;0
11;6;6100102;2021;8;11;5;3;2;6;0;0;1;0;1;0;0;0
11;7;7200307;2021;8;12;5;3;5;2;0;0;1;0;0;0;0;0
11;12;12400617;2021;8;11;4;3;1;5;0;1;1;0;0;0;0;0
11;12;12200412;2021;7;18;4;3;0;6;0;0;1;0;0;0;1;0
11;1;1100415;2021;7;18;7;3;4;6;0;1;0;0;0;0;1;0
11;3;3300516;2021;8;15;4;3;5;3;0;1;1;0;0;0;0;0
11;9;9501737;2021;8;8;4;2;6;4;0;0;1;1;0;0;0;0
11;4;4300414;2021;8;13;2;3;1;5;0;0;1;0;0;0;1;0
11;11;11401135;2021;8;16;7;3;2;6;0;0;1;0;1;0;0;0
11;1;1300733;2021;7;15;3;3;2;6;0;1;1;0;0;0;0;0
11;10;10100312;2021;8;11;3;2;0;7;0;0;1;0;0;0;0;0
11;5;5100208;2021;7;8;3;3;0;7;0;0;1;0;0;0;1;0
11;5;5200528;2021;8;14;1;3;6;7;0;1;0;1;0;0;0;0
11;4;4501040;2021;7;15;7;3;5;2;0;0;1;0;1;0;0;0
11;2;2500830;2021;7;18;7;3;5;2;0;1;1;0;0;0;0;0
11;4;4500938;2021;8;17;5;3;5;2;0;1;1;0;0;0;0;0
11;8;8300934;2021;7;11;6;3;5;3;0;0;1;0;0;0;0;0
11;4;4300412;2021;8;16;5;2;2;7;0;1;1;0;0;0;0;0
11;5;5200630;2021;7;13;7;2;2;2;0;0;1;0;0;0;0;0
11;3;3601142;2021;8;8;5;3;5;2;0;1;1;0;0;0;0;0
11;11;11300722;2021;8;14;3;3;5;2;0;1;1;0;0;0;0;0
11;9;9501939;2021;8;19;1;3;0;1;0;0;0;0;1;0;0;0
11;9;9100408;2021;7;11;4;2;5;2;0;0;1;0;1;0;0;0
11;9;9401329;2021;8;22;1;2;5;3;2;0;1;0;0;0;0;1
11;10;10300734;2021;7;13;7;3;2;6;0;0;1;0;0;0;0;0
11;7;7400826;2021;7;7;2;3;2;6;0;1;1;0;0;0;0;0
11;8;8100521;2021;8;18;6;3;5;3;0;1;1;0;0;0;0;0
11;12;12500825;2021;8;9;2;3;1;5;0;1;1;0;0;0;0;0
11;7;7601341;2021;8;18;6;3;0;1;0;1;0;0;0;0;0;1
11;1;1100416;2021;7;16;2;3;5;3;0;1;0;0;0;0;0;0
11;2;2100104;2021;8;16;4;3;3;6;0;1;0;0;1;0;0;0
11;11;11200512;2021;7;11;5;2;5;7;0;0;1;0;0;0;1;0
11;1;1100312;2021;7;8;5;3;5;2;0;1;1;0;0;0;0;0
11;1;1300834;2021;8;17;4;3;6;7;0;1;0;1;0;0;0;0
11;6;6200313;2021;8;19;3;3;5;3;0;1;1;0;0;0;0;0
11;9;9200819;2021;7;14;3;3;5;3;0;0;1;0;0;0;1;0
11;9;9200715;2021;7;8;2;3;5;2;0;1;0;0;0;0;1;0
11;2;2400520;2021;8;7;2;3;5;2;0;1;1;0;0;0;0;0
11;2;2500833;2021;8;14;7;3;5;2;0;1;1;0;0;0;0;0
11;9;9100305;2021;8;6;3;3;6;4;0;0;0;1;1;0;0;0
11;10;10100209;2021;8;14;7;3;2;6;0;0;1;0;0;0;0;0
11;1;2100104;2021;7;16;5;3;5;3;0;1;1;0;0;0;0;1
11;9;9100305;2021;7;8;6;3;6;2;0;0;1;1;0;0;0;0
11;2;2400623;2021;8;5;5;3;5;3;0;1;1;0;0;0;0;0
11;3;3100103;2021;7;13;5;3;5;3;0;0;1;0;0;0;0;0
11;4;4501042;2021;8;13;5;3;0;7;0;0;0;0;1;0;1;1
11;6;6400844;2021;8;17;4;2;5;2;0;1;1;0;0;0;0;0
11;7;7400928;2021;8;7;3;3;5;2;0;1;1;0;0;0;0;1
11;7;7601236;2021;7;11;7;3;2;2;0;0;1;0;0;0;0;0
11;6;6400843;2021;8;12;1;3;5;3;0;0;1;0;0;0;0;0
11;2;2500835;2021;7;12;4;3;5;3;0;0;1;0;0;0;1;0
11;9;9200717;2021;8;7;3;3;5;3;0;1;1;0;0;0;0;0
11;1;1100309;2021;8;20;7;2;1;7;1;0;1;0;0;0;0;1
11;2;2300314;2021;7;13;7;3;3;6;0;1;0;0;0;0;1;0
11;1;1300732;2021;7;19;1;3;1;5;0;0;1;0;1;0;0;1
11;1;1100309;2021;7;13;6;3;1;5;0;1;1;0;0;0;0;0
11;4;4300416;2021;8;16;6;3;1;5;0;0;1;0;0;0;1;0
11;2;2300417;2021;7;16;3;3;5;3;0;1;1;0;0;0;0;0
11;9;9100407;2021;8;15;5;3;5;3;0;1;1;0;0;0;0;0
11;1;1100101;2021;8;19;4;3;2;6;0;0;1;0;0;0;1;0
11;2;2200210;2021;8;6;2;3;5;2;0;1;1;0;0;0;0;0
11;1;1200520;2021;7;17;4;3;3;6;0;1;0;0;0;0;0;0
11;2;2200209;2021;8;17;1;3;5;2;0;1;0;0;1;0;0;0
11;12;12500928;2021;7;2;1;2;1;1;2;0;1;0;0;0;1;0
11;9;9501736;2021;8;22;6;3;4;5;2;0;1;0;0;0;0;0
11;2;2300315;2021;8;5;2;3;2;6;0;1;1;0;0;0;0;0
11;1;1401045;2021;8;21;5;3;6;4;2;0;1;1;0;0;0;0
11;6;6100204;2021;7;18;2;3;2;6;0;0;1;0;0;0;0;0
11;5;5300736;2021;8;12;4;3;0;7;0;1;0;0;0;0;0;0
11;2;2200207;2021;7;17;4;3;5;2;0;1;1;0;0;0;0;0
11;8;8100419;2021;7;16;5;3;0;6;0;0;1;0;1;0;0;0
11;3;3400620;2021;8;10;3;2;5;3;0;1;1;0;0;0;0;1
11;7;7400823;2021;8;19;2;3;5;2;0;1;1;0;0;0;0;0
11;6;6100209;2021;7;11;3;2;5;2;0;0;1;0;1;0;0;0
11;8;8300934;2021;8;16;3;3;5;3;0;1;1;0;0;0;0;0
11;4;4500937;2021;8;15;1;2;2;6;0;1;1;0;0;0;0;0
11;1;1100308;2021;7;1;5;2;0;7;2;0;0;0;0;0;1;0
11;7;7400824;2021;8;20;1;2;0;2;1;1;0;0;0;0;1;1
11;2;2500728;2021;7;13;7;3;0;1;0;1;0;0;0;0;0;0
11;3;3200308;2021;7;9;1;3;2;6;0;1;1;0;0;0;0;0
11;4;4100101;2021;8;8;6;3;0;3;0;1;1;0;0;0;0;0
11;5;5400942;2021;8;12;2;3;1;5;0;0;1;0;0;0;0;0
11;5;5200631;2021;8;11;6;2;5;7;0;0;1;0;1;0;0;0
11;1;1300730;2021;8;21;4;3;5;2;2;0;1;0;0;0;0;0
11;12;12200412;2021;7;16;4;2;3;6;0;0;1;0;0;0;1;0
11;4;4501042;2021;7;8;5;3;5;3;0;1;0;0;0;0;1;0
11;4;4400726;2021;8;21;3;3;0;7;2;0;0;0;1;0;0;0
11;9;9200614;2021;8;11;3;3;2;1;0;0;1;0;0;0;0;0
11;4;4500938;2021;7;11;3;3;0;2;0;1;0;0;1;0;0;0
11;5;5100314;2021;7;7;2;3;5;3;0;0;1;0;1;0;0;0
11;8;8100312;2021;8;13;2;3;6;7;0;0;0;1;0;0;1;0
11;7;7300516;2021;8;0;6;3;5;7;2;1;1;0;0;0;0;0
11;1;1100415;2021;7;18;2;3;3;6;0;1;0;0;0;0;0;0
11;9;9200511;2021;8;16;3;3;5;2;0;1;1;0;0;0;0;0
11;3;3400831;2021;8;12;6;3;0;6;0;0;1;0;0;1;0;0
11;1;1200520;2021;7;11;6;3;5;2;0;1;1;0;0;0;0;0
11;4;4501149;2021;7;14;6;2;5;2;0;0;1;0;1;0;0;0
11;7;7601442;2021;8;8;4;3;5;2;0;1;0;0;0;1;0;0
11;10;10200629;2021;7;3;5;2;0;1;2;1;0;0;0;0;0;0
11;4;4501045;2021;8;17;5;3;5;2;0;1;1;0;0;0;0;0
11;11;11200411;2021;8;17;3;3;5;2;0;0;1;0;0;0;0;0
11;10;10300734;2021;8;15;3;3;3;6;0;1;1;0;0;0;0;1
11;1;1100102;2021;7;20;7;2;5;3;0;1;1;0;0;0;0;0
11;6;6100209;2021;8;18;1;3;5;2;0;1;1;0;0;0;0;0
11;7;7601340;2021;7;21;3;2;3;2;1;1;1;0;0;0;0;0
11;8;8401241;2021;8;7;3;3;5;3;0;0;1;0;0;0;0;0
11;8;8100314;2021;8;22;7;3;5;7;2;0;1;0;1;0;0;1
11;4;4501042;2021;7;19;6;3;6;4;0;0;0;1;0;0;1;0
11;11;11300725;2021;8;18;5;3;4;5;0;1;1;0;0;0;0;0
11;3;3601450;2021;7;15;6;2;5;3;0;1;0;0;1;0;0;0
11;2;2500835;2021;8;9;6;3;5;2;0;1;1;0;0;0;0;0
11;6;6300631;2021;8;11;2;2;5;3;0;1;1;0;0;0;0;0
11;5;5300735;2021;8;17;6;3;5;2;0;0;1;0;0;0;0;0
11;2;2400521;2021;8;10;4;3;0;2;0;1;1;0;0;0;0;0
11;3;3400721;2021;8;9;2;3;1;5;0;1;1;0;0;0;0;0
11;1;1300836;2021;7;17;5;3;2;6;0;0;1;0;0;0;0;0
11;11;11400930;2021;8;18;1;3;5;3;0;0;1;0;0;0;0;0
11;7;7400823;2021;7;22;1;3;5;3;2;0;1;0;0;0;0;0
11;3;3300517;2021;8;15;6;3;5;2;0;1;1;0;0;0;0;0
11;9;9200819;2021;8;22;2;3;0;3;2;0;0;0;1;0;0;1
11;4;4501040;2021;8;15;7;3;5;7;0;0;1;0;1;0;0;0
11;2;2200209;2021;7;21;3;3;5;2;2;0;1;0;0;0;0;0
11;9;9100407;2021;8;9;5;3;1;5;0;1;1;0;0;0;0;0
11;9;9501737;2021;7;10;4;3;3;6;0;0;1;0;1;0;0;0
11;9;9100304;2021;7;11;5;2;5;3;0;0;0;0;1;0;1;0
11;8;8100314;2021;8;18;3;3;7;7;0;1;1;0;0;0;1;1
11;2;2400521;2021;8;16;2;2;5;3;0;0;1;0;0;0;1;0
11;4;4200206;2021;7;1;4;3;0;7;2;0;1;0;0;0;0;0
11;9;9200715;2021;8;16;4;2;5;2;0;1;1;0;0;0;0;0
11;7;7400721;2021;7;9;3;3;2;2;0;0;1;0;0;0;0;0
11;2;2100105;2021;8;23;2;3;5;3;2;0;1;0;0;0;0;1
11;11;11501238;2021;8;0;7;3;0;1;2;1;0;0;0;0;0;0
11;5;5200420;2021;7;22;3;3;1;1;2;0;1;0;0;0;1;0
11;2;2400522;2021;8;18;3;3;3;6;0;0;1;0;0;0;0;0
11;1;1100416;2021;8;20;7;3;0;4;0;1;0;1;0;0;0;0
11;1;1200623;2021;7;20;5;3;2;2;1;0;1;0;0;0;0;0
11;2;2100104;2021;7;11;6;3;5;2;0;1;1;0;0;0;0;0
11;1;1300733;2021;8;7;4;3;5;2;0;1;1;0;0;0;0;0
11;5;5100211;2021;7;9;5;3;5;2;0;0;1;0;0;0;0;0
11;5;5200631;2021;8;14;5;3;1;5;0;0;1;0;0;0;0;0
11;9;9502043;2021;8;13;4;3;2;6;0;0;1;0;0;0;0;0
11;5;5100211;2021;8;15;3;3;5;2;0;1;1;0;0;0;0;1
11;1;1400942;2021;8;17;1;3;5;3;0;1;0;0;0;0;1;0
11;1;1300836;2021;7;8;4;3;5;2;0;1;1;0;0;0;0;0
11;1;1100101;2021;7;15;2;3;2;6;0;0;1;0;1;0;0;0
11;7;7100102;2021;8;11;2;3;2;6;0;0;1;0;0;0;0;0
11;2;2300316;2021;8;18;7;3;1;5;0;0;1;0;0;0;1;0
11;4;4501042;2021;7;17;2;3;2;2;0;1;0;0;0;0;0;0
11;4;4501045;2021;8;13;2;3;5;3;0;0;1;0;0;0;0;0
11;7;7100205;2021;8;10;7;3;5;3;0;1;1;0;0;0;0;0
11;1;1401045;2021;7;19;5;3;5;3;0;1;1;0;0;0;0;0
11;12;12500825;2021;7;11;6;3;2;6;0;0;1;0;0;0;1;0
11;3;3400723;2021;8;7;5;3;0;7;0;1;0;0;0;0;0;0
11;3;3300412;2021;7;9;4;3;5;3;0;1;0;0;0;0;1;0
11;4;4300619;2021;8;10;5;3;5;7;0;0;1;0;1;0;0;0
11;11;11100204;2021;8;15;5;2;6;4;0;0;1;1;0;0;0;0
11;1;1300732;2021;8;16;3;3;0;1;0;0;0;0;1;0;0;0
11;12;12400619;2021;8;21;1;3;8;1;2;0;1;0;0;0;0;0
11;2;2200213;2021;7;17;3;3;6;3;0;1;0;1;0;0;0;0
11;5;5200632;2021;8;10;3;3;6;7;0;0;1;1;0;0;0;0
11;4;4300620;2021;7;9;3;3;6;4;0;1;0;1;0;0;0;0
11;1;1401048;2021;8;22;7;3;0;7;2;0;1;0;0;0;0;1
11;3;3400725;2021;7;7;6;3;0;1;0;0;1;0;0;0;0;0
11;1;1100415;2021;7;23;6;3;1;5;2;1;0;0;0;0;1;1
11;8;8300934;2021;7;6;5;3;5;2;0;0;1;0;0;0;0;0
11;11;11200513;2021;8;10;6;3;6;4;0;0;1;1;0;0;0;0
11;8;8100419;2021;8;15;2;3;5;2;0;1;1;0;0;0;0;0
11;9;9200819;2021;8;19;6;3;0;5;0;1;0;0;0;0;0;1
11;8;8100206;2021;8;19;4;3;5;7;0;0;1;0;1;0;0;0
11;2;2500728;2021;8;16;2;3;6;4;0;0;1;1;0;0;0;0
11;6;6300634;2021;7;17;4;3;0;6;0;1;1;0;0;0;0;0
11;2;2100104;2021;8;9;2;3;5;2;0;1;1;0;0;0;0;0
11;6;6300524;2021;7;0;7;3;1;5;2;0;1;0;0;1;0;1
11;10;10400939;2021;8;16;6;3;6;2;0;0;1;1;0;0;0;0
11;4;4501148;2021;8;20;2;3;0;1;2;0;0;0;1;0;0;1
11;2;2100101;2021;8;14;6;3;6;4;0;0;1;1;0;0;0;0
11;10;10100312;2021;7;17;2;2;5;3;0;0;1;0;0;0;1;0
11;5;5100208;2021;8;12;4;2;4;6;0;0;0;0;1;0;1;0
11;9;9100101;2021;7;20;5;2;5;2;0;1;1;0;0;0;0;0
11;4;4300517;2021;7;16;7;3;5;2;0;0;1;0;0;0;0;0
11;10;10100315;2021;8;13;4;2;2;2;0;0;1;0;1;0;0;0
11;4;4400833;2021;8;2;4;3;8;1;2;0;1;0;0;0;1;0
11;5;5200420;2021;7;18;4;2;2;7;0;0;1;0;1;0;0;0
11;6;6100103;2021;8;15;4;3;5;3;0;0;1;0;0;0;0;0
11;11;11300723;2021;8;17;3;2;5;3;1;1;1;0;0;0;0;0
11;8;8200624;2021;8;12;2;3;0;7;0;1;0;0;0;0;0;0
11;12;12200309;2021;8;18;7;3;5;2;0;1;1;0;0;0;0;0
11;1;1100309;2021;7;14;3;3;2;6;0;0;1;0;0;0;1;0
11;4;4501041;2021;8;11;3;3;1;5;0;1;1;0;0;0;0;0
11;8;8100415;2021;8;22;1;3;4;6;2;1;1;0;0;0;0;1
11;4;4501150;2021;7;13;7;3;6;7;0;0;1;1;0;0;0;0
11;2;2200207;2021;7;20;7;3;5;2;0;1;1;0;0;0;0;0
11;3;3701660;2021;8;1;5;3;2;7;2;1;0;0;0;0;1;0
11;6;6100101;2021;7;18;5;3;1;5;0;0;1;0;0;0;0;0
11;2;2100102;2021;8;17;5;2;5;2;0;1;1;0;0;0;0;0
11;8;8100209;2021;8;10;5;2;5;3;0;0;0;0;1;1;0;0
11;10;10400835;2021;8;15;3;3;5;3;0;0;1;0;0;0;1;0
11;12;12200414;2021;8;11;1;2;0;1;0;0;0;0;1;0;0;0
11;2;2100104;2021;7;7;4;3;5;3;0;1;1;0;0;0;0;0
11;7;7601237;2021;8;9;2;3;0;6;0;0;1;0;1;0;0;0
11;1;1100311;2021;7;19;2;3;0;6;0;1;0;0;0;0;0;0
11;2;2100104;2021;8;22;5;3;5;3;2;1;1;0;0;0;0;0
11;11;11300619;2021;7;11;1;2;6;4;0;0;1;1;0;0;0;0
11;10;10100314;2021;8;19;5;3;5;3;0;0;1;0;0;0;0;0
11;4;4500937;2021;8;17;2;3;5;7;0;0;1;0;1;0;0;0
11;8;8100102;2021;8;19;6;3;0;2;0;1;1;0;0;0;0;1
11;7;7601237;2021;7;14;2;3;0;5;0;0;0;0;1;0;1;1
11;1;1100309;2021;8;18;4;3;5;3;0;1;0;0;1;0;0;0
11;11;11200515;2021;7;8;4;3;2;2;0;0;1;0;0;0;1;0
11;2;2200208;2021;7;0;5;3;5;3;2;0;1;0;0;0;0;0
11;1;1200624;2021;8;17;3;3;0;2;0;1;1;0;0;0;0;0
11;8;8200833;2021;7;16;3;3;0;1;0;0;0;0;0;0;1;0
11;7;7501029;2021;7;7;3;3;5;2;0;1;0;0;0;0;1;0
11;9;9200715;2021;8;14;2;3;2;2;0;0;1;0;0;0;0;0
11;7;7501031;2021;7;13;6;2;1;5;0;1;1;0;0;0;0;0
11;1;1200623;2021;7;15;5;3;0;1;0;0;0;0;0;0;1;0
11;1;1200522;2021;8;8;5;3;5;3;0;1;1;0;0;0;0;0