LAND;BEZ;LOR_ab_2021;UJAHR;UMONAT;USTUNDE;UWOCHENTAG;UKATEGORIE;UART;UTYP1;ULICHTVERH;IstRad;IstPKW;IstFuss;IstKrad;IstGkfz;IstSonstige;USTRZUSTAND
11;12;12500824;2021;7;9;6;3;2;2;0;0;1;0;0;0;0;0
11;7;7501135;2021;7;8;6;3;1;5;0;0;1;0;0;0;0;0
11;11;11300721;2021;8;5;4;3;0;7;0;0;0;0;1;0;0;0
11;12;12100205;2021;7;14;5;3;2;6;0;0;1;0;0;0;0;0
11;9;9501941;2021;7;16;7;3;5;2;0;1;1;0;0;0;0;0
11;8;8100102;2021;8;10;5;3;5;3;0;1;1;0;0;0;0;0
11;4;4100101;2021;8;17;3;3;0;3;0;0;1;0;1;0;0;0
11;5;5100210;2021;8;14;3;3;5;2;0;1;1;0;0;0;0;1
11;3;3400721;2021;8;16;7;3;1;5;0;0;1;0;0;0;0;0
11;4;4300518;2021;7;16;3;3;1;5;0;1;1;0;0;0;0;0
11;5;5100209;2021;8;6;3;3;5;3;0;0;1;0;0;0;1;0
11;8;8100103;2021;8;14;7;3;2;6;0;0;1;0;0;0;0;0
11;6;6300631;2021;7;15;6;3;1;1;0;1;1;0;0;0;0;0
11;1;1100310;2021;7;23;5;3;5;2;2;0;1;0;0;0;0;0
11;1;1100309;2021;8;21;5;3;6;2;1;0;1;1;0;0;0;0
11;8;8401139;2021;8;16;5;3;5;3;0;0;1;0;1;0;0;1
11;1;1100206;2021;8;18;4;3;3;6;0;1;0;0;0;0;0;0
11;10;10200524;2021;8;18;2;3;6;4;0;0;1;1;0;0;0;0
11;9;9501939;2021;7;16;4;3;6;7;0;1;0;1;0;0;0;0
11;10;10300734;2021;8;13;1;3;0;1;0;0;0;0;1;0;0;0
11;9;9200717;2021;7;7;6;3;5;3;0;0;1;0;0;0;1;0
11;9;9200715;2021;7;22;1;3;8;1;2;0;1;0;0;0;0;0
11;7;7200409;2021;8;15;6;3;1;5;0;1;1;0;0;0;0;0
11;1;1200628;2021;8;20;2;3;5;2;1;1;1;0;0;0;0;1
11;9;9501941;2021;8;15;7;3;5;2;0;1;1;0;0;0;0;0
11;2;2200210;2021;7;13;2;3;0;3;0;0;1;0;0;0;1;0
11;4;4300412;2021;8;16;4;3;5;2;0;1;1;0;0;0;0;0
11;1;1100311;2021;7;13;4;3;5;2;0;1;1;0;0;0;0;0
11;11;11300620;2021;7;21;5;3;5;2;0;1;1;0;0;0;0;0
11;3;3300411;2021;8;15;4;2;6;4;0;0;1;1;0;0;0;0
11;4;4500939;2021;8;11;3;2;2;6;0;0;1;0;1;0;0;0
11;4;4300624;2021;7;12;4;3;5;3;0;0;1;0;0;0;1;0
11;1;1100308;2021;7;22;6;3;5;3;2;1;1;0;0;0;0;0
11;1;1400942;2021;8;14;4;3;3;6;0;1;0;0;0;0;0;0
11;4;4200311;2021;7;9;3;3;3;6;0;0;1;0;0;0;0;0
11;3;3601450;2021;8;7;2;3;2;6;0;1;1;0;0;0;0;0
11;5;5100315;2021;8;17;7;3;5;2;0;0;1;0;0;0;1;0
11;8;8200624;2021;7;17;3;3;5;3;0;0;1;0;0;0;0;0
11;1;1100415;2021;8;10;3;3;5;2;0;1;0;0;0;0;1;0
11;9;9200510;2021;8;19;1;3;2;6;0;0;1;0;0;0;0;0
11;1;1401047;2021;7;8;6;3;1;5;0;1;1;0;0;0;0;0
11;7;7501032;2021;7;15;6;3;5;3;0;1;1;0;0;0;0;0
11;3;3200205;2021;8;8;4;3;2;6;0;1;1;0;0;1;0;0
11;6;6300634;2021;7;8;5;3;5;2;0;1;1;0;0;0;0;0
11;4;4501148;2021;8;13;5;3;5;3;0;0;1;0;0;0;0;0
11;10;10100205;2021;8;12;5;3;5;2;0;1;1;0;0;0;0;0
11;1;1200628;2021;8;17;3;3;5;3;0;1;1;0;0;0;0;0
11;2;2500727;2021;8;12;1;3;1;5;0;0;1;0;0;0;1;0
11;3;3701554;2021;7;22;4;3;1;5;2;1;1;0;0;0;0;0
11;4;4300624;2021;8;19;2;3;0;2;0;0;1;0;1;0;0;0
11;2;2100102;2021;7;9;6;3;2;6;0;1;0;0;0;0;0;0
11;2;2400623;2021;7;19;6;3;0;1;1;0;0;0;0;0;1;0
11;5;5200632;2021;7;19;5;3;5;3;0;1;0;0;0;0;0;0
11;10;10400837;2021;8;18;6;3;1;5;0;1;1;0;0;0;0;0
11;12;12100103;2021;8;13;2;3;6;7;0;0;1;1;0;0;0;0
11;11;11200512;2021;8;16;6;3;0;3;0;1;1;0;0;0;0;0
11;4;4501044;2021;8;17;3;3;0;2;0;1;1;0;0;0;0;0
11;2;2500833;2021;7;6;5;3;5;3;0;1;1;0;0;0;0;0
11;2;2500832;2021;7;14;5;3;2;6;0;0;1;0;0;0;0;0
11;5;5200526;2021;8;5;4;3;2;6;1;0;1;0;0;0;0;1
11;12;12400723;2021;8;11;3;3;6;7;0;0;0;1;0;0;1;0
11;4;4501150;2021;8;19;1;3;0;1;0;1;0;0;0;0;0;0
11;11;11200514;2021;7;16;3;3;2;7;0;1;0;0;0;0;1;0
11;4;4200310;2021;8;11;3;3;5;7;0;1;1;0;0;0;0;0
11;4;4400830;2021;8;10;1;3;5;2;0;0;1;0;1;0;0;0
11;8;8100104;2021;7;22;6;3;2;6;2;0;1;0;0;0;0;1
11;2;2100102;2021;7;18;5;3;5;3;0;0;1;0;0;0;1;0
11;2;2500830;2021;8;18;6;3;1;5;0;1;1;0;0;0;0;0
11;4;4400726;2021;8;10;2;3;2;6;0;0;1;0;0;0;0;0
11;8;8401243;2021;8;13;6;3;5;3;0;0;1;0;1;0;0;0
11;4;4300412;2021;8;14;3;2;0;7;0;1;0;0;0;0;0;0
11;4;4500939;2021;8;19;2;3;5;3;0;0;1;0;0;0;0;1
11;12;12500927;2021;7;20;4;3;1;1;0;1;0;0;0;0;1;0
11;8;8200623;2021;8;23;1;3;1;5;2;0;1;0;0;0;0;1
11;10;10100313;2021;7;12;4;2;9;1;0;0;1;0;0;0;0;0
11;12;12400618;2021;7;16;2;3;5;2;0;1;1;0;0;0;0;0
11;3;3200308;2021;8;13;6;2;5;2;0;1;1;0;0;0;0;0
11;1;1300730;2021;8;14;2;3;2;6;0;1;1;0;0;0;0;0
11;1;1401047;2021;8;13;7;3;1;5;0;1;1;0;0;0;0;0
11;3;3601142;2021;7;19;3;2;2;6;0;0;1;0;1;0;0;0
11;1;1100310;2021;8;13;4;3;3;6;0;0;1;0;1;0;0;0
11;4;4501043;2021;7;16;4;3;5;3;0;1;1;0;0;0;0;0
11;4;4500937;2021;7;11;5;3;0;6;0;0;1;0;0;0;1;0
11;4;4400729;2021;8;10;4;2;3;6;0;0;0;0;1;0;1;0
11;6;6200311;2021;8;16;2;3;2;3;0;1;1;0;0;0;0;0
11;4;4100101;2021;7;19;5;3;5;3;0;0;1;0;0;0;1;0
11;7;7300619;2021;7;9;6;3;5;2;0;0;1;0;0;0;0;0
11;6;6300630;2021;8;7;4;3;1;5;0;0;1;0;1;0;0;0
11;5;5200421;2021;8;0;4;2;1;5;2;0;1;0;0;0;1;0
11;1;1100207;2021;8;6;2;3;5;3;0;1;0;0;0;0;1;0
11;8;8100209;2021;8;11;7;3;5;7;0;0;0;0;1;0;1;0
11;8;8100206;2021;7;12;3;3;2;6;0;0;1;0;0;0;1;0
11;4;4501153;2021;8;18;3;3;5;2;0;1;0;0;0;0;0;0
11;1;1100310;2021;8;13;1;3;2;6;0;0;1;0;0;0;0;0
11;4;4500936;2021;7;13;7;3;5;2;0;1;1;0;0;0;0;0
11;6;6200315;2021;7;11;7;3;0;7;0;0;1;0;0;0;0;0
11;11;11300620;2021;8;7;5;3;1;5;0;0;1;0;0;0;0;0
11;1;1400942;2021;7;16;5;3;1;6;0;0;1;0;0;0;1;0
11;4;4300415;2021;8;14;5;2;1;7;0;0;1;0;0;0;0;0
11;8;8401243;2021;8;12;5;3;2;2;0;1;1;0;0;0;0;0
11;1;1300836;2021;8;11;3;3;5;3;0;0;1;0;0;0;0;0
11;8;8100521;2021;8;13;1;3;5;3;0;1;1;0;0;0;0;0
11;1;1200520;2021;7;12;4;3;2;3;0;0;0;0;1;0;0;0
11;5;5100316;2021;8;5;2;3;6;4;0;0;1;1;0;0;0;1
11;5;5100206;2021;7;18;2;3;5;3;0;1;0;0;0;0;1;0
11;7;7400721;2021;7;21;1;3;0;1;2;1;0;0;0;0;0;1
11;9;9200510;2021;8;7;6;3;2;2;0;1;1;0;0;0;0;0
11;4;4501042;2021;8;12;2;3;3;6;0;0;1;0;0;0;0;0
11;10;10300734;2021;8;10;5;3;0;3;0;0;1;0;0;0;1;0
11;8;8100102;2021;7;17;1;3;5;2;0;1;1;0;0;0;0;0
11;1;1401045;2021;8;18;4;3;2;6;0;0;1;0;0;0;0;0
11;9;9501838;2021;7;10;4;2;0;3;0;1;0;0;0;0;1;1
11;4;4200310;2021;7;16;5;3;3;6;0;1;0;0;0;0;1;0
11;4;4500937;2021;8;14;3;3;5;2;0;0;1;0;0;0;0;0
11;12;12200412;2021;7;12;3;3;5;3;0;0;1;0;1;0;0;0
11;8;8200725;2021;7;9;2;3;5;3;0;0;1;0;0;0;0;0
11;2;2500727;2021;8;19;6;3;5;3;0;1;0;0;0;0;0;0
11;5;5200631;2021;8;19;2;3;5;3;0;0;1;0;0;0;0;1
11;8;8100415;2021;8;18;6;2;0;3;0;1;0;0;0;0;0;0
11;4;4501045;2021;7;19;5;3;6;7;0;0;0;1;0;0;1;1
11;8;8200622;2021;7;15;6;2;1;5;0;1;1;0;0;0;0;0
11;12;12100101;2021;8;21;3;3;5;3;2;0;1;1;0;0;0;0
11;9;9501838;2021;8;15;4;3;6;7;0;1;0;1;0;0;0;0
11;1;1100310;2021;7;15;4;3;0;7;0;1;0;0;0;0;0;0
11;9;9502043;2021;7;10;7;3;2;6;0;0;1;0;0;0;0;0
11;8;8200622;2021;8;12;5;3;5;3;0;1;1;0;0;0;0;0
11;2;2200208;2021;8;13;4;2;5;3;0;1;1;0;0;0;0;0
11;10;10400837;2021;8;22;2;2;4;1;2;0;1;0;0;0;0;0
11;4;4200311;2021;7;18;4;3;5;2;0;1;1;0;0;0;0;0
11;7;7100206;2021;7;19;1;3;2;6;0;0;1;0;1;0;0;0
11;3;3200309;2021;8;14;6;2;5;3;0;0;1;0;1;0;0;0
11;9;9200819;2021;8;17;2;3;2;6;1;0;1;0;0;0;0;1
11;2;2100101;2021;8;12;6;3;5;2;0;0;1;0;0;0;1;0
11;10;10200418;2021;7;6;3;3;4;5;0;1;1;0;0;0;0;0
11;1;1300732;2021;8;8;5;3;0;1;0;1;0;0;0;0;0;0
11;4;4300518;2021;7;17;5;3;2;6;0;0;1;0;0;0;0;1
11;7;7601341;2021;7;11;7;3;6;4;0;0;1;1;0;0;0;0
11;8;8200832;2021;8;1;4;3;1;5;2;0;1;0;0;0;0;0
11;5;5200423;2021;8;13;4;2;5;3;0;0;1;0;1;0;0;0
11;1;1200520;2021;7;19;5;2;0;1;0;1;0;0;0;0;0;0
11;7;7100204;2021;8;8;4;3;4;6;0;1;0;0;0;0;0;0
11;11;11300725;2021;8;9;4;3;5;3;0;1;1;0;0;0;0;0
11;11;11200513;2021;8;14;2;3;5;2;0;1;1;0;0;0;0;0
11;7;7400721;2021;8;11;7;3;3;6;0;0;1;0;1;0;0;0
11;12;12601032;2021;7;11;4;3;0;3;0;0;1;0;1;0;0;0
11;3;3400831;2021;8;17;3;3;5;2;0;0;0;0;1;0;0;0
11;8;8100206;2021;8;21;7;3;2;2;2;0;1;0;0;0;0;1
11;8;8100521;2021;7;15;6;3;5;3;0;0;1;0;0;0;0;0
11;6;6100205;2021;7;4;7;3;0;1;2;0;1;0;1;0;0;0
11;8;8200725;2021;8;11;4;3;0;6;0;1;1;0;0;0;0;0
11;3;3300516;2021;7;17;6;3;0;1;0;0;0;0;1;0;0;0
11;3;3601141;2021;7;0;6;3;5;2;2;1;1;0;0;0;0;0
11;3;3200309;2021;8;10;5;3;1;5;0;1;1;0;0;0;1;0
11;8;8401242;2021;8;16;5;3;5;7;0;0;1;0;0;0;0;0
11;4;4100101;2021;8;15;3;3;5;2;0;0;1;0;0;0;0;1
11;8;8301036;2021;8;23;1;2;5;2;2;0;1;0;0;0;0;0
11;3;3300516;2021;7;10;4;3;0;1;0;0;0;0;1;0;0;0
11;2;2400623;2021;8;14;1;3;5;3;0;1;1;0;0;0;0;0
11;10;10100315;2021;7;15;2;3;6;2;0;0;1;1;0;0;0;0
11;9;9200717;2021;7;12;2;3;0;1;0;1;1;0;0;0;0;0
11;2;2100101;2021;8;14;6;3;5;2;0;1;1;0;0;0;0;0
11;4;4501152;2021;8;12;2;3;0;1;0;0;0;0;1;0;0;0
11;10;10200629;2021;8;14;6;3;5;7;0;1;1;0;0;0;0;0
11;2;2500832;2021;7;14;1;3;2;6;0;0;1;0;0;0;0;0
11;12;12100205;2021;8;17;4;3;0;1;0;1;1;0;0;0;0;0
11;7;7300515;2021;7;12;4;3;5;2;0;1;1;0;0;0;0;0
11;2;2300419;2021;7;10;5;3;3;6;0;1;1;0;0;0;0;0
11;2;2500836;2021;8;10;3;3;5;2;0;1;1;0;0;0;0;0
11;11;11200410;2021;8;20;2;2;3;6;0;0;1;0;1;0;0;0
11;8;8100209;2021;7;12;3;3;5;3;0;0;1;0;0;0;0;0
11;8;8401244;2021;7;8;3;3;5;3;0;1;1;0;0;0;0;0
11;1;1100205;2021;8;8;2;3;1;5;0;1;1;0;0;0;0;0
11;11;11400929;2021;8;12;7;2;5;3;0;0;1;0;1;0;0;0
11;2;2100101;2021;8;14;2;3;5;2;0;1;0;0;0;0;1;0
11;1;1300834;2021;8;18;7;3;5;2;0;1;1;0;0;0;0;0
11;1;1100206;2021;7;15;6;3;5;3;0;0;1;0;1;0;0;0
11;1;1401046;2021;7;13;6;3;2;6;0;0;1;0;0;0;0;0
11;2;2200210;2021;8;9;5;3;5;3;0;0;1;0;0;0;1;0
11;4;4200203;2021;7;10;5;3;5;3;0;0;1;0;0;0;1;0
11;1;1100310;2021;8;23;5;3;0;1;2;1;0;0;0;0;0;0
11;5;5200629;2021;8;17;4;2;0;6;0;0;1;0;0;0;1;0
11;3;3701556;2021;8;14;3;3;5;3;0;1;1;0;0;0;0;0
11;4;4300518;2021;8;18;1;3;6;7;0;0;1;1;0;0;0;0
11;2;2200210;2021;7;18;4;3;3;6;0;0;1;0;1;0;0;0
11;1;1100308;2021;8;12;3;3;1;5;0;1;1;0;0;0;0;0
11;7;7100101;2021;8;21;7;3;6;2;2;0;1;1;0;0;0;1
11;9;9401329;2021;7;14;7;3;0;3;0;0;1;0;0;0;1;0
11;2;2200211;2021;8;12;5;3;0;3;0;0;1;0;1;0;0;0
11;4;4500938;2021;7;16;6;3;5;3;0;1;1;0;0;0;0;0
11;2;2500728;2021;8;19;5;3;6;7;0;1;0;1;0;0;0;0
11;1;1100310;2021;8;20;4;2;0;1;1;0;0;0;1;0;0;0
11;11;11200513;2021;8;17;4;3;5;3;0;0;1;0;0;0;0;0
11;4;4300622;2021;8;16;2;3;0;6;0;0;1;0;0;0;1;0
11;3;3300514;2021;7;10;4;3;2;6;0;1;1;0;0;0;0;0
11;2;2100101;2021;8;11;2;3;5;3;0;0;1;0;0;0;1;0
11;4;4300517;2021;8;13;2;3;5;2;0;0;1;0;0;0;0;0
11;3;3601245;2021;8;16;7;3;5;2;0;0;1;0;0;0;1;0
11;11;11300721;2021;7;15;3;3;3;6;0;0;1;0;0;0;0;0
11;7;7300619;2021;8;1;3;3;0;1;2;0;0;0;1;0;0;0
11;11;11100206;2021;8;12;1;2;6;4;0;1;0;1;0;0;0;0
11;12;12500825;2021;7;16;6;3;0;1;0;0;0;0;1;0;0;1
11;4;4500937;2021;7;19;1;3;6;4;0;0;1;1;0;0;0;1
11;3;3200206;2021;8;13;5;2;5;2;0;1;0;0;0;1;0;0
11;2;2400521;2021;7;11;5;3;5;3;0;1;1;0;0;0;0;0
11;10;10200423;2021;7;19;6;3;6;4;0;0;1;1;0;0;0;0
11;6;6200421;2021;8;19;5;3;3;6;0;0;1;0;1;0;0;0
11;8;8200727;2021;8;15;5;2;5;3;0;0;1;0;1;0;0;1
11;1;1100103;2021;8;17;3;3;5;2;0;1;1;0;0;0;0;1
11;2;2500830;2021;8;14;7;3;5;3;0;0;1;0;1;0;0;0
11;6;6100204;2021;7;20;5;3;3;6;1;0;1;0;1;0;0;0
11;3;3601141;2021;8;20;1;3;0;7;1;1;1;0;0;0;0;1
11;5;5100316;2021;7;18;7;2;2;6;0;0;1;0;1;0;0;0
11;8;8200623;2021;8;11;5;2;5;3;0;0;1;0;0;0;0;0
11;1;1300836;2021;8;12;6;3;5;3;0;1;0;0;0;0;1;0
11;5;5200629;2021;8;12;2;3;2;6;0;0;1;0;0;0;0;0
11;7;7601442;2021;8;12;6;3;6;2;0;0;1;1;0;0;0;0
11;7;7200307;2021;7;15;1;3;5;2;0;1;1;0;0;0;0;0
11;1;1200626;2021;8;17;4;3;0;1;0;1;0;0;0;0;0;0
11;1;1200517;2021;7;13;4;3;0;7;0;0;1;0;0;0;0;0
11;8;8100311;2021;7;9;5;3;3;6;0;1;0;0;0;0;0;0
11;10;10100102;2021;8;14;4;3;5;2;0;0;1;0;0;0;0;0
11;7;7400823;2021;8;11;3;3;0;1;0;0;0;0;1;0;0;0
11;9;9200819;2021;7;11;2;3;5;3;0;0;1;0;1;0;0;0
11;11;11501339;2021;8;11;2;3;2;6;0;0;1;0;0;1;0;0
11;4;4501042;2021;8;13;7;2;0;1;0;1;0;0;0;0;0;0
11;12;12100101;2021;7;8;2;3;1;5;0;0;1;0;0;0;1;0
11;1;1300733;2021;8;19;3;3;3;3;0;0;1;0;0;0;1;0
11;3;3400618;2021;8;22;6;3;5;2;2;1;1;0;0;0;0;1
11;2;2500832;2021;7;17;5;2;2;6;0;0;1;0;1;0;0;1
11;2;2200212;2021;7;10;6;3;0;5;0;0;1;0;0;0;0;0
11;1;1100308;2021;8;10;5;3;0;1;0;1;0;0;0;0;0;0
11;1;1401046;2021;7;6;5;3;0;1;1;1;0;0;0;0;0;0
11;6;6300629;2021;8;12;5;3;6;4;0;0;1;1;0;0;0;0
11;9;9200511;2021;8;17;5;3;5;7;0;0;1;0;0;0;1;0
11;1;1300732;2021;8;18;3;3;0;1;0;1;0;0;0;0;0;1
11;1;3601142;2021;8;18;1;3;2;6;0;0;1;0;0;0;0;0
11;8;8200727;2021;7;12;4;3;5;7;0;0;1;0;1;0;0;0
11;10;10100209;2021;8;7;3;3;6;4;0;0;1;1;0;0;0;0
11;1;1401049;2021;8;3;1;3;0;7;2;0;0;0;0;0;1;1
11;5;5200631;2021;7;13;6;3;3;6;0;0;1;0;1;0;0;0
11;6;6400844;2021;8;14;5;3;0;5;0;0;1;0;0;0;0;0
11;4;4200311;2021;7;10;6;3;5;3;0;1;1;0;0;0;0;0
11;4;4400728;2021;8;7;6;3;5;2;0;1;1;0;0;0;0;0
11;9;9200715;2021;8;11;2;3;2;6;0;0;1;0;1;0;0;0
11;2;2500726;2021;8;16;6;2;5;3;0;1;1;0;0;0;0;0
11;8;8100311;2021;8;12;4;3;1;5;0;1;1;0;0;0;0;0
11;6;6300528;2021;8;9;2;3;2;6;0;0;1;0;0;0;0;0
11;1;1200626;2021;7;15;4;3;0;5;0;1;0;0;0;0;1;0
11;1;1100308;2021;8;13;2;3;5;2;0;1;1;0;0;0;0;0
11;8;8100105;2021;7;21;6;2;6;2;2;0;1;1;0;0;0;0
11;1;1100309;2021;7;18;1;3;0;4;0;0;0;1;1;0;0;1
11;2;2200210;2021;8;7;6;3;5;3;0;1;1;0;0;0;0;0
11;5;5300839;2021;8;15;3;3;2;6;0;0;1;0;1;0;0;0
11;3;3601141;2021;8;22;6;3;9;1;2;0;1;0;0;0;0;1
11;1;1100308;2021;7;16;3;3;0;7;0;1;0;0;0;0;0;0
11;9;9401534;2021;8;7;4;3;1;5;0;1;1;0;0;0;0;0
11;2;2200210;2021;7;1;5;3;5;3;2;1;1;0;0;0;0;0
11;9;9301025;2021;7;17;5;3;5;3;0;1;1;0;0;0;0;0
11;11;11401136;2021;8;15;4;3;5;3;0;0;1;0;0;0;0;0
11;1;1300732;2021;8;16;2;3;5;2;0;1;1;0;0;0;0;0
11;11;11200410;2021;7;12;4;2;5;3;0;1;0;0;0;0;0;0
11;1;1100415;2021;7;8;6;3;2;6;0;0;1;0;0;0;0;0
11;7;7300515;2021;8;15;4;2;5;3;0;1;0;0;0;0;0;0
11;12;12200309;2021;7;10;3;3;3;6;0;0;1;0;0;0;0;0
11;5;5100312;2021;8;19;2;3;0;2;0;0;1;0;1;0;0;1
11;7;7501029;2021;8;16;7;2;5;3;0;0;0;0;1;0;1;0
11;1;1100312;2021;7;18;3;3;5;3;0;1;1;0;0;0;0;0
11;1;1100309;2021;6;14;4;3;0;5;0;0;1;0;0;0;1;0
11;5;5100208;2021;5;11;2;3;5;2;0;0;1;0;0;0;0;0
11;4;4300623;2021;6;14;2;3;2;7;0;0;1;0;1;0;0;0
11;2;2400521;2021;7;17;2;3;3;6;0;0;0;0;1;0;1;0
11;3;3500932;2021;7;19;6;3;5;2;0;1;1;0;0;0;0;0
11;4;4400832;2021;7;13;6;3;6;7;0;0;1;1;0;0;0;1
11;2;2200210;2021;6;9;5;3;0;1;0;0;0;0;1;0;0;0
11;4;4200308;2021;6;12;5;3;3;6;0;1;0;0;0;0;1;0
11;10;10200525;2021;6;12;2;3;5;3;0;1;1;0;0;0;0;0
11;1;1100310;2021;5;13;2;3;3;6;0;1;0;0;0;0;0;0
11;2;2300316;2021;6;19;6;3;5;2;0;1;0;0;0;0;0;0
11;10;10100102;2021;6;16;5;3;6;4;0;0;1;1;0;0;0;0
11;1;1200522;2021;7;6;6;3;5;2;0;1;1;0;0;0;0;1
11;4;4501148;2021;6;8;4;3;3;6;0;1;0;0;0;0;1;0
11;6;6400843;2021;5;17;6;3;6;4;0;0;1;1;0;0;0;0
11;8;8100419;2021;6;19;4;3;5;3;0;1;1;0;0;0;0;0
11;12;12500926;2021;7;0;2;3;1;5;2;1;1;0;0;0;0;0
11;1;1200517;2021;5;13;3;3;2;6;0;0;1;0;0;0;0;1
11;1;1200520;2021;6;12;3;3;1;7;0;0;1;0;0;0;0;0
11;5;5300736;2021;7;17;2;3;4;3;0;0;1;0;0;0;0;0
11;5;5100316;2021;7;14;3;3;2;7;0;0;1;0;0;0;0;0
11;10;10100312;2021;5;21;6;3;0;1;1;0;0;0;1;0;0;1
11;4;4501041;2021;6;11;4;3;0;6;0;0;0;0;0;0;1;0
11;1;1100206;2021;7;17;7;3;5;2;0;1;1;0;0;0;0;0
11;11;11300620;2021;6;13;3;3;5;7;0;0;1;0;0;0;1;0
11;4;4501151;2021;6;16;6;3;2;6;0;0;1;0;0;0;0;0
11;4;4200310;2021;6;9;3;3;5;3;0;0;1;0;0;0;0;0
11;5;5300840;2021;6;4;3;3;0;7;1;0;0;0;1;0;0;1
11;5;5100316;2021;6;18;7;3;2;6;0;0;1;0;0;0;0;0
11;4;4501045;2021;6;10;6;3;5;2;0;1;1;0;0;0;0;0
11;4;4500936;2021;7;15;6;2;0;1;0;0;0;0;1;0;0;0
11;9;9200715;2021;6;12;7;3;5;2;0;0;1;0;0;0;0;0
11;10;10200524;2021;5;15;3;1;6;4;0;0;0;1;0;0;1;0
11;8;8100311;2021;6;16;4;3;0;1;0;1;0;0;0;0;0;1
11;3;3400828;2021;7;15;3;3;5;2;0;0;1;0;1;0;0;0
11;10;10400837;2021;7;4;4;3;1;5;1;0;1;0;0;0;0;1
11;9;9200715;2021;6;14;5;3;2;6;0;0;1;0;1;0;0;0
11;2;2200210;2021;5;17;2;3;5;3;0;1;1;0;0;0;0;0
11;1;1100309;2021;6;10;5;3;3;7;0;1;1;0;0;0;0;0
11;9;9100407;2021;6;10;5;3;5;2;0;1;0;0;0;0;1;0
11;1;1100309;2021;6;16;3;3;1;5;0;1;1;0;0;0;0;0
11;4;4300619;2021;6;19;1;3;3;6;0;0;1;0;1;0;0;0
11;12;12500824;2021;6;7;4;2;5;3;0;1;1;0;0;0;0;0
11;10;10300731;2021;6;17;4;3;2;6;0;0;1;0;0;0;0;0
11;3;3500934;2021;6;15;2;3;6;4;0;0;1;1;0;0;0;0
11;7;7200412;2021;7;9;2;3;5;2;0;1;0;0;0;0;1;1
11;4;4501042;2021;6;23;7;3;5;3;2;0;1;0;0;0;1;0
11;1;1300733;2021;6;23;4;2;5;3;2;0;1;0;0;0;1;1
11;4;4100101;2021;7;6;5;2;5;2;0;0;1;0;0;0;1;0
11;1;1100310;2021;6;13;6;3;6;4;0;0;0;1;1;0;0;0
11;4;4500937;2021;6;14;2;3;2;2;0;0;1;0;0;0;0;0
11;5;5100210;2021;5;15;2;3;1;5;0;0;1;0;0;0;0;0
11;7;7400928;2021;6;15;6;2;5;2;0;1;1;0;0;0;0;0
11;6;6400839;2021;6;8;6;2;5;3;0;1;1;0;0;0;0;0
11;5;5100316;2021;6;15;3;3;2;2;0;0;1;0;0;0;0;0
11;2;2300315;2021;6;19;6;2;4;6;0;0;1;0;0;0;0;0
11;2;2300316;2021;6;20;2;3;5;2;0;1;1;0;0;0;0;0
11;1;1300835;2021;5;0;5;2;6;4;2;0;0;1;0;0;1;1
11;11;11401136;2021;6;10;4;3;5;3;0;1;1;0;0;0;0;0
11;1;1100310;2021;7;20;7;3;0;2;0;1;1;0;0;0;0;0
11;4;4200311;2021;5;16;2;2;9;1;0;0;0;0;1;0;0;0
11;2;2300419;2021;6;20;3;3;4;6;1;1;1;0;0;0;0;1
11;1;1200521;2021;7;12;3;2;6;7;0;1;0;1;0;0;0;0
11;2;2200211;2021;7;16;6;3;0;1;0;0;0;0;1;0;0;1
11;3;3601453;2021;6;14;2;3;5;3;0;1;0;0;0;0;0;0
11;1;1100310;2021;6;19;5;3;0;1;0;0;0;0;1;0;0;0
11;10;10200629;2021;6;15;6;3;5;3;0;1;1;0;0;0;0;0
11;7;7200414;2021;6;23;5;3;0;3;2;1;1;0;0;0;0;0
11;7;7601238;2021;6;10;2;3;5;2;0;1;1;0;0;0;0;0
11;4;4400729;2021;6;15;3;3;2;6;0;0;1;0;1;0;0;0
11;12;12200411;2021;6;3;1;3;8;1;2;0;1;0;0;0;0;0
11;1;1100313;2021;6;6;7;3;8;1;0;0;1;0;0;0;0;0
11;2;2300418;2021;7;19;7;3;5;5;0;1;1;0;0;0;0;0
11;7;7400927;2021;6;7;4;3;1;5;0;1;1;0;0;0;0;0
11;7;7100206;2021;6;13;6;3;2;6;0;0;1;0;0;0;1;0
11;1;1100308;2021;6;11;4;3;2;6;0;1;1;0;0;0;0;0
11;2;2100102;2021;5;16;2;3;2;6;0;0;1;0;0;0;0;0
11;8;8100103;2021;6;7;4;3;5;2;0;0;1;0;1;0;0;1
11;10;10400941;2021;7;8;2;3;5;3;0;1;0;0;0;0;1;1
11;6;6300633;2021;7;16;4;3;1;5;0;1;1;0;0;0;0;0
11;1;1400937;2021;6;19;4;3;0;5;0;1;1;0;0;0;0;0
11;8;8100312;2021;5;17;7;3;0;5;0;0;1;0;1;0;0;0
11;11;11400929;2021;6;16;5;3;0;1;0;1;0;0;0;0;0;0
11;9;9100304;2021;6;7;4;3;3;6;0;0;1;0;0;1;0;0
11;1;1300834;2021;7;22;6;2;2;6;2;0;1;0;0;0;0;1
11;6;6400838;2021;6;11;3;3;5;3;0;1;1;0;0;0;0;0
11;4;4300622;2021;6;21;1;3;2;6;1;0;0;0;0;0;1;0
11;3;3701555;2021;6;6;3;2;1;5;0;1;1;0;0;0;0;0
11;3;3601245;2021;6;0;4;3;8;1;2;0;1;0;0;0;0;0
11;1;1100207;2021;6;17;2;3;5;3;0;1;1;0;0;0;0;0