LAND;BEZ;LOR_ab_2021;UJAHR;UMONAT;USTUNDE;UWOCHENTAG;UKATEGORIE;UART;UTYP1;ULICHTVERH;IstRad;IstPKW;IstFuss;IstKrad;IstGkfz;IstSonstige;USTRZUSTAND
11;2;2100104;2021;6;16;6;3;2;6;0;0;1;0;0;0;0;0
11;2;2100105;2021;7;20;1;3;3;6;1;1;0;0;0;0;0;0
11;1;1100308;2021;5;17;3;3;0;1;0;0;0;0;1;0;0;1
11;2;2100103;2021;6;19;3;3;5;3;0;0;1;0;1;0;0;0
11;7;7100102;2021;7;11;3;3;2;6;0;0;1;0;0;0;0;0
11;9;9501737;2021;7;11;3;3;5;3;0;1;1;0;0;0;0;0
11;1;1300836;2021;6;7;4;3;0;2;0;1;1;0;0;0;0;0
11;2;2400521;2021;5;15;7;3;5;2;0;1;1;0;0;0;0;0
11;7;7300517;2021;6;9;5;3;2;6;0;0;0;0;1;0;1;0
11;9;9301025;2021;6;15;4;3;1;5;0;0;1;0;0;0;0;1
11;4;4500937;2021;7;23;7;3;2;2;2;0;1;1;1;0;0;0
11;6;6100206;2021;6;12;2;3;6;2;0;0;1;1;0;0;0;0
11;11;11400930;2021;6;12;6;3;5;2;0;0;1;0;0;0;0;0
11;7;7501029;2021;6;10;3;3;2;6;0;0;1;0;0;0;0;0
11;5;5100317;2021;6;5;4;3;5;2;0;1;0;0;0;0;1;0
11;8;8100520;2021;6;21;7;3;2;6;1;0;1;0;0;0;0;0
11;11;11200410;2021;6;10;2;3;5;2;0;0;1;0;0;0;1;0
11;5;5100316;2021;7;11;1;3;5;3;0;0;1;0;1;0;0;0
11;6;6400839;2021;6;14;1;3;5;2;0;1;0;0;1;0;0;0
11;7;7200307;2021;5;9;3;3;6;2;0;1;0;1;0;0;0;0
11;4;4501041;2021;7;15;5;3;6;2;0;0;1;1;0;0;0;1
11;7;7501134;2021;7;14;3;2;0;1;0;0;0;0;1;0;0;0
11;8;8200624;2021;7;11;5;3;2;2;0;0;1;0;0;0;0;0
11;4;4300619;2021;6;15;2;3;5;2;0;0;1;0;1;0;0;0
11;4;4500939;2021;6;7;5;3;5;2;0;1;1;0;0;0;0;0
11;8;8100311;2021;5;22;1;2;5;2;0;0;1;0;1;0;0;0
11;9;9200613;2021;6;7;6;3;1;5;0;0;1;0;0;0;1;0
11;10;10300731;2021;6;8;5;3;1;5;0;1;1;0;0;0;0;1
11;7;7501134;2021;6;16;3;3;5;2;0;1;1;0;0;0;0;0
11;4;4400833;2021;6;7;2;3;5;2;0;1;1;0;0;0;0;0
11;1;1401048;2021;5;16;5;3;4;6;0;0;1;0;0;0;0;1
11;4;4501045;2021;6;20;4;2;5;2;0;1;1;0;0;0;0;0
11;8;8100417;2021;5;22;1;3;0;1;2;0;0;0;0;0;1;0
11;5;5100317;2021;6;11;2;2;3;2;0;1;1;0;0;0;0;0
11;6;6200311;2021;7;10;2;3;2;6;0;0;1;0;1;0;0;1
11;2;2100105;2021;6;10;5;3;0;7;0;0;1;0;1;1;0;0
11;9;9200717;2021;7;17;6;3;5;3;0;0;1;0;0;0;1;0
11;2;2500833;2021;7;14;6;3;5;2;0;1;1;0;0;0;0;1
11;5;5200633;2021;6;20;5;3;2;2;0;0;1;0;0;0;0;0
11;5;5100101;2021;6;19;5;2;6;4;0;0;1;1;0;0;0;0
11;9;9100304;2021;6;21;2;3;5;3;1;1;1;0;0;0;0;0
11;7;7400824;2021;5;11;2;3;6;4;0;0;1;1;0;0;0;0
11;3;3400619;2021;6;12;6;3;5;3;0;1;1;0;0;0;0;0
11;1;1401047;2021;6;19;6;3;0;1;0;1;0;0;0;0;0;0
11;9;9200511;2021;6;16;4;3;2;6;0;1;1;0;0;0;0;0
11;10;10200628;2021;6;12;2;3;2;7;0;1;0;0;0;0;1;0
11;1;1400938;2021;5;7;6;3;1;5;0;1;1;0;0;1;0;0
11;5;5200423;2021;6;14;4;3;2;6;0;0;1;0;1;0;0;0
11;3;3601449;2021;7;4;1;3;5;3;1;0;1;0;0;0;1;0
11;10;10100316;2021;5;10;3;3;0;6;0;0;0;0;0;0;1;1
11;6;6400841;2021;6;23;3;3;5;3;2;0;1;0;0;0;0;1
11;1;1100310;2021;7;15;3;3;6;7;0;0;0;1;0;0;1;0
11;2;2200212;2021;7;11;7;3;6;4;0;1;0;1;0;0;0;0
11;3;3601449;2021;6;16;2;3;1;5;0;1;1;0;0;0;0;0
11;6;6400737;2021;6;7;6;3;5;3;0;1;1;0;0;0;0;0
11;4;4501042;2021;6;23;2;3;2;2;2;0;1;0;0;0;0;0
11;12;12200515;2021;6;10;3;3;6;7;0;0;0;1;0;1;0;0
11;6;6400838;2021;6;13;7;3;2;2;0;1;1;0;0;0;0;1
11;1;1401046;2021;6;19;7;3;0;1;0;1;0;0;0;0;0;0
11;3;3701554;2021;7;13;6;3;1;5;0;1;1;0;0;0;0;0
11;2;2400623;2021;6;15;5;3;0;2;0;1;1;0;0;0;0;0
11;1;1401047;2021;6;20;6;3;5;3;1;1;1;0;0;0;0;0
11;11;11400927;2021;5;8;4;3;0;7;0;0;1;0;0;0;1;0
11;6;6400736;2021;6;8;4;3;0;7;0;0;0;0;1;0;0;1
11;2;2100104;2021;7;17;2;2;5;2;0;1;1;0;0;0;0;0
11;10;10100311;2021;7;6;4;2;0;1;0;1;0;0;0;0;0;1
11;1;1300733;2021;6;19;4;3;2;7;0;0;1;0;0;0;0;0
11;5;5300839;2021;5;15;7;2;5;2;0;0;1;0;0;0;1;0
11;12;12200307;2021;6;15;5;2;2;6;0;0;1;0;1;0;0;0
11;1;1100415;2021;6;15;4;3;0;1;0;0;0;0;1;0;0;1
11;7;7100103;2021;6;2;3;3;0;1;2;0;0;0;0;0;1;0
11;4;4501042;2021;6;11;7;3;2;2;0;1;1;0;0;0;0;0
11;4;4300619;2021;6;16;3;3;5;2;0;1;1;0;0;0;0;0
11;6;6100205;2021;6;16;4;3;2;6;0;0;1;0;0;0;0;0
11;2;2200207;2021;6;13;2;3;6;4;0;0;1;1;0;0;0;0
11;12;12400723;2021;6;17;1;3;5;3;0;1;1;0;0;0;0;0
11;1;1100310;2021;7;11;1;2;2;6;0;0;1;0;1;0;0;0
11;12;12200308;2021;6;20;7;3;6;4;0;1;0;1;0;0;0;0
11;4;4300412;2021;7;14;5;3;5;3;0;1;1;0;0;0;0;1
11;4;4501149;2021;7;9;4;3;3;6;0;1;0;0;0;1;0;0
11;2;2400625;2021;7;20;5;3;1;5;0;1;1;0;0;0;0;0
11;10;10100205;2021;6;7;5;3;5;3;0;0;1;0;0;0;0;0
11;4;4501042;2021;6;15;4;3;2;2;0;0;1;0;0;0;0;0
11;7;7400825;2021;6;14;6;2;5;7;0;1;1;0;0;0;0;0
11;4;4400727;2021;6;8;2;3;1;5;0;0;1;0;0;0;0;0
11;7;7200409;2021;6;12;4;3;5;2;0;1;1;0;0;0;0;0
11;7;7200307;2021;5;13;3;3;2;6;0;0;1;0;1;0;0;0
11;4;4501042;2021;6;20;3;3;2;6;0;0;1;0;1;0;0;1
11;8;8100521;2021;7;17;2;3;2;6;0;0;1;0;0;0;0;0
11;1;1100102;2021;7;9;4;3;3;6;0;0;1;0;0;1;0;1
11;9;9200511;2021;6;19;4;3;2;6;0;0;1;0;0;0;0;0
11;4;4500937;2021;5;9;7;3;0;6;0;0;1;0;0;0;1;0
11;1;1100102;2021;6;13;5;3;5;2;0;1;1;0;0;0;0;0
11;7;7601544;2021;6;9;4;3;5;2;0;1;1;0;0;0;0;0
11;3;3200205;2021;6;7;3;3;5;3;0;0;1;0;0;0;0;0
11;1;1400937;2021;6;12;5;3;5;3;0;0;1;0;1;0;0;0
11;9;9100304;2021;6;20;7;2;1;1;1;0;1;0;0;0;1;0
11;8;8401242;2021;6;16;3;3;5;3;0;0;1;0;0;0;0;0
11;7;7200307;2021;6;12;4;2;5;2;0;1;1;0;0;0;0;0
11;1;1200520;2021;6;17;2;2;5;2;0;1;1;0;0;0;0;0
11;4;4200308;2021;6;14;7;3;0;7;0;0;0;0;1;0;0;0
11;8;7501134;2021;7;12;7;2;2;6;0;0;1;0;1;0;0;0
11;8;8200730;2021;6;16;1;3;1;5;0;0;1;0;0;1;0;0
11;4;4501041;2021;5;16;3;3;3;6;0;0;1;0;0;0;0;1
11;2;2300419;2021;7;15;5;3;0;7;0;1;0;0;0;0;0;1
11;4;4200205;2021;7;21;4;3;1;3;1;1;1;0;0;0;1;0
11;3;3500933;2021;7;19;4;3;5;2;0;1;0;0;1;0;0;0
11;3;3601346;2021;6;22;2;2;0;1;2;1;0;0;0;0;0;0
11;3;3601141;2021;6;8;5;3;3;6;0;1;1;0;0;0;0;0
11;9;9501737;2021;5;16;2;3;8;1;0;0;0;0;1;0;0;0
11;7;7200307;2021;6;14;5;3;1;5;0;1;1;0;0;0;0;0
11;12;12400616;2021;6;13;5;2;1;1;0;0;1;0;0;0;0;0
11;5;5300840;2021;6;8;3;3;2;6;0;0;1;0;1;0;0;0
11;8;8100417;2021;6;17;2;3;2;6;0;1;0;0;0;0;1;0
11;1;1200626;2021;6;17;2;3;2;2;0;1;1;0;0;0;0;0
11;9;9100304;2021;5;21;5;2;5;2;1;0;1;0;0;0;0;0
11;1;1200629;2021;6;17;4;3;3;6;0;1;0;0;0;0;0;0
11;7;7400822;2021;5;15;1;3;1;5;0;0;1;0;0;1;0;0
11;9;9501941;2021;6;17;3;3;6;4;0;1;0;1;0;0;0;0
11;12;12200411;2021;7;23;2;2;5;2;2;0;1;0;0;0;0;0
11;12;12200310;2021;7;16;6;3;2;6;0;0;1;0;0;0;0;0
11;1;1401045;2021;7;19;6;3;3;6;0;0;1;0;0;0;0;1
11;1;1400938;2021;6;19;5;3;1;5;0;1;1;0;0;0;0;0
11;9;9300920;2021;6;21;5;3;5;3;1;1;1;0;0;0;0;0
11;1;1400938;2021;6;18;2;3;2;6;0;0;1;0;1;0;0;0
11;7;7400927;2021;5;14;2;3;0;7;0;0;1;0;1;0;0;0
11;2;2500833;2021;6;19;6;3;5;3;0;1;1;0;0;0;0;0
11;1;1300834;2021;6;15;6;3;1;5;0;1;0;0;0;0;1;0
11;5;5200629;2021;6;7;4;3;5;3;0;0;1;0;0;0;0;0
11;4;4400832;2021;6;14;6;3;2;6;0;0;1;0;0;0;0;0
11;6;6100209;2021;5;8;6;3;5;3;0;1;1;0;0;0;0;1
11;12;12100205;2021;6;13;4;3;2;6;0;0;1;0;0;0;0;0
11;3;3601142;2021;7;13;1;3;5;2;0;1;1;0;0;0;0;0
11;11;11501340;2021;5;18;3;3;3;6;0;0;1;0;1;0;0;1
11;2;2200210;2021;6;8;3;3;5;3;0;0;1;0;0;0;0;0
11;9;9200613;2021;7;8;2;2;2;6;0;0;1;0;0;0;0;1
11;12;12500824;2021;7;10;3;3;6;4;0;0;1;1;0;0;0;0
11;1;1300834;2021;7;16;7;2;2;6;0;1;1;0;0;0;0;0
11;5;5100101;2021;6;14;2;3;5;3;0;0;1;0;0;0;0;0
11;7;7300619;2021;6;12;6;3;5;2;0;1;1;0;0;0;0;0
11;10;10400835;2021;6;18;3;3;5;3;0;0;1;0;0;0;0;0
11;12;12500824;2021;6;11;3;3;5;2;0;0;1;0;0;0;0;0
11;10;10200417;2021;6;14;7;3;6;4;0;0;1;1;0;0;0;1
11;4;4300620;2021;6;12;6;3;2;2;0;0;1;0;0;0;0;0
11;4;4200308;2021;7;11;7;3;5;3;0;0;1;0;0;0;0;0
11;7;7300619;2021;6;17;6;3;5;2;0;0;1;0;1;0;0;0
11;12;12100205;2021;5;17;4;3;5;2;0;0;1;0;0;0;0;0
11;6;6200316;2021;6;16;4;3;2;6;0;0;1;0;0;0;1;1
11;3;3500934;2021;7;16;3;2;5;2;0;1;1;0;0;0;0;0
11;6;6400844;2021;7;8;4;3;5;3;0;0;1;0;0;0;0;1
11;3;3601453;2021;6;17;4;3;5;2;0;1;1;0;0;0;0;0
11;3;3300411;2021;6;16;2;3;6;4;0;0;1;1;0;0;0;0
11;8;8100310;2021;5;13;6;3;6;2;0;0;1;1;0;0;0;1
11;3;3701554;2021;6;10;5;3;5;2;0;1;1;0;0;0;0;0
11;8;8100102;2021;6;17;4;2;0;3;0;1;0;0;0;0;1;0
11;1;1100313;2021;6;9;4;3;6;4;0;0;1;1;0;0;0;0
11;1;1200520;2021;6;17;7;3;1;5;0;1;1;0;0;0;0;0
11;12;12100205;2021;6;17;3;3;2;6;0;0;1;0;0;0;0;0
11;1;1300836;2021;6;16;4;3;1;5;0;1;1;0;0;0;0;0
11;11;11200411;2021;6;17;2;3;6;4;0;1;0;1;0;0;0;0
11;4;4400726;2021;6;3;1;2;0;1;2;1;0;0;0;0;0;0
11;4;4501153;2021;7;9;1;3;5;2;0;0;1;0;0;0;0;0
11;8;8100417;2021;6;13;7;3;3;6;0;1;0;0;0;0;0;0
11;1;1100205;2021;7;9;5;3;5;3;0;1;1;0;0;0;0;1
11;4;4501043;2021;7;17;5;3;5;3;0;0;1;0;1;0;0;1
11;3;3300413;2021;6;13;5;3;5;3;0;1;0;0;0;1;0;0
11;6;6100206;2021;6;7;5;3;6;2;0;0;1;1;0;0;0;0
11;11;11400928;2021;5;19;1;3;1;5;0;1;1;0;0;0;0;0
11;4;4300416;2021;6;13;6;3;5;3;0;0;1;0;0;0;0;0
11;9;9401534;2021;6;12;5;3;5;3;0;1;0;0;0;0;0;0
11;12;12400618;2021;6;10;3;3;2;6;0;0;1;0;1;0;0;0
11;3;3601245;2021;6;8;2;3;1;5;0;1;1;0;0;0;0;0
11;7;7400927;2021;5;15;5;3;5;3;0;0;1;0;0;0;1;1
11;5;5100313;2021;6;18;4;3;1;1;0;0;1;0;1;0;0;0
11;1;1200629;2021;5;16;2;3;5;3;0;1;0;0;1;0;0;0
11;7;7100102;2021;6;22;2;3;1;7;2;0;1;0;0;0;0;0
11;2;2500835;2021;7;20;2;2;6;4;0;0;1;1;0;0;0;0
11;9;9401534;2021;7;6;6;3;6;4;0;0;0;1;0;0;1;1
11;10;10100312;2021;7;22;6;3;5;2;2;0;1;0;0;0;0;1
11;10;10200422;2021;6;9;6;2;0;7;0;0;1;0;0;0;1;0
11;4;4300622;2021;6;17;5;3;6;4;0;0;1;1;0;0;0;0
11;3;3500936;2021;6;14;2;3;6;4;0;1;0;1;0;0;0;0
11;5;5100316;2021;5;18;2;3;0;2;0;0;1;0;0;0;1;0
11;6;6100208;2021;6;12;6;3;1;5;0;0;1;0;0;0;1;0
11;2;2400522;2021;6;15;6;3;2;6;0;0;1;0;0;0;0;0
11;3;3400828;2021;7;19;6;3;5;3;0;1;1;0;0;0;0;0
11;7;7601544;2021;6;8;4;3;5;2;0;0;1;0;0;0;0;0
11;1;1401043;2021;6;14;6;3;5;3;0;0;1;0;1;0;0;0
11;6;6300629;2021;5;14;1;2;5;3;0;1;1;0;0;0;0;0
11;7;7501031;2021;6;8;6;3;6;4;0;0;1;1;0;0;0;0
11;12;12200412;2021;6;18;5;3;6;4;0;0;1;1;0;0;0;1
11;1;1300836;2021;6;9;3;3;5;2;0;0;1;0;0;0;0;0
11;8;8200624;2021;6;17;2;3;0;1;0;1;0;0;0;0;0;0
11;6;6200313;2021;6;19;2;3;1;5;0;1;1;0;0;0;0;0
11;1;1200628;2021;5;18;5;3;0;1;0;0;0;0;1;0;0;1
11;5;5300736;2021;6;15;4;3;5;2;0;1;1;0;0;0;0;0
11;11;11100206;2021;5;18;1;2;2;6;0;0;1;1;1;0;0;1
11;11;11300722;2021;6;16;2;3;2;6;0;0;1;0;0;0;1;0
11;7;7501133;2021;7;11;2;2;5;3;0;0;1;0;0;0;0;1
11;10;10400835;2021;7;8;6;3;5;3;0;0;1;0;0;0;0;0
11;1;1300732;2021;7;8;6;3;5;2;0;1;1;0;0;0;0;1
11;1;1400937;2021;6;18;5;3;0;1;0;1;0;0;0;0;0;0
11;12;12601031;2021;6;10;2;3;2;6;0;0;1;0;0;0;0;0
11;5;5100314;2021;5;14;2;3;5;3;0;1;0;0;1;0;0;0
11;10;10200524;2021;6;19;6;3;0;1;0;0;0;0;0;0;1;0
11;12;12400722;2021;6;13;6;3;5;7;0;0;1;0;1;0;0;0
11;9;9100304;2021;7;19;6;3;2;7;0;0;1;0;0;0;0;0
11;6;6400737;2021;6;18;3;3;1;6;0;1;1;0;0;0;1;0
11;6;6300528;2021;6;7;6;3;2;6;0;0;1;0;0;0;0;1
11;1;1200518;2021;5;13;6;3;0;5;0;1;1;0;0;0;0;0
11;4;4501040;2021;6;12;4;3;2;6;0;0;1;0;0;0;0;0
11;8;8401241;2021;7;10;1;3;0;1;0;0;0;0;1;0;0;0
11;8;8200833;2021;5;6;3;3;5;3;0;0;1;0;0;0;1;1
11;1;1100206;2021;6;13;3;3;5;3;0;0;1;0;0;0;1;0
11;10;10300734;2021;7;16;2;3;6;4;0;0;1;1;0;0;0;0
11;4;4300619;2021;7;15;3;3;5;2;0;1;1;0;0;0;0;0
11;8;8100314;2021;5;11;6;3;1;5;0;0;1;0;0;0;0;0
11;2;2200213;2021;6;8;5;3;6;7;0;0;0;1;0;0;1;0
11;7;7601544;2021;7;19;7;3;5;2;0;0;1;0;1;0;0;0
11;3;3400723;2021;6;15;2;3;2;2;0;0;0;0;1;0;0;0
11;7;7400823;2021;6;16;6;2;5;2;0;1;1;0;0;0;0;0
11;10;10300734;2021;6;11;3;2;5;3;0;1;1;0;0;0;0;0
11;8;8100314;2021;6;14;3;3;6;4;0;0;0;1;1;0;0;0
11;7;7501029;2021;6;16;2;3;5;2;0;1;1;0;0;0;0;0
11;3;3300413;2021;6;9;6;3;5;3;0;0;1;0;1;0;0;0
11;8;8401241;2021;7;6;7;3;4;6;0;0;1;0;0;0;0;0
11;4;4400835;2021;6;17;7;3;1;5;0;1;1;0;0;0;0;0
11;11;11400929;2021;5;8;3;3;9;1;0;0;0;0;1;0;0;0
11;12;12500928;2021;6;13;4;3;2;6;0;0;1;0;0;0;0;1
11;12;12400619;2021;7;8;3;3;2;6;0;1;1;0;0;0;0;0
11;11;11200514;2021;7;4;4;3;5;3;1;0;1;0;1;0;0;1
11;8;8100206;2021;6;23;4;3;1;5;2;1;1;0;0;0;0;0
11;5;5100208;2021;6;17;2;3;5;3;0;0;1;0;1;0;0;0
11;11;11300721;2021;5;17;6;3;5;3;0;0;1;0;0;0;0;0
11;7;7300517;2021;6;13;5;3;2;6;0;1;1;0;0;0;0;0
11;9;9200715;2021;6;17;5;3;5;3;0;1;1;0;0;0;0;0
11;12;12100101;2021;6;8;3;3;0;2;0;1;1;0;0;0;0;0
11;8;8100209;2021;6;14;1;3;5;2;0;1;1;0;0;0;0;0
11;4;4501041;2021;6;18;3;3;5;2;0;1;1;0;0;0;0;0
11;6;6100205;2021;6;15;4;3;2;6;0;0;1;0;0;0;0;0
11;12;12400721;2021;6;9;2;3;5;3;0;0;1;0;0;0;0;0
11;3;3100102;2021;7;1;1;3;5;2;2;0;1;0;1;0;0;0
11;6;6400737;2021;6;10;1;3;5;2;0;0;0;0;1;0;0;0
11;2;2400625;2021;7;19;5;2;3;6;1;1;0;0;0;0;0;1
11;1;1300835;2021;7;13;5;3;5;2;0;1;1;0;0;0;0;0
11;1;1401044;2021;6;7;5;3;2;6;0;0;1;0;1;0;0;0
11;1;1400938;2021;5;6;2;3;1;5;0;0;0;0;0;1;1;0
11;12;12100205;2021;6;20;5;3;0;7;0;0;1;0;0;0;0;0
11;1;1100205;2021;6;18;6;3;3;6;0;1;1;0;1;0;0;0
11;3;3601450;2021;6;11;2;3;0;3;0;0;1;0;0;0;0;0
11;8;8100520;2021;6;8;2;3;5;3;0;1;0;0;0;0;0;0
11;10;10300733;2021;5;14;5;3;5;2;0;0;1;0;0;0;0;1
11;9;9100304;2021;6;17;4;3;5;2;0;0;1;0;0;0;0;0
11;1;1100103;2021;5;18;2;3;1;5;0;0;0;0;1;0;1;0
11;7;7400823;2021;6;7;2;3;5;2;0;0;1;0;0;0;0;0
11;4;4200203;2021;7;11;2;3;9;1;0;0;0;0;0;0;1;1
11;1;1100309;2021;7;21;5;3;2;6;1;0;1;0;0;0;0;0
11;1;1100308;2021;6;9;6;3;5;3;0;0;1;0;0;0;0;0
11;1;1100103;2021;6;15;5;3;5;2;0;0;1;0;0;0;0;0
11;6;6300632;2021;6;17;2;2;5;3;0;0;1;0;0;0;1;0
11;8;8100102;2021;5;9;2;3;2;6;0;1;1;0;0;0;0;0
11;4;4200308;2021;6;13;6;3;5;2;0;0;1;0;0;0;0;0
11;8;8100314;2021;6;15;7;3;6;4;0;0;1;1;0;0;0;0
11;2;2100101;2021;7;15;6;3;2;6;0;0;1;0;0;0;1;0
11;8;8100419;2021;6;14;3;3;5;3;0;1;1;0;0;0;0;0
11;2;2300418;2021;6;19;6;3;1;5;0;1;1;0;0;0;0;0
11;1;1100206;2021;5;8;6;3;5;3;0;1;1;0;0;0;0;0
11;12;12200413;2021;6;16;4;3;5;3;0;0;1;0;0;0;0;0
11;5;5200526;2021;7;20;7;3;2;6;0;0;1;0;0;0;1;0
11;1;1401045;2021;5;17;3;3;2;6;0;0;1;0;0;0;0;1
11;5;5100105;2021;6;14;3;3;2;6;0;0;1;0;0;0;0;0
11;9;9200614;2021;7;8;2;3;0;1;0;1;0;0;0;0;0;1
11;3;3500934;2021;7;12;3;3;0;6;0;1;0;0;0;0;1;0
11;8;8401243;2021;5;10;7;3;6;7;0;0;0;1;0;0;1;0
11;11;11400929;2021;6;9;5;2;5;2;0;0;1;0;0;0;1;0
11;7;7400927;2021;6;14;4;3;5;2;0;0;1;0;1;0;0;1
11;4;4300416;2021;7;9;7;3;0;3;0;0;1;0;1;0;0;1
11;8;8401241;2021;6;16;2;3;5;3;0;0;1;0;1;0;0;0
11;3;3400619;2021;6;14;6;3;5;2;0;1;1;0;0;0;0;0
11;5;5100208;2021;6;19;3;3;2;6;0;0;1;0;0;0;0;0
11;4;4100102;2021;6;18;3;3;5;3;0;1;1;0;0;0;0;0
11;1;1401046;2021;6;17;7;3;0;7;0;1;0;0;0;0;0;0
11;8;8200624;2021;6;17;2;3;2;6;0;0;1;0;0;0;0;0
11;10;10100312;2021;7;12;7;2;5;7;0;0;1;0;1;0;0;0
11;7;7601544;2021;6;14;7;3;3;6;0;0;1;0;1;0;0;0
11;7;7400823;2021;5;19;4;2;0;6;0;0;1;0;1;0;0;0
11;12;12601235;2021;6;17;4;3;1;5;1;0;1;1;0;0;1;1
11;8;8100206;2021;7;22;3;3;2;7;2;0;1;0;1;0;0;0
11;3;3500935;2021;7;20;4;3;7;7;0;0;0;0;1;0;0;0
11;1;1200517;2021;6;12;5;3;2;2;0;0;1;0;0;1;0;0
11;1;1300836;2021;5;12;1;3;0;1;0;1;0;0;0;0;0;0
11;5;5200528;2021;6;17;5;3;3;6;0;0;1;0;0;0;1;0
11;3;3400831;2021;6;17;5;3;3;6;0;0;1;0;0;0;1;0
11;12;12500929;2021;5;18;6;3;5;3;0;0;1;0;0;0;1;1
11;1;1300732;2021;6;13;5;2;0;3;0;0;1;0;1;0;0;0
11;8;8200730;2021;7;15;2;3;3;6;0;0;0;0;0;1;1;0
11;9;9100408;2021;5;8;3;3;5;2;0;0;1;0;0;0;1;0
11;5;5300840;2021;6;16;3;3;6;4;0;0;1;1;0;0;0;0
11;12;12200308;2021;7;12;2;3;1;5;0;1;1;0;0;0;0;0
11;1;1100102;2021;7;18;3;2;0;7;0;1;0;0;0;0;0;0
11;1;1300834;2021;5;12;6;3;5;2;0;0;1;0;0;0;0;0
11;10;10100315;2021;6;12;5;3;0;6;0;0;1;0;0;0;1;0
11;4;4100101;2021;7;21;7;2;5;2;2;0;1;1;0;0;0;0
11;3;3100103;2021;6;10;2;2;1;5;0;1;1;0;0;0;0;0
11;8;8100105;2021;6;11;6;3;5;2;0;1;1;0;0;0;0;0
11;1;1300835;2021;6;15;2;3;5;3;0;1;1;0;0;0;0;0
11;2;2200208;2021;6;12;3;2;0;7;0;1;0;0;0;0;0;0
11;8;8401244;2021;6;10;7;3;0;6;0;0;1;0;0;0;1;0
11;3;3601245;2021;6;5;7;2;5;3;0;0;1;0;0;0;0;0
11;6;6100205;2021;7;14;6;2;5;3;0;1;0;0;0;0;1;0
11;3;3601243;2021;6;17;7;3;2;6;0;0;1;0;0;0;0;0
11;11;11300722;2021;5;20;4;3;0;1;0;0;0;0;0;0;1;0
11;5;5100313;2021;6;15;4;3;2;6;0;0;1;0;0;0;0;1
11;2;2500833;2021;7;23;3;3;0;1;2;1;0;0;0;0;0;0
11;11;11300722;2021;7;13;4;3;0;1;0;0;0;0;1;0;0;1
11;4;4501041;2021;6;11;4;3;2;7;0;1;0;0;0;0;1;0
11;8;8100312;2021;5;11;6;3;1;5;0;1;1;0;0;0;0;0
11;12;12500927;2021;6;16;5;3;2;6;0;0;1;0;0;0;0;0
11;2;2100102;2021;6;10;5;3;0;2;0;1;0;0;0;1;0;1
11;4;4400833;2021;6;19;3;3;5;3;0;0;0;0;1;0;1;0
11;1;1100310;2021;6;11;6;3;6;2;0;0;0;1;0;0;1;0
11;2;2200207;2021;6;18;7;2;8;1;0;0;1;0;0;0;0;0
11;3;3701554;2021;6;13;1;3;5;3;0;0;1;0;0;0;1;0
11;1;1200629;2021;6;3;4;3;3;5;2;0;1;0;0;0;1;0
11;8;8200730;2021;6;17;4;2;5;5;0;0;0;0;1;0;1;0
11;3;3701556;2021;6;20;2;3;0;1;0;1;0;0;0;0;0;0
11;5;5300736;2021;7;12;7;3;2;6;0;0;1;0;0;0;0;0
11;1;1100310;2021;6;7;7;3;5;3;0;0;1;0;0;0;0;0
11;4;4501045;2021;7;10;5;3;5;3;0;0;1;0;0;0;0;1
11;8;8301036;2021;7;14;5;3;2;6;0;0;1;0;1;0;0;0
11;5;5200634;2021;6;18;5;2;2;6;0;1;1;0;0;0;0;0
11;8;8100415;2021;5;19;2;3;0;7;0;0;1;0;1;0;0;0
11;9;9301025;2021;6;18;5;3;4;6;0;0;1;0;0;0;1;0
11;3;3400725;2021;6;15;6;3;5;3;0;1;1;0;0;0;0;0
11;1;1100102;2021;6;10;3;3;5;3;0;0;1;0;0;0;0;0
11;7;7300515;2021;6;18;2;3;5;2;0;1;1;0;0;0;0;0
11;3;3601244;2021;5;10;5;3;5;3;0;1;1;0;0;0;0;0
11;3;3400620;2021;6;9;4;3;2;6;0;0;1;0;1;0;0;0
11;1;1100310;2021;7;19;7;3;5;2;0;0;1;0;1;0;0;0
11;1;1200625;2021;5;18;1;3;6;4;0;0;1;1;0;0;0;0
11;9;9300920;2021;6;14;3;3;5;3;0;0;1;0;0;0;0;0
11;5;5400942;2021;7;7;3;3;3;6;0;1;1;0;0;0;0;0
11;2;2100104;2021;7;15;5;3;5;7;0;1;0;0;0;0;1;1
11;10;10100205;2021;6;14;2;3;5;2;0;1;0;0;0;1;0;0
11;8;8401244;2021;6;7;6;3;6;4;0;0;1;1;0;0;0;0
11;6;6200313;2021;6;21;5;2;0;6;2;0;0;0;0;0;1;0
11;5;5200528;2021;6;17;2;3;6;7;0;0;0;1;0;0;1;0
11;10;10300731;2021;6;18;3;2;1;5;0;0;1;0;0;0;0;0
11;1;1100312;2021;6;13;6;3;1;5;0;1;1;0;0;0;0;0
11;1;1401047;2021;6;22;7;3;2;6;2;0;0;0;0;0;1;0
11;1;1300733;2021;7;22;6;3;5;7;2;1;1;0;0;0;0;0
11;8;8100312;2021;6;9;4;3;5;3;0;1;1;0;0;0;0;0
11;12;12200413;2021;6;14;6;2;3;7;0;1;0;0;0;0;0;0
11;7;7601442;2021;6;12;4;2;5;2;0;0;1;0;0;0;0;0
11;4;4300619;2021;5;23;3;3;5;3;2;0;1;0;0;0;0;0
11;2;2400623;2021;6;14;4;3;6;7;0;0;0;1;0;0;1;1
11;5;5300840;2021;7;14;2;3;5;7;0;0;1;0;0;0;0;0