LAND;BEZ;LOR_ab_2021;UJAHR;UMONAT;USTUNDE;UWOCHENTAG;UKATEGORIE;UART;UTYP1;ULICHTVERH;IstRad;IstPKW;IstFuss;IstKrad;IstGkfz;IstSonstige;USTRZUSTAND
11;1;1100101;2021;3;11;1;3;9;1;0;0;0;0;1;0;0;0
11;2;2500726;2021;5;11;2;3;6;2;0;0;1;1;0;0;0;0
11;3;3300516;2021;5;15;6;3;5;2;0;1;0;0;0;0;1;1
11;1;1100416;2021;5;21;4;3;1;5;2;1;1;0;0;0;0;0
11;12;12400721;2021;4;16;5;3;6;7;0;0;0;1;0;0;1;0
11;6;6400843;2021;5;15;1;3;5;2;0;1;1;0;0;0;0;1
11;8;8200832;2021;4;11;3;3;5;3;0;0;1;0;0;0;0;0
11;4;4300623;2021;4;11;5;2;5;2;0;0;1;0;1;0;0;0
11;8;8100415;2021;3;15;4;3;0;3;0;1;1;0;0;0;0;0
11;1;1300733;2021;4;19;1;3;5;2;1;1;1;0;0;0;0;0
11;10;10400835;2021;5;15;2;2;0;1;0;1;0;0;0;0;0;0
11;12;12100205;2021;5;13;7;2;0;1;0;0;0;0;0;0;1;0
11;5;5200420;2021;4;18;2;3;6;2;0;0;1;1;0;0;0;0
11;12;12200310;2021;5;12;2;3;5;2;0;0;1;0;1;0;0;0
11;2;2100106;2021;5;14;7;3;5;3;0;1;1;0;0;0;0;0
11;2;2100104;2021;4;13;4;3;5;3;0;1;1;0;0;0;0;0
11;3;3400830;2021;5;10;5;3;6;3;0;0;1;1;0;0;0;0
11;2;2300418;2021;4;10;2;3;0;7;0;1;0;0;0;0;0;0
11;9;9401635;2021;3;14;4;3;1;5;0;1;1;0;0;0;0;0
11;7;7400927;2021;4;15;4;3;0;7;0;1;1;0;0;0;0;0
11;7;7601546;2021;5;11;4;3;6;6;0;1;0;1;0;0;0;0
11;8;8300934;2021;4;15;3;3;6;4;0;0;1;1;0;0;0;0
11;5;5200631;2021;3;17;2;3;6;2;0;0;1;1;0;0;0;0
11;5;5100210;2021;4;8;6;2;5;2;0;1;1;0;0;0;0;0
11;2;2300316;2021;3;17;6;3;2;6;1;0;1;0;0;0;0;0
11;12;12200309;2021;5;8;2;3;5;3;0;0;1;0;0;1;0;0
11;5;5200423;2021;5;17;2;3;0;6;0;0;1;0;0;0;1;0
11;2;2100103;2021;4;15;4;3;5;2;0;1;1;0;0;0;0;0
11;4;4501042;2021;5;0;7;3;0;7;2;0;1;0;0;0;1;0
11;11;11401136;2021;4;3;2;3;5;3;2;0;1;0;0;0;0;0
11;9;9200715;2021;5;13;6;2;5;2;0;0;1;0;0;0;0;0
11;5;5200629;2021;4;12;3;2;0;6;0;0;1;0;0;0;1;0
11;1;1300836;2021;4;12;7;3;1;5;0;1;1;0;0;0;0;0
11;1;1100310;2021;4;16;3;3;2;2;0;0;1;0;1;0;0;0
11;8;8100417;2021;5;18;5;3;0;2;0;1;1;0;0;0;0;1
11;12;12500926;2021;4;9;5;3;2;6;0;0;1;0;0;0;0;0
11;11;11300620;2021;3;8;2;3;5;2;0;1;1;0;0;0;0;0
11;5;5100315;2021;4;14;1;2;5;2;0;0;1;0;0;0;0;0
11;9;9100306;2021;3;22;6;3;3;6;2;0;1;0;0;0;0;0
11;8;8200730;2021;5;16;3;3;2;6;0;0;1;0;0;0;0;0
11;3;3400619;2021;5;13;3;3;0;2;0;1;1;0;0;0;0;0
11;7;7601442;2021;4;14;5;3;5;2;0;1;1;0;0;0;0;0
11;9;9401329;2021;5;8;6;3;5;3;0;0;1;0;0;0;0;0
11;1;1100308;2021;4;14;4;3;5;2;0;1;1;0;0;0;0;0
11;1;1100415;2021;3;11;3;3;2;6;0;0;1;0;0;0;0;0
11;2;2300316;2021;4;12;6;3;1;5;0;1;1;0;0;0;0;0
11;4;4300415;2021;5;15;2;3;5;7;0;1;0;0;0;0;1;0
11;2;2100105;2021;3;16;3;2;1;5;0;1;0;0;0;0;1;0
11;2;2500727;2021;4;11;2;3;0;1;0;1;0;0;0;0;0;0
11;4;4501045;2021;5;8;2;2;1;7;0;0;1;0;0;0;0;0
11;10;10100316;2021;5;6;5;2;5;2;0;1;1;0;0;0;0;0
11;1;1200517;2021;5;21;4;3;5;3;2;0;1;0;0;0;1;0
11;7;7400927;2021;4;18;4;3;1;5;0;1;1;0;0;0;0;0
11;12;12601236;2021;4;17;6;3;3;6;0;0;1;0;1;0;0;0
11;5;5100316;2021;4;15;5;3;1;7;0;1;1;0;0;0;0;0
11;10;10300732;2021;5;14;2;3;5;3;0;1;1;0;0;0;0;0
11;7;7400824;2021;5;19;4;3;0;7;0;0;0;0;1;0;0;1
11;9;9501941;2021;4;6;4;2;6;4;0;0;0;1;0;0;1;0
11;4;4501153;2021;3;1;4;2;6;4;2;0;0;1;0;0;1;0
11;12;12500930;2021;5;11;2;3;2;6;0;0;1;0;0;0;0;0
11;3;3400830;2021;4;19;2;3;5;2;0;0;1;0;0;0;0;0
11;5;5100316;2021;5;9;2;3;5;2;0;0;1;0;0;0;1;0
11;2;2200210;2021;5;19;2;3;2;6;0;0;1;0;0;0;0;0
11;10;10200420;2021;5;11;6;3;2;1;0;0;1;0;0;0;0;1
11;12;12500930;2021;4;9;3;3;2;7;0;0;1;0;0;0;0;0
11;1;1200628;2021;5;14;5;3;1;5;0;1;1;0;0;0;0;0
11;1;1100415;2021;4;7;2;3;3;6;0;1;0;0;0;0;1;0
11;5;5200524;2021;4;13;6;2;5;2;0;1;1;0;0;0;0;0
11;6;6300526;2021;5;20;5;3;2;2;0;0;1;0;0;0;0;1
11;5;5300841;2021;4;12;4;3;1;5;0;1;1;0;0;0;0;0
11;12;12200309;2021;3;15;2;3;2;2;0;0;1;0;1;0;0;0
11;10;10200524;2021;4;17;5;3;5;2;0;0;1;0;0;0;0;0
11;2;2200213;2021;3;9;5;3;5;2;0;1;1;0;0;0;0;0
11;12;12601236;2021;5;13;4;3;6;4;0;0;1;1;0;0;0;0
11;5;5300736;2021;5;14;2;3;5;2;0;0;1;0;0;0;1;0
11;10;10100313;2021;4;16;4;3;2;6;0;0;1;0;0;0;0;0
11;7;7300517;2021;5;10;7;3;1;5;0;1;1;0;0;0;0;0
11;6;6400735;2021;4;19;1;3;2;6;1;1;0;0;1;0;0;0
11;6;6100205;2021;5;19;5;3;1;5;0;0;1;0;0;0;0;0
11;3;3300411;2021;4;12;2;3;2;7;0;0;1;0;0;0;0;0
11;10;10100311;2021;3;22;3;2;3;7;2;0;1;0;0;0;1;0
11;7;7100102;2021;4;15;4;3;5;2;0;1;1;0;0;0;0;0
11;7;7300618;2021;5;12;6;3;5;3;0;1;1;0;0;0;0;1
11;3;3300517;2021;5;13;5;3;0;5;0;0;1;0;1;0;0;0
11;11;11300620;2021;4;1;1;3;3;6;2;1;1;0;0;0;0;1
11;2;2500833;2021;3;14;4;3;5;3;0;0;0;0;1;0;1;0
11;6;6200420;2021;4;15;4;3;5;3;0;0;1;0;1;0;0;0
11;4;4300416;2021;5;17;4;3;0;1;0;0;0;0;1;0;0;0
11;1;1100206;2021;4;19;3;3;1;5;0;0;1;0;0;0;0;0
11;7;7501031;2021;3;17;1;3;5;3;0;0;1;0;0;0;0;0
11;12;12601236;2021;4;22;5;3;1;5;2;0;1;0;0;1;0;0
11;1;1401045;2021;3;16;5;3;2;6;0;0;1;0;0;0;0;0
11;8;8401246;2021;5;18;2;3;6;4;0;0;1;1;0;0;0;1
11;4;4300619;2021;5;11;2;3;3;6;0;0;1;0;1;0;0;0
11;7;7400928;2021;4;17;4;3;5;3;0;1;0;0;0;0;0;0
11;1;1300836;2021;5;20;1;3;5;2;0;1;1;0;0;0;0;0
11;4;4100102;2021;5;11;5;3;3;2;0;0;1;0;0;0;0;0
11;5;5100317;2021;4;11;3;3;2;6;0;0;1;0;0;0;0;0
11;4;4500937;2021;4;7;5;3;5;2;0;1;1;0;0;0;0;0
11;9;9200511;2021;4;16;4;3;5;7;0;1;1;0;0;0;0;0
11;9;9401431;2021;5;13;6;2;1;5;0;1;1;0;0;0;0;0
11;4;4400726;2021;4;12;5;3;5;3;0;1;1;0;0;0;0;0
11;11;11300722;2021;3;12;3;3;0;7;0;0;1;0;0;0;0;0
11;3;3601244;2021;4;15;6;3;5;2;0;1;1;0;0;0;0;0
11;7;7100206;2021;3;13;6;3;1;5;0;1;0;0;0;0;1;0
11;2;2100102;2021;5;19;3;3;5;2;0;0;1;0;0;0;0;1
11;3;3701660;2021;5;7;3;3;2;7;0;1;1;0;0;0;0;1
11;1;1200517;2021;4;8;5;3;3;6;0;0;1;0;0;0;0;0
11;8;8100417;2021;4;20;6;3;0;6;1;0;1;0;0;0;1;0
11;3;3601141;2021;4;16;3;3;2;6;0;0;1;0;0;0;0;0
11;8;8300935;2021;3;14;3;3;1;5;0;1;1;0;0;0;0;0
11;5;5100316;2021;4;12;6;3;0;2;0;0;1;0;0;0;1;0
11;5;5200629;2021;5;21;7;3;5;2;1;1;1;0;0;0;0;0
11;7;7100102;2021;3;18;3;2;5;3;0;1;0;0;1;0;0;0
11;6;6400839;2021;4;15;2;3;2;6;0;0;1;0;0;0;0;0
11;2;2400521;2021;5;23;1;3;1;5;2;1;1;0;0;0;0;0
11;1;1200522;2021;5;10;5;3;5;2;0;1;1;0;0;0;0;0
11;2;2400625;2021;5;19;4;2;6;4;0;0;1;1;0;0;0;1
11;2;2200208;2021;5;14;5;3;5;2;0;1;1;0;0;0;0;0
11;8;8100313;2021;4;18;4;3;5;2;0;1;1;0;0;0;0;0
11;4;4300623;2021;4;11;6;3;1;5;0;1;0;0;0;0;1;0
11;11;11300722;2021;4;15;5;2;5;3;0;1;1;0;0;0;0;0
11;8;8100418;2021;5;22;3;3;2;2;2;1;1;0;0;0;0;0
11;11;11400929;2021;3;14;2;3;5;3;0;0;1;0;0;0;0;0
11;1;1401048;2021;4;13;5;3;5;2;0;0;1;0;0;0;1;0
11;12;12100101;2021;3;16;5;3;5;2;0;1;0;0;0;0;1;0
11;4;4501150;2021;5;17;2;3;0;3;0;1;1;0;0;0;0;0
11;1;1100308;2021;4;13;2;2;5;2;0;1;1;0;0;0;0;0
11;1;1401047;2021;5;17;2;3;1;5;0;1;1;0;0;0;0;0
11;2;2400521;2021;4;13;5;3;3;6;0;0;1;0;0;1;0;0
11;11;11400931;2021;5;10;1;3;2;6;0;0;1;0;1;0;0;0
11;9;9501939;2021;5;12;6;3;6;7;0;0;1;1;0;0;0;0
11;3;3300517;2021;4;15;2;3;4;6;0;1;1;0;0;0;0;0
11;2;2200209;2021;4;12;5;3;0;3;0;1;1;0;0;0;0;0
11;2;2500835;2021;5;19;4;3;5;2;0;1;1;0;0;0;0;1
11;4;4200206;2021;4;19;3;3;5;3;0;0;1;0;1;0;0;0
11;4;4200308;2021;3;12;3;2;5;3;0;1;1;0;0;0;0;0
11;2;2200207;2021;4;21;5;2;8;1;2;0;1;0;0;0;0;0
11;3;3300516;2021;3;12;6;3;5;2;0;1;1;0;0;0;0;1
11;1;1400942;2021;5;12;4;3;5;2;0;1;1;0;0;0;0;0
11;4;4100101;2021;5;16;4;3;5;2;0;1;0;0;0;0;1;0
11;2;2100106;2021;4;18;5;3;5;3;0;0;1;0;0;0;1;0
11;1;1300836;2021;4;14;3;3;6;4;0;0;1;1;0;0;0;1
11;1;1100205;2021;5;22;6;3;0;1;2;1;0;0;0;0;0;0
11;9;9300922;2021;4;13;2;3;5;3;0;0;1;0;0;0;0;0
11;9;9200510;2021;3;9;3;3;2;6;0;0;1;0;0;0;0;0
11;6;6400841;2021;4;12;3;3;5;3;0;0;1;0;0;0;0;0
11;11;11200411;2021;5;18;6;2;6;4;0;0;0;1;0;0;1;0
11;9;9501838;2021;4;9;4;2;0;7;0;1;0;0;0;0;0;0
11;6;6400838;2021;3;5;4;2;0;7;2;1;0;0;0;0;0;0
11;3;3601245;2021;4;17;6;3;5;3;0;0;1;0;0;0;1;0
11;12;12601133;2021;3;14;7;3;6;4;0;0;1;1;0;0;0;1
11;2;2200213;2021;5;14;2;2;3;6;0;0;1;0;1;0;0;0
11;6;6300524;2021;5;18;5;3;5;3;0;1;0;0;0;0;0;0
11;5;5100208;2021;5;11;4;3;5;3;0;1;0;0;0;0;1;0
11;1;1200624;2021;4;11;7;3;3;6;0;0;1;0;1;0;0;0
11;4;4501043;2021;5;15;1;3;5;3;0;1;1;0;0;0;0;1
11;12;12500930;2021;4;6;3;3;5;7;0;1;1;0;0;0;0;0
11;7;7601545;2021;3;13;4;3;6;4;0;0;1;1;0;0;0;0
11;7;7501134;2021;4;18;7;3;5;3;0;0;1;0;0;0;1;0
11;12;12100205;2021;5;17;7;2;1;5;0;0;1;0;0;0;0;1
11;2;2300314;2021;5;23;7;3;1;5;2;1;1;0;0;0;0;0
11;4;4300623;2021;4;17;2;3;5;3;0;1;1;0;0;0;0;0
11;2;2500727;2021;5;15;3;3;2;6;0;0;1;0;1;0;0;0
11;7;7100103;2021;5;15;7;2;1;5;0;1;1;0;0;0;0;0
11;1;1100416;2021;5;8;5;3;1;5;0;1;1;0;0;0;0;1
11;3;3200308;2021;4;7;2;3;6;4;0;0;1;1;0;0;0;1
11;3;3400724;2021;3;14;4;2;0;1;0;1;0;0;0;0;0;0
11;6;6100205;2021;4;13;4;3;2;6;0;0;1;0;0;0;1;0
11;9;9501737;2021;3;10;2;3;0;3;0;1;1;0;0;0;0;0
11;12;12200308;2021;4;15;7;3;1;7;0;0;1;0;1;0;0;0
11;11;11400929;2021;3;14;6;3;0;4;0;1;0;1;0;0;0;0
11;4;4501148;2021;5;9;2;2;5;2;0;0;1;0;1;0;0;0
11;11;11300616;2021;5;15;5;2;6;4;0;0;1;1;1;0;0;0
11;1;1100415;2021;5;9;4;3;5;2;0;1;1;0;0;0;0;0
11;7;7100101;2021;4;9;5;2;5;3;0;1;1;0;0;0;0;0
11;6;6400737;2021;4;17;5;3;5;7;0;0;1;0;0;0;0;0
11;9;9301126;2021;4;0;3;3;3;6;2;0;1;0;0;1;0;0
11;4;4200203;2021;3;15;4;2;0;3;0;0;1;0;1;0;0;0
11;1;1401047;2021;4;19;6;3;1;5;0;1;1;0;0;0;0;0
11;3;3601142;2021;5;15;7;3;2;6;0;1;1;0;0;0;0;0
11;2;2100102;2021;3;17;3;3;3;6;0;0;0;0;0;0;1;0
11;7;7300515;2021;4;13;2;3;1;5;0;1;0;0;0;0;1;0
11;1;1401047;2021;5;6;3;3;1;5;0;0;1;0;1;0;0;0
11;10;10100316;2021;5;19;6;3;5;3;0;0;1;0;0;0;0;1
11;4;4200203;2021;5;19;4;3;8;1;0;0;1;0;0;0;0;1
11;1;1400938;2021;5;12;5;3;5;7;0;1;1;0;0;0;0;0
11;8;8200624;2021;4;21;6;3;3;6;2;0;1;0;0;0;0;0
11;5;5200631;2021;3;10;4;3;5;3;0;0;1;0;0;0;0;0
11;8;8100521;2021;4;21;3;3;2;6;2;0;1;0;0;0;0;0
11;6;6200422;2021;4;15;3;3;2;6;0;1;1;0;0;0;0;0
11;5;5200630;2021;5;9;3;3;6;7;0;1;0;1;0;0;0;0
11;12;12400618;2021;3;18;2;3;3;6;0;1;0;0;0;0;0;0
11;4;4501042;2021;4;17;4;2;5;2;0;0;1;0;0;0;0;0
11;3;3300412;2021;3;17;5;3;5;3;0;0;1;0;0;0;0;0
11;1;1100207;2021;5;8;3;3;5;3;0;1;1;0;0;0;0;0
11;12;12500930;2021;4;16;7;3;2;2;0;0;1;0;0;0;0;0
11;8;8401245;2021;5;16;2;3;5;3;0;0;1;0;0;0;0;0
11;3;3200205;2021;4;10;4;3;5;3;0;0;1;0;0;0;0;0
11;8;8100102;2021;5;9;7;3;2;6;0;0;1;0;0;0;1;0
11;1;1100309;2021;5;18;6;3;5;2;0;1;0;0;0;0;0;1
11;7;7100206;2021;4;15;3;3;3;6;0;0;1;0;0;0;0;0
11;2;2200207;2021;4;12;6;2;5;2;0;1;0;0;0;0;1;0
11;12;12500928;2021;5;15;4;3;5;3;0;0;1;0;0;0;0;0
11;5;5100316;2021;4;11;3;3;2;6;0;0;1;0;0;0;0;0
11;11;11300724;2021;3;13;3;3;5;3;0;1;1;0;0;0;0;0
11;9;9200819;2021;4;12;6;3;1;5;0;1;1;0;0;0;0;0
11;10;10400836;2021;3;14;6;3;5;3;0;0;1;0;0;0;0;0
11;1;1100205;2021;5;7;3;3;0;2;0;1;1;0;0;0;0;0
11;11;11100203;2021;5;15;3;3;6;2;0;0;1;1;0;0;0;0
11;4;4300414;2021;4;15;6;3;0;2;0;1;0;0;0;0;1;0
11;4;4300623;2021;4;14;3;3;2;6;0;0;1;0;0;0;0;0
11;3;3500936;2021;5;10;6;2;6;2;0;0;1;1;0;0;0;0
11;1;1100313;2021;4;8;3;3;5;3;0;1;0;0;0;0;1;0
11;8;8200622;2021;3;9;3;3;5;2;0;0;1;0;0;0;0;0
11;4;4100102;2021;4;16;4;3;3;6;0;0;1;0;0;0;0;1
11;4;4501041;2021;5;22;6;3;2;2;2;0;1;0;0;0;0;0
11;2;2200207;2021;3;18;4;3;5;2;0;1;1;0;0;0;0;0
11;8;8100314;2021;4;18;7;3;5;2;0;1;1;0;0;0;0;0
11;9;9200510;2021;3;11;7;2;5;3;0;1;0;0;0;0;1;0
11;9;9100202;2021;5;16;2;3;5;7;0;0;1;0;0;0;0;0
11;4;4300517;2021;5;15;6;3;2;6;0;0;1;0;0;0;0;1
11;5;5200422;2021;5;14;4;3;5;2;0;0;1;0;1;0;0;0
11;1;1200623;2021;4;12;6;3;5;7;0;0;1;0;0;0;0;0
11;9;9501737;2021;5;9;1;3;0;7;0;0;1;0;0;0;0;1
11;6;6300634;2021;4;19;4;2;0;1;1;0;0;0;1;0;0;0
11;1;1200626;2021;3;16;4;2;5;3;0;1;1;0;0;0;0;0
11;11;10100205;2021;4;5;2;3;5;3;2;1;0;0;0;0;1;1
11;2;2100102;2021;5;13;1;3;5;2;0;1;1;0;0;0;0;1
11;2;2300314;2021;5;10;7;3;0;3;0;1;0;0;1;0;0;0
11;10;10100205;2021;4;6;2;3;5;3;0;0;1;0;0;0;0;0
11;6;6100207;2021;5;9;3;3;2;7;0;0;1;0;0;0;0;0
11;4;4300623;2021;5;17;7;3;5;2;0;1;1;0;0;0;0;0
11;8;8100207;2021;5;17;5;3;6;4;0;0;1;1;0;0;0;0
11;2;2500726;2021;4;16;1;3;6;4;0;0;0;1;0;0;1;1
11;12;12601235;2021;4;13;5;3;2;2;0;0;1;0;0;0;0;0
11;12;12500825;2021;5;22;4;3;0;1;2;0;0;0;1;0;0;1
11;1;1100311;2021;4;16;3;2;3;6;0;1;0;0;0;0;0;0
11;3;3200308;2021;3;15;2;3;2;6;0;1;1;0;0;0;0;0
11;1;1100102;2021;4;16;5;2;5;3;0;1;1;0;0;0;0;0
11;7;7601339;2021;3;5;5;2;5;2;1;0;1;0;1;0;0;0
11;1;1100416;2021;5;8;2;3;1;5;0;1;1;0;0;0;0;0
11;1;1300834;2021;4;15;1;3;5;3;0;0;1;0;0;0;1;0
11;4;4400728;2021;5;10;2;3;5;2;0;0;1;0;0;1;0;0
11;9;9200819;2021;4;11;4;3;5;2;0;1;1;0;0;0;0;0
11;4;4300623;2021;5;15;1;3;1;5;0;0;1;0;0;0;1;0
11;6;6400737;2021;4;18;7;3;5;3;0;0;1;0;0;0;0;0
11;6;6400841;2021;5;12;6;3;2;2;0;0;1;0;0;0;0;0
11;4;4501148;2021;4;11;2;3;5;2;0;1;1;0;0;0;0;0
11;1;1401045;2021;4;9;7;3;2;6;0;0;1;0;0;0;0;0
11;7;7501029;2021;4;16;4;3;0;6;0;0;0;0;1;0;0;1
11;1;1100205;2021;5;15;4;2;2;6;0;0;0;0;1;0;1;0
11;4;4501043;2021;4;12;4;2;0;5;0;1;1;0;0;0;0;0
11;5;5300736;2021;3;14;3;3;5;3;0;1;1;0;0;0;0;0
11;1;1100103;2021;4;15;6;3;2;6;0;0;1;0;1;0;0;0
11;6;6400844;2021;3;10;6;3;5;3;0;0;1;0;0;0;0;0
11;1;1401047;2021;5;0;3;3;5;3;2;1;1;0;0;0;0;1
11;4;4501042;2021;5;19;3;3;2;6;1;1;1;0;0;0;0;0
11;8;8200623;2021;3;20;2;3;5;2;2;0;1;0;0;0;0;0
11;9;9200715;2021;4;11;5;3;5;2;0;1;1;0;0;0;0;0
11;10;10400940;2021;3;15;5;3;5;3;0;0;1;0;0;0;1;0
11;1;1100102;2021;5;12;2;3;5;2;0;0;1;0;0;0;0;0
11;8;8100415;2021;4;14;7;2;6;4;0;0;1;1;0;0;0;0
11;6;6300528;2021;5;12;2;3;2;6;0;0;1;0;0;0;0;0
11;5;5100101;2021;4;13;5;2;6;4;0;0;0;1;0;0;1;0
11;5;5100317;2021;5;13;1;3;2;6;0;1;1;0;0;0;0;0
11;5;5100314;2021;5;23;5;3;1;7;2;0;1;0;0;0;0;0
11;9;9401432;2021;4;14;3;3;5;2;0;0;1;0;0;0;0;0
11;1;1100309;2021;4;15;6;3;0;1;0;1;0;0;0;0;0;0
11;11;11200411;2021;4;16;4;3;6;4;0;0;1;1;0;0;0;0
11;1;1200517;2021;4;7;3;3;0;7;0;0;1;0;0;0;0;0
11;8;8200624;2021;5;13;4;3;6;7;0;1;0;1;0;0;0;0
11;12;12500824;2021;4;13;3;3;1;5;0;1;1;0;0;0;0;0
11;7;7601544;2021;3;11;2;2;5;2;0;0;1;0;0;0;0;0
11;1;1100102;2021;4;0;6;3;8;1;2;0;1;0;0;0;0;0
11;1;1100309;2021;3;18;6;2;3;6;0;0;1;0;1;0;0;0
11;10;10100313;2021;5;15;4;3;6;2;0;0;1;1;0;0;0;0
11;1;1300733;2021;5;14;3;3;5;2;0;0;1;0;0;1;0;0
11;12;12200412;2021;4;22;5;3;4;6;2;0;1;0;0;0;0;1
11;2;2100102;2021;4;19;2;3;5;7;0;0;1;0;1;0;0;0
11;5;5100317;2021;5;10;6;3;2;7;0;0;1;0;1;0;0;0
11;12;12100205;2021;4;12;4;3;5;2;0;0;1;0;0;0;1;0
11;4;4501148;2021;3;17;2;3;5;2;0;0;1;0;0;0;1;0
11;1;1100207;2021;4;20;5;3;3;6;2;0;1;0;0;0;0;0
11;3;3400620;2021;4;21;3;3;0;3;2;1;1;0;0;0;0;1
11;8;8100102;2021;5;9;6;3;5;3;0;1;1;0;0;0;0;1
11;4;4400835;2021;5;23;6;3;5;3;2;0;1;0;0;0;0;0
11;2;2200208;2021;3;20;4;2;0;7;1;1;0;0;0;0;0;0
11;9;9100306;2021;4;12;2;3;8;7;0;0;1;0;0;0;0;0
11;1;1100415;2021;3;16;1;3;5;2;0;1;1;0;0;0;0;0
11;2;2500727;2021;5;11;2;3;0;2;0;0;0;0;1;0;0;1
11;7;7300618;2021;5;10;5;3;5;2;0;1;1;0;0;0;0;0
11;10;10200627;2021;5;17;4;3;3;6;0;0;1;0;0;0;0;0
11;7;7400928;2021;4;17;6;3;7;7;0;0;0;0;1;0;0;0
11;8;8100102;2021;5;15;1;3;2;6;0;0;1;0;0;0;0;1
11;8;8401241;2021;4;17;4;2;5;7;0;0;1;0;0;0;1;0
11;11;11501341;2021;3;21;4;2;5;2;2;0;1;0;0;0;0;0
11;12;12200412;2021;5;16;7;3;0;3;0;1;1;0;0;0;0;0
11;6;6300526;2021;4;9;2;3;2;6;0;0;1;0;0;1;0;0
11;9;9100101;2021;4;16;2;3;0;6;0;1;1;0;0;0;1;0
11;1;1100205;2021;5;16;2;3;5;2;0;1;1;0;0;0;0;0
11;1;1400937;2021;5;12;3;3;6;2;0;0;1;1;0;0;0;0
11;1;1200628;2021;5;17;7;3;0;2;0;1;1;0;0;0;0;0
11;3;3200309;2021;5;21;4;2;9;1;2;0;1;0;0;0;0;0
11;4;4200308;2021;4;16;7;3;6;4;0;0;1;1;0;0;0;0
11;1;1100415;2021;3;11;4;2;3;6;0;1;0;0;0;0;0;0
11;12;12400720;2021;5;18;5;3;5;3;0;1;1;0;0;0;0;1
11;4;4100101;2021;4;13;3;3;2;6;0;0;1;0;0;0;0;0
11;11;11100206;2021;3;4;2;3;6;2;2;0;1;1;0;0;0;0
11;5;5400943;2021;4;11;6;3;5;3;0;1;1;0;0;0;0;0
11;12;12200515;2021;3;14;5;3;5;3;0;0;1;0;0;0;1;0
11;3;3400618;2021;5;14;2;3;0;3;0;0;1;0;1;0;0;0
11;8;8200726;2021;4;19;2;3;2;2;0;1;1;0;0;0;0;0
11;9;9401534;2021;5;16;2;3;0;1;0;1;0;0;0;0;0;0
11;7;7200307;2021;4;13;4;3;2;6;0;0;1;0;0;0;0;0
11;4;4400728;2021;5;9;1;3;9;1;0;1;0;0;0;0;0;0
11;7;7300516;2021;4;21;7;3;5;2;2;1;0;0;0;0;0;0
11;1;1100207;2021;5;8;5;3;0;6;0;0;0;0;0;0;1;0
11;9;9501939;2021;4;9;3;3;5;2;0;1;1;0;0;0;0;0
11;11;11501238;2021;4;20;5;3;5;3;2;0;1;0;0;0;1;0
11;2;2200209;2021;4;10;4;3;2;6;0;0;1;0;0;0;1;1
11;2;2300316;2021;5;8;6;3;5;3;0;1;1;0;0;0;0;1
11;10;10100311;2021;4;15;5;3;2;6;0;0;1;0;0;0;0;0
11;9;9200819;2021;3;11;3;3;2;6;0;0;1;0;0;0;1;0
11;2;2400623;2021;4;9;1;2;0;1;0;1;0;0;0;0;0;0
11;1;1100207;2021;3;6;6;3;3;6;0;1;1;0;0;0;0;1
11;4;4400833;2021;5;8;4;3;5;2;0;0;1;0;0;0;0;0
11;10;10100314;2021;5;17;3;3;2;6;0;0;1;0;0;0;0;0
11;1;1100206;2021;4;22;6;3;5;3;2;0;1;0;0;0;0;0
11;4;4200311;2021;4;15;4;3;3;6;0;0;1;0;1;0;0;0
11;7;7601545;2021;3;15;2;3;5;3;0;0;1;0;0;0;0;0
11;12;12601133;2021;4;12;6;2;5;3;0;0;1;0;0;0;0;0
11;1;1100309;2021;4;19;3;3;5;2;1;1;1;0;0;0;0;0
11;4;4500936;2021;5;19;1;3;6;7;0;0;1;1;0;0;0;0
11;3;3601244;2021;3;16;4;3;5;3;0;1;1;0;0;0;0;0
11;8;8100314;2021;4;18;2;3;5;2;0;1;0;0;0;0;1;0
11;3;3400724;2021;5;9;2;3;5;2;0;1;0;0;0;0;1;0
11;1;1300836;2021;5;17;5;3;5;3;0;0;1;0;0;0;0;0
11;5;5200634;2021;5;18;4;3;2;6;0;0;1;0;1;0;0;0
11;8;8100417;2021;4;14;6;2;6;4;0;0;1;1;0;0;0;0
11;1;1200628;2021;4;6;5;2;5;3;0;0;1;0;0;0;1;0
11;8;8100312;2021;4;16;6;3;0;6;0;0;1;0;0;0;1;0
11;1;1100206;2021;5;11;3;3;1;7;0;0;1;0;0;1;0;0
11;8;8200623;2021;5;16;3;3;5;3;0;0;1;0;0;0;1;0
11;7;7100102;2021;4;11;6;3;5;2;0;0;1;0;0;0;0;0
11;8;8100521;2021;5;15;6;3;2;2;0;0;1;0;0;0;0;1
11;4;4400726;2021;4;21;3;2;6;4;2;0;1;1;0;0;0;0
11;6;6300524;2021;3;15;2;3;2;7;0;1;1;0;0;0;0;0
11;4;4200310;2021;4;13;6;3;5;3;0;0;1;0;0;0;0;0
11;7;7400721;2021;4;11;3;3;5;3;0;0;1;0;0;0;0;0
11;7;7501031;2021;5;12;6;3;0;7;0;0;1;0;1;0;0;1
11;7;7400824;2021;5;12;6;1;6;2;0;0;0;1;0;1;0;0
11;7;7501029;2021;3;15;3;3;5;2;0;1;1;0;0;0;0;0
11;4;4300416;2021;4;11;2;3;0;7;0;1;0;0;0;0;0;0
11;2;2500833;2021;5;13;2;2;5;3;0;1;1;0;0;0;0;0
11;12;12601031;2021;5;13;6;3;0;7;0;0;1;0;1;0;0;0
11;6;6300524;2021;5;8;4;3;1;5;0;1;1;0;0;0;0;0