LAND;BEZ;LOR_ab_2021;UJAHR;UMONAT;USTUNDE;UWOCHENTAG;UKATEGORIE;UART;UTYP1;ULICHTVERH;IstRad;IstPKW;IstFuss;IstKrad;IstGkfz;IstSonstige;USTRZUSTAND
11;1;1100309;2021;3;14;4;3;8;7;0;0;0;0;0;0;1;0
11;7;7200307;2021;5;20;2;3;5;3;2;0;1;0;0;0;0;1
11;8;8100521;2021;4;11;2;3;5;3;0;0;1;0;0;0;0;0
11;5;5400943;2021;5;17;2;3;2;7;2;0;1;0;1;0;0;1
11;8;8200833;2021;5;12;3;2;5;3;0;1;1;0;0;0;0;0
11;2;2100106;2021;5;16;7;3;3;6;0;1;1;0;0;0;0;0
11;9;9200716;2021;5;14;6;3;5;3;0;1;1;0;0;0;0;0
11;8;8200831;2021;4;9;2;3;2;6;0;0;1;0;0;0;1;1
11;4;4400830;2021;4;10;6;3;5;3;0;1;1;0;0;0;0;0
11;2;2200210;2021;4;15;3;3;5;2;0;1;1;0;0;0;0;0
11;1;1200517;2021;5;6;4;3;5;2;0;1;1;0;0;0;0;1
11;5;5300736;2021;4;15;3;3;2;6;0;0;1;0;0;0;0;0
11;3;3601142;2021;3;10;3;3;1;5;0;1;0;0;0;0;1;0
11;5;5300841;2021;4;15;5;3;2;6;0;0;1;0;0;0;0;0
11;4;4500939;2021;3;16;6;3;2;7;0;0;1;0;0;0;0;0
11;1;1100310;2021;5;14;4;3;5;2;0;1;0;0;0;1;0;0
11;10;10100207;2021;5;15;4;3;6;4;0;0;1;1;0;0;0;0
11;11;11100203;2021;4;18;5;3;5;3;1;1;0;0;0;0;0;0
11;1;1300836;2021;5;17;1;3;2;6;0;0;1;0;0;0;0;0
11;5;5200629;2021;4;12;3;3;2;6;0;0;1;0;0;0;0;0
11;2;2200209;2021;5;7;6;3;6;2;0;0;1;1;0;0;0;0
11;7;7300619;2021;4;18;2;3;1;5;1;1;1;0;0;0;0;0
11;4;4501045;2021;3;10;2;3;2;6;0;0;1;0;0;0;0;0
11;2;2300314;2021;4;18;3;3;0;1;0;1;0;0;0;0;0;1
11;10;10100206;2021;4;10;3;3;5;3;0;0;1;0;0;0;0;0
11;1;1200623;2021;5;18;6;3;5;7;0;0;1;0;0;0;0;1
11;5;5100316;2021;4;10;5;3;2;6;0;0;1;0;0;0;0;0
11;6;6200317;2021;3;17;3;3;1;5;0;0;1;0;0;0;0;0
11;7;7501031;2021;4;11;7;3;5;2;0;0;0;0;1;0;1;0
11;12;12400619;2021;3;14;7;3;2;6;0;1;1;0;0;0;0;1
11;9;9501737;2021;5;10;2;3;4;6;0;1;0;0;0;0;0;0
11;2;2400624;2021;5;18;5;3;6;7;0;0;0;1;0;0;1;0
11;1;1100103;2021;5;10;4;2;5;3;0;0;1;0;1;0;0;0
11;4;4200311;2021;4;15;7;3;2;6;0;0;1;0;0;0;0;0
11;2;2300316;2021;5;15;1;3;5;3;0;1;1;0;0;0;0;1
11;9;9501838;2021;4;16;3;2;4;6;0;0;1;0;1;0;0;0
11;12;12601235;2021;3;15;3;3;2;2;0;0;1;0;0;1;0;0
11;12;12601133;2021;4;11;7;3;5;3;0;0;1;0;0;0;0;0
11;9;9401329;2021;5;11;7;3;5;3;0;1;1;0;0;0;0;0
11;8;8300934;2021;4;12;2;3;1;5;0;0;1;0;0;0;0;0
11;7;7100101;2021;5;21;2;3;1;7;2;1;1;0;0;0;0;0
11;1;1401045;2021;5;18;6;3;2;6;0;0;1;0;0;0;0;1
11;11;11300618;2021;5;16;5;3;2;6;0;0;1;0;0;0;0;0
11;2;2500835;2021;4;6;2;3;5;3;0;1;0;0;0;0;1;1
11;10;10200629;2021;3;9;4;3;0;7;0;1;0;0;0;0;0;0
11;1;1100207;2021;4;16;3;2;5;3;0;1;1;0;0;0;0;0
11;1;1300835;2021;5;18;4;3;2;1;0;0;1;0;0;0;1;0
11;1;1200517;2021;3;19;1;3;0;2;2;0;1;0;0;0;1;1
11;1;1200627;2021;4;18;4;3;2;6;0;0;1;0;0;0;0;0
11;4;4500936;2021;3;14;5;3;0;3;0;0;1;0;1;0;0;0
11;5;5100314;2021;5;17;3;3;3;6;0;0;1;0;0;0;1;0
11;2;2100103;2021;4;16;1;3;2;6;0;0;1;0;0;0;0;0
11;1;1100313;2021;5;7;2;3;5;3;0;0;1;0;0;0;0;1
11;9;9100304;2021;4;9;4;2;1;5;0;1;1;0;0;0;0;0
11;6;6400842;2021;5;19;1;2;3;6;0;0;1;0;1;0;0;0
11;1;1300835;2021;5;18;6;3;5;3;0;1;1;0;0;0;0;0
11;1;1100207;2021;4;9;3;3;5;3;0;0;1;0;0;0;0;0
11;1;1400938;2021;4;13;6;3;2;6;0;1;0;0;0;0;0;0
11;9;9301126;2021;3;6;4;3;5;3;0;0;1;0;0;0;0;0
11;11;11300620;2021;4;15;2;2;5;3;0;0;1;0;0;0;0;0
11;2;2200209;2021;5;16;3;3;5;7;0;0;1;0;0;0;0;0
11;3;3300411;2021;5;19;6;3;0;1;0;0;1;0;0;0;0;1
11;7;7300618;2021;5;23;3;3;1;5;2;0;1;0;0;0;1;0
11;1;1200517;2021;5;10;5;3;5;7;0;0;1;0;0;0;0;0
11;3;3601141;2021;4;5;6;2;5;2;1;1;1;0;0;0;0;0
11;3;3200308;2021;3;10;4;2;6;2;0;0;1;1;0;0;0;0
11;1;1100206;2021;5;11;3;3;5;3;0;1;1;0;0;0;0;0
11;3;3701660;2021;3;18;2;3;1;5;1;1;1;0;0;0;0;0
11;9;9401329;2021;4;3;4;3;7;7;2;0;0;0;1;0;0;0
11;4;4100101;2021;3;16;5;2;8;1;0;0;0;0;1;0;0;0
11;3;3601449;2021;5;21;2;3;1;5;2;0;1;0;0;0;0;0
11;4;4501045;2021;4;20;2;3;5;3;2;0;1;0;0;0;0;0
11;6;6200314;2021;5;8;2;3;1;5;0;1;1;0;0;0;0;0
11;12;12200412;2021;4;18;4;3;5;2;0;1;1;0;0;0;0;0
11;2;2500726;2021;5;7;7;3;5;2;0;0;1;0;0;0;1;0
11;1;1100206;2021;5;22;5;3;5;3;2;0;1;0;0;0;0;0
11;4;4501153;2021;4;10;2;3;5;2;0;1;0;0;0;0;1;0
11;8;8200726;2021;4;20;5;3;4;6;2;0;1;0;0;0;0;0
11;7;7100101;2021;4;15;3;3;5;2;0;0;1;0;0;1;0;0
11;1;1401049;2021;5;15;4;3;5;2;0;1;1;0;0;0;0;0
11;1;1100205;2021;4;17;3;3;5;3;0;1;1;0;0;0;0;0
11;9;9501941;2021;3;7;3;3;2;6;0;0;1;0;1;0;0;0
11;7;7300619;2021;4;12;6;2;0;3;0;1;1;0;0;0;0;0
11;12;12400722;2021;3;14;6;3;5;3;0;0;1;0;0;0;0;0
11;9;9200511;2021;5;19;3;2;3;6;0;0;1;0;1;0;0;1
11;5;5100101;2021;5;13;2;3;0;1;0;1;0;0;0;0;0;0
11;7;7200307;2021;4;14;6;3;2;6;0;0;1;0;1;0;0;0
11;10;10100209;2021;4;17;2;3;5;3;0;1;1;0;0;0;0;0
11;5;5100317;2021;5;22;6;2;6;4;2;0;1;1;0;0;0;0
11;4;4300619;2021;4;17;3;3;2;6;0;0;1;0;0;0;0;0
11;3;3300411;2021;3;13;3;3;6;7;0;0;1;1;0;0;0;0
11;5;5100210;2021;4;12;6;3;5;3;0;1;1;0;0;0;0;0
11;12;12601235;2021;4;9;3;3;5;7;0;0;1;0;0;0;1;0
11;2;2200209;2021;5;18;6;3;1;5;0;0;1;0;0;0;0;0
11;9;9501737;2021;3;15;4;3;2;2;0;1;1;0;0;0;0;0
11;3;3400829;2021;4;18;6;3;2;6;0;1;1;0;0;0;0;0
11;6;6200313;2021;3;11;7;3;2;6;0;1;1;0;0;0;0;1
11;3;3400828;2021;5;18;2;2;5;3;0;1;1;0;0;0;0;0
11;4;4300623;2021;5;12;5;3;6;4;0;0;1;1;0;0;0;1
11;7;7100205;2021;5;13;4;3;5;3;0;0;1;0;0;0;0;0
11;1;1100103;2021;4;22;6;3;5;2;2;0;1;0;0;0;1;0
11;12;12100102;2021;5;12;1;3;5;3;0;0;1;0;0;0;0;0
11;11;11200410;2021;4;17;4;3;5;3;0;1;1;0;0;0;0;0
11;11;11401137;2021;3;14;4;3;0;2;0;1;1;0;0;0;0;0
11;12;12200412;2021;4;15;1;2;5;3;0;1;1;0;0;0;0;0
11;1;1100102;2021;5;13;7;3;1;5;0;1;1;0;0;0;0;0
11;8;8100208;2021;5;10;7;3;5;7;0;0;1;0;0;0;0;0
11;11;11100204;2021;4;7;2;3;6;2;0;0;1;1;0;0;0;0
11;4;4300624;2021;5;21;2;3;1;5;2;0;1;0;0;0;0;0
11;5;5100317;2021;5;8;6;3;5;3;0;0;1;0;0;0;0;0
11;1;1100206;2021;5;8;4;3;5;2;0;1;1;0;0;0;0;0
11;1;1100415;2021;4;18;7;3;5;3;0;1;1;0;0;0;0;0
11;1;1100312;2021;4;9;5;3;1;5;0;1;1;0;0;0;0;0
11;2;2400624;2021;5;19;4;3;2;6;1;1;1;0;0;0;0;1
11;7;7400826;2021;4;14;3;3;2;6;0;0;1;0;0;0;0;0
11;9;9100305;2021;3;14;2;3;6;4;0;0;1;1;0;0;0;0
11;8;8301036;2021;4;13;5;2;2;6;0;0;1;0;0;0;1;0
11;2;2400623;2021;3;9;5;2;6;4;0;0;0;1;1;0;0;0
11;2;2100106;2021;5;9;3;3;0;4;0;1;0;1;0;0;0;1
11;1;1400940;2021;4;3;1;2;1;5;2;0;1;0;0;0;0;0
11;9;9200717;2021;5;11;2;3;6;7;0;0;1;1;0;0;0;0
11;3;3300411;2021;4;7;4;3;5;3;0;1;1;0;0;0;0;0
11;1;1300732;2021;5;11;1;3;0;6;0;0;1;0;1;0;0;0
11;3;3501038;2021;4;10;1;3;4;6;0;1;1;0;0;0;0;0
11;4;4300620;2021;5;11;6;3;1;1;0;1;1;0;0;0;0;0
11;2;2500834;2021;4;11;2;3;5;2;0;1;1;0;0;0;0;0
11;3;3601244;2021;4;18;6;3;6;7;0;1;0;1;0;0;0;1
11;7;7300619;2021;4;12;4;2;5;7;0;0;1;0;0;0;0;0
11;8;8100102;2021;5;0;5;3;5;3;2;0;1;0;0;0;0;1
11;6;6300525;2021;4;14;4;3;2;2;0;1;0;0;0;0;1;0
11;1;1200520;2021;3;15;3;3;2;2;0;1;1;0;0;0;0;0
11;7;7601544;2021;4;19;7;3;4;6;0;0;1;0;0;0;0;0
11;5;5100316;2021;3;7;7;3;5;7;0;0;1;0;0;0;1;0
11;7;7400823;2021;5;21;3;3;5;2;1;0;1;0;0;0;0;1
11;4;4501043;2021;5;18;2;3;0;3;0;1;1;0;0;0;0;0
11;2;2500836;2021;4;17;6;3;2;6;0;0;1;0;0;0;0;0
11;1;1200623;2021;5;17;6;3;3;6;0;1;1;0;0;0;0;1
11;8;8100314;2021;4;10;4;3;1;5;0;0;1;0;0;0;0;0
11;1;1100416;2021;3;15;2;3;1;5;0;1;0;0;0;0;1;0
11;8;8301036;2021;4;23;5;3;1;5;2;0;1;0;0;0;0;0
11;1;1100207;2021;4;11;3;3;5;2;0;1;1;0;0;0;0;0
11;2;2500835;2021;5;14;6;3;5;2;0;1;1;0;0;0;0;1
11;9;9301025;2021;5;23;6;3;1;5;2;0;1;0;0;0;0;1
11;8;8401241;2021;3;16;3;3;5;2;0;0;1;0;0;0;0;0
11;5;5300737;2021;4;8;2;3;0;2;0;1;1;0;0;0;0;0
11;4;4200310;2021;5;15;2;3;5;2;0;0;1;0;0;0;0;0
11;3;3200308;2021;5;15;5;3;2;2;0;1;1;0;0;0;0;0
11;1;1401044;2021;4;17;3;3;5;3;0;1;1;0;0;0;0;1
11;4;4200311;2021;5;14;4;3;2;6;0;0;1;0;0;0;1;0
11;10;10300731;2021;4;13;3;3;2;6;0;0;1;0;0;0;0;0
11;3;3100102;2021;3;10;2;3;5;2;0;0;1;0;1;0;0;0
11;12;12200309;2021;4;18;5;3;2;6;0;0;1;0;0;0;0;0
11;6;6100205;2021;3;0;7;3;5;7;2;0;1;0;0;0;0;0
11;2;2100101;2021;5;13;4;3;2;6;0;0;1;0;0;0;0;0
11;5;5100317;2021;5;16;2;3;4;2;0;1;1;0;0;0;0;0
11;12;12601032;2021;4;13;6;3;5;3;0;0;1;0;0;0;0;0
11;12;12100102;2021;4;21;2;3;2;6;2;1;1;0;0;0;0;0
11;8;8401241;2021;5;16;6;3;6;4;0;0;1;1;0;0;0;0
11;4;4300623;2021;4;16;4;3;5;2;0;1;0;0;0;0;1;0
11;2;2500831;2021;3;10;3;3;5;2;0;1;1;0;0;0;0;0
11;12;12100101;2021;4;17;4;3;5;3;0;0;1;0;0;0;0;0
11;12;12200309;2021;5;9;6;3;0;5;0;0;1;0;0;0;1;1
11;9;9100101;2021;5;21;6;3;5;3;0;0;1;0;0;0;0;0
11;2;2300315;2021;3;18;4;3;5;2;0;1;1;0;0;0;0;0
11;11;11300826;2021;4;7;6;3;7;7;0;1;0;0;0;0;0;0
11;2;2200210;2021;3;9;7;3;5;3;0;0;1;0;0;0;1;1
11;5;5100317;2021;5;18;2;3;0;1;0;1;0;0;0;0;0;0
11;8;8100521;2021;5;15;6;3;2;6;0;0;1;0;0;0;1;1
11;7;7400826;2021;5;1;4;3;1;7;2;0;1;0;0;0;0;0
11;1;1100206;2021;4;20;6;3;5;3;1;1;1;0;0;0;0;0
11;5;5100209;2021;5;21;7;3;5;2;0;0;1;0;0;0;0;0
11;5;5100316;2021;4;18;4;2;9;1;0;0;0;0;1;0;0;1
11;3;3701660;2021;3;13;4;3;6;7;0;1;0;1;0;0;0;0
11;5;5300735;2021;4;17;6;3;6;4;0;0;1;1;0;0;0;0
11;5;5100317;2021;4;10;2;2;2;6;0;0;1;0;0;0;0;0
11;11;11200410;2021;4;16;2;3;5;3;0;1;1;0;0;0;0;0
11;1;1100309;2021;5;11;1;3;1;5;0;1;1;0;0;0;0;1
11;6;6400838;2021;5;15;7;3;5;3;0;1;1;0;0;0;0;0
11;4;4501148;2021;4;13;3;3;0;7;0;0;0;0;0;0;1;0
11;7;7400927;2021;5;11;3;3;5;3;0;0;1;0;0;0;1;0
11;6;6100103;2021;5;20;7;3;2;6;1;0;1;0;0;0;0;0
11;1;1200623;2021;5;1;5;3;5;2;2;0;1;0;1;0;0;0
11;9;9301228;2021;4;12;1;2;9;1;0;0;1;0;0;0;0;1
11;7;7200307;2021;4;10;5;3;5;3;0;1;1;0;0;0;0;0
11;4;4400835;2021;5;16;5;3;5;3;0;0;1;0;0;0;0;1
11;6;6400839;2021;4;17;3;3;2;7;0;0;0;0;1;0;1;0
11;4;4500939;2021;3;23;2;3;3;6;2;0;1;0;0;0;0;0
11;10;10200629;2021;4;11;6;3;6;2;0;0;1;1;0;0;0;0
11;8;8200727;2021;3;11;5;3;5;3;0;1;1;0;0;0;0;0
11;8;8401246;2021;5;7;2;3;5;3;0;1;0;0;0;0;1;0
11;1;1300733;2021;4;17;1;3;2;6;0;0;1;0;1;0;0;0
11;6;6100207;2021;5;11;2;3;2;2;0;1;1;0;0;0;0;0
11;3;3400724;2021;4;6;4;2;5;3;0;1;1;0;0;0;0;0
11;7;7601544;2021;5;14;7;3;5;2;0;0;1;0;0;0;0;0
11;4;4100102;2021;4;18;7;3;0;6;0;0;1;0;1;0;0;0
11;2;2200211;2021;5;12;5;3;1;7;0;0;1;0;0;0;0;0
11;1;1300836;2021;4;12;3;3;0;6;0;1;1;0;0;0;0;0
11;12;12500927;2021;4;12;7;3;0;3;0;1;0;0;0;0;1;0
11;7;7300619;2021;4;1;4;2;1;5;2;1;1;0;0;0;0;0
11;6;6400843;2021;5;12;6;3;6;7;0;0;1;1;0;0;0;0
11;2;2200210;2021;4;22;5;3;0;7;2;1;0;0;0;0;0;1
11;12;12601235;2021;3;11;2;3;2;6;0;0;1;0;0;0;0;0
11;6;6300634;2021;4;9;1;3;5;2;0;0;0;0;1;0;1;0
11;5;5100316;2021;3;14;6;2;6;4;0;0;1;1;0;0;0;0
11;10;10400940;2021;5;17;4;3;5;2;0;0;1;0;0;0;1;1
11;1;1100206;2021;5;16;3;3;3;6;0;1;0;0;0;0;1;0
11;2;2500727;2021;4;19;6;3;2;6;0;1;1;0;0;0;0;0
11;6;6300527;2021;4;16;3;3;6;4;0;0;1;1;0;0;0;0
11;3;3601244;2021;3;14;3;3;5;3;0;0;1;0;0;0;0;0
11;1;1100103;2021;4;16;6;3;5;7;0;1;1;0;0;0;0;0
11;1;1401045;2021;5;14;7;3;6;2;0;0;1;1;0;0;0;1
11;3;3300517;2021;5;2;7;1;8;1;2;0;1;0;0;0;0;0
11;9;9200715;2021;3;15;4;3;2;6;0;0;1;0;0;0;0;0
11;9;9100306;2021;4;16;2;3;2;2;0;0;1;0;1;0;0;0
11;1;1300834;2021;5;18;2;3;2;6;0;0;1;0;0;0;0;0
11;4;4501042;2021;5;15;5;3;5;2;0;0;1;0;1;0;0;0
11;4;4300619;2021;5;20;4;3;0;7;0;0;0;0;1;0;0;0
11;4;4500937;2021;4;16;6;3;0;2;0;1;1;0;0;0;0;0
11;8;8100103;2021;4;15;5;3;3;6;0;0;1;0;1;0;0;0
11;10;10100311;2021;5;13;1;3;5;2;0;1;1;0;0;0;0;0
11;3;3601245;2021;5;18;3;3;5;2;0;1;0;0;0;0;0;0
11;2;2500833;2021;4;18;4;3;0;1;0;1;0;0;0;0;0;0
11;4;4501153;2021;3;13;4;3;5;2;0;1;1;0;0;0;0;0
11;11;11300617;2021;5;14;2;2;6;4;0;0;1;1;0;0;0;0
11;7;7100102;2021;4;19;2;3;2;7;0;1;1;0;0;0;0;0
11;2;2100106;2021;5;15;2;3;5;7;0;0;1;0;1;0;0;0
11;4;4300518;2021;5;11;2;2;5;7;0;1;1;0;0;0;0;0
11;9;9200818;2021;5;18;6;3;1;5;0;1;1;0;0;0;0;1
11;2;2200211;2021;5;7;5;3;6;4;0;0;0;1;0;0;1;0
11;11;11501340;2021;4;7;2;3;3;6;0;1;0;0;0;1;0;0
11;5;5100316;2021;4;7;5;2;0;1;0;0;0;0;1;0;0;0
11;8;8100312;2021;5;15;4;3;3;6;0;0;1;0;0;0;0;0
11;2;2200213;2021;5;19;4;3;2;6;0;1;0;0;0;0;1;0
11;4;4300517;2021;4;15;7;3;0;2;0;1;1;0;0;0;0;0
11;4;4501146;2021;5;19;7;3;0;5;0;1;0;0;0;0;1;0
11;6;6100208;2021;4;11;5;3;6;4;0;0;1;1;0;0;0;0
11;11;11100204;2021;3;15;4;3;5;2;0;1;0;0;0;0;1;0
11;6;6200423;2021;5;18;1;3;4;6;0;1;1;0;0;0;0;1
11;6;6400736;2021;4;14;1;2;7;7;0;1;0;0;0;0;0;0
11;6;6400840;2021;4;16;2;3;2;6;0;0;1;0;0;0;0;0
11;3;3200206;2021;5;15;2;3;6;7;0;0;1;1;0;0;0;0
11;1;1100103;2021;5;18;7;3;0;5;0;1;1;0;0;0;0;0
11;7;7100101;2021;5;17;3;3;2;6;0;0;1;0;0;0;1;0
11;8;8401139;2021;5;17;6;3;4;5;0;1;1;0;0;0;0;0
11;6;6100207;2021;5;14;4;3;2;6;0;1;1;0;0;0;0;0
11;12;12200411;2021;4;18;1;3;2;6;0;0;1;0;0;1;0;1
11;7;7601546;2021;3;12;4;2;2;6;0;0;1;0;0;0;0;0
11;11;11501340;2021;5;18;5;2;5;3;0;0;1;0;0;0;1;1
11;6;6100205;2021;4;15;3;2;6;4;0;0;1;1;0;0;0;0
11;8;8100208;2021;3;12;1;3;6;4;0;1;0;1;0;0;0;0
11;8;8200832;2021;4;10;6;3;6;4;0;0;1;1;0;0;0;0
11;2;2200209;2021;3;8;5;3;5;2;0;1;1;0;0;0;0;0
11;4;4501043;2021;5;7;3;2;5;2;0;1;0;0;0;1;0;0
11;5;5100105;2021;5;9;2;3;2;6;0;0;1;0;0;0;1;0
11;4;4300620;2021;4;10;5;3;0;6;0;0;1;0;0;0;1;1
11;7;7100102;2021;5;22;7;3;6;2;2;0;1;1;0;0;0;0
11;10;10100205;2021;4;12;7;2;0;6;0;0;1;0;1;0;0;0
11;4;4400834;2021;5;13;6;3;5;2;0;1;1;0;0;0;0;0
11;10;10300734;2021;4;16;2;3;1;3;0;0;1;0;0;0;0;0
11;2;2100105;2021;4;20;5;3;5;3;2;1;0;0;0;0;1;0
11;5;5100105;2021;5;12;6;3;5;3;0;0;1;0;0;0;0;1
11;4;4200310;2021;4;9;4;3;2;6;0;0;1;0;0;1;0;0
11;7;7601442;2021;3;13;3;3;5;3;0;0;1;0;1;0;0;0
11;9;9501939;2021;4;14;6;3;5;3;0;1;1;0;0;0;0;0
11;4;4501153;2021;3;13;6;3;3;6;0;0;1;0;1;0;0;0
11;7;7300517;2021;5;16;3;3;2;6;0;1;1;0;0;0;0;0
11;1;1200522;2021;5;22;4;3;5;2;2;1;1;0;0;0;0;0
11;6;6100103;2021;4;20;5;3;6;2;2;0;1;1;0;0;0;1
11;3;3300413;2021;4;9;5;3;6;4;0;0;1;1;0;0;0;0
11;3;3701556;2021;4;19;3;3;0;6;0;1;1;0;0;0;0;0
11;4;4300416;2021;3;11;3;3;3;6;0;1;1;0;0;0;0;0
11;3;3400724;2021;4;17;6;3;5;2;0;1;1;0;0;0;0;0
11;1;1300732;2021;5;15;1;2;0;1;0;0;1;0;1;0;0;1
11;4;4400726;2021;3;14;3;3;3;6;0;0;0;0;1;0;1;0
11;5;5200423;2021;4;7;2;3;5;7;0;0;0;0;1;1;0;0
11;10;10200418;2021;5;14;3;3;2;1;0;1;1;0;0;0;0;0
11;12;12200412;2021;5;16;6;3;2;6;0;0;1;0;0;1;0;1
11;5;5100105;2021;5;11;4;3;1;5;0;1;1;0;0;0;0;0
11;4;4200310;2021;5;17;4;3;5;3;0;0;1;0;0;0;0;0
11;7;7100102;2021;4;17;6;3;1;5;0;1;1;0;0;0;0;0
11;3;3601244;2021;4;9;5;3;5;3;0;1;1;0;0;0;0;0
11;5;5100314;2021;5;18;3;3;3;6;0;0;1;0;0;0;0;0
11;1;1100310;2021;3;10;1;3;5;2;0;0;1;0;0;0;0;0
11;5;5300841;2021;4;9;5;3;6;7;0;0;0;1;0;0;1;0
11;1;1300732;2021;3;17;5;3;5;2;0;1;1;0;0;0;0;0
11;3;3400826;2021;5;7;2;3;6;7;0;0;0;1;0;0;1;0
11;1;1300733;2021;4;9;2;3;5;3;0;1;1;0;0;0;0;1
11;12;12500825;2021;5;6;2;3;5;3;0;0;1;0;0;0;0;0
11;5;5100312;2021;4;13;5;2;5;7;0;0;1;0;0;0;0;1
11;4;4200311;2021;5;13;1;3;5;2;0;1;1;0;0;0;0;0
11;8;8200730;2021;5;20;6;2;2;7;0;0;1;0;0;0;0;0
11;2;2300316;2021;4;15;2;3;5;3;0;0;0;0;1;0;1;0
11;1;1100415;2021;4;22;5;3;2;7;2;1;1;0;0;0;0;0
11;8;8100312;2021;4;17;3;3;5;3;0;1;1;0;1;0;0;0
11;4;4300414;2021;5;12;4;3;1;5;0;1;1;0;0;0;0;0
11;11;11501238;2021;4;13;3;3;0;2;0;1;1;0;0;0;0;0
11;5;5100316;2021;3;11;3;3;5;2;0;0;1;0;0;0;1;0
11;5;5200633;2021;4;16;5;3;5;2;0;1;1;0;0;0;0;0
11;9;9100407;2021;3;16;6;3;2;2;0;0;1;0;0;0;0;0
11;4;4400728;2021;5;17;3;3;5;3;0;0;1;0;0;0;0;0
11;2;2400625;2021;5;17;4;3;3;6;0;1;1;0;0;0;0;0
11;7;7300517;2021;4;15;6;3;6;7;0;0;1;1;0;0;0;0
11;6;6300632;2021;4;8;3;3;5;3;0;1;1;0;0;0;0;0
11;12;12200309;2021;5;11;6;2;6;4;0;0;1;1;0;0;0;0
11;1;1401049;2021;4;9;3;3;5;2;0;1;1;0;0;0;0;0
11;1;1300836;2021;3;12;3;2;5;3;0;0;1;0;0;0;0;0
11;1;1200520;2021;4;10;4;3;5;2;0;1;1;0;0;0;0;0
11;12;12500927;2021;4;7;3;3;6;2;0;0;1;1;0;0;0;0
11;5;5100209;2021;5;10;6;3;5;2;0;0;1;0;0;0;0;1
11;12;12200515;2021;4;16;4;2;3;6;0;1;0;0;0;0;0;0
11;1;1100310;2021;3;18;3;3;2;6;0;0;1;0;0;0;0;0
11;9;9200512;2021;4;17;1;3;5;3;0;0;1;0;1;0;0;0
11;9;9502043;2021;3;1;7;3;9;1;2;0;1;0;0;0;0;0
11;7;7601442;2021;5;15;2;3;1;5;0;1;0;0;0;0;1;0
11;4;4200310;2021;5;9;5;3;5;2;0;1;1;0;0;0;0;0
11;10;10200417;2021;5;19;4;3;5;3;0;1;1;0;0;0;0;0
11;1;1100416;2021;4;14;6;3;2;6;0;0;1;0;0;0;0;0
11;1;1200518;2021;1;14;2;3;6;4;0;0;1;1;0;0;0;1
11;1;1300733;2021;2;16;1;3;5;2;0;1;1;0;0;0;0;0
11;3;3300514;2021;3;0;1;3;8;1;2;0;1;0;0;0;0;0
11;9;9301024;2021;1;12;3;3;0;7;0;0;1;0;0;0;0;0
11;2;2500833;2021;2;13;2;3;2;6;0;0;1;0;0;0;0;2
11;1;1200623;2021;2;17;5;3;2;2;1;0;1;0;0;0;0;0
11;5;5100316;2021;1;12;5;3;2;6;0;0;1;0;0;0;0;0
11;3;3200204;2021;3;12;4;3;5;2;0;1;1;0;0;0;0;0
11;7;7400823;2021;1;16;3;3;5;7;2;1;1;0;0;0;0;1
11;11;11200513;2021;1;9;3;3;5;3;0;1;1;0;0;0;0;1
11;8;8100314;2021;2;13;3;3;2;6;0;0;1;0;0;0;1;0
11;1;1100312;2021;3;11;2;3;1;5;0;0;1;0;0;0;1;0
11;8;8401245;2021;3;18;3;3;2;2;2;0;1;0;0;0;1;0
11;2;2100106;2021;2;12;2;2;2;6;0;0;1;0;0;0;0;1
11;3;3601245;2021;2;17;7;3;0;2;2;1;1;0;0;0;0;0
11;3;3500934;2021;1;16;7;3;5;2;2;0;1;0;0;0;1;1
11;1;1300836;2021;2;6;2;3;5;7;2;1;1;0;0;0;0;1
11;4;4200311;2021;3;7;5;2;5;3;0;1;1;0;0;0;0;0
11;4;4501042;2021;2;7;4;3;2;2;0;0;1;0;0;0;0;0
11;2;2200210;2021;1;7;7;3;9;1;0;0;1;0;0;0;0;0
11;3;3500936;2021;3;11;5;3;5;3;0;1;0;0;0;0;1;0
11;7;7400823;2021;3;11;5;2;5;7;0;0;1;0;0;0;0;1
11;6;6200317;2021;3;7;6;3;5;3;0;0;1;0;0;0;0;0
11;11;11200514;2021;2;16;5;3;6;7;0;0;1;1;0;0;0;0
11;2;2500835;2021;1;3;1;3;0;1;2;0;0;0;0;0;1;0
11;8;8200726;2021;3;5;3;3;6;4;2;0;0;1;0;0;1;1
11;2;2100101;2021;1;12;3;3;5;7;0;1;1;0;0;0;0;1
11;11;11300722;2021;2;6;4;3;6;2;2;0;1;1;0;0;0;1
11;3;3200207;2021;3;15;3;3;2;6;0;0;1;0;0;0;0;0
11;10;10100209;2021;2;13;5;3;6;4;0;0;1;1;0;0;0;2
11;11;11300617;2021;2;17;5;3;2;6;0;0;1;0;0;0;1;0
11;8;8200832;2021;1;5;3;3;6;2;2;0;0;1;0;0;1;1
11;6;6300634;2021;3;15;5;3;5;2;0;0;1;0;0;0;0;0
11;9;9200715;2021;1;17;6;3;5;3;2;0;1;0;0;0;0;1
11;11;11200411;2021;3;14;1;3;5;2;0;0;1;0;0;0;0;0
11;10;10400837;2021;3;13;2;3;5;3;0;1;1;0;0;0;0;0
11;3;3200205;2021;1;14;3;2;5;3;0;0;1;0;0;0;0;1
11;12;12500824;2021;1;13;4;2;1;5;0;0;1;0;0;0;0;1
11;1;1300834;2021;2;16;1;3;2;6;0;0;1;0;0;0;0;0
11;3;3500935;2021;3;15;2;3;6;6;0;1;0;1;0;0;0;0