LAND;BEZ;LOR_ab_2021;UJAHR;UMONAT;USTUNDE;UWOCHENTAG;UKATEGORIE;UART;UTYP1;ULICHTVERH;IstRad;IstPKW;IstFuss;IstKrad;IstGkfz;IstSonstige;USTRZUSTAND
11;2;2400623;2021;1;16;5;3;2;6;0;0;1;0;0;0;0;1
11;3;3601243;2021;3;20;3;2;5;3;2;0;1;0;0;0;0;0
11;4;4501040;2021;1;8;4;3;5;2;0;1;1;0;0;0;0;1
11;9;9100306;2021;2;5;6;3;6;2;2;0;1;1;0;0;0;1
11;6;6300632;2021;3;16;2;2;6;4;0;0;1;1;0;0;0;0
11;3;3400829;2021;1;13;4;3;5;3;0;1;1;0;0;0;0;1
11;10;10400837;2021;3;9;4;3;0;3;0;1;1;0;0;0;0;0
11;11;11401137;2021;2;21;2;2;0;7;2;0;1;0;0;0;0;0
11;9;9200715;2021;1;16;5;3;5;2;1;1;0;0;0;0;1;0
11;2;2500833;2021;1;19;5;3;0;1;2;1;0;0;0;0;0;1
11;1;1200623;2021;3;15;6;3;1;5;0;1;0;0;0;0;1;0
11;11;11501339;2021;2;16;2;3;5;3;0;1;1;0;0;0;0;0
11;1;1100206;2021;3;15;3;3;3;6;0;1;1;0;0;0;0;0
11;5;5200629;2021;3;18;5;2;6;4;2;0;0;1;0;0;1;1
11;10;10100311;2021;2;7;3;3;5;2;0;0;1;0;0;0;1;2
11;2;2100102;2021;3;15;3;2;1;5;0;1;1;0;0;0;1;0
11;5;5200423;2021;1;17;7;3;5;2;2;0;1;0;0;0;0;1
11;9;9200715;2021;2;6;5;2;5;3;2;0;1;0;0;0;1;1
11;9;9200511;2021;2;14;5;3;1;5;0;0;1;0;0;0;1;1
11;11;11200512;2021;3;20;7;3;5;2;2;0;1;0;0;0;1;0
11;6;6100205;2021;2;12;4;3;0;2;0;1;1;0;0;0;0;0
11;8;8100206;2021;1;16;6;3;3;6;0;1;1;0;0;0;0;0
11;12;12601134;2021;3;13;6;2;6;4;0;0;1;1;0;0;0;0
11;3;3200207;2021;1;19;6;2;6;4;2;0;1;1;0;0;0;1
11;5;5100316;2021;3;21;7;3;3;6;2;0;1;0;0;0;0;1
11;12;12601235;2021;3;8;2;3;5;2;0;0;1;0;0;0;1;0
11;7;7601442;2021;2;14;5;3;0;5;0;0;1;0;0;0;0;0
11;4;4501150;2021;1;10;6;3;6;7;0;0;1;1;0;0;0;1
11;8;8300935;2021;1;14;1;3;6;4;0;0;1;1;0;0;0;0
11;12;12601235;2021;3;5;3;2;2;7;2;0;1;0;0;0;1;1
11;9;9200510;2021;3;17;4;3;5;2;0;1;1;0;0;0;0;0
11;10;10100205;2021;2;7;3;3;5;3;0;0;1;0;0;0;0;2
11;4;4500939;2021;3;16;3;3;5;3;0;1;1;0;0;0;0;0
11;1;1100308;2021;1;7;6;3;6;4;2;0;1;1;0;0;0;0
11;7;7400825;2021;2;14;2;3;6;2;0;0;1;1;0;0;0;2
11;3;3701555;2021;2;14;5;3;6;4;0;1;1;1;0;0;0;1
11;11;11400930;2021;3;10;7;2;5;3;0;0;1;0;0;0;0;0
11;1;1200623;2021;2;15;4;3;2;6;0;0;1;0;0;0;0;0
11;4;4300623;2021;1;18;7;3;1;5;2;1;1;0;0;0;0;1
11;8;8100415;2021;3;17;4;2;5;2;1;0;1;0;0;0;1;0
11;3;3400829;2021;3;16;5;3;5;3;0;0;1;0;0;0;0;1
11;6;6300631;2021;2;16;6;3;5;3;1;1;1;0;0;0;0;1
11;1;1100309;2021;3;21;7;2;5;3;2;1;0;0;0;0;0;1
11;8;8200725;2021;2;15;7;3;5;3;0;0;1;0;0;0;0;0
11;8;8401241;2021;1;12;2;3;5;7;0;0;1;0;0;1;0;1
11;4;4500938;2021;1;7;2;3;1;5;2;1;1;0;0;0;0;1
11;1;1300733;2021;1;16;3;2;0;2;1;0;1;0;1;0;0;1
11;4;4200207;2021;1;14;5;3;5;2;0;1;0;0;0;0;0;1
11;6;6300526;2021;3;16;3;3;5;3;0;0;1;0;0;0;0;0
11;9;9401329;2021;1;12;3;3;5;3;0;1;0;0;0;1;0;1
11;7;7300619;2021;2;12;2;3;5;2;0;0;1;0;0;0;0;2
11;2;2100104;2021;2;8;5;3;0;1;0;0;0;0;1;0;0;1
11;7;7400823;2021;1;13;2;3;3;6;0;0;1;0;0;0;0;0
11;10;10400835;2021;3;19;5;3;5;3;2;0;1;0;0;0;0;0
11;2;2400623;2021;1;17;1;3;1;5;2;1;1;0;0;0;0;1
11;4;4501042;2021;3;13;2;3;1;5;0;0;1;0;0;0;0;0
11;8;8200832;2021;1;18;3;3;6;2;2;0;1;1;0;0;0;1
11;6;6200316;2021;1;16;3;3;2;6;1;0;1;0;0;0;0;0
11;4;4400727;2021;2;8;2;3;6;4;0;0;0;1;0;0;1;0
11;1;1100308;2021;3;13;3;3;0;7;0;0;1;0;0;0;1;0
11;12;12200310;2021;3;15;5;3;6;4;0;0;0;1;0;0;1;1
11;1;1300732;2021;1;8;4;3;5;2;0;1;1;0;0;0;0;0
11;1;1200624;2021;2;14;6;3;2;6;0;0;1;0;0;0;1;1
11;7;7601340;2021;3;16;2;3;2;3;0;1;1;0;0;0;0;0
11;4;4300416;2021;1;4;3;3;9;1;2;0;1;0;0;0;0;1
11;4;4400830;2021;3;5;5;3;1;5;2;1;0;0;0;0;1;0
11;8;8401241;2021;2;15;3;3;2;6;0;0;1;0;0;0;0;1
11;1;1300836;2021;1;8;5;2;3;6;0;1;0;0;0;0;1;0
11;1;1401045;2021;1;9;5;3;2;6;0;0;1;0;0;1;0;1
11;2;2400521;2021;3;11;5;3;5;2;0;1;1;0;0;0;0;0
11;2;2200209;2021;2;13;2;3;5;2;0;0;1;0;1;0;0;0
11;7;7501134;2021;3;12;4;2;6;4;0;0;1;1;0;0;0;1
11;9;9200715;2021;3;9;5;3;5;2;0;0;1;0;0;0;0;0
11;6;6200313;2021;2;6;4;2;6;2;2;0;1;1;0;0;0;1
11;12;12200412;2021;3;13;2;3;5;7;0;0;1;0;0;0;0;0
11;6;6100102;2021;1;17;5;2;5;2;2;0;1;0;0;0;0;1
11;1;1200518;2021;2;13;5;3;5;2;0;1;1;0;0;0;0;1
11;2;2500833;2021;1;9;5;3;0;1;0;0;0;0;1;0;0;1
11;2;2300316;2021;3;17;6;3;5;2;0;1;1;0;0;0;0;0
11;7;7601238;2021;2;7;4;3;2;6;0;0;1;0;0;0;0;0
11;4;4100102;2021;1;16;6;3;0;7;1;1;0;0;0;0;0;1
11;4;4501149;2021;3;13;6;3;5;2;0;1;1;0;0;0;0;0
11;8;8100311;2021;1;21;6;3;1;5;2;1;1;0;0;0;0;1
11;3;3400827;2021;3;19;6;2;2;5;2;1;1;0;0;0;0;0
11;8;8100209;2021;2;18;6;3;0;7;2;0;1;0;0;0;0;0
11;11;11300721;2021;1;0;7;3;0;1;2;1;0;0;0;0;0;0
11;5;5100209;2021;1;18;2;3;5;2;2;0;1;0;0;0;0;1
11;3;3601142;2021;1;10;3;2;6;4;0;1;0;1;0;0;0;0
11;9;9100407;2021;2;10;6;3;6;4;0;0;1;1;0;0;0;0
11;7;7200409;2021;3;4;1;3;1;1;2;0;1;0;0;0;0;0
11;1;1100309;2021;2;13;2;3;2;6;0;0;1;0;0;0;0;2
11;4;4500937;2021;2;16;5;3;2;6;0;0;1;0;0;0;0;0
11;5;5200527;2021;1;17;2;1;6;4;2;0;1;1;0;0;0;0
11;1;1401046;2021;3;12;4;3;5;2;0;0;1;0;0;0;0;0
11;4;4300623;2021;1;1;7;3;0;4;2;0;1;1;0;0;0;2
11;12;12400617;2021;2;17;6;2;5;3;2;1;1;0;0;0;0;1
11;2;2400623;2021;1;11;3;3;5;3;0;1;1;0;0;0;0;1
11;4;4300517;2021;1;19;3;3;6;2;2;0;1;1;0;0;0;1
11;4;4300619;2021;2;19;2;3;5;2;2;1;1;0;0;0;0;0
11;4;4501042;2021;3;10;2;2;3;5;0;1;1;0;0;0;0;0
11;4;4300416;2021;3;13;4;3;5;7;0;1;1;0;0;0;0;0
11;1;1200522;2021;1;10;3;3;5;3;0;1;1;0;0;0;0;1
11;6;6400737;2021;2;13;7;3;0;6;0;1;0;0;0;0;1;0
11;11;11300721;2021;3;17;3;3;0;1;0;0;0;0;1;0;0;0
11;1;1100102;2021;1;11;3;3;2;6;0;0;1;0;0;0;1;0
11;1;1400938;2021;2;10;4;3;6;4;0;0;1;1;0;0;0;2
11;8;8100313;2021;2;18;5;3;0;4;1;0;0;1;1;0;0;0
11;7;7601544;2021;1;16;2;3;2;6;0;0;1;0;0;0;0;0
11;2;2200210;2021;3;12;4;3;5;3;0;1;1;1;0;0;0;0
11;5;5100315;2021;3;21;2;2;6;4;2;0;1;1;1;0;0;0
11;6;6300633;2021;1;11;2;2;9;1;0;0;1;0;0;0;0;2
11;1;1401047;2021;1;7;4;3;5;2;2;1;1;0;0;0;0;1
11;9;9100304;2021;2;17;2;3;6;2;1;0;1;1;0;0;0;0
11;4;4200310;2021;3;20;2;3;5;3;2;0;1;0;0;0;1;1
11;2;2400623;2021;3;12;4;3;5;2;0;1;1;0;0;0;0;0
11;3;3701658;2021;2;17;1;3;2;6;2;0;1;0;0;0;0;2
11;11;11300721;2021;2;11;7;3;0;7;0;1;1;0;0;0;1;0
11;1;1300733;2021;1;12;4;3;6;7;0;0;1;1;0;0;0;1
11;12;12500930;2021;2;15;3;3;5;2;0;1;1;0;0;0;0;0
11;5;5200420;2021;2;11;7;3;4;6;0;0;1;0;0;0;1;2
11;9;9401329;2021;1;22;4;3;7;7;2;0;0;0;1;0;0;0
11;12;12200515;2021;3;13;6;3;2;7;0;0;1;0;0;0;0;0
11;1;1300835;2021;2;16;2;3;5;2;0;0;1;0;0;0;0;0
11;10;10100313;2021;1;12;5;2;2;6;0;0;1;0;1;0;0;0
11;1;1401044;2021;3;15;4;3;1;1;0;0;1;0;0;0;1;1
11;1;1100310;2021;3;19;5;3;0;1;2;0;0;0;0;0;1;1
11;3;3601140;2021;3;9;7;3;5;2;0;1;0;0;0;0;1;0
11;7;7601545;2021;2;20;4;3;0;5;2;0;1;0;0;0;0;0
11;12;12500824;2021;3;18;2;3;6;2;2;0;1;1;0;0;0;0
11;12;12500928;2021;1;19;5;3;6;4;2;0;1;1;0;0;0;1
11;9;9100101;2021;2;19;4;3;6;2;2;0;1;1;0;0;0;1
11;3;3200310;2021;3;17;6;3;0;4;0;0;1;1;0;0;0;0
11;3;3601453;2021;2;17;7;3;5;2;2;1;1;0;0;0;0;2
11;3;3200204;2021;2;15;4;2;5;2;0;1;1;0;0;0;0;0
11;12;12100205;2021;1;9;3;3;2;6;0;0;1;0;0;0;0;2
11;8;8100312;2021;3;8;5;3;0;6;0;0;1;0;1;0;0;0
11;9;9100305;2021;2;18;1;3;5;2;2;0;1;0;0;0;1;2
11;11;11100204;2021;3;15;7;3;5;2;0;0;1;0;0;0;0;1
11;6;6200314;2021;1;18;5;3;2;6;2;0;1;0;0;0;0;1
11;8;8100104;2021;1;16;1;3;0;5;2;1;1;0;0;0;0;1
11;8;8100102;2021;2;16;1;2;5;2;0;0;1;0;1;0;0;0
11;1;2100104;2021;3;16;2;3;2;7;0;0;1;0;0;0;0;0
11;7;7501031;2021;1;11;4;3;5;3;0;1;0;0;0;1;0;0
11;4;4400834;2021;2;18;4;3;6;4;2;0;1;1;0;0;0;2
11;12;12400723;2021;2;12;5;3;5;3;0;0;1;0;0;0;0;0
11;11;11300617;2021;1;18;4;3;5;2;2;1;1;0;0;0;0;0
11;8;8100209;2021;3;7;4;3;2;6;0;0;1;0;0;0;0;0
11;4;4501152;2021;1;14;6;3;5;2;0;1;1;0;0;0;0;0
11;4;4200308;2021;1;13;3;3;2;2;0;0;1;0;0;0;0;2
11;1;1100102;2021;1;19;3;3;0;6;2;0;1;0;1;0;0;1
11;3;3500934;2021;2;15;2;3;5;3;0;0;1;0;0;0;0;0
11;4;4300624;2021;3;18;3;2;5;3;2;1;1;0;0;0;0;0
11;3;3501038;2021;3;17;4;3;1;5;0;1;0;0;0;1;0;0
11;4;4400726;2021;2;17;7;3;6;6;2;0;1;1;0;0;0;2
11;7;7601236;2021;2;21;7;2;6;4;2;0;1;1;0;0;0;0
11;7;7501029;2021;1;18;6;2;6;3;2;0;1;1;0;0;0;1
11;7;7400823;2021;2;16;3;3;6;2;2;0;0;1;1;0;0;1
11;9;9100304;2021;1;11;3;3;6;4;0;1;1;1;0;0;0;1
11;9;9501838;2021;3;17;5;3;2;6;0;0;1;0;0;0;0;0
11;7;7100102;2021;3;7;7;3;8;1;0;0;1;0;0;0;0;0
11;9;9502043;2021;2;14;4;3;5;3;0;1;1;0;0;0;0;0
11;1;1300733;2021;1;23;5;3;9;1;2;0;1;0;0;0;0;1
11;9;9200819;2021;3;7;4;3;5;2;0;1;1;0;0;0;0;0
11;1;1100309;2021;3;15;6;3;1;5;0;1;0;0;0;1;0;0
11;12;12200412;2021;3;6;2;3;2;6;0;0;1;0;0;0;0;0
11;1;1300834;2021;2;18;2;3;2;6;2;0;1;0;0;0;0;2
11;6;6100208;2021;1;11;2;3;5;7;0;0;1;0;0;0;1;2
11;7;7400720;2021;3;14;3;2;5;2;0;0;1;0;0;0;1;0
11;4;4300624;2021;1;20;2;3;6;2;2;0;1;1;0;0;0;1
11;7;7601547;2021;2;9;4;2;6;7;0;0;1;1;0;0;0;1
11;10;10300734;2021;2;13;6;2;6;4;0;0;1;1;0;0;0;1
11;11;11401137;2021;3;8;2;3;2;6;0;1;1;0;0;0;0;0
11;4;4300622;2021;1;8;4;3;5;2;0;1;1;0;0;0;0;1
11;9;9401329;2021;2;11;3;3;1;5;0;0;1;0;0;0;0;1
11;7;7601238;2021;1;9;5;2;2;2;0;0;1;0;0;0;0;0
11;7;7200308;2021;3;16;6;3;0;4;0;1;0;1;0;0;0;0
11;9;9200510;2021;2;17;3;3;6;7;1;1;0;1;0;0;0;0
11;8;8100102;2021;1;14;7;3;1;5;0;0;1;0;0;0;1;1
11;4;4400728;2021;3;17;4;2;6;4;0;0;1;1;0;0;0;0
11;8;8100208;2021;3;8;5;3;0;2;0;1;1;0;0;0;0;1
11;8;8200726;2021;3;17;1;3;5;2;1;0;1;0;0;0;0;0
11;9;9200715;2021;2;11;3;3;5;3;0;0;1;0;0;0;0;1
11;10;10100312;2021;3;15;3;3;5;3;0;1;1;0;0;0;0;0
11;7;7100101;2021;1;17;5;3;1;5;2;1;1;0;0;0;0;1
11;3;3400619;2021;2;16;4;3;5;3;0;0;1;0;0;0;0;1
11;9;9501737;2021;3;8;6;3;0;3;0;0;1;0;0;0;0;1
11;11;2500835;2021;2;16;4;3;2;6;0;0;1;0;0;0;1;0
11;1;1200623;2021;1;20;2;3;6;4;2;1;0;1;0;0;0;0
11;3;3500936;2021;3;14;6;3;5;2;0;0;1;0;0;0;1;1
11;1;1200628;2021;3;17;7;3;5;2;0;1;1;0;0;0;0;1
11;10;10200421;2021;3;12;2;3;2;6;0;0;1;0;0;0;0;0
11;6;6400844;2021;1;15;5;2;0;2;0;0;1;0;0;0;1;1
11;4;4501043;2021;1;14;1;3;6;7;0;0;1;1;0;0;0;0
11;1;1100310;2021;2;20;2;3;5;2;2;0;1;0;0;0;0;0
11;3;3100101;2021;3;16;2;3;0;1;0;0;0;0;0;0;1;0
11;6;6100209;2021;1;17;4;3;6;4;2;0;1;1;0;0;0;0
11;12;12500825;2021;2;14;3;3;5;3;0;0;1;0;0;0;0;2
11;7;7400721;2021;2;17;5;3;4;6;0;1;0;0;0;0;0;0
11;4;4501152;2021;1;18;3;3;6;2;2;0;1;1;0;0;0;1
11;3;3601142;2021;3;9;4;3;0;1;0;1;0;0;0;0;0;0
11;9;9100304;2021;1;3;6;3;2;7;2;0;1;0;0;0;0;0
11;7;7400720;2021;1;17;5;3;2;6;2;0;1;0;1;0;0;1
11;1;1300834;2021;1;17;4;3;2;6;2;0;1;1;0;0;0;1
11;9;9401534;2021;2;14;2;3;0;6;0;0;1;0;1;0;0;0
11;8;8100206;2021;3;19;3;3;2;7;2;1;1;0;0;0;0;0
11;7;7501031;2021;3;15;4;3;1;5;0;1;1;0;0;0;0;0
11;7;7501133;2021;2;17;3;3;2;6;2;0;1;0;0;0;1;1
11;3;3601141;2021;3;7;3;2;5;2;0;1;1;0;0;0;0;0
11;11;11501340;2021;1;18;7;2;6;4;2;0;1;1;0;0;0;0
11;2;2100101;2021;2;8;2;3;5;2;0;1;1;0;0;0;0;0
11;9;9100203;2021;3;8;6;3;2;7;0;0;1;0;0;0;0;0
11;5;5100208;2021;2;13;7;3;4;1;0;0;1;0;0;0;0;2
11;7;7601544;2021;2;12;5;3;5;3;0;1;1;0;0;0;0;0
11;1;1100310;2021;1;20;6;3;0;7;2;0;1;0;0;0;0;0
11;1;1100313;2021;3;13;5;3;5;2;0;1;1;0;0;0;0;0
11;2;2500835;2021;3;20;5;3;2;6;2;1;1;0;0;0;0;1
11;4;4300623;2021;3;6;2;3;2;6;0;0;1;0;1;0;0;0
11;12;12100205;2021;2;18;6;3;2;6;2;0;1;0;0;0;0;0
11;4;4300416;2021;1;13;6;3;5;2;0;1;1;0;0;0;0;1
11;8;8100102;2021;3;12;3;3;5;2;0;1;1;0;0;0;0;0
11;10;10100101;2021;1;17;1;2;6;4;2;0;1;1;1;0;0;1
11;8;8200622;2021;2;5;4;3;1;5;2;0;1;0;0;0;0;1
11;2;2300419;2021;3;15;3;3;5;3;0;1;0;0;0;0;0;0
11;11;11300722;2021;2;17;2;3;0;1;2;0;0;0;1;0;0;2
11;1;1100101;2021;2;11;6;2;6;7;0;0;1;1;0;0;0;0
11;8;8100207;2021;1;15;2;3;5;3;0;1;0;0;0;0;1;0
11;5;5100105;2021;3;9;5;3;5;2;0;0;1;0;0;0;1;1
11;5;5200632;2021;1;11;7;3;8;1;0;0;1;0;0;0;0;2
11;10;10100205;2021;3;17;1;3;5;3;1;0;1;0;0;0;0;1
11;4;4300518;2021;1;17;2;2;5;3;2;1;1;0;0;0;0;1
11;2;2100102;2021;1;7;3;2;5;3;2;0;1;0;0;0;0;1
11;4;4200310;2021;2;19;2;2;1;1;2;0;1;0;0;0;0;0
11;7;7601544;2021;3;10;3;3;5;2;0;1;0;0;1;0;0;0
11;2;2500728;2021;3;15;4;3;6;4;0;1;0;1;0;0;0;0
11;12;12200515;2021;1;14;4;3;3;2;0;0;1;0;0;0;1;0
11;8;8100520;2021;2;14;2;3;3;2;0;0;1;0;0;0;0;1
11;2;2300316;2021;3;16;2;3;0;3;0;0;1;0;1;0;0;0
11;4;4500936;2021;1;18;4;3;6;2;2;0;1;1;0;0;0;1
11;2;2500831;2021;3;12;6;3;3;6;0;1;0;0;0;1;0;0
11;7;7501031;2021;2;12;4;3;5;7;0;0;1;0;0;0;1;1
11;5;5100105;2021;2;12;6;3;5;3;0;1;1;0;0;0;0;0
11;5;5300840;2021;1;13;2;3;2;6;0;0;1;0;1;0;0;0
11;1;1100103;2021;3;18;5;2;6;4;1;0;0;1;1;0;0;0
11;3;3400721;2021;3;13;6;2;5;2;0;1;1;0;0;0;0;0
11;11;11300722;2021;3;14;2;3;1;5;0;1;1;0;0;0;0;0
11;4;4300414;2021;1;11;3;3;5;3;0;0;1;0;0;0;0;1
11;1;1400938;2021;1;20;3;3;5;3;2;0;1;0;0;0;0;1
11;9;9200511;2021;2;5;2;2;5;3;2;0;1;0;1;0;0;0
11;3;3400620;2021;3;22;1;2;5;2;2;0;1;0;0;0;0;1
11;11;11401033;2021;1;7;5;2;6;2;2;0;1;1;0;0;0;1
11;9;9100202;2021;2;13;1;3;5;7;0;0;1;0;0;0;0;2
11;10;10100104;2021;2;21;7;3;1;5;2;0;0;0;0;1;1;0
11;2;2100104;2021;1;6;4;3;5;3;2;1;1;0;0;0;0;1
11;7;7501029;2021;3;12;4;3;2;6;0;1;0;0;0;0;1;0
11;11;11100206;2021;2;5;3;3;5;2;2;0;1;0;0;0;0;1
11;6;6200314;2021;1;12;4;3;0;5;0;0;1;0;1;0;0;0
11;2;2100106;2021;1;13;5;3;0;1;0;1;0;0;0;0;0;2
11;10;10400938;2021;3;12;6;3;5;3;0;0;1;0;0;0;0;0
11;10;10100311;2021;2;13;2;3;5;2;0;0;1;0;0;0;0;0
11;3;3300514;2021;3;10;2;3;5;3;0;0;1;0;0;0;0;0
11;11;11300619;2021;3;13;5;3;5;3;0;1;1;0;0;0;0;0
11;6;6400840;2021;2;13;5;3;0;1;0;1;1;0;0;0;0;1
11;7;7601341;2021;3;21;3;3;2;6;2;0;1;0;0;0;0;0
11;12;12500825;2021;1;15;5;3;2;6;1;0;1;0;0;0;0;1
11;1;1300733;2021;2;19;4;3;6;4;2;0;1;1;0;0;0;1
11;12;12601133;2021;2;15;2;3;5;3;0;0;1;0;0;0;0;2
11;12;12100205;2021;3;10;7;2;2;6;0;0;1;0;0;0;1;0
11;4;4200311;2021;2;14;4;3;5;3;0;1;0;0;0;0;0;0
11;8;8100105;2021;1;13;1;2;9;7;0;0;1;1;0;0;1;1
11;4;4501147;2021;3;21;5;3;6;4;2;0;1;1;0;0;0;1
11;11;11100206;2021;3;17;1;3;5;3;0;1;1;0;0;0;0;1
11;9;9100101;2021;3;10;2;2;5;3;0;1;1;0;0;0;0;0
11;2;2500831;2021;2;14;6;3;6;4;0;1;0;1;0;0;0;0
11;1;1100104;2021;1;14;7;3;9;7;0;0;1;0;0;0;0;0
11;8;8200726;2021;1;14;3;3;5;2;0;1;1;0;0;0;0;1
11;3;3701555;2021;1;14;3;3;1;5;0;1;1;0;0;0;0;1
11;5;5200528;2021;2;9;5;3;2;6;0;0;1;0;0;0;0;1
11;11;11200411;2021;3;15;3;2;5;2;0;1;1;0;0;0;0;0
11;1;1100206;2021;1;14;3;3;0;1;0;1;0;0;0;0;0;0
11;4;4501148;2021;2;9;3;3;5;2;0;0;1;0;0;0;0;2
11;1;1100308;2021;2;20;5;3;5;3;2;1;1;0;0;0;0;0
11;5;5100313;2021;1;13;2;2;3;6;0;1;1;0;0;0;0;0
11;4;4501042;2021;3;14;4;3;1;5;0;0;0;0;1;0;1;0
11;2;2200210;2021;2;17;6;3;5;3;2;0;1;0;0;0;0;1
11;9;9501939;2021;3;18;2;3;2;6;2;0;1;0;0;0;0;0
11;8;8100520;2021;1;17;2;3;6;2;2;0;0;1;0;1;0;1
11;1;1300835;2021;1;8;3;3;6;4;0;0;0;1;0;0;1;0
11;7;7601340;2021;2;14;1;3;6;2;0;0;1;1;0;0;0;0
11;2;2300419;2021;3;8;3;3;6;4;0;0;1;1;0;0;0;0
11;7;7601237;2021;3;16;4;2;5;3;0;0;1;0;1;0;0;0
11;2;2200210;2021;2;11;7;3;5;7;0;0;1;0;0;0;0;0
11;4;4400831;2021;2;11;7;3;5;3;0;0;1;0;0;0;0;0
11;8;8100208;2021;1;12;4;3;5;3;0;0;1;0;0;0;0;1
11;4;4100102;2021;3;17;5;3;2;2;1;0;1;0;0;0;1;0
11;4;4100101;2021;2;15;3;3;5;2;0;0;1;0;0;0;0;1
11;2;2100101;2021;1;10;4;3;5;3;0;0;1;0;0;0;1;0
11;8;8100419;2021;3;19;5;3;6;2;2;0;1;1;0;0;0;1
11;6;6400735;2021;2;15;3;3;5;3;0;1;1;0;0;0;0;0
11;12;12400618;2021;3;13;4;3;2;2;0;0;1;0;0;0;0;0
11;5;5200526;2021;3;10;5;3;3;6;0;0;1;0;0;0;0;1
11;2;2200210;2021;2;17;3;3;6;4;2;1;1;1;0;0;0;2
11;5;5100209;2021;3;19;3;3;5;2;2;0;1;0;0;0;1;0
11;4;4400726;2021;1;14;5;3;2;6;0;0;1;0;0;0;0;0
11;4;4200308;2021;2;10;4;3;0;1;0;0;1;0;0;0;0;1
11;6;6200423;2021;3;18;1;3;0;7;2;0;1;0;0;0;0;1
11;2;2200210;2021;3;14;4;3;6;7;0;0;1;1;0;0;0;0
11;6;6400840;2021;2;11;3;3;5;3;0;0;1;0;0;0;0;1
11;3;3200309;2021;2;14;6;3;5;3;0;0;1;0;0;0;0;2
11;10;10200421;2021;1;14;5;3;2;7;0;0;1;0;0;0;0;0
11;5;5200423;2021;1;6;5;2;6;2;1;0;1;1;0;0;0;2
11;4;4501044;2021;3;16;5;3;5;3;0;1;1;0;0;0;0;0
11;10;10100316;2021;2;16;3;3;2;6;0;0;1;0;0;0;0;0
11;9;9200715;2021;3;8;4;3;2;6;0;0;1;0;0;0;0;0
11;1;1100416;2021;1;19;5;3;2;6;2;1;1;0;0;0;0;0
11;11;11300721;2021;3;6;5;3;0;1;1;1;0;0;0;0;0;1
11;6;6200423;2021;2;7;5;3;2;6;0;0;1;0;0;0;0;1
11;12;12500927;2021;3;16;3;3;6;7;0;1;0;1;0;0;0;0
11;3;3601245;2021;1;16;5;3;3;6;1;1;0;0;0;1;0;1
11;7;7100102;2021;2;12;5;3;5;2;0;0;1;0;0;0;0;1
11;5;5100317;2021;2;6;2;3;6;7;2;0;1;1;0;0;0;1
11;1;1100414;2021;3;8;7;3;1;5;0;1;1;0;0;0;0;0
11;1;1200520;2021;2;14;4;2;4;6;0;1;0;0;0;0;0;0
11;3;3601449;2021;1;14;1;3;1;5;0;1;1;0;0;0;0;1
11;3;3400723;2021;3;16;6;3;0;4;0;0;0;1;0;0;1;0
11;1;1100104;2021;2;21;1;3;5;3;2;0;1;0;0;0;0;2
11;9;9501737;2021;3;8;7;3;5;2;0;1;1;0;0;0;0;1
11;6;6300634;2021;3;13;7;3;3;6;0;1;1;0;0;0;0;0
11;2;2200208;2021;2;13;7;3;0;2;0;1;0;0;0;0;1;0
11;12;12100101;2021;1;11;6;3;1;7;0;0;1;1;0;0;0;1
11;1;1300732;2021;1;14;2;2;5;2;0;1;1;0;0;0;0;1
11;1;1100415;2021;2;15;1;3;2;2;0;1;0;0;0;0;1;0
11;5;5300840;2021;3;17;3;3;2;6;1;0;1;0;0;0;0;0
11;4;4100102;2021;1;18;3;3;3;2;2;0;1;0;0;0;0;1
11;5;5400945;2021;2;14;2;3;1;5;0;0;1;0;0;0;0;2
11;8;8200730;2021;2;17;6;3;5;3;0;0;1;0;0;0;1;0
11;12;12500930;2021;1;9;3;3;5;2;0;0;1;0;0;0;0;1
11;12;12400721;2021;3;15;4;3;6;4;0;0;1;1;0;0;0;0
11;7;7400927;2021;1;15;6;3;5;7;0;0;1;0;0;0;0;0
11;12;12500824;2021;1;13;3;3;5;2;0;1;0;0;0;1;0;1
11;8;8100417;2021;1;9;3;3;5;2;0;1;1;0;0;0;0;1
11;5;5100210;2021;2;15;1;3;5;2;0;1;1;0;0;0;0;0
11;10;10100311;2021;3;16;2;3;5;2;0;1;1;0;0;0;0;1
11;6;6100209;2021;3;18;3;3;5;2;2;1;1;0;0;0;0;0
11;5;5200525;2021;2;14;1;3;0;7;0;0;1;0;0;0;1;0
11;6;6100209;2021;2;15;7;3;5;3;0;1;1;0;0;0;0;0
11;12;12400618;2021;1;13;4;2;6;2;0;0;1;1;0;0;0;1
11;7;7601236;2021;2;17;3;3;6;2;2;0;1;1;0;0;0;1
11;8;8200831;2021;1;8;4;2;0;1;0;1;0;0;0;0;0;1
11;5;5300841;2021;3;14;6;3;5;3;0;1;1;0;0;0;0;0
11;4;4200310;2021;2;12;1;3;3;6;0;0;1;0;0;0;0;2
11;8;8200623;2021;2;17;3;3;0;1;1;0;0;0;1;0;0;0
11;6;6100102;2021;1;11;1;3;5;3;0;1;1;0;0;0;0;1
11;11;11200411;2021;3;7;4;3;5;3;0;1;1;0;0;0;0;0
11;12;12601235;2021;3;16;5;2;6;4;0;0;1;1;0;0;0;1
11;11;11200513;2021;3;23;6;2;5;3;2;0;1;0;0;0;1;0
11;9;9200511;2021;2;14;4;3;0;4;0;0;0;1;0;0;1;1
11;9;9200716;2021;3;13;2;3;5;3;0;1;1;0;0;0;0;0