LAND;BEZ;LOR_ab_2021;UJAHR;UMONAT;USTUNDE;UWOCHENTAG;UKATEGORIE;UART;UTYP1;ULICHTVERH;IstRad;IstPKW;IstFuss;IstKrad;IstGkfz;IstSonstige;USTRZUSTAND
11;10;10100205;2021;1;21;5;2;9;7;2;0;1;0;0;0;0;1
11;9;9100408;2021;2;13;4;2;0;1;0;0;0;0;1;0;0;1
11;12;12200307;2021;1;10;5;3;6;4;0;0;1;1;0;0;0;1
11;1;1100101;2021;3;8;7;2;6;7;0;0;1;1;0;0;0;0
11;9;9100407;2021;2;20;4;3;8;1;2;0;0;0;1;0;0;0
11;5;5100208;2021;1;18;1;3;6;2;2;0;1;1;0;0;0;1
11;1;1300835;2021;3;15;6;2;2;6;0;1;0;0;0;0;0;1
11;7;7601442;2021;3;12;7;3;5;2;0;0;1;0;0;0;0;1
11;3;3500933;2021;1;15;6;3;6;4;0;0;1;1;0;0;0;1
11;1;1100310;2021;1;11;1;2;5;2;0;0;1;0;1;0;0;0
11;9;9100304;2021;2;6;1;3;1;5;1;0;1;0;0;0;0;0
11;1;1100207;2021;3;19;1;3;2;6;2;0;1;0;0;0;1;1
11;8;8100102;2021;1;14;3;2;6;2;0;0;0;1;0;0;1;0
11;10;10400939;2021;2;13;2;3;6;4;0;0;1;1;0;0;0;2
11;2;2100104;2021;2;18;5;2;5;2;2;0;1;0;0;0;1;0
11;8;8100415;2021;1;7;4;3;2;2;2;0;1;0;0;1;0;1
11;5;5100206;2021;3;6;4;3;2;6;0;0;1;0;1;0;0;0
11;1;1100415;2021;1;14;7;3;5;2;0;0;1;0;0;0;0;1
11;1;1100207;2021;2;10;5;3;5;3;0;1;1;0;0;0;0;0
11;1;1300733;2021;1;13;7;3;5;2;0;1;1;0;0;0;0;1
11;4;4100102;2021;3;6;5;3;2;6;0;0;1;0;0;0;0;1
11;8;8200832;2021;2;17;1;3;4;5;2;0;1;0;0;0;0;2
11;1;1100308;2021;3;7;7;3;1;5;0;0;1;0;0;0;0;1
11;3;3200205;2021;3;12;2;3;6;4;0;0;1;1;0;0;0;0
11;4;4200310;2021;2;12;6;3;5;3;0;0;1;0;0;0;0;0
11;5;5100103;2021;1;17;7;2;6;4;2;0;1;1;0;0;0;0
11;6;6100101;2021;1;7;2;3;5;3;0;0;1;0;0;0;0;1
11;3;3701660;2021;2;10;6;2;5;3;0;1;0;0;0;0;1;0
11;2;2500835;2021;3;15;2;3;5;2;0;1;1;0;0;0;0;0
11;5;5300736;2021;2;19;3;3;1;5;2;0;1;0;0;0;0;1
11;7;7200410;2021;2;9;5;3;6;4;0;1;0;1;0;0;0;0
11;1;1100206;2021;1;8;2;3;0;2;0;1;1;0;0;0;0;1
11;3;3400725;2021;3;16;4;3;5;2;0;0;1;0;1;0;0;0
11;3;3200205;2021;1;15;7;3;5;3;0;0;1;0;0;0;0;1
11;1;1401045;2021;1;12;3;3;5;7;0;0;0;0;0;1;1;1
11;10;10100209;2021;1;10;3;3;5;3;0;0;1;0;0;0;0;1
11;5;5400943;2021;2;20;1;3;8;1;2;0;1;0;0;0;0;0
11;9;9401534;2021;3;15;3;3;0;7;0;0;1;0;0;0;0;0
11;7;7501133;2021;3;14;4;3;5;3;0;0;1;0;0;0;0;0
11;9;9200512;2021;2;8;2;3;2;6;0;0;1;0;0;0;0;1
11;9;9200510;2021;3;0;2;3;5;3;2;1;1;0;0;0;0;0
11;3;3500934;2021;1;9;3;3;6;4;0;0;1;1;0;0;0;1
11;10;10100206;2021;2;15;3;3;2;6;0;0;1;0;0;0;0;1
11;10;10200525;2021;1;16;5;3;2;6;1;0;1;0;0;0;0;1
11;4;4300412;2021;3;13;6;3;3;6;0;0;1;0;0;0;0;0
11;3;3601141;2021;3;8;6;3;5;2;0;1;1;0;0;0;0;1
11;1;1300733;2021;2;15;1;3;2;6;0;0;1;0;0;0;0;2
11;9;9200717;2021;2;15;3;3;0;6;0;1;0;0;0;1;0;0
11;1;1100206;2021;1;11;7;3;5;2;0;1;0;0;0;0;1;1
11;8;8100104;2021;3;23;4;2;5;3;2;1;1;0;0;0;0;1
11;4;4300416;2021;3;12;6;2;5;3;0;0;1;0;0;0;0;0
11;11;11300619;2021;3;11;6;3;6;7;0;0;0;1;0;0;1;1
11;12;12400722;2021;2;12;5;3;1;5;0;0;1;0;0;0;0;0
11;4;4501045;2021;1;13;1;3;5;3;0;0;1;0;0;0;0;0
11;3;3100103;2021;3;15;3;2;6;4;0;0;1;1;0;0;0;0
11;12;12200412;2021;1;20;1;3;6;2;2;0;1;1;0;0;0;0
11;4;4501150;2021;2;19;4;3;6;2;2;0;1;1;0;0;0;1
11;2;2200213;2021;3;7;6;3;2;7;0;0;1;0;0;0;0;0
11;3;3601348;2021;2;16;4;3;5;3;0;0;1;0;0;0;0;2
11;5;5200420;2021;2;11;6;3;2;6;0;0;1;0;0;0;0;1
11;3;3300517;2021;1;9;2;3;5;2;0;1;1;0;0;0;0;1
11;3;3601348;2021;3;9;5;3;1;5;0;1;1;0;0;0;0;0
11;11;11100308;2021;3;13;6;3;6;4;0;0;0;1;0;0;1;0
11;11;11100309;2021;3;9;2;3;2;6;0;0;1;0;0;0;0;0
11;11;11100101;2021;1;10;3;3;2;6;0;0;1;0;0;0;0;1
11;7;7100206;2021;1;18;4;3;0;2;2;0;1;0;0;0;1;1
11;5;5200528;2021;2;13;2;2;0;2;0;0;1;0;0;0;1;0
11;6;6400841;2021;3;12;2;3;5;3;0;0;1;0;0;0;0;0
11;6;6100205;2021;1;16;4;3;5;3;1;1;1;0;0;0;0;0
11;12;12100205;2021;2;20;7;2;1;1;2;0;1;0;0;1;0;1
11;7;7200410;2021;3;15;2;3;6;4;0;0;1;1;0;0;0;0
11;2;2200209;2021;1;14;4;3;1;5;0;1;1;0;0;0;0;1
11;12;12400617;2021;3;13;4;3;0;7;0;1;0;0;0;0;0;0
11;6;6300528;2021;1;12;6;3;5;2;0;1;1;0;0;0;0;2
11;7;7601341;2021;1;17;4;3;3;6;2;0;1;0;0;0;0;0
11;8;8100521;2021;1;6;5;3;5;3;2;1;1;0;0;0;0;2
11;2;2200212;2021;2;10;3;2;6;4;0;0;1;1;0;0;0;0
11;1;1100313;2021;3;11;2;2;4;6;0;1;0;0;0;1;0;0
11;1;1300835;2021;3;15;4;3;6;4;0;0;1;1;0;0;0;0
11;6;6100204;2021;2;6;4;3;5;7;2;0;1;0;1;0;0;1
11;5;5200629;2021;3;16;3;3;2;6;0;0;1;0;0;1;0;0
11;4;4400834;2021;1;17;5;3;6;4;2;1;0;1;0;0;0;1
11;2;2100101;2021;2;3;2;3;0;1;2;0;0;0;0;0;1;2
11;12;12200310;2021;3;19;6;3;5;2;2;1;1;0;0;0;0;0
11;12;12500825;2021;2;14;5;3;6;4;0;0;1;1;0;0;0;0
11;12;12100102;2021;1;11;6;3;5;3;0;0;1;0;0;1;0;0
11;7;7400927;2021;1;16;3;3;2;6;1;0;1;0;0;0;1;1
11;1;1100309;2021;1;18;4;3;1;5;2;1;1;0;0;0;0;1
11;4;4400830;2021;2;16;2;3;0;7;0;1;0;0;0;0;0;0
11;4;7300515;2021;3;19;3;3;2;6;2;0;1;0;0;0;1;0
11;11;11501339;2021;3;18;4;3;0;2;2;0;1;0;1;0;0;0
11;2;2400521;2021;2;20;2;2;6;4;2;0;1;1;0;0;0;2
11;8;8100415;2021;2;14;1;3;2;6;0;0;1;0;0;0;0;0
11;4;4501042;2021;1;15;7;3;2;6;0;0;1;0;0;0;0;0
11;6;6300524;2021;2;10;2;3;5;2;0;1;1;0;0;0;0;2
11;7;7100205;2021;1;10;5;3;0;2;0;0;0;0;0;0;1;0
11;6;6400841;2021;3;14;5;3;5;3;0;1;1;0;0;0;0;0
11;9;9300922;2021;3;9;6;2;4;5;0;0;1;0;0;0;0;1
11;3;3500934;2021;2;14;4;3;5;3;0;1;1;0;0;0;0;0
11;2;2200211;2021;1;13;6;3;2;6;0;0;1;0;0;0;1;0
11;9;9200613;2021;3;16;4;2;1;5;0;1;1;0;0;0;0;0
11;11;11401033;2021;1;0;5;2;0;7;2;0;1;0;0;0;0;1
11;9;9100305;2021;3;5;6;2;5;2;2;0;1;0;0;0;1;1
11;12;12400720;2021;2;9;6;3;5;7;0;0;1;0;0;0;0;0
11;9;9200715;2021;3;11;1;3;2;6;0;0;1;0;0;0;0;1
11;4;4200308;2021;2;14;5;3;3;2;0;0;1;0;0;0;0;0
11;12;12100204;2021;1;7;6;3;5;3;2;0;1;0;0;0;0;1
11;8;8401246;2021;3;15;3;3;5;2;0;1;0;0;1;0;0;0
11;8;8100208;2021;1;17;2;3;2;6;2;0;0;0;0;0;1;1
11;1;1100308;2021;2;12;4;3;1;5;0;1;1;0;0;0;0;1
11;3;3400724;2021;3;17;6;3;5;3;1;1;1;0;0;0;0;0
11;3;3500934;2021;2;11;5;3;2;6;0;0;1;0;0;1;0;2
11;9;9100409;2021;2;15;5;3;5;3;0;0;1;0;0;0;1;0
11;1;1100207;2021;1;9;3;3;5;3;0;1;1;0;0;0;0;0
11;1;1400942;2021;3;15;5;3;5;3;0;0;1;0;0;0;0;0
11;10;10100104;2021;3;19;7;3;6;4;2;0;1;1;0;0;0;1
11;7;7501029;2021;3;12;2;3;5;2;0;0;1;0;0;0;1;0
11;6;6400843;2021;1;18;3;3;6;4;2;0;1;1;0;0;0;1
11;1;1400937;2021;1;14;4;3;5;2;0;0;1;0;0;0;0;0
11;4;4400728;2021;2;10;2;3;5;2;0;1;1;0;0;0;0;0
11;9;9200614;2021;3;19;2;3;5;3;2;1;1;0;0;0;0;1
11;1;1100312;2021;3;12;5;3;1;5;0;1;1;0;0;0;0;1
11;12;12200309;2021;1;5;4;3;1;5;2;1;1;0;0;0;0;1
11;10;10200629;2021;2;13;7;3;5;3;0;0;1;0;0;0;0;1
11;10;10200627;2021;2;14;7;2;6;4;0;0;1;1;0;0;0;0
11;12;12500824;2021;1;17;4;3;1;5;2;0;1;0;0;1;0;1
11;3;3400721;2021;3;15;4;3;6;7;0;0;1;1;0;0;0;0
11;12;12200411;2021;2;20;3;3;5;3;2;0;1;0;0;0;0;1
11;12;12601235;2021;1;15;4;3;5;2;0;0;1;0;0;0;0;0
11;4;4100101;2021;1;15;4;2;0;7;0;0;1;0;1;0;0;1
11;12;12200309;2021;3;13;6;3;2;6;0;0;1;0;0;0;1;0
11;9;9100306;2021;2;8;3;3;2;6;0;0;1;0;0;0;0;0
11;1;1100310;2021;3;19;4;3;5;7;2;1;1;0;0;0;0;0
11;11;11300722;2021;3;20;5;2;5;3;2;0;1;0;0;0;1;1
11;3;3601450;2021;2;6;5;3;3;6;2;0;1;0;0;0;0;1
11;12;12200412;2021;3;15;3;3;6;2;0;0;1;1;0;0;0;0
11;9;9501941;2021;1;12;6;3;2;2;0;0;1;0;0;0;0;1
11;2;2500831;2021;2;18;3;3;5;2;2;0;1;0;1;0;0;1
11;11;11400929;2021;3;18;7;3;5;3;1;0;1;0;0;0;0;0
11;11;11200515;2021;2;7;4;3;5;3;0;1;1;0;0;0;0;0
11;4;4500936;2021;1;16;6;3;5;3;1;0;1;0;0;0;0;0
11;8;8100104;2021;3;8;5;1;5;2;0;1;0;0;0;1;0;0
11;8;8100314;2021;3;17;7;3;6;2;1;0;1;1;0;0;0;1
11;3;3100101;2021;3;9;2;3;5;3;0;0;1;0;0;1;0;0
11;11;11100204;2021;2;14;7;3;6;4;0;0;1;1;0;0;0;0
11;10;10100312;2021;1;4;1;3;9;1;2;0;1;0;0;0;0;0
11;9;9100101;2021;1;17;3;3;5;2;2;1;0;0;0;0;1;1
11;6;6300633;2021;1;14;4;2;6;4;0;0;1;1;0;0;0;0
11;2;2500833;2021;2;13;7;2;2;7;0;0;1;0;1;0;0;0
11;1;1100415;2021;3;17;3;2;2;7;0;0;1;0;1;0;0;0
11;3;3500936;2021;1;13;3;1;6;4;0;0;0;1;0;0;1;0
11;4;4500936;2021;2;18;4;3;3;6;2;0;1;0;0;0;0;2
11;1;1200624;2021;2;19;5;3;5;2;2;1;1;0;0;0;0;0
11;7;7200410;2021;1;10;1;3;5;3;0;0;1;0;0;0;1;1
11;1;1300730;2021;3;8;4;2;6;2;0;0;1;1;0;0;0;0
11;1;1400939;2021;1;10;1;3;0;1;0;0;0;0;1;0;0;2
11;3;3501038;2021;1;12;2;3;5;7;0;1;1;0;0;0;0;2
11;4;4300621;2021;1;20;3;3;5;7;2;0;1;0;0;0;0;1
11;2;2100106;2021;3;17;4;3;5;2;0;0;1;0;1;0;0;1
11;5;5200420;2021;3;8;6;3;5;3;0;0;1;0;0;0;1;1
11;2;2100106;2021;3;7;2;3;5;2;0;0;0;0;1;0;1;0
11;3;3300516;2021;2;14;7;3;5;3;0;0;1;0;0;0;0;0
11;8;8100104;2021;1;19;2;3;5;7;2;1;1;0;0;0;0;1
11;6;6100205;2021;1;10;2;3;6;7;0;0;1;1;0;0;0;0
11;12;12601134;2021;2;22;4;3;8;1;2;0;1;0;0;0;0;1
11;8;8300934;2021;3;15;3;3;2;6;0;0;1;0;0;0;1;0
11;5;5300840;2021;2;17;5;2;5;2;2;0;1;0;0;0;0;2
11;9;9200510;2021;2;6;5;3;3;6;0;1;1;0;0;0;0;0
11;2;2100102;2021;1;18;2;2;1;5;2;1;1;0;0;0;0;0
11;2;2200213;2021;3;18;5;3;1;5;2;1;1;0;0;0;0;0
11;3;3300411;2021;1;15;6;2;6;4;0;0;1;1;0;0;0;0
11;7;7100102;2021;3;19;2;3;6;2;1;0;1;1;0;0;0;1
11;6;6200422;2021;2;18;6;3;6;2;2;0;1;1;0;0;0;2
11;6;6300633;2021;3;17;2;3;5;3;0;0;1;0;1;0;0;0
11;9;9100304;2021;1;21;2;3;5;3;2;1;1;0;0;0;0;1
11;4;4501153;2021;1;11;4;3;6;4;0;0;1;1;0;0;0;1
11;1;1300733;2021;2;17;2;3;5;2;0;1;1;0;0;0;0;0
11;2;2500833;2021;3;18;3;3;6;7;2;1;0;1;0;0;0;0
11;2;2300417;2021;3;12;4;3;5;3;0;1;1;0;0;0;0;0
11;11;11100102;2021;1;7;5;2;2;7;2;0;1;0;0;0;0;1
11;9;9200510;2021;2;16;2;3;6;4;1;1;0;1;0;0;0;1
11;10;10400835;2021;2;8;7;3;1;5;0;0;1;0;0;0;0;0
11;7;7100204;2021;1;16;3;3;6;4;2;0;0;1;0;0;1;0
11;11;11300619;2021;3;9;4;3;2;6;0;0;1;0;0;0;0;0
11;8;8100104;2021;2;17;3;2;2;6;2;1;0;0;0;0;1;1
11;11;11501340;2021;2;13;6;3;5;3;0;0;1;0;0;0;0;0
11;12;12400722;2021;1;6;5;2;4;6;2;0;1;0;0;1;0;1
11;2;2400623;2021;1;6;5;2;5;3;2;1;0;0;0;0;1;2
11;1;1300834;2021;3;20;4;3;5;2;2;0;1;0;0;0;0;0
11;5;5100208;2021;2;7;2;3;0;1;0;0;0;0;1;0;0;1
11;2;2100104;2021;3;11;4;3;5;2;0;1;1;0;0;0;0;0
11;7;7400826;2021;3;15;5;3;5;3;0;0;1;0;1;0;0;0
11;12;12400722;2021;2;7;5;2;1;5;0;0;1;0;0;0;0;1
11;1;1100205;2021;3;20;3;3;5;2;2;1;1;0;0;0;0;0
11;3;3500934;2021;1;17;5;3;5;3;2;0;1;0;0;0;0;1
11;2;2300419;2021;2;8;4;3;5;3;0;1;1;0;0;0;0;1
11;2;2500835;2021;2;5;5;3;0;6;0;1;0;0;0;0;1;0
11;8;8300934;2021;3;11;6;3;0;2;0;0;1;0;0;0;1;0
11;4;4300619;2021;2;14;4;2;5;3;0;0;1;0;1;0;0;0
11;3;3400826;2021;1;11;6;3;5;3;0;1;1;0;0;0;0;0
11;11;11501339;2021;3;17;6;3;1;5;0;1;1;0;0;0;0;0
11;8;8100520;2021;3;20;7;2;5;2;2;0;1;0;0;0;0;1
11;3;3300517;2021;3;13;2;3;5;3;0;0;1;0;0;0;0;0
11;12;12100205;2021;2;16;7;3;0;7;0;0;1;0;1;0;0;0
11;9;9100101;2021;1;7;5;3;5;3;0;1;1;0;0;0;0;1
11;11;11100102;2021;1;11;1;3;5;2;0;1;1;0;0;0;0;0
11;12;12500825;2021;1;12;3;3;5;3;0;0;1;0;1;0;0;1
11;10;10100104;2021;2;10;7;3;6;7;0;0;1;1;0;0;0;0
11;7;7601442;2021;3;21;1;3;5;2;2;0;1;0;0;0;0;1
11;8;8100520;2021;1;17;3;3;0;3;2;0;1;0;1;0;0;1
11;12;12500824;2021;2;11;2;3;8;1;0;0;1;0;0;0;0;2
11;8;8100206;2021;2;17;6;3;1;5;0;1;1;0;0;0;0;0
11;10;10300732;2021;1;3;1;3;1;5;2;0;1;0;0;1;0;1
11;9;9501939;2021;3;15;4;3;5;2;0;1;1;0;0;0;0;0
11;8;8100415;2021;1;6;6;3;6;2;2;0;1;1;0;0;0;0
11;8;8200726;2021;1;8;3;3;5;3;0;0;1;0;0;0;1;1
11;1;1100103;2021;1;18;3;3;1;5;2;1;1;0;0;0;0;1
11;3;3400620;2021;2;9;2;3;5;3;0;1;1;0;0;0;0;0
11;4;4500936;2021;3;17;2;3;1;5;0;1;1;0;0;0;0;1
11;6;6200423;2021;3;9;4;3;5;2;0;1;0;0;0;1;0;0
11;3;3400721;2021;2;8;2;3;2;7;0;0;1;0;0;0;0;1
11;12;12601133;2021;3;10;2;3;2;6;0;1;0;0;0;0;1;0
11;4;4400835;2021;1;16;4;3;5;2;1;1;1;0;0;0;0;1
11;8;8200727;2021;2;13;2;3;0;4;0;1;0;1;0;0;0;2
11;12;12100205;2021;2;13;7;3;3;5;0;0;1;0;0;1;0;2
11;7;7300619;2021;1;15;5;3;6;7;0;1;0;1;0;0;0;0
11;5;5300737;2021;3;16;6;3;0;3;0;1;0;0;1;0;0;0
11;12;12200309;2021;2;14;3;3;2;4;0;0;1;1;0;0;0;0
11;8;8100105;2021;1;16;5;3;0;6;1;0;1;0;0;0;1;0
11;8;8100311;2021;3;17;4;2;5;3;0;1;1;0;0;0;0;0
11;1;1300733;2021;3;22;5;2;1;5;2;0;1;0;0;0;0;1
11;1;7100101;2021;3;15;7;3;5;3;0;1;1;0;0;0;0;0
11;4;4100101;2021;2;18;1;3;5;2;2;0;1;0;0;0;0;0
11;12;12601235;2021;3;15;3;2;4;3;0;0;1;0;0;0;0;1
11;4;4200308;2021;3;14;5;3;2;6;0;0;1;0;0;0;1;1
11;3;3500933;2021;2;12;1;3;5;3;0;0;1;0;0;0;0;0
11;1;1100310;2021;2;5;1;3;5;3;1;0;0;0;0;0;1;0
11;3;3501037;2021;1;10;3;3;5;3;0;1;1;0;0;0;0;1
11;3;3400828;2021;3;7;5;3;0;3;0;1;1;0;0;0;0;0
11;8;8301037;2021;2;15;3;3;2;6;0;0;1;0;0;0;1;0
11;8;8200726;2021;2;19;6;3;2;6;2;0;1;0;0;0;0;1
11;4;4300413;2021;1;17;5;3;5;3;2;1;1;0;0;0;0;0
11;4;4501045;2021;3;12;6;3;2;6;0;0;1;0;0;0;0;0
11;8;8200831;2021;2;11;3;3;6;7;0;0;0;1;0;0;1;0
11;11;11400931;2021;3;17;3;3;3;6;0;0;1;0;0;0;0;0
11;2;2200210;2021;3;12;5;3;2;7;0;0;1;0;0;0;0;1
11;2;2500834;2021;2;12;4;3;5;2;0;0;1;0;0;0;0;1
11;5;5200629;2021;3;13;3;3;0;6;0;0;0;0;0;0;1;0
11;2;2400623;2021;1;15;6;3;5;2;2;1;1;0;0;0;0;1
11;7;7601442;2021;2;17;4;2;6;2;2;0;1;1;0;0;0;1
11;4;4300623;2021;3;11;7;3;5;3;0;1;1;0;0;0;0;0
11;1;1300836;2021;2;10;5;3;6;4;0;0;1;1;0;0;0;0
11;10;10300731;2021;1;10;6;3;5;7;0;0;1;0;0;0;1;1
11;3;3601245;2021;3;10;5;3;5;3;0;0;1;0;0;0;0;0
11;5;5300737;2021;3;17;2;3;2;6;0;0;1;0;0;0;0;1
11;1;1100103;2021;2;15;6;3;2;2;0;0;1;0;0;0;0;1
11;7;7100103;2021;1;3;1;3;9;1;2;0;1;0;0;0;0;0
11;7;7501134;2021;1;13;2;3;5;2;0;1;1;0;0;0;0;1
11;5;5100211;2021;2;15;6;3;5;2;0;1;1;0;0;0;0;0
11;5;5200528;2021;3;6;1;3;6;2;0;0;1;1;0;0;0;0
11;9;9200613;2021;1;13;3;3;0;7;0;0;0;0;0;1;0;0
11;7;7601442;2021;2;19;4;3;6;2;2;0;1;1;0;0;0;2
11;5;5100315;2021;2;10;5;3;6;7;0;0;0;1;0;0;1;0
11;4;4300623;2021;1;11;3;3;0;4;0;0;1;1;0;0;0;0
11;3;3601244;2021;3;6;4;3;0;3;0;0;1;0;0;0;0;0
11;6;6400838;2021;1;12;7;3;2;6;0;0;1;0;0;0;0;2
11;8;8100207;2021;1;16;3;3;0;2;1;1;1;0;0;0;0;1
11;8;8200832;2021;1;7;4;3;6;2;2;0;0;1;0;0;1;1
11;7;7400720;2021;2;7;2;3;6;4;0;0;1;1;0;0;0;0
11;1;1100103;2021;3;6;3;3;2;6;0;0;1;0;0;0;0;0
11;1;1100103;2021;3;15;4;3;1;5;0;1;1;0;0;0;0;0
11;4;4501045;2021;2;9;7;3;5;3;0;0;1;0;0;0;1;1
11;6;6100204;2021;2;2;7;2;9;1;2;0;1;0;0;0;0;0
11;12;12200309;2021;1;16;5;3;2;6;2;0;1;0;1;0;0;1
11;2;2100101;2021;2;11;3;3;1;5;0;1;1;0;0;0;0;1
11;3;3601450;2021;1;13;4;3;0;2;0;1;1;0;0;0;0;1
11;9;9300922;2021;3;8;5;2;5;3;0;0;1;0;0;0;0;0
11;4;4300621;2021;3;16;7;2;0;7;0;1;0;0;0;0;0;0
11;11;11200513;2021;2;9;5;3;5;2;0;1;1;0;0;0;0;0
11;8;8401246;2021;1;19;6;3;2;2;2;1;1;0;0;0;0;0
11;1;1100310;2021;3;8;4;3;5;2;0;1;1;0;0;0;0;0
11;3;3100102;2021;3;15;5;3;2;6;0;0;1;0;0;0;1;1
11;1;1100416;2021;3;10;2;3;5;2;0;1;1;0;0;0;0;0
11;12;12200412;2021;2;15;3;3;2;6;0;0;1;0;0;0;0;1
11;2;2300315;2021;1;1;1;3;5;2;2;1;1;0;0;0;0;0
11;9;9300922;2021;3;10;3;2;6;4;0;0;1;1;0;0;0;0
11;6;6300524;2021;1;11;2;3;5;3;0;0;1;0;1;0;0;1
11;2;2300315;2021;2;8;4;3;0;1;0;0;0;0;1;0;0;1
11;3;3200310;2021;3;9;6;3;5;3;0;1;1;0;0;0;0;0
11;8;8100206;2021;2;12;4;3;2;6;0;0;1;0;0;0;1;1
11;5;5200422;2021;2;8;6;3;5;3;0;0;1;0;0;0;0;1
11;12;12200412;2021;1;9;2;3;6;4;0;0;1;1;0;0;0;1
11;10;10400941;2021;3;9;5;3;5;3;0;0;1;0;0;0;0;0
11;3;3601245;2021;3;14;6;3;0;3;0;0;1;0;0;0;1;0
11;7;7400823;2021;3;11;2;3;3;6;0;0;1;0;0;0;0;0
11;4;4501152;2021;1;17;2;2;5;3;2;1;1;0;0;0;0;1
11;6;6400737;2021;1;14;4;2;6;4;0;1;0;1;0;0;0;0
11;4;4200309;2021;2;16;2;3;5;2;0;0;1;0;0;0;0;0
11;12;12601235;2021;2;6;3;3;2;6;1;0;1;0;0;0;1;1
11;7;7400721;2021;3;16;3;3;2;6;1;1;0;0;0;0;0;0
11;12;12200308;2021;1;13;5;3;5;3;0;0;1;0;0;0;0;1
11;8;8100417;2021;2;15;4;3;1;5;0;0;1;0;0;0;0;1
11;5;5200420;2021;3;7;6;3;5;2;0;1;1;0;0;0;0;0
11;8;8100209;2021;2;7;4;3;5;2;0;1;1;0;0;0;0;0
11;2;2200210;2021;1;9;3;3;0;6;0;0;0;0;1;0;1;1
11;9;9401534;2021;3;13;6;3;5;3;0;1;0;0;0;1;0;1
11;3;3500932;2021;3;9;7;3;5;2;0;0;1;0;0;0;0;1
11;9;9100304;2021;3;8;2;2;5;2;0;0;1;0;1;0;0;0
11;12;12200412;2021;1;7;5;3;1;5;2;0;0;0;0;0;1;1
11;4;4400831;2021;1;11;1;3;3;6;0;1;1;0;0;0;0;1
11;10;10300732;2021;2;9;2;3;2;6;0;0;1;0;0;0;0;0
11;12;12400721;2021;3;11;2;3;2;6;0;0;1;0;0;0;0;0
11;9;9100408;2021;1;8;4;3;5;3;0;1;1;0;0;0;0;1
11;6;6200421;2021;2;12;3;3;3;6;0;0;1;0;0;0;0;2
11;6;6400737;2021;2;17;5;3;5;2;1;1;1;0;0;0;0;0
11;5;5400943;2021;1;16;3;2;9;1;2;0;1;0;0;0;0;1
11;6;6100209;2021;3;7;4;3;4;2;0;1;1;0;0;0;0;0
11;2;2300417;2021;1;9;7;3;2;3;0;1;1;0;0;0;0;2
11;8;8200623;2021;1;17;3;3;6;2;2;0;1;1;0;0;0;1
11;3;3701657;2021;1;9;3;3;5;3;0;0;1;0;0;0;0;1
11;6;6200312;2021;2;17;3;3;0;1;2;1;0;0;0;0;0;0
11;4;4501148;2021;3;6;2;2;6;7;1;1;0;1;0;0;0;0
11;11;11501340;2021;3;16;4;3;5;2;0;1;1;0;0;0;0;0
11;7;7601340;2021;2;10;7;3;3;6;0;0;1;0;0;0;0;0
11;9;9200715;2021;2;7;1;3;8;1;1;0;1;0;0;0;0;0
11;8;8300935;2021;1;18;7;3;5;3;2;0;1;0;0;0;0;0
11;8;8401243;2021;2;15;2;3;5;3;0;1;1;0;0;0;0;0
11;11;11300725;2021;3;11;6;3;5;2;0;1;0;0;0;0;1;0
11;6;6300634;2021;2;11;5;3;2;6;0;0;1;0;0;0;0;0
11;2;2500831;2021;1;14;7;3;0;1;0;0;0;0;1;0;0;1
11;9;9200715;2021;3;13;5;3;2;6;0;0;1;0;0;0;0;0
11;4;4300413;2021;3;10;5;3;0;4;0;0;1;1;0;0;0;1
11;9;9100304;2021;3;9;7;2;5;2;0;0;1;0;0;1;0;0
11;8;8300935;2021;2;14;6;3;5;2;0;0;1;0;0;0;0;0
11;1;1100206;2021;1;12;6;3;5;2;0;0;1;0;0;0;0;1
11;6;6300632;2021;3;15;3;2;6;4;0;0;1;1;0;0;0;0
11;10;10300733;2021;1;17;2;3;5;3;2;1;1;0;0;0;0;1
11;7;7601341;2021;2;7;4;2;5;2;1;0;1;0;0;0;0;1
11;11;11300618;2021;3;12;3;3;5;2;0;1;1;0;0;0;0;0
11;2;2100101;2021;2;17;2;3;2;6;2;0;1;0;0;0;0;2
11;12;12100205;2021;2;17;5;3;5;3;1;0;1;0;0;0;0;1
11;6;6400844;2021;2;15;6;3;5;3;0;0;1;0;0;0;0;0
11;7;7400824;2021;1;6;3;2;6;2;2;0;1;1;0;0;0;0
11;7;7400927;2021;3;16;5;3;5;7;0;0;1;0;1;0;0;1
11;9;9100203;2021;1;12;1;3;5;2;0;0;1;0;0;0;0;1
11;12;12601031;2021;3;21;7;3;5;2;2;0;1;0;0;0;0;1
11;12;12200515;2021;1;17;2;2;6;2;2;0;1;1;0;0;0;1
11;5;5100103;2021;1;14;4;3;2;6;0;0;1;0;0;0;0;1
11;3;3601142;2021;2;14;1;3;5;2;0;1;0;0;0;0;0;0
11;1;1100415;2021;3;17;3;3;6;2;0;0;1;1;0;0;0;0
11;3;3500934;2021;3;7;4;3;5;3;0;1;1;0;0;0;0;0
11;9;9100203;2021;1;10;4;3;5;2;0;0;1;0;0;0;0;1
11;9;9200512;2021;2;14;2;3;2;6;0;0;1;0;0;0;0;2
11;6;6300634;2021;2;23;7;3;2;2;2;0;1;0;0;0;0;0
11;2;2200208;2021;1;15;4;2;6;4;1;0;1;1;0;0;0;1
11;12;12200414;2021;3;13;4;2;5;3;0;1;0;0;0;0;1;0
11;3;3601244;2021;2;9;2;2;5;3;0;0;1;0;0;0;0;0