LAND;BEZ;LOR_ab_2021;UJAHR;UMONAT;USTUNDE;UWOCHENTAG;UKATEGORIE;UART;UTYP1;ULICHTVERH;IstRad;IstPKW;IstFuss;IstKrad;IstGkfz;IstSonstige;USTRZUSTAND
11;4;4300619;2021;1;22;4;2;9;1;2;0;1;0;0;0;0;0
11;4;4300413;2021;1;17;5;3;0;1;2;0;0;0;1;0;0;1
11;4;4200310;2021;3;11;5;3;2;6;0;0;1;0;0;0;0;0
11;10;10100315;2021;2;13;3;3;0;6;0;0;0;0;0;0;1;0
11;3;3500933;2021;3;5;4;3;5;3;2;1;1;0;0;0;0;0
11;7;7400824;2021;3;15;5;3;6;4;0;0;1;1;0;0;0;1
11;11;11300722;2021;2;17;2;3;5;2;2;0;1;0;1;0;0;0
11;5;5100101;2021;3;15;3;3;6;4;0;0;1;1;0;0;0;0
11;11;11300616;2021;1;16;6;3;1;5;2;1;1;0;0;0;0;1
11;5;5300840;2021;3;8;3;3;5;2;0;0;1;0;0;0;0;0
11;10;10200418;2021;1;19;4;3;5;3;2;1;1;0;0;0;0;1
11;8;8100311;2021;2;19;2;3;0;1;2;0;1;0;0;0;0;2
11;11;11300721;2021;3;14;2;3;2;6;0;0;1;0;0;0;0;0
11;7;7200411;2021;1;19;4;3;5;2;2;1;1;0;0;0;0;1
11;7;7601546;2021;3;7;4;3;5;3;0;1;1;0;0;0;0;0
11;5;5200420;2021;1;19;1;3;2;6;2;0;1;0;0;0;0;1
11;8;8200624;2021;1;21;4;3;0;6;2;0;1;0;0;0;0;0
11;7;7400823;2021;1;16;4;3;5;2;2;1;1;0;0;0;0;1
11;1;1300730;2021;2;9;3;3;3;6;0;0;1;0;0;0;0;0
11;5;5200420;2021;3;10;3;3;5;3;0;0;1;0;0;0;1;0
11;10;10100313;2021;3;16;4;2;5;2;0;1;1;0;0;0;0;0
11;4;4501042;2021;2;9;4;3;2;6;0;0;1;0;0;0;1;1
11;1;1300836;2021;3;8;3;3;5;3;0;0;1;0;0;0;0;0
11;1;1400942;2021;1;12;6;3;5;3;0;1;1;0;0;0;0;1
11;8;8100417;2021;2;23;4;3;5;2;2;1;1;0;0;0;0;1
11;7;7601544;2021;2;19;5;3;0;3;2;0;1;0;0;0;1;1
11;11;11400927;2021;3;7;6;3;1;5;0;1;1;0;0;0;0;0
11;1;1401049;2021;2;5;1;3;9;1;2;0;0;0;0;0;1;0
11;9;9301227;2021;2;17;4;3;0;1;1;1;0;0;0;0;0;0
11;12;12100205;2021;1;16;7;3;5;2;2;0;1;0;0;0;0;1
11;3;3300516;2021;3;8;3;3;6;4;0;0;1;1;0;0;0;0
11;4;4501045;2021;3;7;6;3;2;6;0;0;1;0;1;0;0;1
11;10;10200421;2021;3;11;7;3;6;7;0;0;0;1;0;0;1;0
11;10;10200423;2021;2;15;6;3;6;4;0;0;1;1;0;0;0;0
11;5;5100206;2021;1;8;6;3;5;3;1;1;1;0;0;0;0;1
11;4;4300517;2021;1;14;2;2;2;6;0;0;1;0;0;0;0;1
11;6;6300528;2021;1;14;3;2;4;6;0;0;1;0;0;0;1;0
11;2;2500833;2021;2;11;7;3;0;3;0;0;1;0;1;0;0;0
11;4;4501042;2021;3;16;3;3;6;7;0;0;1;1;0;0;0;0
11;9;9100409;2021;1;14;3;3;5;2;0;0;1;0;0;0;0;0
11;8;8300934;2021;2;16;3;3;2;2;1;0;1;0;0;0;0;2
11;6;6100209;2021;2;12;5;3;5;2;0;0;1;0;1;0;0;0
11;4;4501045;2021;1;11;2;3;5;2;0;1;0;0;0;0;1;1
11;11;11200410;2021;3;7;4;3;6;2;0;0;1;1;0;0;0;0
11;6;6300525;2021;1;10;6;3;7;7;0;1;0;0;0;0;0;0
11;3;3300412;2021;3;15;2;3;6;4;0;0;1;1;0;0;0;1
11;6;6100209;2021;1;17;3;3;5;2;2;0;1;0;0;0;0;1
11;1;1100102;2021;1;18;3;3;5;3;2;0;1;0;0;0;0;1
11;8;8200831;2021;2;14;2;3;5;3;0;1;1;0;0;0;0;0
11;5;5100313;2021;3;15;3;3;2;6;0;1;0;0;0;0;1;0
11;6;6200313;2021;3;13;5;3;2;2;0;0;1;0;0;0;0;0
11;12;12200412;2021;2;20;5;3;6;4;2;0;0;1;0;0;1;2
11;7;7100102;2021;2;14;6;3;1;5;0;1;1;0;0;0;0;0
11;4;4400835;2021;1;19;3;2;6;4;2;0;1;1;0;0;0;1
11;4;4500939;2021;3;13;5;3;0;2;0;1;1;0;0;0;0;0
11;1;1200517;2021;2;14;2;3;2;6;0;0;1;0;0;0;0;0
11;1;1400940;2021;2;11;7;3;0;7;0;0;1;0;0;0;1;1
11;2;2100105;2021;1;10;5;3;0;1;0;1;0;0;0;0;0;0
11;8;8100206;2021;1;15;4;3;5;2;0;0;1;0;1;0;0;1
11;1;1300733;2021;3;14;5;3;5;7;0;0;1;0;0;0;1;0
11;4;4501153;2021;2;17;3;3;3;6;0;0;1;0;1;0;0;0
11;6;6200313;2021;3;15;3;2;5;2;0;0;1;0;1;0;0;0
11;7;7601339;2021;3;14;6;3;1;7;0;1;1;0;0;0;0;0
11;1;1300834;2021;2;17;3;3;3;6;2;0;1;0;0;0;0;1
11;4;4501045;2021;3;12;3;3;5;2;0;0;1;0;0;0;0;0
11;1;1100308;2021;1;10;7;3;6;4;0;0;0;1;0;0;1;1
11;8;8401243;2021;2;13;5;2;1;7;0;0;1;1;0;0;0;1
11;7;7601236;2021;3;11;6;3;5;2;0;0;1;0;0;0;1;0
11;1;1100308;2021;2;19;4;3;9;1;2;0;1;0;0;0;0;0
11;8;8100206;2021;1;13;6;3;0;7;0;0;1;0;1;0;0;0
11;8;8401245;2021;3;17;5;3;5;2;2;0;1;0;0;0;1;1
11;4;4300622;2021;1;3;5;3;1;1;2;0;1;0;0;0;1;1
11;6;6100101;2021;3;15;2;3;2;2;0;0;1;0;0;0;0;0
11;1;1100308;2021;2;9;6;3;5;3;0;1;1;0;0;0;0;1
11;1;1100308;2021;2;19;7;3;2;6;2;0;1;0;0;0;0;0
11;11;11200410;2021;1;14;7;3;2;6;0;0;1;0;0;0;1;0
11;7;7601339;2021;1;7;2;3;5;2;1;0;1;0;1;0;0;2
11;2;2400521;2021;1;14;3;3;5;3;0;1;1;0;0;0;0;0
11;8;8100417;2021;2;16;6;3;5;2;0;0;1;0;0;0;1;0
11;9;9301227;2021;3;15;2;3;6;7;0;0;1;1;0;0;0;0
11;6;6100102;2021;1;15;3;2;6;7;0;0;1;1;0;0;0;0
11;1;1300733;2021;2;9;5;3;5;2;0;1;1;0;0;0;0;1
11;6;6400844;2021;3;10;7;2;0;7;0;1;1;0;0;0;0;0
11;4;4200308;2021;2;13;4;3;2;6;0;0;1;0;0;0;1;0
11;6;6100209;2021;1;18;1;3;1;1;2;0;1;0;0;0;0;1
11;2;2400623;2021;3;15;6;3;5;3;0;1;1;0;0;0;0;1
11;2;2300419;2021;3;15;6;3;0;7;0;0;0;0;0;0;1;0
11;2;2300314;2021;3;18;7;3;1;5;2;1;1;0;0;0;0;0
11;9;9401534;2021;2;8;7;3;0;1;0;1;0;0;0;0;0;0
11;8;8100521;2021;1;7;5;2;6;4;2;0;0;1;0;1;0;1
11;2;2100102;2021;1;19;7;3;5;3;2;0;1;0;0;0;1;0
11;3;3601142;2021;1;9;4;2;0;3;0;0;1;0;0;0;1;1
11;8;8200623;2021;2;14;7;3;5;2;0;0;1;0;0;0;0;0
11;4;4300416;2021;3;15;3;3;1;5;0;1;1;0;0;0;0;0
11;3;3200207;2021;1;10;3;3;4;1;0;0;1;0;0;0;0;2
11;10;10200421;2021;2;18;5;3;6;4;2;0;1;1;0;0;0;1
11;3;3601449;2021;2;11;5;3;5;3;0;1;1;0;0;0;0;0
11;8;8401242;2021;1;16;2;3;3;6;1;0;1;0;0;0;0;0
11;2;2300316;2021;3;13;4;3;5;7;0;1;1;0;0;0;0;0
11;9;9200819;2021;1;6;6;3;2;6;2;0;1;0;0;0;0;0
11;2;2400624;2021;1;17;2;3;5;3;2;0;1;0;0;0;1;1
11;12;12100204;2021;1;12;4;3;2;6;0;0;1;0;0;0;0;0
11;7;7400826;2021;2;13;1;3;5;3;0;0;1;0;0;0;1;0
11;10;10100311;2021;3;11;3;3;2;6;0;0;1;0;1;0;0;0
11;4;4501146;2021;3;15;4;3;5;3;0;0;1;0;0;0;0;0
11;10;10100312;2021;2;8;6;3;6;6;0;0;1;1;0;0;0;2
11;1;1300732;2021;2;17;7;3;6;4;1;0;1;1;0;0;0;0
11;7;7400927;2021;1;18;4;3;5;2;2;0;1;0;0;0;0;1
11;5;5100316;2021;2;17;3;3;2;6;2;0;1;0;0;0;0;1
11;8;8100206;2021;2;20;6;3;2;7;2;0;1;0;0;0;1;2
11;7;7601340;2021;1;19;3;3;6;2;2;0;1;1;0;0;0;1
11;3;3601449;2021;3;14;6;3;5;2;0;1;1;0;0;0;0;0
11;11;11200411;2021;2;17;3;3;5;3;0;0;1;0;0;0;0;0
11;1;1100102;2021;1;20;7;3;2;6;2;0;1;0;0;0;1;1
11;2;2100102;2021;3;7;3;3;2;3;0;0;1;0;0;0;0;0
11;5;5200633;2021;3;5;5;3;8;1;2;0;1;0;0;0;0;1
11;7;7501031;2021;3;9;6;3;2;6;0;0;1;0;0;1;0;1
11;5;5200423;2021;2;16;3;3;5;3;0;0;1;0;0;0;0;1
11;8;8100310;2021;3;16;3;3;6;4;0;0;1;1;0;0;0;0
11;7;7400927;2021;1;17;6;3;5;2;2;0;1;0;0;0;0;1
11;1;1100310;2021;2;10;4;2;1;5;0;1;0;0;0;0;1;0
11;5;5200423;2021;3;21;6;3;1;5;2;0;1;0;0;0;0;0
11;11;11300722;2021;2;11;5;3;5;3;0;0;1;0;0;0;1;0
11;12;12100102;2021;1;20;1;3;5;3;2;0;1;0;0;0;0;1
11;11;11100308;2021;3;18;6;3;2;6;0;0;1;0;0;0;0;0
11;5;5200423;2021;3;12;7;2;6;7;0;0;1;1;0;0;0;1
11;4;4200207;2021;1;15;1;3;4;6;0;1;1;0;0;0;0;0
11;2;2300314;2021;1;6;2;3;6;4;2;0;1;1;0;0;0;1
11;10;10200630;2021;2;22;1;3;0;1;2;0;1;0;1;0;0;0
11;4;4501148;2021;3;22;2;3;9;1;2;0;1;0;0;0;0;0
11;6;6100206;2021;1;12;4;3;5;3;0;0;1;0;0;0;0;1
11;3;3500934;2021;2;13;4;3;5;3;0;0;1;0;0;0;0;1
11;4;4200206;2021;2;5;6;2;6;4;2;0;0;1;0;1;0;1
11;1;1100207;2021;1;9;4;3;5;3;0;0;1;0;0;0;0;1
11;4;4501150;2021;3;9;4;3;1;5;0;1;1;0;0;0;0;0
11;4;4100101;2021;2;18;6;3;6;2;2;0;0;1;0;0;1;2
11;4;4501043;2021;1;14;2;2;6;4;0;0;0;1;0;0;1;1
11;6;6200311;2021;1;7;3;3;6;2;1;0;1;1;0;0;0;1
11;7;7100103;2021;2;15;2;3;2;6;0;0;1;0;0;0;0;0
11;6;6400843;2021;3;11;2;2;2;2;0;0;1;0;1;0;0;0
11;2;2200208;2021;3;17;4;3;5;2;0;1;1;0;0;0;0;0
11;5;5100315;2021;2;19;2;3;5;3;2;0;1;0;0;0;0;1
11;3;3601140;2021;2;18;1;3;6;4;2;0;0;1;0;0;1;0
11;9;9401432;2021;1;18;5;3;2;6;2;0;1;0;0;0;0;1
11;4;4300619;2021;2;17;3;3;6;2;2;0;1;1;0;0;0;1
11;8;8401139;2021;2;10;3;3;5;2;0;0;1;0;0;0;0;2
11;1;1100311;2021;2;16;5;3;2;6;0;0;1;0;0;0;0;0
11;3;3601450;2021;1;20;2;3;2;6;2;0;1;0;0;0;0;0
11;5;5100210;2021;3;16;4;3;5;3;0;0;1;0;0;0;0;0
11;8;8200623;2021;1;16;6;3;0;6;1;0;1;0;0;0;0;0
11;2;2100102;2021;2;19;6;3;6;4;2;0;1;1;0;0;0;2
11;5;5200629;2021;1;11;3;3;5;2;0;1;0;0;0;0;1;1
11;10;10100102;2021;1;19;3;2;0;1;2;1;0;0;0;0;0;2
11;4;4100101;2021;2;16;1;2;5;2;0;0;1;0;0;0;1;0
11;4;4501153;2021;3;14;2;2;2;2;0;1;1;0;0;0;0;1
11;1;1300733;2021;3;18;3;2;6;4;2;0;1;1;0;0;0;0
11;7;7501029;2021;2;14;1;3;6;4;0;0;1;1;0;0;0;1
11;1;1200517;2021;3;12;2;2;6;4;0;0;0;1;0;0;1;0
11;1;1200520;2021;1;22;3;3;0;1;2;1;0;0;0;0;0;1
11;1;1300732;2021;1;21;1;3;0;2;2;0;0;0;1;0;1;2
11;11;3500936;2021;2;10;7;3;2;1;0;0;1;0;0;0;0;2
11;5;5100211;2021;1;10;5;3;6;2;0;0;1;1;0;0;0;0
11;9;9200512;2021;3;12;6;3;5;7;0;0;1;0;0;0;1;0
11;1;1100310;2021;2;8;3;3;5;2;0;1;1;0;0;0;0;0
11;4;4501150;2021;1;18;7;3;2;6;2;0;1;0;0;0;0;1
11;3;3400620;2021;3;6;4;3;5;2;0;0;1;0;0;0;0;0
11;4;4300624;2021;3;12;6;3;0;6;0;0;0;0;0;1;1;0
11;2;2200213;2021;3;18;1;3;3;6;1;1;1;0;0;0;0;0
11;9;9100305;2021;2;10;3;3;5;2;0;0;1;0;0;0;1;1
11;2;2400521;2021;3;5;3;3;5;2;2;1;1;0;0;0;0;0
11;1;1200522;2021;1;17;6;2;5;2;2;1;1;0;0;0;0;1
11;6;6100205;2021;2;15;4;3;5;3;0;0;1;0;1;0;0;1
11;1;1400938;2021;3;1;6;3;8;1;2;0;1;0;0;0;0;1
11;1;1300834;2021;2;19;4;3;5;3;2;0;1;0;1;0;0;0
11;10;10100313;2021;1;1;1;3;9;1;2;0;1;0;0;0;0;1
11;5;5300840;2021;3;7;5;3;0;1;0;0;0;0;1;0;0;1
11;5;5200528;2021;3;11;7;2;2;6;0;0;1;0;0;0;0;1
11;3;3601142;2021;2;7;6;3;5;2;0;1;1;0;0;0;0;0
11;2;2200209;2021;3;18;2;2;6;4;1;0;1;1;0;0;0;0
11;1;1100205;2021;1;18;2;3;6;7;2;1;0;1;0;0;0;0
11;5;5400943;2021;1;0;4;2;9;1;2;0;1;0;0;0;0;2
11;1;1401049;2021;2;6;2;3;5;7;2;1;1;0;0;0;0;0
11;10;10200421;2021;3;8;3;3;5;3;0;0;1;0;0;0;1;0
11;1;1401046;2021;1;15;4;3;6;4;0;1;0;1;0;0;0;0
11;2;2100106;2021;2;12;6;3;2;6;0;0;1;0;0;0;0;1
11;4;4501042;2021;3;1;2;3;0;1;2;0;0;0;1;0;0;0
11;7;7200308;2021;1;17;4;3;6;2;2;0;0;1;0;0;1;1
11;8;8100418;2021;3;11;4;3;5;3;0;0;1;0;0;0;1;0
11;3;3200205;2021;1;3;1;3;9;1;2;0;1;0;0;0;0;2
11;6;6200421;2021;2;18;6;3;5;3;2;0;1;0;0;0;0;1
11;1;1100311;2021;1;16;4;3;5;2;1;1;1;0;0;0;0;0
11;2;2100102;2021;1;7;5;3;6;2;1;0;1;1;0;0;0;1
11;8;8100208;2021;2;18;3;3;5;3;2;0;1;0;0;0;0;0
11;4;4300622;2021;3;11;2;3;2;6;0;0;1;0;0;0;0;0
11;12;12500930;2021;3;19;4;2;5;2;2;0;1;0;1;0;0;0
11;12;12400721;2021;2;5;4;3;6;4;2;0;1;1;0;0;0;1
11;8;8100312;2021;3;11;2;3;2;7;0;0;1;0;1;0;0;0
11;8;8100313;2021;1;19;6;3;1;5;2;1;0;0;0;0;1;0
11;3;3400829;2021;2;11;3;2;5;3;0;0;1;0;0;0;0;1
11;4;4300416;2021;3;10;6;3;5;3;0;0;1;0;1;0;0;0
11;11;10100205;2021;2;14;5;3;5;3;0;1;1;0;0;0;0;0
11;1;1100310;2021;1;21;7;3;0;1;2;0;0;0;1;0;0;2
11;9;9501940;2021;3;16;4;2;6;4;0;0;1;1;0;0;0;1
11;3;3100101;2021;3;14;6;3;2;6;0;0;1;0;0;0;0;0
11;9;9200510;2021;2;16;6;3;5;7;1;0;0;0;0;0;1;1
11;4;4501041;2021;3;11;2;3;5;7;0;1;0;0;0;0;1;0
11;6;6200422;2021;2;12;7;2;4;6;0;0;1;0;0;0;0;0
11;5;5200632;2021;1;18;1;3;5;2;2;0;1;0;0;0;0;1
11;11;11100203;2021;1;11;7;3;6;4;0;0;1;1;0;0;0;0
11;1;1300733;2021;2;18;4;3;2;6;2;0;1;0;0;0;0;1
11;2;2500833;2021;3;20;2;3;5;2;2;0;1;0;1;0;0;0
11;2;2500833;2021;2;18;4;3;5;3;2;0;1;0;0;0;0;2
11;3;3400827;2021;2;17;5;3;1;7;2;0;1;0;1;0;0;0
11;3;3300516;2021;1;6;2;3;6;4;2;0;1;1;0;0;0;0
11;1;1100207;2021;1;17;5;2;6;4;2;0;1;1;0;0;0;1
11;5;5200423;2021;3;12;5;3;2;6;0;0;1;0;0;1;0;0
11;1;1100206;2021;3;19;7;3;0;6;2;1;1;0;0;0;0;0
11;3;3100101;2021;2;11;5;3;5;2;0;0;1;0;0;0;0;0
11;11;11401137;2021;1;14;5;2;5;3;0;1;1;0;0;0;0;0
11;12;12500825;2021;3;15;4;3;5;3;0;1;1;0;0;0;0;1
11;12;12100205;2021;3;17;5;3;2;6;0;0;1;0;0;0;1;1
11;8;8200623;2021;3;12;1;2;2;6;0;0;1;0;0;0;0;0
11;7;7601546;2021;2;18;3;3;8;1;2;0;1;0;0;0;0;1
11;8;8300934;2021;1;18;2;3;6;2;2;0;1;1;0;0;0;1
11;4;4501043;2021;3;14;3;3;5;2;0;0;1;0;0;0;0;0
11;7;7601339;2021;1;11;2;3;5;3;0;0;1;0;0;0;0;1
11;4;4500936;2021;2;10;4;3;5;2;0;0;1;0;0;0;0;1
11;4;4501153;2021;3;14;6;3;6;2;0;0;1;1;0;0;0;0
11;6;6300524;2021;2;16;4;3;2;6;0;0;1;0;0;0;0;2
11;5;5300737;2021;2;12;6;3;0;1;0;0;0;0;1;0;0;0
11;7;7100102;2021;1;8;3;3;5;2;0;1;1;0;0;0;0;1
11;11;11200410;2021;3;15;5;3;2;6;0;0;1;0;0;0;0;0
11;12;12500926;2021;1;12;6;3;5;7;0;0;1;0;0;0;0;0
11;8;8100415;2021;3;11;1;3;2;6;0;0;1;0;0;0;0;1
11;5;5300840;2021;1;14;2;3;1;5;0;0;1;0;1;0;0;1
11;5;5300737;2021;1;7;4;3;2;2;2;0;1;0;0;0;0;1
11;8;8401246;2021;2;13;1;2;5;2;0;1;1;0;0;0;0;0
11;12;12400619;2021;3;17;1;3;0;1;0;0;0;0;1;0;0;0
11;1;1100310;2021;1;8;5;3;5;3;1;1;1;0;0;0;0;1
11;8;8200730;2021;2;20;2;3;1;5;2;0;1;0;0;0;0;2
11;1;1200623;2021;3;18;2;3;0;4;2;1;0;1;0;0;0;0
11;7;7300618;2021;1;15;4;3;6;7;1;0;0;1;1;0;0;1
11;11;11400931;2021;3;14;4;3;5;2;0;1;1;0;0;0;0;0
11;12;12400721;2021;2;14;3;2;3;6;0;1;1;0;0;0;0;1
11;4;4300517;2021;2;13;6;3;9;1;0;0;0;0;0;0;1;0
11;1;1100313;2021;1;16;4;3;6;4;1;1;0;1;0;0;0;1
11;8;8200833;2021;1;10;5;3;3;6;0;0;1;0;0;0;0;1
11;4;4200311;2021;3;14;6;3;3;6;0;0;1;0;0;0;0;0
11;6;6400840;2021;2;13;3;3;1;7;0;0;1;0;0;0;0;0
11;5;5200528;2021;3;16;4;3;5;3;0;1;1;0;0;0;0;1
11;2;2200207;2021;3;9;6;3;5;2;0;1;1;0;0;0;0;1
11;6;6300633;2021;2;18;5;3;1;5;2;0;1;0;1;0;0;1
11;6;6300633;2021;3;15;3;2;6;2;0;0;1;1;0;0;0;0
11;7;7601544;2021;1;5;5;3;6;2;2;0;1;1;0;0;0;1
11;11;11400931;2021;2;7;5;3;5;2;0;0;1;0;0;0;0;1
11;1;1300836;2021;3;17;7;3;6;2;0;0;1;1;0;0;0;0
11;1;1100313;2021;2;11;3;3;5;2;0;1;0;0;0;0;1;0
11;2;2500830;2021;1;0;1;3;0;1;2;1;0;0;0;0;0;1
11;7;7601443;2021;3;22;5;3;1;5;2;0;1;0;0;0;1;1
11;7;7200409;2021;3;16;7;3;0;5;0;0;1;0;0;0;0;1
11;5;5100103;2021;3;17;2;3;6;7;0;1;0;1;0;0;0;0
11;4;4501041;2021;2;14;7;2;5;3;0;0;1;0;1;0;0;0
11;12;12200412;2021;1;10;2;2;3;6;0;1;0;0;0;0;1;2
11;8;8100209;2021;1;15;3;3;2;6;0;0;1;0;0;0;0;1
11;1;1100102;2021;1;19;3;3;2;6;2;0;1;0;0;0;0;0
11;2;2100102;2021;2;3;6;3;5;3;2;1;1;0;0;0;0;1
11;7;7200307;2021;3;19;1;3;5;2;2;0;1;0;0;0;0;0
11;4;4300412;2021;1;15;3;3;5;2;0;1;1;0;0;0;0;0
11;7;7400824;2021;2;6;4;3;6;2;2;0;0;1;0;0;1;1
11;2;2200210;2021;2;17;5;3;5;3;0;0;1;0;0;0;1;0
11;12;12400619;2021;1;8;2;3;0;6;0;0;1;0;1;0;0;1
11;7;7601340;2021;3;8;4;3;5;2;0;1;1;0;0;0;0;0
11;1;1300733;2021;1;14;1;3;6;2;0;0;1;1;0;0;0;0
11;2;2100106;2021;1;21;2;2;6;4;2;0;1;1;0;0;0;1
11;4;4501150;2021;1;12;4;2;5;7;0;0;1;0;1;0;0;1
11;11;11401136;2021;2;9;2;3;6;2;0;0;1;1;0;0;0;0
11;4;4500939;2021;3;20;3;2;5;3;2;0;1;0;0;0;0;0
11;3;3701555;2021;3;18;4;3;5;3;2;1;1;0;0;0;0;0
11;1;1300836;2021;2;15;6;3;1;5;0;0;1;0;0;0;0;1
11;7;7200409;2021;2;12;7;3;1;5;0;1;1;0;0;0;0;1
11;6;6200312;2021;1;7;3;3;6;2;2;0;1;1;0;0;0;1
11;7;7400928;2021;3;13;5;3;7;7;0;1;0;0;0;0;0;1
11;5;5200631;2021;2;14;2;3;6;4;0;0;1;1;0;0;0;2
11;2;2400623;2021;2;14;7;3;2;7;0;0;1;0;0;0;0;1
11;7;7501030;2021;1;22;4;3;1;5;2;1;1;0;0;0;0;0
11;11;11100102;2021;3;7;5;3;5;2;0;1;1;0;0;0;0;0
11;7;7300619;2021;3;15;5;3;5;3;0;0;1;0;0;0;0;0
11;1;1200517;2021;1;13;1;3;2;6;0;0;1;0;0;0;0;0
11;1;1401044;2021;3;16;2;3;5;3;0;0;1;0;0;0;1;1
11;8;8300934;2021;3;12;2;2;0;2;0;0;1;0;0;0;1;0
11;2;2500832;2021;1;14;3;3;6;4;0;0;1;1;0;0;0;1
11;1;1100102;2021;1;14;4;3;2;6;0;0;1;0;0;0;0;1
11;4;4501045;2021;2;8;2;3;2;6;0;0;1;0;1;0;0;0
11;12;12601235;2021;3;6;3;2;2;7;0;0;0;0;0;0;1;1
11;9;9200819;2021;3;20;3;2;0;1;2;0;0;0;1;0;0;0
11;8;8200624;2021;1;15;4;3;5;3;0;0;1;0;0;0;0;0
11;8;8200623;2021;2;16;2;3;3;6;0;0;1;0;0;1;0;0
11;9;9300920;2021;3;15;2;3;2;6;0;1;1;0;0;0;0;0
11;8;8100102;2021;1;10;4;3;5;7;0;0;1;0;0;0;1;1
11;4;4500938;2021;3;19;4;3;5;5;2;1;1;0;0;0;0;0
11;9;9200715;2021;2;15;3;3;5;2;0;0;1;0;0;0;0;1
11;1;1100207;2021;1;19;3;2;5;3;2;1;1;0;0;0;0;1
11;11;11300722;2021;1;6;5;2;6;4;2;0;1;1;0;0;0;1
11;2;2400521;2021;3;8;5;3;5;2;0;1;1;0;0;0;0;0
11;6;6100209;2021;2;15;2;3;2;2;0;0;1;0;0;0;0;0
11;3;3300411;2021;3;8;4;3;6;4;0;0;1;1;0;0;0;1
11;1;1200623;2021;3;16;5;3;0;6;0;0;1;0;0;0;1;0
11;1;1100310;2021;2;18;3;3;5;2;2;0;1;0;0;0;0;1
11;1;1100310;2021;3;7;3;3;2;2;0;1;1;0;0;0;0;0
11;8;8200727;2021;1;9;7;3;1;5;0;0;1;0;0;0;0;1
11;5;5100104;2021;2;21;3;3;0;7;2;1;0;0;0;0;0;1
11;1;1100308;2021;2;19;5;3;5;2;2;1;1;0;0;0;0;1
11;8;8100521;2021;3;16;6;3;2;6;0;0;1;0;0;0;0;0
11;9;9100407;2021;2;14;4;3;1;5;0;0;1;0;1;0;0;0
11;3;3100103;2021;1;14;5;3;5;7;0;1;1;0;0;0;0;0
11;11;11400930;2021;3;16;6;3;5;2;1;1;1;0;0;0;0;0
11;3;3200308;2021;3;15;2;3;5;2;0;1;1;0;0;0;0;1
11;2;2100104;2021;2;15;1;3;5;3;0;1;1;0;0;0;0;0
11;2;2500832;2021;1;17;6;3;6;4;2;1;0;1;0;0;0;0
11;11;11100205;2021;1;17;2;3;6;4;2;0;1;1;0;0;0;1
11;12;12200309;2021;1;10;3;3;5;3;0;0;1;0;0;0;0;1
11;6;6200423;2021;2;14;6;3;3;6;0;1;1;0;0;0;0;0
11;1;1401043;2021;3;16;2;3;5;3;0;1;1;0;0;0;0;0
11;2;2300315;2021;1;10;3;3;6;2;0;0;1;1;0;0;0;1
11;2;2100101;2021;2;10;2;3;0;7;0;0;1;0;0;0;0;2
11;9;9501838;2021;2;16;5;2;5;3;1;1;1;0;0;0;0;0
11;9;9200819;2021;1;17;3;3;2;6;2;0;1;0;1;0;0;2
11;6;6400844;2021;3;11;4;3;5;3;0;0;1;0;0;0;0;0
11;3;3601141;2021;1;5;6;3;3;2;2;1;0;0;0;0;1;0
11;5;5200629;2021;1;13;3;2;6;2;0;0;1;1;0;0;0;2
11;2;2200209;2021;1;8;3;3;6;2;0;0;0;1;0;0;1;1
11;3;3200206;2021;2;13;1;3;0;1;0;0;0;0;1;0;0;0
11;12;12601134;2021;3;6;2;3;5;7;1;0;1;0;0;0;1;0
11;2;2300316;2021;3;10;4;3;2;6;0;0;1;0;0;0;0;0
11;4;4200308;2021;2;23;1;3;2;6;2;0;1;0;0;0;0;1
11;3;3701556;2021;3;9;2;3;2;7;0;0;1;0;1;0;0;0
11;7;7300619;2021;1;17;4;3;6;2;2;0;0;1;0;0;1;1
11;11;11300617;2021;2;17;3;3;5;3;2;1;1;0;0;0;0;1
11;2;2400521;2021;1;9;3;3;6;4;0;1;0;1;0;0;0;0
11;9;9200512;2021;3;14;6;3;5;7;0;0;1;0;0;0;1;0
11;11;11300617;2021;2;22;2;2;5;2;2;0;1;0;0;0;0;0
11;2;2100106;2021;1;16;7;3;0;1;0;0;0;0;1;0;0;1
11;1;1300834;2021;3;14;4;3;5;2;0;1;0;0;0;0;1;1
11;9;9301025;2021;3;17;5;3;1;1;0;1;1;0;0;0;0;1
11;1;1300730;2021;3;2;7;3;5;3;2;0;1;0;0;0;0;0
11;6;6400844;2021;2;19;4;3;6;2;2;0;1;1;0;0;0;1
11;5;5200629;2021;3;13;2;3;0;6;0;0;1;0;0;0;1;0
11;1;1100308;2021;1;15;5;3;1;5;0;1;0;0;0;0;1;1
11;9;9200511;2021;2;14;4;3;5;3;0;0;1;0;0;0;0;1
11;8;8100207;2021;3;18;6;2;9;1;2;0;1;0;0;0;0;0
11;1;1300732;2021;2;17;4;3;0;7;0;1;0;1;0;0;0;0
11;3;3200308;2021;1;16;2;3;6;7;1;0;1;1;0;0;0;0
11;3;3701660;2021;3;8;6;2;0;3;0;0;1;0;1;0;0;1
11;9;9200511;2021;3;16;6;3;2;1;0;0;1;0;0;0;0;0
11;1;1100312;2021;2;13;2;3;5;3;0;1;1;0;0;0;0;0
11;5;5200528;2021;3;14;4;3;5;2;0;0;1;0;0;0;0;1
11;5;5300841;2021;3;16;6;3;6;4;0;1;0;1;0;0;0;0