LAND;BEZ;LOR_ab_2021;UJAHR;UMONAT;USTUNDE;UWOCHENTAG;UKATEGORIE;UART;UTYP1;ULICHTVERH;IstRad;IstPKW;IstFuss;IstKrad;IstGkfz;IstSonstige;USTRZUSTAND
11;1;1200517;2021;2;18;3;3;2;6;2;0;1;0;0;0;0;1
11;1;1100102;2021;3;8;3;3;2;6;0;0;1;0;0;1;0;0
11;4;4501147;2021;1;14;6;3;2;6;0;0;1;0;0;0;0;0
11;1;1100207;2021;2;10;5;2;5;3;0;1;1;0;0;0;0;1
11;4;4300624;2021;2;18;5;3;5;3;2;1;1;0;0;0;0;1
11;2;2300314;2021;3;18;1;3;5;7;2;0;1;0;0;0;0;0
11;11;10100205;2021;2;15;4;3;5;3;0;1;0;0;0;0;1;0
11;3;3601244;2021;1;10;7;3;5;3;0;1;0;0;0;0;1;1
11;8;8200832;2021;3;9;5;3;6;4;0;0;1;1;0;0;0;0
11;12;12500930;2021;3;15;2;3;2;6;0;0;1;0;0;0;1;1
11;1;1200517;2021;3;19;2;3;5;2;2;0;1;0;0;0;0;0
11;7;7200413;2021;2;8;5;3;2;6;0;0;1;0;0;0;0;0
11;7;7400824;2021;1;22;7;3;6;2;2;0;0;1;0;0;1;1
11;4;4200311;2021;1;15;2;3;5;2;0;1;1;0;0;0;0;1
11;2;2300418;2021;2;14;6;3;1;5;0;0;1;0;0;0;0;0
11;4;4501045;2021;3;16;2;3;2;2;0;0;1;0;0;0;0;0
11;4;4400830;2021;1;11;4;3;6;4;0;0;1;1;0;0;0;0
11;1;1100102;2021;2;14;4;3;2;6;0;0;1;0;0;0;0;1
11;4;4300622;2021;2;8;6;3;2;6;0;0;1;0;0;0;0;1
11;2;2400623;2021;1;23;1;3;5;3;2;0;1;0;0;0;1;1
11;8;8100209;2021;3;16;4;3;5;2;0;1;1;0;0;0;0;0
11;8;8200833;2021;1;13;2;3;1;5;0;1;1;0;0;0;0;1
11;4;4300416;2021;1;20;3;3;6;2;2;0;1;1;0;0;0;1
11;11;11100204;2021;2;11;1;3;0;6;0;0;1;0;0;0;1;0
11;5;5100315;2021;3;16;3;3;2;2;0;0;1;0;0;0;0;0
11;6;6200312;2021;3;9;4;2;0;1;0;0;0;0;1;0;0;0
11;12;12200515;2021;2;17;6;3;2;6;1;0;1;0;0;0;0;1
11;4;4501043;2021;3;0;2;3;6;4;2;0;1;1;0;0;0;0
11;9;9200818;2021;1;15;6;3;2;6;0;0;1;0;0;0;0;1
11;9;9401534;2021;2;18;3;3;6;2;2;0;1;1;0;0;0;1
11;11;11300722;2021;1;7;5;3;5;3;2;1;1;0;0;0;0;1
11;6;6100103;2021;3;14;5;2;6;7;0;0;0;1;0;0;1;0
11;9;9200511;2021;3;15;1;3;6;4;0;0;1;1;0;0;0;0
11;6;6300634;2021;2;12;4;3;6;7;0;0;0;1;0;0;1;0
11;7;7501029;2021;1;14;7;3;0;6;0;0;1;0;1;0;0;1
11;7;7400720;2021;3;16;4;3;3;6;0;0;1;0;0;0;0;1
11;11;11200512;2021;3;15;6;3;5;2;0;0;1;0;0;0;1;0
11;1;1200522;2021;3;16;1;2;6;4;0;0;1;1;0;0;0;0
11;8;8100419;2021;2;13;5;3;6;2;0;0;1;1;0;0;0;0
11;12;12500825;2021;1;22;7;2;0;3;2;0;1;0;0;0;0;0
11;7;7601340;2021;3;14;3;3;5;2;0;1;1;0;0;0;0;0
11;8;8100417;2021;1;11;2;2;6;2;0;0;1;1;0;0;0;1
11;6;6200316;2021;2;6;4;3;2;6;2;0;1;0;0;0;0;1
11;1;1100309;2021;3;19;6;3;1;5;2;1;1;0;0;0;0;0
11;4;4500939;2021;2;18;2;3;5;2;2;0;1;0;0;0;0;2
11;9;9501939;2021;2;8;6;3;1;5;1;1;1;0;0;0;0;1
11;4;4100101;2021;1;14;2;3;5;3;0;0;1;0;0;0;0;0
11;10;10400939;2021;3;18;5;3;5;3;2;0;1;0;0;0;0;0
11;6;6100205;2021;3;10;7;3;0;2;0;0;1;0;1;0;0;1
11;3;3701660;2021;2;12;6;3;5;2;0;1;0;0;0;0;1;0
11;3;3500934;2021;3;13;2;2;5;3;0;0;1;0;0;0;0;0
11;1;1100308;2021;1;17;3;3;6;2;2;0;1;1;0;0;0;1
11;5;5300736;2021;1;13;4;3;5;3;0;0;1;0;0;0;0;0
11;6;6300634;2021;2;17;2;3;0;1;2;0;0;0;1;0;0;0
11;4;4300416;2021;3;22;2;2;5;3;2;0;1;0;0;0;0;0
11;10;10200629;2021;1;6;4;3;5;3;2;0;1;0;0;0;1;1
11;5;5200524;2021;2;12;2;3;1;7;0;0;1;0;0;0;0;0
11;1;1300731;2021;2;19;1;3;5;3;2;0;1;0;0;0;0;0
11;9;9100304;2021;1;21;4;3;0;6;2;0;1;0;0;0;1;1
11;11;11300618;2021;3;7;4;3;0;1;0;0;0;0;1;0;0;2
11;6;6200421;2021;1;18;1;3;4;3;2;0;1;0;1;0;0;2
11;6;6100204;2021;2;19;6;3;5;3;2;1;1;0;0;0;0;2
11;10;10100312;2021;1;12;5;3;0;3;0;0;1;0;0;0;1;0
11;10;10100313;2021;1;7;5;2;6;4;0;0;0;1;0;0;1;1
11;9;9200510;2021;2;16;3;3;5;3;0;1;1;0;0;0;0;0
11;4;4400834;2021;1;10;2;3;5;3;0;1;1;0;0;0;0;1
11;4;4501045;2021;1;14;2;3;5;3;0;0;1;0;0;0;0;0
11;2;2500726;2021;1;19;7;2;5;3;2;1;0;0;0;0;1;0
11;4;4501149;2021;1;23;2;3;5;3;2;0;1;0;1;0;0;1
11;4;4501045;2021;1;18;1;3;5;7;0;0;1;0;0;0;0;1
11;1;1100310;2021;1;17;6;3;0;1;2;1;0;0;0;0;0;1
11;7;7400721;2021;1;18;2;3;1;7;2;0;1;0;0;0;0;1
11;4;4501149;2021;1;8;2;3;6;4;1;0;1;1;0;0;0;1
11;9;9100101;2021;1;20;2;3;6;2;2;0;1;1;0;0;0;1
11;7;7100101;2021;1;17;7;2;6;2;2;0;1;1;0;0;0;0
11;1;1100101;2021;1;17;7;3;5;3;2;0;1;0;0;0;0;0
11;10;10300734;2021;1;12;7;3;2;6;0;0;1;0;0;0;0;1
11;9;9501838;2021;1;21;7;1;8;1;2;0;1;0;0;0;0;1
11;4;4501041;2021;1;10;2;3;0;7;0;0;0;0;0;1;0;1
11;1;1300836;2021;1;9;1;3;8;1;0;0;1;0;0;0;0;2
11;1;1200522;2021;1;11;2;3;5;7;0;1;1;0;0;0;0;1
11;7;7200409;2021;1;12;2;3;5;2;0;0;1;0;1;0;0;1
11;5;5100211;2021;1;16;1;3;5;2;2;0;1;0;0;0;0;2
11;12;12200310;2021;1;23;7;3;0;7;2;0;0;0;1;0;0;1
11;12;12200411;2021;1;13;2;3;2;6;0;0;1;0;0;0;0;1
11;4;4501043;2021;1;13;7;3;2;2;0;1;1;0;0;0;0;0
11;1;1200520;2021;1;18;2;3;6;2;2;0;1;1;0;0;0;1
11;11;11200411;2021;1;12;6;3;0;1;0;1;0;0;0;0;0;1
11;12;12500928;2021;1;23;6;3;8;1;2;0;1;0;0;0;0;1
11;5;5300839;2021;1;15;7;3;5;2;0;0;1;0;0;0;0;0
11;9;9200717;2021;1;10;7;3;0;1;0;1;0;0;0;0;0;1
11;1;1200628;2021;1;12;7;3;2;6;0;0;1;0;0;0;0;0
11;12;12100204;2021;1;16;1;3;6;4;2;0;0;1;0;0;1;1
11;2;2500727;2021;1;19;2;3;5;2;2;1;1;0;0;0;0;1
11;4;4300621;2021;1;23;2;3;5;3;2;0;1;0;0;0;1;0
11;9;9200819;2021;1;1;1;3;6;4;2;0;1;1;0;0;0;0
11;11;11100204;2021;1;7;2;2;6;4;2;0;1;1;0;0;0;1
11;2;2200210;2021;1;20;1;3;5;2;2;1;1;0;0;0;0;1
11;1;1400939;2021;1;16;7;3;0;7;1;0;1;0;1;0;0;1
11;5;5400942;2021;1;0;7;3;9;1;2;0;1;0;0;0;0;1
11;11;11200411;2021;1;0;1;3;0;2;2;0;1;0;0;0;0;1
11;4;4300414;2021;1;11;1;3;5;2;0;0;1;0;0;0;0;1
11;8;8401243;2021;1;4;6;3;9;1;2;0;0;0;0;0;1;1
11;4;4500936;2021;1;16;7;3;5;2;1;0;1;0;0;0;0;0
11;12;12400723;2021;6;17;4;2;5;2;1;1;1;0;0;0;0;0
11;7;4501153;2021;9;5;1;2;9;1;2;0;1;0;0;0;0;0
11;7;4501153;2021;11;15;4;3;2;6;0;0;1;0;0;0;0;0
11;4;4300414;2021;8;14;1;3;5;2;0;0;1;0;0;0;0;1
11;2;2400521;2021;7;7;2;3;5;2;0;0;1;0;0;0;0;0
11;4;4300414;2021;10;10;3;3;2;2;0;1;1;0;0;0;0;1
11;12;12100205;2021;12;15;4;3;2;6;1;0;1;0;0;0;0;1
11;4;4100101;2021;5;7;6;3;2;6;0;0;1;0;0;0;1;0
11;7;7300619;2021;1;10;4;3;3;2;0;0;1;0;0;0;0;1
11;1;1100205;2021;6;14;2;3;1;5;0;0;1;0;0;0;0;0
11;7;7200308;2021;12;16;6;3;6;2;2;0;1;1;0;0;0;1
11;1;1100102;2021;8;12;2;3;3;6;0;0;1;0;1;0;0;0
11;12;12400721;2021;9;14;1;3;1;5;0;1;1;0;0;0;0;0
11;9;9100202;2021;3;21;1;3;5;5;2;1;1;0;0;0;0;1
11;7;7400721;2021;6;10;1;3;2;6;0;0;1;0;0;0;0;0
11;9;9100305;2021;9;10;3;2;0;1;0;1;0;0;0;0;0;0
11;10;10300734;2021;11;17;2;3;2;6;2;0;1;0;0;0;0;0
11;4;4400830;2021;8;17;3;3;2;6;0;0;1;0;1;0;0;0
11;7;7400824;2021;10;17;7;3;1;5;0;1;1;0;0;0;0;0
11;1;1100310;2021;12;16;3;3;5;3;2;0;1;0;0;0;1;1
11;6;6400737;2021;2;19;2;3;2;6;2;0;1;0;0;0;1;0
11;7;7501133;2021;6;17;3;3;5;5;0;0;1;0;1;0;0;0
11;7;7601442;2021;5;6;4;3;5;7;0;1;1;0;0;0;0;0
11;1;1100310;2021;8;8;5;3;3;6;0;0;1;0;0;0;1;0
11;1;1100311;2021;7;8;3;3;0;7;0;1;0;0;0;0;0;0
11;12;12400723;2021;10;16;2;3;5;2;0;1;1;0;0;0;0;0
11;3;3400828;2021;11;16;2;3;5;3;1;0;1;0;0;0;0;0
11;8;8200622;2021;9;15;6;3;2;6;0;0;1;0;0;0;0;0
11;4;4200310;2021;4;14;4;3;0;1;0;1;0;0;0;0;0;0
11;7;7501030;2021;3;15;2;3;5;7;0;0;1;0;0;0;0;1
11;9;9100202;2021;10;7;6;3;3;6;1;0;1;0;1;0;0;0
11;3;3400620;2021;12;11;4;3;3;6;0;0;1;0;0;0;1;0
11;9;9100409;2021;9;21;4;2;3;6;2;0;1;0;0;0;0;1
11;3;3701660;2021;2;21;4;3;6;4;2;0;0;1;0;0;1;2
11;6;6300526;2021;6;10;2;3;5;2;0;1;1;0;0;0;0;0
11;6;6400735;2021;5;1;4;3;0;1;2;0;1;0;0;0;0;0
11;7;7400824;2021;8;13;7;3;0;7;0;0;1;0;0;0;0;0
11;12;12100204;2021;7;14;5;3;1;5;0;1;1;0;0;0;0;0
11;4;4400830;2021;10;16;2;3;2;6;0;0;1;0;0;0;0;0
11;1;1100310;2021;11;7;4;3;6;2;2;0;1;1;0;0;0;1
11;12;12601032;2021;1;7;6;3;3;6;0;0;1;0;0;1;0;1
11;1;1300836;2021;4;10;2;3;2;6;0;0;1;0;0;0;0;0
11;12;12400723;2021;6;2;1;3;9;1;2;0;1;0;0;0;0;0
11;4;4300621;2021;11;14;6;3;5;3;0;0;1;0;0;0;1;0
11;3;3601142;2021;5;8;7;2;5;2;0;0;1;0;0;0;0;0
11;7;7400824;2021;8;5;1;3;5;2;0;0;1;0;0;0;0;0
11;11;11300722;2021;9;12;5;3;3;6;0;0;1;0;0;0;1;0
11;1;1100311;2021;2;16;1;3;5;2;0;1;0;0;0;0;0;0
11;7;7300619;2021;7;8;5;3;2;6;0;0;1;0;0;0;1;1
11;9;9100202;2021;9;17;6;3;2;3;0;1;0;0;0;0;1;0
11;3;3400721;2021;11;13;2;3;5;2;0;1;1;0;0;0;0;1
11;10;10400940;2021;8;14;7;2;0;7;0;1;0;0;0;0;0;0
11;7;7400720;2021;7;13;1;3;3;6;0;0;1;0;1;0;0;0
11;3;3100101;2021;10;14;5;3;2;6;0;0;1;0;0;0;0;1
11;7;7501133;2021;12;17;2;3;0;3;2;0;0;0;1;0;1;0
11;2;2500727;2021;5;12;2;3;0;6;0;1;0;0;0;0;0;0
11;2;2500727;2021;5;16;7;3;2;6;0;0;1;0;0;0;0;0
11;3;3601142;2021;2;16;3;3;6;7;2;0;1;1;0;0;0;1
11;1;1100310;2021;6;10;6;3;2;6;0;0;1;0;0;0;0;0
11;7;7601547;2021;5;8;6;2;0;7;0;0;1;0;0;0;0;0
11;7;7400823;2021;8;15;5;3;2;6;0;0;1;0;0;0;1;0
11;8;8200624;2021;9;13;7;3;0;7;0;0;0;0;0;0;1;0
11;9;9100101;2021;3;10;6;3;5;2;0;1;0;0;0;0;1;1
11;4;4200310;2021;7;6;5;2;2;6;0;0;1;0;0;0;0;0
11;4;4100101;2021;9;17;5;3;3;6;0;0;1;0;1;0;0;0
11;10;10100311;2021;11;13;2;3;6;7;0;1;0;1;0;0;0;0
11;4;4300414;2021;8;8;3;3;0;2;0;1;1;0;0;0;0;1
11;6;6400736;2021;4;18;5;2;9;1;0;0;0;0;1;0;0;0
11;4;4300622;2021;3;15;6;3;5;2;0;0;0;0;0;1;1;0
11;1;1300836;2021;10;8;4;3;5;2;0;1;1;0;0;0;0;1
11;7;7400823;2021;12;19;5;3;2;6;0;0;1;0;0;0;0;0
11;3;3601449;2021;9;21;6;2;5;2;2;0;1;0;0;0;1;0
11;7;7400720;2021;2;16;6;3;2;6;0;0;1;0;0;0;0;0
11;6;6300527;2021;6;16;7;2;1;7;0;0;1;0;0;0;0;0
11;1;1100310;2021;5;8;5;3;3;6;0;0;1;0;1;0;0;0
11;4;4300621;2021;5;20;7;3;5;3;0;0;1;0;0;0;1;0
11;7;7200410;2021;8;11;5;3;3;6;0;1;0;0;0;1;1;0
11;4;4400830;2021;7;16;2;3;8;1;0;0;1;0;0;0;0;0
11;11;11300722;2021;7;15;3;3;2;6;0;1;1;0;0;0;0;0
11;7;7501133;2021;10;13;7;3;1;5;0;0;1;0;0;0;1;0
11;3;3601449;2021;11;19;1;3;1;5;2;1;1;0;0;0;0;1
11;3;3500933;2021;9;14;6;3;0;2;0;0;1;0;0;0;1;0
11;12;12200414;2021;4;0;7;3;8;1;2;0;1;0;0;0;0;0
11;3;3200204;2021;4;14;6;3;2;6;0;0;1;0;1;0;0;0
11;4;4400727;2021;10;7;5;3;2;6;0;0;1;0;0;0;0;0
11;1;1100310;2021;12;19;3;3;3;2;2;1;1;0;0;0;0;0
11;12;12200515;2021;5;16;3;3;2;6;0;0;1;0;1;0;0;0
11;9;9100203;2021;7;14;7;3;2;7;0;0;1;0;0;0;0;0
11;9;9100305;2021;2;20;2;3;5;3;2;1;1;0;0;0;0;0
11;3;3601452;2021;6;18;3;3;5;2;0;1;1;0;0;0;0;0
11;2;2100101;2021;10;10;5;3;5;2;0;0;1;0;0;0;0;1
11;2;2200208;2021;12;19;2;3;2;6;2;0;1;0;0;0;0;1
11;4;4300415;2021;1;15;3;3;2;6;0;0;1;0;0;0;1;1
11;7;7501135;2021;6;19;7;3;5;2;0;0;1;0;0;0;0;0
11;1;2400520;2021;5;20;4;3;2;6;1;0;1;0;0;0;0;0
11;1;1200624;2021;5;15;6;3;0;6;0;0;1;0;1;0;0;1
11;4;4200310;2021;8;17;5;3;5;3;0;1;1;0;0;0;0;0
11;4;4300621;2021;7;20;3;2;0;2;1;1;0;0;0;0;0;0
11;2;2500835;2021;10;20;2;3;4;7;2;0;1;0;0;0;0;0
11;3;3601451;2021;11;5;3;3;5;3;2;1;1;0;0;0;0;1
11;4;4100102;2021;9;17;6;3;2;6;0;0;1;0;0;0;0;0
11;12;12100103;2021;4;10;2;3;3;6;0;0;0;0;0;1;1;0
11;4;4300414;2021;3;16;3;3;5;2;0;1;1;0;0;0;0;0
11;7;7400720;2021;10;8;2;3;2;6;0;0;1;0;0;0;0;0
11;4;4400725;2021;12;14;5;3;2;6;1;0;1;0;0;0;1;1
11;3;3701657;2021;6;8;3;3;2;6;0;0;1;0;0;0;0;0
11;4;4200311;2021;9;20;4;3;3;6;2;0;1;0;0;1;0;1
11;6;4200207;2021;2;14;1;2;2;6;0;0;1;0;1;0;0;0
11;4;4501148;2021;6;18;7;3;8;1;0;0;1;0;0;0;0;0
11;7;7300619;2021;5;18;1;3;2;6;0;0;1;0;0;0;1;1
11;3;3601139;2021;8;19;1;3;0;1;0;1;0;0;0;0;0;0
11;3;3601142;2021;7;2;4;3;2;6;2;1;0;0;0;0;0;1
11;11;11401032;2021;10;12;4;3;5;3;0;0;1;0;0;0;1;0
11;8;8200622;2021;11;14;7;3;2;6;0;0;1;0;0;0;0;1
11;4;4400726;2021;5;15;2;3;2;6;0;0;1;0;1;0;0;0
11;7;7501135;2021;4;10;6;3;6;7;0;0;1;1;0;0;0;0
11;12;12100101;2021;1;1;2;3;5;7;2;0;1;0;0;0;0;1
11;4;4400830;2021;4;17;5;3;2;6;0;0;1;0;0;0;0;0
11;3;3400620;2021;6;9;4;3;6;4;0;1;0;1;0;0;0;0
11;1;1100207;2021;12;11;5;3;2;6;0;0;1;0;0;0;0;1
11;7;7601236;2021;5;8;4;3;2;2;0;0;1;0;0;0;0;0
11;10;10100312;2021;8;15;4;3;2;6;0;0;1;0;0;0;0;0
11;3;3601451;2021;9;12;5;3;5;2;0;1;1;0;0;0;0;0
11;7;7501030;2021;3;10;2;3;2;6;0;0;1;0;0;1;0;0
11;2;2200208;2021;6;9;3;2;5;2;0;1;0;0;0;1;0;0
11;5;5200528;2021;9;11;4;3;5;2;0;0;1;0;0;0;0;0
11;1;1100310;2021;10;14;1;3;0;2;0;1;1;0;0;0;0;0
11;2;2400521;2021;8;22;1;3;8;1;2;0;1;0;0;0;0;0
11;4;4200206;2021;7;12;7;3;1;5;0;1;1;0;0;0;0;0
11;7;7300619;2021;10;19;5;3;2;6;1;0;1;0;0;0;0;1
11;10;10300733;2021;12;18;2;3;5;3;2;1;1;0;0;0;0;0
11;6;6400737;2021;5;17;1;3;2;6;0;0;1;0;0;0;1;0
11;3;3601348;2021;2;14;3;3;0;2;0;1;0;0;0;0;1;1
11;3;3701657;2021;6;14;6;3;2;6;0;0;1;0;0;0;0;0
11;3;3200205;2021;5;13;2;2;5;2;0;1;0;0;0;1;0;0
11;1;1100104;2021;8;22;7;3;2;6;2;0;1;0;0;0;0;0
11;4;4200206;2021;9;10;4;3;3;6;0;0;1;0;0;1;0;0
11;1;1100310;2021;3;19;2;2;6;4;2;0;1;1;0;0;0;1
11;12;12400723;2021;7;13;2;3;2;6;0;0;1;0;0;0;0;0
11;9;9200613;2021;9;12;3;3;6;2;0;0;1;1;0;0;0;0
11;3;3501037;2021;11;7;3;2;0;1;0;1;0;0;0;0;0;1
11;2;2200208;2021;8;12;5;3;5;2;0;1;1;0;0;0;0;0
11;3;3400826;2021;4;16;5;3;3;6;0;0;1;0;0;0;0;0
11;6;6300526;2021;3;14;2;3;5;2;0;1;1;0;0;0;0;1
11;7;7501030;2021;10;12;4;3;5;3;0;0;1;0;1;0;0;1
11;1;1400940;2021;12;16;3;3;5;3;1;0;1;0;0;0;0;1
11;10;10300733;2021;9;7;5;3;5;3;0;0;1;0;0;0;0;1
11;11;11300725;2021;2;12;1;3;3;6;0;0;1;0;0;0;1;2
11;2;2500729;2021;6;13;7;3;2;6;0;0;1;0;0;0;0;0
11;6;6300527;2021;5;7;4;3;1;1;0;1;1;0;0;0;0;0
11;2;2500729;2021;8;14;2;3;6;4;0;1;0;1;0;0;0;0
11;4;4501153;2021;7;16;2;3;3;6;0;0;1;0;0;1;0;0
11;3;3100101;2021;7;6;6;2;2;6;0;0;1;0;0;1;0;1
11;2;2100101;2021;10;18;7;3;5;3;0;0;1;0;0;0;1;0
11;11;11300722;2021;11;11;2;3;5;2;0;0;1;0;0;0;1;0
11;2;2200208;2021;5;8;2;3;5;2;0;1;1;0;0;0;0;0
11;7;7300619;2021;9;11;7;3;3;6;0;0;1;0;0;0;1;0
11;7;7400927;2021;4;6;3;3;2;6;0;0;1;0;0;0;0;0
11;7;7100205;2021;4;17;6;3;2;6;0;0;1;0;0;0;0;0
11;12;12100101;2021;7;15;2;3;5;2;0;1;1;0;0;0;0;0
11;4;4200308;2021;10;12;7;3;2;6;0;0;1;0;0;0;0;0
11;4;4100101;2021;12;11;3;3;2;6;0;0;1;0;0;0;0;0
11;6;6300527;2021;5;16;3;3;2;6;0;0;1;0;0;0;0;0
11;3;3601245;2021;8;18;3;3;0;7;0;1;0;0;0;0;0;0
11;7;7501133;2021;3;8;4;3;5;2;0;1;1;0;0;0;0;0
11;4;4400726;2021;6;23;1;3;8;1;2;0;1;0;0;0;0;0
11;11;11300722;2021;9;12;3;3;2;2;0;1;1;0;0;0;0;0
11;2;2200208;2021;5;15;2;3;2;2;0;0;1;0;0;0;0;0
11;3;3601141;2021;8;12;3;2;5;2;0;0;1;0;1;0;0;0
11;12;12100103;2021;7;10;3;3;5;3;0;0;1;0;0;0;0;0
11;4;4200206;2021;10;9;5;2;9;1;0;1;0;0;0;0;0;0
11;3;3601141;2021;11;17;5;3;5;2;1;1;1;0;0;0;0;0
11;1;1100102;2021;1;5;5;3;6;2;2;0;1;1;0;0;0;1
11;7;7400824;2021;6;18;1;3;6;7;0;1;0;1;0;0;0;0
11;12;12100205;2021;12;14;3;3;2;6;0;0;1;0;0;0;0;2
11;3;3300517;2021;5;8;6;3;5;2;0;1;1;0;0;0;0;1
11;3;3200206;2021;6;15;4;3;5;3;0;0;1;0;1;0;0;0
11;3;3500936;2021;8;17;6;3;2;6;0;1;1;0;0;0;0;0
11;12;12100205;2021;9;17;3;3;2;3;0;0;1;0;1;0;1;0
11;1;1100310;2021;3;18;6;3;2;7;2;0;1;0;1;0;0;0
11;7;7501133;2021;6;11;2;3;2;6;0;0;1;0;0;0;0;0
11;10;10100210;2021;9;20;4;3;3;6;2;1;1;0;0;0;0;0
11;1;1400940;2021;11;8;2;3;5;3;0;1;1;0;0;0;0;1
11;6;6300527;2021;9;13;4;3;5;2;0;1;1;0;0;0;0;0
11;1;1200624;2021;7;11;5;3;3;6;0;0;1;0;0;0;1;0
11;3;3300517;2021;10;9;5;3;5;3;0;1;1;0;0;0;0;1
11;4;4100101;2021;12;12;4;3;2;6;0;0;1;0;0;0;0;1
11;2;2100101;2021;5;16;1;2;6;2;0;0;1;1;0;0;0;1
11;4;4300414;2021;8;19;3;3;5;2;1;1;1;0;0;0;0;0
11;2;2500834;2021;7;18;3;3;5;2;0;1;1;0;0;0;0;0
11;3;3200205;2021;10;14;3;3;5;3;0;0;1;0;0;0;0;1
11;9;9100306;2021;11;0;6;3;0;7;2;0;1;0;0;0;0;0
11;4;4300415;2021;5;14;6;2;3;6;0;0;1;0;0;1;1;0
11;1;1300836;2021;1;18;3;2;5;2;2;0;1;0;0;0;0;0
11;2;2500729;2021;4;7;1;3;1;7;0;0;1;0;0;0;0;1
11;2;2200209;2021;6;10;4;3;2;4;0;1;0;1;0;0;0;0
11;7;7601442;2021;12;18;4;3;6;7;2;0;0;1;0;0;1;1
11;4;4300414;2021;8;15;7;3;5;2;0;1;0;0;0;0;0;0
11;2;2500834;2021;9;17;7;3;2;6;1;1;1;0;0;0;0;1
11;3;3500936;2021;3;11;5;2;6;4;0;0;1;1;0;0;0;0
11;1;1400940;2021;6;8;2;3;0;3;0;1;1;0;0;0;0;0
11;3;3601139;2021;9;14;6;3;5;3;0;1;1;0;0;0;0;0
11;7;7200308;2021;11;0;5;2;6;2;2;0;1;1;0;0;0;1
11;10;10300733;2021;8;10;5;2;5;2;0;1;0;0;0;0;1;0
11;12;12500930;2021;7;9;6;2;6;4;0;0;0;1;0;0;1;0
11;11;11300724;2021;10;13;6;3;0;7;0;0;0;0;1;0;0;1
11;11;11300725;2021;12;12;2;3;3;6;0;0;1;0;0;1;0;0
11;2;2500834;2021;1;15;3;3;0;2;0;1;1;0;0;0;0;1
11;10;10400837;2021;6;7;2;2;6;2;0;0;1;1;0;0;0;0
11;9;9100203;2021;5;18;1;3;5;3;0;1;1;0;0;0;0;1
11;7;7400824;2021;6;12;6;3;3;6;0;0;1;0;1;0;0;0
11;6;6300629;2021;8;6;7;3;8;1;0;0;0;0;0;0;1;0
11;4;4400830;2021;7;13;7;3;3;6;0;0;1;0;1;0;1;0
11;12;12601032;2021;10;11;6;3;5;3;0;0;1;0;0;0;0;0
11;1;1200624;2021;11;16;2;2;0;7;1;0;0;0;0;0;1;1
11;4;4200311;2021;8;8;2;2;0;1;0;1;0;0;0;0;0;1
11;12;12601032;2021;4;10;3;3;5;3;0;1;1;0;0;0;0;0
11;7;7400824;2021;3;16;6;3;2;6;0;0;1;0;0;0;1;0
11;10;10300734;2021;10;18;4;2;6;4;2;1;0;1;0;0;0;0
11;10;10100312;2021;12;15;5;3;2;3;0;1;1;0;0;0;0;1
11;1;1100102;2021;9;21;2;3;1;5;2;1;1;0;0;0;0;0
11;4;4200206;2021;2;11;5;3;3;6;0;0;1;0;0;0;0;2
11;12;12100101;2021;6;23;4;2;1;5;2;1;1;0;0;0;0;0
11;1;1100102;2021;5;8;4;3;2;6;0;0;1;0;0;0;0;0
11;4;4200308;2021;8;9;4;3;2;6;0;0;1;0;0;0;1;0
11;1;1401049;2021;7;23;2;3;1;5;2;1;1;0;0;0;0;0
11;6;6300527;2021;7;22;6;3;5;2;2;1;0;0;0;0;1;1
11;2;2400521;2021;10;14;4;3;3;6;0;0;1;0;0;0;0;0
11;4;4300621;2021;11;9;3;3;6;7;0;0;1;1;0;0;0;1
11;2;2500727;2021;9;22;5;3;6;6;2;1;0;1;0;0;0;0
11;4;4300414;2021;6;15;7;3;6;4;0;0;1;1;0;0;0;0
11;6;6400737;2021;4;4;2;3;0;7;2;0;1;0;0;0;0;0
11;4;4300621;2021;3;10;4;2;5;7;0;0;1;0;0;0;0;0
11;9;9100101;2021;7;20;4;3;5;3;0;0;1;0;0;0;1;0
11;4;4300414;2021;10;21;2;3;6;2;2;0;1;1;0;0;0;0
11;7;7501133;2021;6;14;7;2;5;7;0;1;0;0;0;1;0;0
11;4;4400725;2021;12;17;6;3;2;6;2;0;1;0;0;0;0;0
11;7;7501030;2021;8;14;5;3;3;6;0;0;0;0;1;0;1;0
11;7;7501030;2021;9;17;6;3;5;3;0;0;1;0;0;0;0;1
11;4;4300621;2021;2;9;3;3;5;2;0;1;1;0;0;0;0;0
11;7;7400825;2021;6;14;4;3;2;6;0;0;1;0;0;0;0;0
11;1;1100310;2021;9;21;7;3;2;6;2;0;1;0;0;0;0;0
11;3;3500934;2021;8;8;4;3;3;6;0;1;1;0;0;0;0;0
11;2;2500728;2021;7;16;6;3;5;3;0;0;1;0;1;0;0;0
11;1;1401049;2021;10;15;6;3;2;6;0;0;1;0;0;0;0;1
11;5;5200633;2021;12;7;3;3;2;6;0;0;1;0;0;0;0;0
11;2;2500726;2021;4;18;6;3;0;1;1;1;0;0;0;0;0;0
11;9;9100101;2021;1;17;3;3;6;2;2;0;1;1;0;0;0;1
11;7;7400825;2021;6;15;2;3;2;6;0;0;1;0;0;0;1;0
11;7;7200410;2021;12;19;2;3;1;5;2;1;1;0;0;0;0;0
11;4;4400726;2021;5;11;6;3;2;7;0;0;1;0;0;0;1;0
11;4;4300621;2021;8;10;2;3;3;6;0;1;1;0;0;0;0;0