LAND;BEZ;LOR_ab_2021;UJAHR;UMONAT;USTUNDE;UWOCHENTAG;UKATEGORIE;UART;UTYP1;ULICHTVERH;IstRad;IstPKW;IstFuss;IstKrad;IstGkfz;IstSonstige;USTRZUSTAND
11;4;4200311;2020;1;8;4;3;2;6;0;0;1;0;0;0;0;0
11;3;3400723;2020;1;16;7;3;6;2;2;0;1;1;0;0;0;0
11;4;4100101;2020;1;15;5;3;5;3;0;0;1;0;0;0;1;0
11;12;12100101;2020;1;22;6;3;5;7;2;0;1;0;0;0;0;1
11;12;12500927;2020;1;12;5;3;3;6;0;0;1;0;1;0;0;0
11;10;10400837;2020;1;5;4;3;2;6;2;0;1;0;0;0;0;0
11;7;7400822;2020;1;17;5;3;2;6;2;0;1;0;0;0;0;1
11;6;6100209;2020;1;8;5;2;9;1;0;0;1;0;0;0;0;1
11;4;4200206;2020;1;20;3;3;6;4;2;0;1;1;0;0;0;0
11;4;4100101;2020;1;14;6;3;3;6;0;0;1;0;1;0;0;0
11;10;10100312;2020;1;7;5;2;1;1;2;0;1;0;0;1;0;0
11;1;1100310;2020;1;12;5;3;2;1;0;0;1;0;0;1;0;1
11;2;2100101;2020;1;20;4;3;6;2;2;0;1;1;0;0;0;1
11;5;5200528;2020;1;7;3;3;2;6;2;0;1;0;0;0;1;0
11;1;1401044;2020;1;17;3;3;6;3;2;0;1;1;0;0;0;1
11;2;3601452;2020;10;1;7;2;5;2;2;1;1;0;0;0;0;1
11;2;2400522;2020;4;22;4;3;1;5;2;0;1;0;0;0;1;1
11;7;7501133;2020;9;13;5;3;2;7;0;0;1;0;0;0;0;0
11;3;3100101;2020;11;6;2;3;2;6;2;0;1;0;0;0;1;1
11;12;12601032;2020;5;15;1;3;2;6;0;0;1;0;0;0;0;0
11;3;3601451;2020;8;7;3;3;5;3;0;1;1;0;0;0;0;0
11;1;1300836;2020;6;16;4;3;3;6;0;1;1;0;0;0;0;0
11;5;5200633;2020;5;19;5;2;6;7;0;0;1;1;0;0;0;0
11;4;4300414;2020;4;19;4;3;3;5;1;1;1;0;0;0;0;1
11;7;7501135;2020;9;14;4;3;3;6;0;0;0;0;1;0;1;0
11;2;2400521;2020;12;14;6;3;3;6;0;0;1;0;1;0;0;0
11;7;7100205;2020;8;14;4;3;0;7;0;0;0;0;1;0;1;0
11;7;7501030;2020;6;22;6;3;2;7;2;0;1;0;0;0;0;0
11;4;4300622;2020;10;14;1;3;0;6;0;0;1;0;0;0;0;1
11;2;2500727;2020;4;16;4;3;6;4;0;1;0;1;0;0;0;0
11;4;4200308;2020;11;17;4;3;2;6;2;0;1;0;0;0;0;0
11;1;1100102;2020;9;17;3;3;5;2;0;1;1;0;0;0;0;0
11;12;12100103;2020;8;17;2;3;2;6;0;0;1;0;1;0;0;0
11;4;4300414;2020;4;9;4;3;5;3;0;0;1;0;0;0;0;1
11;3;3400830;2020;10;11;6;2;5;7;0;1;1;0;0;0;0;1
11;4;4300620;2020;8;16;4;3;5;2;0;1;1;0;0;0;0;0
11;1;1100310;2020;7;23;4;3;2;6;2;0;1;0;0;0;1;1
11;4;4501148;2020;6;10;6;2;8;1;0;0;0;0;1;0;0;0
11;10;10100312;2020;11;5;5;2;3;6;2;1;0;0;1;0;0;0
11;1;1100206;2020;4;7;4;3;3;6;0;1;1;0;0;0;0;0
11;7;7601236;2020;9;15;5;3;6;4;0;0;1;1;0;0;0;0
11;2;2200208;2020;12;20;3;3;5;2;2;1;1;0;0;0;0;0
11;12;12100205;2020;6;19;2;3;6;2;0;0;1;1;0;0;0;0
11;4;4400726;2020;4;13;3;3;2;7;0;0;1;0;0;0;1;0
11;3;3601452;2020;9;20;5;3;5;2;2;1;1;0;0;0;0;0
11;12;12500824;2020;7;11;7;2;0;7;0;0;1;0;0;0;0;0
11;2;2200207;2020;4;23;3;3;3;6;2;0;1;0;0;0;0;1
11;7;7501133;2020;10;18;5;3;0;3;1;1;1;0;0;0;0;1
11;7;7400927;2020;12;12;4;3;2;6;0;0;1;0;0;0;0;0
11;3;3200205;2020;5;15;7;3;1;5;0;0;1;0;0;0;1;0
11;5;5200633;2020;8;11;7;3;6;4;0;0;0;1;1;0;0;0
11;6;6300527;2020;7;16;4;3;2;6;0;0;1;0;0;0;0;0
11;3;3100101;2020;5;15;1;2;3;6;0;0;1;0;1;0;0;0
11;12;12100205;2020;10;14;4;3;5;3;0;0;1;0;0;0;0;0
11;3;3400620;2020;4;10;3;3;2;6;0;0;1;0;0;0;0;0
11;3;3500936;2020;9;6;2;3;2;6;1;0;1;0;0;0;0;0
11;7;7300619;2020;11;10;2;3;2;6;0;0;1;0;0;0;1;0
11;2;2100101;2020;5;18;7;3;5;3;0;1;1;0;0;0;0;0
11;12;12100103;2020;8;18;6;3;5;2;0;1;1;0;0;0;0;0
11;7;7400720;2020;6;3;1;3;3;6;2;0;1;0;0;0;0;1
11;1;1300836;2020;4;8;3;3;5;2;0;1;1;0;0;0;0;0
11;6;6400735;2020;10;11;7;3;2;2;0;0;1;0;1;0;0;0
11;6;6300526;2020;12;6;5;3;5;3;2;1;1;0;0;0;0;0
11;7;7400927;2020;8;15;2;3;2;6;0;0;1;0;0;0;0;0
11;7;7501030;2020;7;8;5;3;2;6;0;0;1;0;0;0;0;0
11;2;2500727;2020;4;7;3;3;5;3;0;1;1;0;0;0;0;0
11;1;1100207;2020;10;10;5;3;3;6;0;0;1;0;1;0;0;0
11;12;12400723;2020;4;12;2;3;2;2;0;0;1;0;0;0;0;0
11;10;10400940;2020;9;9;3;3;5;2;0;1;1;0;0;0;0;0
11;4;4200311;2020;11;11;2;2;8;1;0;1;0;0;0;0;0;0
11;7;7200411;2020;9;0;7;3;1;5;2;1;1;0;0;0;0;0
11;8;8200624;2020;5;19;7;3;2;6;0;0;1;0;0;0;0;0
11;7;7400720;2020;8;16;1;3;2;6;0;0;1;0;0;0;0;0
11;1;1100102;2020;6;18;3;3;2;6;0;0;1;0;1;0;0;0
11;6;6400735;2020;4;18;1;2;0;1;0;1;0;0;0;0;0;0
11;1;1100310;2020;9;12;2;3;2;6;0;0;1;0;0;0;0;0
11;7;7501030;2020;12;6;4;3;2;6;2;0;1;0;1;0;0;1
11;1;1401049;2020;8;13;3;3;3;6;0;1;1;0;0;0;0;0
11;3;3701660;2020;6;12;4;3;1;5;0;1;1;0;0;0;0;0
11;6;6400838;2020;4;10;6;3;2;6;0;0;1;0;1;0;0;0
11;4;4300414;2020;11;6;2;3;5;2;0;0;1;0;0;0;0;0
11;4;4100101;2020;9;14;1;3;2;6;0;0;1;0;0;0;0;0
11;3;3601139;2020;8;15;7;2;5;2;0;1;1;0;0;0;0;0
11;7;7300619;2020;4;15;5;2;5;7;0;0;1;0;0;0;0;0
11;6;6400736;2020;10;16;4;3;9;1;1;0;1;0;0;0;0;1
11;3;3200205;2020;8;9;3;3;0;7;0;1;0;0;0;0;0;1
11;3;3400620;2020;7;7;2;3;5;2;0;0;1;0;0;0;1;0
11;7;7400825;2020;6;8;4;3;2;6;0;0;1;0;0;0;0;0
11;4;4300413;2020;11;8;3;3;2;6;0;0;1;0;1;0;0;0
11;7;7601442;2020;4;15;5;3;5;7;0;1;1;0;0;0;0;0
11;2;2400522;2020;9;16;4;3;5;3;0;1;0;0;1;0;0;0
11;1;1100104;2020;11;17;1;3;4;6;2;0;1;0;0;0;0;0
11;7;7400928;2020;6;19;6;3;2;6;2;0;1;0;0;0;0;0
11;1;1100310;2020;4;17;5;3;5;2;0;1;1;0;0;0;0;0
11;2;2200208;2020;9;18;3;3;4;6;0;1;0;0;0;0;1;0
11;4;4200207;2020;7;15;5;3;2;6;0;0;1;0;0;0;0;0
11;3;3400620;2020;4;17;5;3;5;7;0;0;1;0;0;0;1;0
11;11;11300725;2020;10;5;4;3;0;1;2;0;0;0;1;0;0;1
11;10;10300733;2020;12;0;5;3;5;3;2;0;1;0;0;0;0;1
11;4;4200311;2020;8;15;5;3;0;2;0;0;1;0;1;0;0;0
11;4;4300621;2020;7;17;2;3;5;2;0;1;1;0;0;0;0;0
11;6;6400735;2020;5;15;6;2;2;3;0;0;1;0;1;0;0;0
11;5;5200634;2020;10;20;3;3;0;7;2;1;0;0;0;0;0;0
11;2;2400625;2020;4;18;4;3;5;7;0;0;1;0;1;0;0;0
11;7;7400721;2020;9;12;7;3;2;6;0;0;1;0;0;0;0;0
11;4;4200311;2020;11;18;5;2;6;4;2;0;1;1;0;0;0;1
11;7;7501029;2020;8;10;4;3;2;6;0;0;0;0;1;0;1;1
11;6;6100101;2020;7;15;3;3;5;2;0;1;1;0;0;0;0;0
11;10;10400837;2020;6;19;5;3;0;1;0;0;0;0;0;0;1;1
11;11;11300722;2020;11;7;4;3;5;3;0;1;1;0;0;0;0;0
11;3;3601449;2020;4;14;4;3;2;6;0;0;1;0;1;0;0;0
11;2;2500834;2020;9;13;5;2;2;6;0;1;0;0;0;1;0;0
11;3;3601142;2020;11;12;2;2;5;3;0;0;1;0;1;0;0;0
11;1;1300836;2020;6;13;1;3;0;7;0;1;0;0;0;0;0;0
11;3;3200206;2020;4;14;4;3;0;6;0;0;0;0;1;0;1;0
11;2;2500729;2020;9;17;4;3;6;7;0;0;1;1;0;0;0;1
11;6;6300527;2020;7;16;5;3;5;2;0;1;1;0;0;0;0;0
11;9;9100203;2020;4;12;4;2;6;4;0;0;1;1;0;0;0;0
11;12;12100101;2020;10;17;5;3;5;2;0;1;1;0;0;0;0;1
11;3;3500934;2020;12;18;2;3;1;5;2;0;1;0;0;0;0;1
11;11;11100101;2020;8;14;5;3;5;3;0;1;1;0;0;0;0;0
11;2;2500727;2020;7;18;3;3;4;6;0;1;0;0;0;0;0;0
11;10;10400837;2020;5;1;7;2;0;1;2;1;0;0;0;0;0;0
11;1;1100102;2020;10;11;3;3;5;2;0;1;1;0;0;0;0;0
11;3;3601142;2020;4;7;4;3;2;2;0;1;1;0;0;0;0;0
11;4;4300414;2020;9;10;1;2;5;7;0;1;1;0;0;0;0;0
11;4;4200206;2020;11;15;2;2;1;5;0;1;1;0;0;0;0;0
11;9;9100203;2020;5;9;6;3;5;3;0;1;1;0;0;0;0;0
11;1;1100206;2020;8;16;5;3;3;6;0;1;1;0;0;0;0;0
11;4;4200310;2020;6;11;7;3;2;6;0;0;1;0;0;0;0;0
11;11;11300724;2020;4;21;3;3;5;3;1;1;1;0;0;0;0;0
11;4;4400830;2020;10;23;6;3;2;6;2;0;1;0;0;0;0;0
11;7;7601236;2020;12;8;4;3;5;3;0;1;1;0;0;0;0;0
11;7;7601442;2020;8;16;2;3;5;3;0;1;1;0;0;0;0;0
11;2;2500728;2020;6;10;3;3;1;7;0;1;1;0;0;0;0;0
11;1;1100310;2020;4;16;3;3;2;6;0;0;1;0;0;0;0;0
11;4;4200311;2020;10;14;5;3;3;6;0;0;1;0;0;1;0;0
11;1;1100102;2020;4;9;3;3;5;3;0;0;1;0;0;0;0;0
11;12;12100101;2020;9;17;2;3;5;3;0;1;1;0;0;0;0;0
11;3;3400724;2020;11;12;1;3;2;6;0;0;1;0;0;0;0;0
11;7;7300619;2020;9;16;6;3;3;6;0;0;1;0;1;0;1;0
11;4;4501148;2020;4;19;3;3;3;6;0;0;1;0;0;1;0;0
11;2;2200209;2020;5;10;5;3;3;6;0;0;1;0;0;0;0;0
11;7;7200410;2020;8;1;7;3;1;5;2;1;1;0;0;0;0;0
11;9;9100305;2020;7;23;3;3;5;3;2;1;1;0;0;0;0;0
11;4;4200311;2020;6;14;3;3;3;6;0;0;1;0;0;0;0;0
11;7;7501133;2020;4;13;2;2;3;6;0;0;1;0;1;0;0;0
11;1;1100104;2020;9;12;7;3;2;6;0;0;0;0;1;0;1;1
11;2;2400625;2020;12;7;2;3;5;2;1;1;1;0;0;0;0;1
11;7;7400720;2020;6;15;4;2;5;2;0;1;1;0;0;0;0;0
11;10;10400837;2020;4;18;2;3;2;6;0;1;1;0;0;0;0;0
11;2;2400522;2020;11;18;1;3;5;3;2;1;0;0;0;0;1;0
11;2;2500727;2020;9;21;7;3;2;6;2;0;1;0;0;0;0;0
11;7;7400822;2020;7;13;6;3;2;6;0;0;1;0;0;0;0;0
11;3;3601449;2020;4;23;1;3;5;2;2;0;1;0;0;0;0;0
11;6;6100101;2020;10;13;3;3;5;2;0;0;1;0;0;0;0;0
11;1;1100206;2020;8;18;2;3;6;4;0;1;0;1;0;0;0;0
11;1;1100310;2020;7;5;1;3;0;1;1;0;0;0;0;0;1;0
11;2;2500728;2020;6;16;4;3;5;2;0;1;1;0;0;0;0;0
11;4;4400727;2020;11;5;2;3;0;1;2;0;0;0;1;0;0;1
11;2;2500727;2020;4;15;1;3;5;2;0;0;1;0;1;0;0;0
11;1;1100205;2020;9;3;4;3;0;1;2;1;0;0;0;0;0;0
11;4;4400726;2020;11;14;7;3;2;6;0;0;1;0;0;0;0;0
11;1;1300836;2020;6;20;5;2;3;6;0;1;0;0;0;0;0;0
11;9;9100101;2020;4;14;1;3;4;6;0;1;1;0;0;0;0;0
11;2;2400625;2020;8;18;2;2;8;1;0;1;0;0;1;0;0;0
11;7;7300619;2020;7;16;4;2;2;6;0;0;1;0;0;0;0;0
11;3;3200205;2020;4;18;1;2;5;2;0;1;1;0;0;0;0;0
11;6;6100208;2020;10;15;4;3;2;6;0;0;1;0;0;0;0;0
11;12;12200412;2020;12;19;3;3;2;6;1;0;1;0;0;0;1;1
11;4;4300622;2020;8;17;4;3;0;5;0;0;1;0;1;0;0;0
11;2;2500727;2020;7;1;2;3;0;1;2;1;0;0;0;0;0;0
11;4;4300622;2020;5;21;5;3;5;2;2;0;1;0;0;0;1;0
11;2;2500729;2020;10;9;2;3;2;6;0;0;1;0;0;0;0;1
11;5;5200528;2020;4;13;1;3;7;7;0;0;1;0;0;0;0;0
11;6;6300527;2020;9;16;6;3;5;2;0;1;0;0;0;0;1;0
11;9;9100101;2020;11;6;4;3;5;2;1;1;1;0;0;0;0;1
11;6;6300526;2020;5;14;5;3;6;4;0;0;1;1;0;0;0;0
11;7;7601341;2020;8;14;3;3;0;6;0;0;1;0;1;0;0;0
11;3;3601141;2020;6;8;5;3;2;6;0;0;1;0;0;1;0;1
11;12;12200411;2020;5;18;5;3;2;6;0;0;1;0;0;0;0;0
11;11;11300722;2020;4;18;7;2;5;2;0;1;1;0;0;0;0;0
11;4;4200311;2020;10;17;5;2;0;1;0;0;0;0;1;0;0;0
11;4;4200310;2020;12;14;2;3;3;6;0;0;1;0;0;0;1;0
11;12;12100204;2020;8;17;5;3;5;2;0;1;1;0;0;0;0;0
11;7;7400720;2020;6;17;2;3;3;1;0;1;1;0;0;0;0;1
11;2;2500726;2020;4;19;7;3;0;1;0;1;0;0;0;0;0;0
11;3;3601142;2020;10;23;2;3;1;5;2;1;0;0;1;0;0;1
11;2;2500726;2020;4;19;7;3;5;7;0;0;1;0;0;0;1;0
11;3;3400721;2020;11;18;6;3;3;6;2;0;1;0;0;0;0;0
11;4;4300415;2020;9;15;5;3;2;6;0;0;1;0;0;0;0;0
11;9;9100407;2020;4;17;7;2;2;6;0;0;1;0;0;0;0;0
11;12;12100205;2020;5;14;5;3;5;2;0;1;1;0;0;0;0;0
11;12;12200310;2020;8;22;5;3;0;1;2;0;0;0;1;0;0;0
11;11;11300724;2020;7;17;7;3;2;6;0;0;1;0;0;0;0;0
11;9;9200613;2020;6;13;7;3;4;6;0;1;0;0;0;0;0;0
11;2;2500727;2020;5;7;5;3;5;2;0;1;0;0;0;1;0;0
11;2;2400522;2020;8;19;4;3;5;3;1;1;1;0;0;0;0;1
11;6;6300527;2020;6;12;6;3;5;3;0;0;1;0;0;0;0;0
11;3;3200206;2020;4;14;6;2;1;5;0;1;1;0;0;0;0;0
11;2;2200209;2020;10;13;6;3;0;7;0;1;1;0;0;0;0;0
11;4;4100101;2020;12;15;3;3;2;6;0;0;1;0;0;0;0;0
11;6;6300629;2020;8;0;1;2;0;1;2;1;0;0;0;0;0;0
11;12;12400723;2020;6;10;2;3;5;2;0;1;1;0;0;0;0;0
11;1;1200624;2020;4;21;6;3;3;6;2;0;1;0;0;0;0;0
11;3;3601141;2020;10;9;4;3;0;7;0;1;0;0;0;0;1;1
11;1;1100102;2020;4;18;6;3;2;6;0;0;1;0;0;0;0;0
11;3;3601141;2020;9;20;1;3;0;6;2;0;1;0;1;0;0;0
11;7;7601442;2020;11;10;6;3;0;7;0;0;1;0;0;0;0;0
11;6;6300524;2020;9;15;6;3;2;3;0;1;1;0;0;0;0;0
11;1;1300836;2020;4;19;5;3;2;3;0;0;1;0;0;0;0;0
11;2;2500727;2020;5;15;4;3;5;2;0;1;1;0;0;0;0;0
11;7;7400824;2020;8;8;6;3;5;2;0;1;1;0;0;0;0;0
11;3;3701660;2020;7;16;3;3;0;1;0;0;0;0;1;0;0;0
11;12;12400723;2020;6;3;1;3;6;7;2;1;0;1;0;0;0;0
11;7;7400927;2020;4;14;5;3;0;6;0;0;0;0;1;0;1;0
11;12;12500928;2020;9;11;6;3;0;1;0;0;0;0;1;0;0;1
11;2;2100101;2020;12;18;1;3;0;1;2;0;0;0;1;0;0;1
11;4;4200311;2020;6;14;4;3;2;6;0;0;1;0;0;0;0;0
11;12;12100204;2020;4;10;5;2;5;2;0;1;1;0;0;0;0;0
11;7;7200308;2020;11;8;5;3;5;2;0;1;1;0;0;0;0;0
11;4;4100101;2020;9;14;7;3;2;6;0;0;1;0;0;0;0;0
11;4;4200308;2020;7;14;5;3;2;6;0;0;1;0;0;0;1;0
11;2;2500728;2020;4;8;5;3;5;2;0;1;1;0;0;0;0;0
11;4;4100101;2020;10;21;7;2;0;1;2;0;0;0;1;0;0;0
11;7;7501133;2020;8;11;2;2;0;6;0;1;0;0;0;0;1;0
11;7;7200308;2020;7;14;6;3;0;4;0;0;0;1;0;0;1;0
11;7;7501030;2020;6;11;3;3;5;3;0;0;1;0;0;0;0;0
11;7;7100206;2020;10;15;7;3;6;7;0;0;0;1;0;0;1;1
11;7;7200308;2020;4;22;4;3;3;6;2;0;1;0;0;0;1;0
11;3;3601142;2020;9;13;3;3;4;6;0;1;0;0;0;0;1;0
11;9;9100202;2020;11;16;6;3;5;3;2;1;1;0;0;0;0;0
11;11;11100101;2020;6;7;5;3;5;7;0;0;1;0;1;0;0;0
11;3;3300517;2020;4;18;4;2;3;6;0;0;1;0;1;0;0;0
11;10;10100311;2020;8;13;2;3;3;6;0;0;1;0;0;0;0;0
11;4;4400726;2020;7;7;4;3;3;6;0;0;1;0;0;1;0;0
11;7;7601544;2020;6;18;3;3;6;7;0;1;0;1;0;0;0;0
11;3;3701657;2020;4;10;4;3;5;2;0;0;1;0;0;0;1;0
11;9;9200613;2020;10;16;2;3;2;6;0;0;1;0;0;0;1;1
11;6;6400735;2020;12;8;2;3;1;5;0;1;0;0;0;1;0;1
11;1;1100310;2020;8;9;4;2;5;3;0;1;0;0;0;0;0;0
11;3;3601347;2020;7;8;1;2;0;7;0;1;0;0;0;0;0;0
11;3;3601142;2020;5;10;4;3;5;3;0;1;0;0;0;0;1;0
11;7;7501133;2020;10;5;2;3;5;2;2;0;1;0;1;0;0;0
11;4;4300622;2020;4;16;4;3;5;2;0;0;1;0;1;0;0;0
11;1;1100207;2020;9;8;5;3;5;2;0;1;1;0;0;0;0;0
11;7;7501030;2020;11;14;3;3;5;2;0;0;1;0;0;0;0;0
11;3;3601348;2020;5;14;4;3;5;2;0;0;1;0;0;0;1;0
11;10;10300733;2020;8;19;3;2;2;6;0;0;1;0;1;0;0;0
11;10;10100208;2020;6;13;5;3;2;6;0;0;1;0;0;0;0;0
11;6;6400737;2020;5;16;5;3;1;5;0;0;1;0;0;0;0;0
11;7;7200308;2020;4;11;3;2;6;2;0;0;0;1;0;0;1;0
11;1;1100102;2020;9;15;4;3;2;6;0;0;1;0;0;0;0;0
11;6;6400737;2020;12;10;7;3;5;3;0;0;1;0;0;0;0;0
11;4;4200311;2020;8;14;5;3;2;6;0;0;1;0;0;0;0;0
11;1;1100102;2020;6;13;1;3;0;2;0;0;1;0;1;0;0;1
11;1;1300836;2020;10;21;1;3;6;2;2;0;1;1;0;0;0;1
11;4;4200308;2020;4;11;3;2;3;6;0;0;1;0;0;1;0;0
11;7;7400825;2020;11;11;4;3;2;6;0;0;1;0;0;0;0;0
11;2;2500727;2020;9;20;3;3;0;1;2;1;0;0;0;0;0;0
11;1;1100310;2020;4;7;3;3;2;6;0;0;1;0;1;0;0;0
11;11;11300722;2020;10;9;6;3;5;2;0;1;1;0;0;0;0;0
11;1;1300836;2020;8;17;4;3;0;7;0;0;1;0;0;0;0;0
11;2;2500728;2020;7;8;5;3;6;4;0;1;0;1;0;0;0;0
11;1;1100104;2020;6;15;6;3;5;2;0;0;1;0;1;0;0;0
11;10;10300733;2020;4;7;3;3;3;6;0;0;1;0;0;1;0;0
11;9;9100101;2020;9;19;5;3;2;6;2;0;1;0;0;0;0;0
11;7;7400824;2020;12;6;4;3;2;6;2;0;1;0;0;0;0;1
11;1;1300836;2020;6;14;3;3;2;6;0;0;1;0;0;0;0;0
11;3;3100101;2020;4;22;3;3;7;7;2;0;0;0;1;0;0;0
11;1;1100310;2020;9;20;6;3;5;3;1;0;1;0;0;0;1;0
11;12;12100103;2020;7;19;1;3;0;1;0;0;1;0;0;0;0;1
11;4;4200206;2020;4;14;3;3;2;6;0;0;1;0;0;0;1;0
11;12;12500824;2020;10;9;6;3;2;6;0;0;1;0;0;0;0;0
11;4;4400726;2020;12;14;4;3;2;6;0;0;1;0;0;0;1;0
11;3;3601347;2020;5;12;3;2;3;6;0;1;1;0;0;0;0;1
11;3;3701659;2020;8;19;1;3;5;2;0;1;1;0;0;0;0;0
11;12;12500930;2020;7;15;5;3;6;4;0;0;1;1;0;0;0;1
11;7;7501133;2020;6;13;2;3;2;6;0;0;1;0;0;0;0;0
11;6;6300527;2020;10;14;4;3;2;6;0;0;1;0;0;0;0;0
11;4;4300414;2020;4;13;1;3;5;2;0;1;1;0;0;0;0;0
11;6;6300629;2020;9;17;2;3;3;6;0;0;1;0;1;0;0;0
11;5;5200634;2020;11;18;3;3;2;6;2;0;1;0;0;0;1;0
11;3;3601348;2020;4;16;1;3;0;6;0;0;1;0;1;0;0;0
11;10;10100311;2020;9;6;5;3;2;6;0;0;1;0;0;0;0;0
11;7;7400824;2020;12;20;6;3;3;6;2;0;1;0;0;1;0;0
11;7;7601236;2020;6;17;3;3;5;2;0;1;0;0;0;1;0;0
11;4;4200206;2020;4;14;1;3;2;6;0;0;1;0;0;0;0;0
11;7;7200410;2020;9;15;6;2;1;5;0;0;1;0;1;0;0;0
11;6;6400737;2020;7;11;3;3;1;5;0;0;1;0;0;0;0;0
11;7;7400824;2020;4;22;7;3;6;2;2;0;1;1;0;0;0;0
11;4;4200311;2020;10;16;6;3;2;6;0;0;1;0;0;0;0;0
11;2;2100101;2020;8;18;1;3;3;6;0;1;1;0;0;0;0;0
11;12;12100103;2020;7;11;6;3;2;1;0;1;1;0;0;0;0;1
11;6;6400735;2020;6;12;3;3;5;7;0;1;1;0;0;0;0;0
11;4;4300621;2020;10;10;5;3;0;2;0;1;0;0;0;0;1;1
11;12;12400721;2020;4;14;7;3;3;6;0;0;1;0;1;0;0;0
11;7;7501133;2020;9;11;2;3;8;7;0;0;0;0;0;0;1;0
11;1;1200624;2020;11;16;5;3;2;6;2;0;1;0;1;0;0;1
11;12;12601031;2020;6;14;4;3;2;2;0;0;1;0;1;0;0;0
11;4;4200310;2020;8;11;1;2;5;2;0;1;1;0;0;0;0;0
11;2;2500729;2020;6;15;3;3;6;4;0;0;0;1;0;0;1;0
11;6;6400737;2020;4;19;6;3;0;1;1;0;0;0;1;0;0;0
11;3;3701660;2020;10;16;2;3;3;6;0;0;1;0;1;0;0;1
11;9;9200613;2020;12;12;7;3;2;6;0;0;1;0;0;0;0;0
11;4;4400727;2020;8;13;3;3;2;6;0;0;1;0;0;0;0;0
11;4;4300414;2020;7;9;5;3;0;7;0;1;0;1;0;0;0;0
11;11;11300722;2020;5;14;3;3;6;7;0;0;0;1;0;0;1;0
11;7;7200308;2020;10;0;6;2;9;1;2;0;1;0;0;0;0;0
11;1;1100310;2020;4;17;6;3;2;6;0;0;1;0;0;0;0;0
11;4;4400725;2020;9;19;4;3;2;6;1;0;1;0;0;0;0;0
11;7;7501133;2020;11;18;2;3;2;6;2;0;1;0;0;0;0;1
11;11;11300722;2020;5;11;2;3;2;6;0;0;1;0;0;0;0;1
11;7;7100205;2020;8;14;2;3;1;5;0;1;1;0;0;0;0;0
11;2;2400522;2020;6;15;4;2;6;4;0;0;1;1;0;0;0;0
11;4;4100101;2020;5;15;5;3;2;6;0;0;1;0;0;0;0;0
11;6;6300527;2020;4;15;6;2;5;2;0;0;1;0;0;0;0;0
11;3;3701657;2020;9;9;4;3;2;6;0;1;1;0;0;0;0;0
11;2;2500727;2020;12;19;5;3;5;2;2;1;1;0;0;0;0;1
11;12;12500928;2020;8;8;4;3;5;2;0;1;1;0;0;0;0;0
11;6;6400735;2020;6;16;6;3;0;5;0;1;1;0;0;0;0;1
11;1;1100205;2020;10;17;7;3;2;6;0;0;1;0;0;0;0;0
11;2;2500727;2020;4;13;5;2;3;6;0;1;0;0;0;0;0;0
11;7;7501030;2020;11;12;4;2;3;6;0;1;1;0;0;0;0;0
11;6;6300629;2020;9;15;3;3;5;3;0;0;1;0;1;0;0;0
11;1;1100104;2020;8;14;2;2;2;6;0;0;0;0;1;0;1;0
11;1;1300836;2020;4;17;5;3;2;6;0;0;1;0;0;0;0;0
11;2;2500727;2020;10;21;6;3;5;2;2;1;1;0;0;0;0;1
11;1;1100205;2020;8;12;4;3;3;6;0;1;0;0;0;1;0;0
11;7;7400823;2020;7;12;4;3;3;6;0;0;1;0;1;0;0;1
11;2;2500727;2020;6;6;6;3;5;2;0;1;0;0;0;0;1;1
11;9;9100306;2020;11;13;5;3;3;6;0;0;1;0;1;0;0;0
11;3;3601449;2020;4;16;5;3;5;2;0;1;1;0;0;0;0;0
11;1;1100310;2020;9;14;5;3;5;3;0;1;1;0;0;0;0;0
11;1;1100102;2020;11;11;2;3;5;3;0;0;1;0;0;0;0;0
11;7;7400721;2020;6;16;2;3;2;6;0;0;1;0;0;0;0;0
11;10;10300733;2020;4;15;5;3;2;2;0;0;1;0;0;0;0;0
11;3;3701660;2020;9;8;5;2;5;2;0;1;0;0;0;0;0;0
11;9;9100101;2020;7;12;6;3;0;6;0;0;0;0;0;0;1;0
11;12;12400723;2020;4;12;5;3;0;1;0;1;0;0;0;0;0;0
11;3;3701657;2020;10;13;5;3;5;2;0;1;1;0;0;0;0;0
11;7;7601442;2020;12;14;3;3;1;5;0;0;1;0;0;0;1;1
11;3;3200206;2020;5;9;2;3;5;2;0;1;1;0;0;0;0;0
11;2;2500834;2020;8;20;6;2;3;6;1;1;0;0;0;0;0;0
11;12;12100103;2020;7;18;3;3;2;2;0;0;1;0;0;0;0;0
11;1;1401044;2020;5;15;1;3;0;7;0;1;1;0;0;0;0;0
11;4;4400830;2020;10;17;4;3;2;6;1;0;1;0;0;0;0;0
11;4;4200207;2020;4;14;4;3;2;6;0;0;1;0;0;0;1;0
11;10;10100311;2020;9;16;1;3;3;6;0;0;1;0;1;0;0;0
11;4;4200311;2020;11;20;2;3;3;6;2;0;1;0;0;1;0;0
11;7;7501030;2020;5;8;2;3;3;6;0;1;0;0;0;0;1;1
11;4;4200311;2020;8;10;6;2;6;4;0;1;0;1;0;0;0;0
11;7;7501029;2020;6;13;7;3;5;3;0;1;1;0;0;0;0;0
11;8;8200622;2020;4;8;4;3;5;3;0;0;1;0;0;1;0;0
11;3;3601451;2020;10;20;7;3;0;1;2;1;0;0;0;0;0;0