LAND;BEZ;LOR_ab_2021;UJAHR;UMONAT;USTUNDE;UWOCHENTAG;UKATEGORIE;UART;UTYP1;ULICHTVERH;IstRad;IstPKW;IstFuss;IstKrad;IstGkfz;IstSonstige;USTRZUSTAND
11;6;6300629;2020;6;16;4;3;1;1;0;1;1;0;0;0;0;0
11;5;5200528;2020;8;17;1;3;5;2;1;1;1;0;0;0;0;1
11;11;11300722;2020;6;16;3;3;5;3;0;1;1;0;0;0;0;0
11;2;2200208;2020;2;10;4;3;2;2;0;1;0;0;0;1;0;0
11;9;9100202;2020;10;14;2;3;5;3;0;1;0;0;1;0;0;0
11;4;4200311;2020;12;14;7;3;2;6;0;0;1;0;0;0;1;0
11;12;12100204;2020;8;19;3;3;0;4;0;1;0;1;0;0;0;0
11;4;4400726;2020;7;13;6;3;2;6;0;0;1;0;0;0;0;0
11;7;7400720;2020;5;11;3;3;5;2;0;1;1;0;0;0;0;0
11;1;1200624;2020;2;6;4;3;0;7;2;1;0;0;0;0;0;1
11;7;7501133;2020;10;11;1;3;5;3;0;0;1;0;0;0;0;1
11;3;3200206;2020;8;7;2;3;0;1;0;1;0;0;0;0;0;0
11;8;8200622;2020;7;16;7;3;2;6;0;0;1;0;0;0;0;0
11;6;6400737;2020;6;18;3;3;2;6;0;0;1;0;1;0;0;0
11;2;2400521;2020;11;12;1;3;2;6;0;0;1;0;0;0;0;0
11;7;7501030;2020;2;6;4;3;0;1;1;0;0;0;1;0;0;1
11;4;4300621;2020;9;14;3;3;0;6;0;0;1;0;1;0;0;0
11;2;2100101;2020;11;21;6;3;5;3;2;0;1;0;0;0;0;0
11;1;1100104;2020;6;15;5;3;2;6;0;0;1;0;0;0;0;0
11;7;7400824;2020;2;5;4;3;2;6;2;0;1;0;0;0;0;1
11;7;7100206;2020;8;15;2;3;2;6;0;0;1;0;0;0;0;0
11;6;6300629;2020;7;11;4;2;5;5;0;1;0;0;0;0;1;0
11;6;6400737;2020;6;22;3;3;3;6;1;0;1;0;0;0;0;0
11;7;7400721;2020;2;15;3;3;2;6;0;0;1;0;0;0;1;1
11;4;4400727;2020;10;14;3;3;2;6;0;0;1;0;0;0;0;0
11;6;6300527;2020;12;18;3;3;1;5;2;0;1;0;0;0;0;1
11;1;1100207;2020;8;6;4;3;2;6;0;0;1;0;0;0;1;0
11;3;3601142;2020;7;14;1;3;4;6;0;1;0;0;0;0;0;0
11;1;1100310;2020;5;13;5;3;2;6;0;0;1;0;1;0;0;0
11;9;9100101;2020;10;7;2;3;0;5;0;1;0;0;0;0;1;1
11;4;4200310;2020;2;18;3;2;6;4;2;0;1;1;0;0;0;1
11;10;10300733;2020;9;18;5;3;5;2;0;1;1;0;0;0;0;0
11;7;7400822;2020;11;16;3;3;0;1;1;0;0;0;1;0;0;1
11;3;3400721;2020;4;13;5;2;6;7;0;1;0;1;0;0;0;0
11;10;10100208;2020;8;22;3;2;6;4;2;0;1;1;0;0;0;0
11;4;4300414;2020;6;17;5;3;2;3;0;0;1;0;0;0;0;1
11;3;3601449;2020;5;17;1;3;5;2;0;1;1;0;0;0;0;0
11;11;11100101;2020;2;7;2;3;2;6;1;0;1;0;0;0;0;1
11;8;8200624;2020;9;23;4;3;3;6;2;0;1;0;0;1;0;0
11;7;7200411;2020;12;13;7;3;1;5;0;1;1;0;0;0;0;0
11;4;4300621;2020;8;16;5;3;2;6;0;0;1;0;1;0;0;0
11;4;4400726;2020;6;15;1;3;2;6;0;0;1;0;0;0;0;1
11;7;7601544;2020;10;16;2;3;0;7;0;1;0;0;0;0;0;0
11;12;12100205;2020;2;11;2;3;2;7;0;0;1;0;0;0;0;1
11;1;1100102;2020;11;11;5;3;2;6;0;0;1;0;0;0;1;0
11;1;1100205;2020;9;9;4;3;3;6;0;0;1;0;1;0;0;0
11;1;1400940;2020;2;23;2;3;5;3;2;0;1;0;0;0;0;1
11;4;4100101;2020;10;10;7;3;3;6;0;0;1;0;0;1;0;1
11;12;12100103;2020;8;14;5;3;2;6;0;0;1;0;0;0;1;0
11;1;2400520;2020;7;14;5;3;2;6;0;0;1;0;0;0;0;0
11;7;7501029;2020;5;12;7;3;0;7;0;1;0;0;0;0;0;0
11;10;10100208;2020;6;13;6;3;5;3;0;1;1;0;0;0;0;1
11;7;7400927;2020;2;21;2;3;0;6;2;0;1;0;0;0;0;1
11;7;7501133;2020;9;16;5;2;2;6;0;0;1;0;0;0;0;0
11;1;1100102;2020;12;8;5;3;2;6;0;0;1;0;0;0;0;0
11;7;7601341;2020;6;15;3;2;5;3;0;1;1;0;0;0;0;0
11;7;7300619;2020;2;18;2;2;0;6;2;0;1;0;1;0;0;1
11;3;3601141;2020;9;8;6;3;5;2;0;1;1;0;0;0;0;1
11;10;10300733;2020;7;19;2;3;0;1;0;0;0;0;1;0;0;1
11;2;2500727;2020;2;17;2;3;5;2;2;0;1;0;0;0;0;1
11;12;12100103;2020;10;19;6;3;5;3;2;0;1;0;1;0;0;1
11;12;12100103;2020;12;13;4;3;5;3;0;0;1;0;0;0;0;0
11;1;1300836;2020;8;21;1;2;0;1;2;1;0;0;0;0;0;0
11;7;7200308;2020;7;18;5;3;5;2;0;1;1;0;0;0;0;1
11;4;4200206;2020;5;17;6;2;6;2;0;0;1;1;0;0;0;0
11;4;4200310;2020;6;14;2;2;0;7;0;1;0;0;0;0;0;0
11;6;6400737;2020;10;21;4;3;3;6;2;0;0;0;1;0;1;0
11;12;12400723;2020;2;17;2;3;2;6;2;0;1;0;0;0;0;1
11;12;12500930;2020;9;16;2;3;5;7;0;0;1;0;1;0;0;0
11;4;4300621;2020;11;13;4;3;5;3;0;0;1;0;0;0;1;0
11;6;6400737;2020;6;10;4;3;2;6;0;0;1;0;0;0;0;0
11;9;9200613;2020;8;13;7;3;3;5;0;0;1;0;0;0;0;0
11;9;9200613;2020;6;10;3;3;5;2;0;1;1;0;0;0;0;0
11;4;4200308;2020;2;13;2;3;2;6;0;0;1;0;0;0;0;1
11;4;4200310;2020;10;15;1;3;1;5;0;1;1;0;0;0;0;0
11;1;1100310;2020;12;9;6;3;0;6;0;1;1;0;0;0;0;0
11;12;12100204;2020;8;10;3;3;6;7;0;1;0;1;0;0;0;0
11;7;7400824;2020;7;16;5;3;2;6;0;0;1;0;0;0;0;0
11;7;7200308;2020;10;19;6;3;2;2;2;1;1;0;0;0;0;1
11;4;4300622;2020;2;12;2;3;2;6;0;0;1;0;0;0;0;1
11;4;4200311;2020;9;7;4;3;2;6;0;0;1;0;0;0;0;0
11;4;4200308;2020;11;5;2;3;3;6;2;0;1;0;1;0;0;1
11;1;1200624;2020;4;17;5;3;2;6;0;0;1;0;0;0;1;0
11;4;4200311;2020;8;17;2;3;2;6;0;0;1;0;1;0;0;1
11;9;9100203;2020;6;7;4;3;5;3;0;1;1;0;0;0;0;0
11;4;4400725;2020;2;22;7;3;2;6;2;0;1;0;0;0;0;0
11;2;2500727;2020;9;16;3;3;5;3;0;1;1;0;0;0;0;0
11;4;4200206;2020;12;18;5;3;6;2;2;0;1;1;0;0;0;0
11;3;3601142;2020;8;17;3;3;3;6;0;1;0;0;0;0;0;0
11;2;2400522;2020;6;19;5;3;0;6;0;1;0;0;0;0;0;0
11;7;7200411;2020;10;12;7;3;2;2;0;0;1;0;0;0;0;0
11;10;10400940;2020;2;17;7;3;5;3;2;0;1;0;0;0;0;1
11;2;2200209;2020;11;6;3;3;7;7;2;1;0;0;0;0;0;0
11;6;6400736;2020;2;12;7;3;2;6;0;0;1;0;0;0;0;1
11;1;1100310;2020;9;15;2;3;5;2;0;1;1;0;0;0;0;0
11;3;3601141;2020;8;1;1;3;6;4;2;1;0;1;0;0;0;0
11;4;4100101;2020;10;16;5;3;3;6;0;0;1;0;0;1;0;1
11;6;6100103;2020;1;17;2;3;0;3;2;0;1;0;1;0;0;1
11;12;12601032;2020;1;15;3;3;2;6;0;0;1;0;0;0;0;1
11;11;11200410;2020;1;16;2;3;6;4;2;0;1;1;0;0;0;0
11;6;6400844;2020;1;13;4;3;6;4;0;0;1;1;0;0;0;1
11;8;8100310;2020;1;11;2;2;5;3;0;1;1;0;0;0;0;0
11;8;8100105;2020;1;9;2;3;0;5;0;1;1;0;0;0;0;0
11;12;12400722;2020;1;16;2;3;2;6;0;0;1;0;0;0;0;1
11;8;8100314;2020;1;17;2;3;6;7;2;1;0;1;0;0;0;0
11;8;8100417;2020;1;15;2;3;5;7;0;0;1;0;0;0;0;0
11;4;4400725;2020;1;9;4;2;0;7;0;0;1;0;0;0;0;1
11;1;1300733;2020;1;15;2;3;1;5;1;1;1;0;0;0;0;1
11;9;9100407;2020;1;12;4;3;0;2;0;0;0;0;0;1;1;1
11;3;3300411;2020;1;15;2;3;5;2;0;0;1;0;0;0;0;0
11;10;10300731;2020;1;14;2;3;5;3;0;1;1;0;0;0;0;1
11;4;4300416;2020;1;14;2;3;0;6;0;0;1;0;0;0;1;0
11;10;10100311;2020;1;14;2;3;6;4;0;0;1;1;0;0;0;0
11;10;10100315;2020;1;14;2;3;5;3;0;0;1;0;0;0;0;0
11;1;1100311;2020;1;20;3;3;5;2;2;1;1;0;0;0;0;1
11;1;1200519;2020;1;12;2;3;2;6;0;0;1;0;0;0;0;1
11;3;3701657;2020;1;12;2;3;0;7;0;1;0;0;0;0;0;1
11;6;6100206;2020;1;14;3;3;5;2;0;1;1;0;0;0;0;1
11;8;8200725;2020;1;10;2;3;5;3;0;0;1;0;0;0;0;0
11;6;6200313;2020;1;9;2;3;2;2;0;0;1;0;0;0;0;0
11;12;12400619;2020;1;9;2;2;5;2;0;1;1;0;0;0;0;1
11;4;4300414;2020;1;8;2;3;5;2;0;1;1;0;0;0;0;0
11;6;6400843;2020;1;8;2;3;6;2;1;0;1;1;0;0;0;0
11;2;2200210;2020;1;8;3;3;2;6;0;0;1;0;0;0;0;1
11;6;6300528;2020;1;7;2;3;1;5;0;0;1;0;0;0;0;1
11;2;2200209;2020;1;19;1;3;4;7;2;0;1;0;0;0;1;1
11;9;9200613;2020;1;14;3;3;6;4;0;0;1;1;0;0;0;0
11;1;1100309;2020;1;23;1;3;0;1;2;1;0;0;0;0;0;1
11;1;2100101;2020;1;16;4;2;0;3;2;1;1;0;0;0;0;1
11;7;7501134;2020;1;12;1;2;0;1;0;1;0;0;0;0;0;1
11;2;2200208;2020;1;5;1;2;6;2;1;0;1;1;0;0;0;0
11;1;1100206;2020;1;2;1;3;5;3;2;0;1;0;0;0;0;1
11;4;4300416;2020;1;20;4;2;5;7;2;0;1;0;1;0;0;1
11;1;1400939;2020;1;0;1;3;5;3;2;0;1;0;0;0;0;0
11;1;1100308;2020;1;23;1;3;5;3;2;0;1;0;0;0;0;1
11;1;1400942;2020;1;20;1;3;2;6;2;0;1;0;0;0;0;1
11;8;8100208;2020;1;18;1;3;5;3;1;1;1;0;0;0;0;0
11;4;4100101;2020;1;15;1;3;2;6;2;0;1;0;0;0;0;1
11;5;5100312;2020;1;13;3;3;6;7;0;0;1;1;0;0;0;0
11;4;4501042;2020;1;22;7;3;6;7;2;0;1;1;0;0;0;0
11;9;9200715;2020;1;6;4;3;5;2;2;0;1;0;0;0;1;1
11;5;5200632;2020;1;18;7;3;2;2;2;0;1;0;0;0;0;0
11;11;11300620;2020;1;18;7;3;2;6;2;0;1;0;0;0;0;1
11;6;6200311;2020;1;17;7;3;5;3;2;0;1;0;0;0;0;1
11;1;1401044;2020;1;17;7;3;5;3;2;1;1;0;0;0;0;1
11;4;4300622;2020;1;17;7;3;5;2;2;0;1;0;0;0;0;1
11;12;12200307;2020;1;16;7;3;6;2;2;0;1;1;0;0;0;1
11;1;1100415;2020;1;16;7;3;2;6;2;0;1;0;0;0;0;1
11;12;12601236;2020;1;11;4;3;5;2;0;0;1;0;0;0;0;1
11;3;3400831;2020;1;14;7;3;2;6;0;0;1;0;0;0;0;1
11;1;1100308;2020;1;13;7;3;5;2;0;1;1;0;0;0;0;1
11;3;3300516;2020;1;13;7;3;5;2;0;0;1;0;0;0;0;1
11;1;1200517;2020;1;13;7;2;5;2;0;1;1;0;0;0;0;1
11;7;7601341;2020;1;10;3;3;5;2;0;0;1;0;0;0;0;0
11;4;4501150;2020;1;11;7;3;0;4;0;1;0;1;0;0;0;1
11;7;7601341;2020;1;14;3;3;2;6;0;0;1;0;0;0;0;1
11;5;5300840;2020;1;7;7;3;0;2;1;0;1;0;1;0;0;1
11;1;1100310;2020;1;3;7;3;5;3;2;0;1;0;0;0;0;1
11;4;4500936;2020;1;0;7;2;5;2;2;0;1;0;0;0;1;1
11;10;10300734;2020;1;12;5;3;5;3;0;1;0;0;0;0;1;1
11;6;6100209;2020;1;13;6;3;2;6;0;0;1;0;0;0;0;1
11;8;8100521;2020;1;19;6;3;2;6;2;0;1;0;0;0;0;1
11;6;6200421;2020;1;12;6;3;0;1;0;1;0;0;0;0;0;1
11;1;1400938;2020;1;16;6;3;0;3;2;0;1;0;1;0;0;1
11;3;3400826;2020;1;14;3;3;1;5;0;1;1;0;0;0;0;1
11;8;8100314;2020;1;15;6;3;5;3;1;0;1;0;0;0;0;1
11;3;3400618;2020;1;15;6;3;1;5;1;0;1;0;1;0;0;1
11;3;3300516;2020;1;14;3;3;2;6;0;0;1;0;0;0;1;1
11;9;9501939;2020;1;15;6;3;5;2;0;0;1;0;0;0;1;1
11;4;4300622;2020;1;17;4;3;0;3;2;1;0;0;1;0;0;1
11;7;7100205;2020;1;14;6;3;5;3;0;0;1;0;0;0;0;1
11;5;5100314;2020;1;7;3;3;5;3;1;0;1;0;0;0;0;0
11;5;5100211;2020;1;13;6;2;2;6;0;0;1;0;0;0;0;1
11;4;4300619;2020;1;14;6;3;2;6;0;0;1;0;0;0;0;0
11;9;9100407;2020;1;20;6;2;6;2;2;0;0;1;0;0;1;1
11;4;4300623;2020;1;19;6;2;6;2;2;0;1;1;0;0;0;1
11;6;6100206;2020;1;12;3;2;6;4;0;0;1;1;0;0;0;1
11;12;12200310;2020;1;20;6;2;5;3;2;0;1;0;0;0;1;1
11;7;7300515;2020;1;19;3;2;5;3;2;0;1;0;1;0;0;1
11;4;4200310;2020;1;5;4;3;5;3;2;0;1;0;0;0;0;1
11;2;2100106;2020;1;18;6;3;5;3;2;1;1;0;0;0;0;1
11;4;4400726;2020;1;18;6;3;5;3;2;1;1;0;0;0;0;1
11;5;5200527;2020;1;19;3;2;5;3;2;0;1;0;1;0;0;0
11;4;4501043;2020;1;14;4;3;2;6;0;0;1;0;0;0;0;1
11;8;8100209;2020;1;16;6;3;6;2;1;0;1;1;0;0;0;1
11;6;6200313;2020;1;17;6;3;2;2;2;0;1;0;0;0;0;1
11;4;4200308;2020;1;17;6;3;6;2;2;0;1;1;0;0;0;1
11;2;2300316;2020;1;17;6;2;6;2;2;0;1;1;0;0;0;1
11;5;5100208;2020;1;17;6;3;6;4;2;0;1;1;0;0;0;1
11;11;11400927;2020;1;16;6;3;2;2;2;1;1;0;0;0;0;1
11;1;1100308;2020;1;18;3;3;0;1;2;1;0;0;0;0;0;1
11;1;1100312;2020;1;7;4;3;5;3;1;1;1;0;0;0;0;1
11;11;11200411;2020;1;23;6;3;5;2;2;0;1;0;0;0;0;1
11;8;8100208;2020;1;22;6;3;6;4;2;1;0;1;0;0;0;1
11;12;12200310;2020;1;22;6;2;6;4;2;0;1;1;0;0;0;1
11;8;8200623;2020;1;21;6;3;0;2;2;0;1;1;0;0;0;1
11;6;6300631;2020;1;20;6;2;5;3;2;1;1;0;0;0;0;1
11;1;1300732;2020;1;20;6;2;5;3;2;1;1;0;0;0;0;1
11;7;7300618;2020;1;17;3;3;5;3;2;1;1;0;0;0;0;1
11;2;2500833;2020;1;21;3;3;6;4;2;0;1;1;0;0;0;1
11;4;4501148;2020;1;13;6;3;5;2;0;0;1;0;0;0;0;0
11;3;3601450;2020;1;13;6;3;5;3;0;0;1;0;0;0;0;0
11;1;1300730;2020;1;15;2;3;5;2;0;0;1;0;0;0;0;1
11;5;5200420;2020;1;12;6;3;2;6;0;0;1;0;0;0;0;1
11;12;12200309;2020;1;18;4;3;5;7;2;0;1;0;1;0;0;1
11;3;3601346;2020;1;12;6;3;2;1;0;0;1;0;1;0;0;0
11;9;9501737;2020;1;11;6;3;5;2;0;1;1;0;0;0;0;1
11;3;3400721;2020;1;10;6;3;5;3;0;1;1;0;0;0;0;1
11;7;7400823;2020;1;8;3;3;6;2;0;0;1;1;0;0;0;1
11;7;7300517;2020;1;1;6;3;0;1;2;1;0;0;0;0;0;0
11;6;6400843;2020;1;15;5;3;6;4;1;0;1;1;0;0;0;0
11;3;3601140;2020;1;18;2;3;0;1;2;0;0;0;1;0;0;1
11;8;8100206;2020;1;3;5;2;5;3;2;0;1;0;0;0;0;2
11;2;2200210;2020;1;17;3;3;5;3;2;1;1;0;0;0;0;1
11;6;6200421;2020;1;16;4;3;2;6;2;0;1;0;0;0;0;1
11;4;4300619;2020;1;14;5;2;3;6;0;0;1;0;1;1;0;0
11;10;10400941;2020;1;16;3;3;5;3;1;1;1;0;0;0;0;1
11;1;1300730;2020;1;13;5;3;5;2;0;0;1;0;0;0;0;0
11;9;9301228;2020;1;13;5;3;2;6;0;1;1;0;0;0;0;0
11;4;4400833;2020;1;12;5;3;6;2;0;0;1;1;0;0;0;0
11;3;3200310;2020;1;12;5;3;0;7;0;1;1;0;0;0;0;0
11;2;2500726;2020;1;11;5;3;3;2;0;1;1;0;0;0;0;0
11;4;4500936;2020;1;11;5;3;5;2;0;0;1;0;0;0;0;0
11;12;12200307;2020;1;8;5;3;0;7;0;0;1;0;0;0;0;0
11;7;7601546;2020;1;8;5;3;5;3;0;0;1;0;0;0;0;0
11;3;3701554;2020;1;21;2;3;8;1;2;0;0;0;1;0;0;0
11;7;7400720;2020;1;6;5;3;5;3;2;0;1;0;0;0;0;2
11;5;5100314;2020;1;7;4;3;2;6;0;0;1;0;0;0;0;1
11;8;8200623;2020;1;3;5;3;5;3;2;0;1;0;0;0;0;1
11;7;7400824;2020;1;22;5;2;0;1;2;0;1;0;0;0;0;1
11;7;7601443;2020;1;19;5;2;1;5;2;0;1;0;0;0;0;0
11;2;1100311;2020;1;18;5;2;6;4;2;0;1;1;0;0;0;0
11;11;11400929;2020;1;18;5;3;5;3;2;0;1;0;0;0;1;0
11;6;6200317;2020;1;15;3;3;5;3;1;1;1;0;0;0;0;1
11;6;6100102;2020;1;17;5;2;0;6;2;0;1;0;0;0;1;0
11;3;3400724;2020;1;11;4;3;5;3;0;0;1;0;0;0;0;1
11;1;1100102;2020;1;17;5;3;5;2;2;1;1;0;0;0;0;0
11;1;1300733;2020;1;15;5;3;5;3;1;1;1;0;0;0;0;0
11;1;1200517;2020;1;15;5;3;2;2;0;0;1;0;0;0;0;0
11;2;2300314;2020;1;7;5;1;6;4;1;0;0;1;0;0;1;0
11;3;3701660;2020;1;13;4;3;6;4;0;0;1;1;0;0;0;0
11;3;3400619;2020;1;11;3;2;5;3;0;1;1;0;0;0;0;1
11;11;11300722;2020;1;18;4;2;5;2;2;0;1;0;1;0;0;0
11;6;6400840;2020;1;21;4;3;5;2;2;1;1;0;0;0;0;0
11;2;2100106;2020;1;13;4;1;5;2;0;1;0;0;0;1;0;1
11;8;8100206;2020;1;11;4;2;5;3;0;0;1;0;0;0;0;0
11;1;1400938;2020;1;3;4;3;5;2;2;0;1;0;0;0;0;1
11;8;8100206;2020;1;3;4;3;5;3;2;0;1;0;0;0;0;0
11;8;8200623;2020;1;2;4;3;5;3;2;0;1;0;0;0;0;0
11;4;4501043;2020;1;15;3;3;6;4;1;1;0;1;0;0;0;1
11;3;3601346;2020;1;1;4;2;0;1;2;1;0;0;0;0;0;0
11;4;4501042;2020;1;7;3;3;1;5;0;1;1;0;0;0;0;1
11;1;1100309;2020;1;20;2;3;6;2;2;0;1;1;0;0;0;0
11;8;8100312;2020;1;19;2;3;1;5;2;1;1;0;0;0;0;0
11;6;6300526;2020;1;19;4;3;5;2;2;1;1;0;0;0;0;1
11;6;6200315;2020;1;18;2;2;6;4;2;0;1;1;0;0;0;1
11;2;2200208;2020;1;6;4;3;5;2;2;1;1;0;0;0;0;1
11;7;7400822;2020;1;15;4;3;6;4;0;0;1;1;0;0;0;0
11;5;5100316;2020;1;8;4;3;0;5;0;0;0;0;0;0;1;1
11;1;1100416;2020;1;8;3;3;1;5;1;1;0;0;0;0;1;1
11;10;10100314;2020;1;21;5;2;9;1;2;0;0;0;0;0;1;1
11;6;6300633;2020;1;9;3;2;5;2;0;0;1;0;0;0;0;1
11;8;8401242;2020;1;18;2;2;5;2;2;0;1;0;1;0;0;1
11;8;8401243;2020;1;15;3;3;3;6;1;0;1;0;0;0;1;1
11;1;1100101;2020;1;17;4;3;1;5;2;1;1;0;0;0;0;1
11;12;12100101;2020;1;15;3;3;5;2;0;0;1;0;0;0;0;0
11;4;4100101;2020;1;7;3;3;6;2;2;0;1;1;0;0;0;1
11;1;1401047;2020;1;18;7;3;6;2;2;0;1;1;0;0;0;0
11;12;12100101;2020;1;16;2;3;2;3;2;0;1;0;0;0;0;0
11;9;9100409;2020;1;12;6;3;1;5;0;0;1;0;0;0;0;1
11;6;6300632;2020;1;15;7;3;5;3;0;0;1;0;0;0;0;0
11;11;11300617;2020;1;10;6;3;5;2;0;1;1;0;0;0;0;0
11;8;8100102;2020;1;7;5;3;5;2;2;1;1;0;0;0;0;0
11;9;9200614;2020;1;7;2;3;5;3;2;1;1;0;0;0;0;0
11;2;2500833;2020;1;10;6;3;5;3;0;0;1;0;0;1;0;1
11;2;2300417;2020;1;18;3;3;1;5;2;1;1;0;0;0;0;0
11;6;6200422;2020;1;10;6;3;5;3;0;0;1;0;0;1;0;1
11;4;4501148;2020;1;18;7;3;8;1;2;0;1;0;0;0;0;0
11;2;2300314;2020;1;13;2;3;5;3;0;1;1;0;0;0;0;1
11;4;4501146;2020;1;10;6;2;0;1;0;1;0;0;0;0;0;1
11;5;5100316;2020;1;10;5;3;6;4;0;0;1;1;0;0;0;0
11;4;4501152;2020;1;18;4;3;6;4;2;1;0;1;0;0;0;0
11;6;6300634;2020;1;14;1;3;5;2;0;0;1;0;1;0;0;0
11;3;3601142;2020;1;9;4;3;5;2;0;1;1;0;0;0;0;0
11;1;1100206;2020;1;15;2;2;5;2;0;0;1;0;1;0;0;0
11;5;5200423;2020;1;7;3;3;5;2;2;0;1;0;0;0;0;0
11;9;9200717;2020;1;9;6;2;5;3;0;1;1;0;0;0;0;1
11;9;9401431;2020;1;8;6;3;3;6;1;1;0;0;0;0;1;0
11;8;8100314;2020;1;9;2;3;2;2;0;0;1;0;0;0;1;0
11;6;6100101;2020;1;8;6;2;5;2;0;1;1;0;0;0;0;1
11;3;3601142;2020;1;18;5;3;1;5;2;1;1;0;0;0;0;0
11;4;4400835;2020;1;16;4;3;5;2;2;0;1;0;1;0;0;0
11;9;9100408;2020;1;12;1;1;5;2;0;1;0;0;0;0;1;0
11;8;8100311;2020;1;12;2;3;5;3;0;1;1;0;0;0;0;1
11;2;2100101;2020;1;8;6;3;0;1;1;0;0;0;0;0;1;1
11;4;4501042;2020;1;5;7;3;0;1;2;0;0;0;0;0;1;1
11;10;10100314;2020;1;14;6;3;0;7;0;0;1;0;0;0;1;0
11;4;4501043;2020;1;15;1;3;2;6;0;0;1;0;0;0;1;0
11;1;1100206;2020;1;8;6;3;5;3;0;0;1;0;0;0;0;0
11;3;3300412;2020;1;10;3;3;4;7;0;0;1;0;0;0;0;0
11;4;4300622;2020;1;8;6;2;5;2;0;1;1;0;0;0;0;1
11;8;8200730;2020;1;7;6;2;6;2;1;0;1;1;0;0;0;2
11;9;9100306;2020;1;7;2;3;6;2;2;0;1;1;0;0;0;0
11;6;6400838;2020;1;7;6;2;6;2;0;0;1;1;0;0;0;1
11;1;1200626;2020;1;18;5;3;6;4;1;1;0;1;0;0;0;0
11;7;7200308;2020;1;13;4;3;5;5;0;1;1;0;0;0;0;0
11;4;4501045;2020;1;18;7;3;5;3;2;1;1;0;0;0;0;0
11;3;3400829;2020;1;17;2;3;5;3;2;1;1;0;0;0;0;0
11;9;9100407;2020;1;7;6;3;5;3;2;1;1;0;0;0;0;1
11;1;1300733;2020;1;3;7;3;5;2;2;0;1;0;0;0;0;1
11;1;1300836;2020;1;13;6;3;2;6;0;0;1;0;0;0;1;0
11;9;9200510;2020;1;10;5;3;2;6;0;0;1;0;0;0;0;0
11;9;9100409;2020;1;9;2;3;5;3;0;1;1;0;0;0;0;0
11;8;8100312;2020;1;20;6;3;5;3;2;1;1;0;0;0;0;1
11;5;5100314;2020;1;17;5;3;6;4;2;0;1;1;0;0;0;0
11;12;12200310;2020;1;11;2;2;0;2;0;0;1;0;0;0;1;0
11;11;11200411;2020;1;7;4;2;5;3;2;1;1;0;0;0;0;0
11;6;6100206;2020;1;13;7;3;5;3;0;1;1;0;0;0;0;0
11;7;7100205;2020;1;16;2;2;3;6;0;0;1;0;0;0;0;0
11;2;2300315;2020;1;19;6;3;5;3;1;1;1;0;0;0;0;1
11;6;6200422;2020;1;1;7;2;1;1;2;0;1;0;0;0;0;1
11;4;4100102;2020;1;11;6;3;0;2;0;1;1;0;0;0;0;0
11;9;9501736;2020;1;7;5;3;5;3;1;1;1;0;0;0;0;0
11;9;9401329;2020;1;17;2;3;1;5;2;0;1;0;0;0;0;0
11;2;2400623;2020;1;19;6;3;3;6;2;1;1;0;0;0;0;1
11;9;9200510;2020;1;17;3;3;2;2;2;0;1;0;0;0;0;0
11;6;6200313;2020;1;19;6;2;6;2;2;0;1;1;0;0;0;0
11;1;1100310;2020;1;18;7;3;2;2;2;0;1;0;0;0;0;0
11;12;12200307;2020;1;11;2;3;5;3;0;0;1;0;0;0;0;0
11;4;4400727;2020;1;18;6;3;6;4;2;0;1;1;0;0;0;1
11;3;11300617;2020;1;20;3;3;2;6;2;0;1;0;0;0;0;0
11;6;6200311;2020;1;17;6;3;5;3;2;0;1;0;0;0;0;1
11;6;6200421;2020;1;10;7;3;5;2;0;1;1;0;0;0;0;1
11;3;3400723;2020;1;15;2;3;5;7;0;0;1;0;1;0;0;1
11;1;1401045;2020;1;17;6;3;2;2;2;0;1;0;0;0;0;1
11;3;3601140;2020;1;8;5;3;2;7;0;0;1;0;0;0;0;0
11;2;2500726;2020;1;8;4;3;5;3;0;0;1;0;0;0;0;0
11;2;2500835;2020;1;19;1;3;6;2;2;0;1;1;0;0;0;0
11;2;2200210;2020;1;16;3;3;5;2;0;1;1;0;0;0;0;0
11;1;1100313;2020;1;17;6;3;5;2;2;0;0;0;1;0;1;1
11;2;2400521;2020;1;7;6;3;1;5;0;1;1;0;0;0;0;0
11;3;3200309;2020;1;8;2;3;5;2;0;1;1;0;0;0;0;0
11;3;3601348;2020;1;16;6;3;0;1;2;0;0;0;1;0;0;1
11;2;2100104;2020;1;16;5;2;6;4;2;0;1;1;0;0;0;0
11;9;9200819;2020;1;16;4;3;5;2;0;1;1;0;0;0;0;0
11;9;9100203;2020;1;10;7;3;6;4;0;0;1;1;0;0;0;0
11;4;4200310;2020;1;21;5;2;8;1;2;0;1;0;0;0;0;0
11;6;6200312;2020;1;17;4;2;5;3;2;0;1;0;1;0;0;0
11;8;8100314;2020;1;5;1;3;0;7;2;0;1;0;0;0;0;0
11;2;2200209;2020;1;8;3;3;0;2;0;1;0;0;0;1;0;1
11;7;7100101;2020;1;15;6;2;0;3;1;1;0;0;0;0;1;1
11;6;6100209;2020;1;18;6;3;6;2;1;0;1;1;0;0;0;0
11;1;1300836;2020;1;0;2;3;1;1;2;0;1;0;0;0;0;1
11;4;4400830;2020;1;15;6;3;6;2;1;0;1;1;0;0;0;1
11;6;6200314;2020;1;17;5;3;5;2;2;0;1;0;1;0;0;0
11;5;5100317;2020;1;13;4;2;2;6;0;0;1;0;0;0;0;0
11;3;3601450;2020;1;16;2;3;5;2;2;0;1;0;0;0;0;1
11;7;7400826;2020;1;15;6;3;6;7;0;1;0;1;0;0;0;0