LAND;BEZ;LOR_ab_2021;UJAHR;UMONAT;USTUNDE;UWOCHENTAG;UKATEGORIE;UART;UTYP1;ULICHTVERH;IstRad;IstPKW;IstFuss;IstKrad;IstGkfz;IstSonstige;USTRZUSTAND
11;2;2100106;2020;1;17;6;3;6;7;2;1;0;1;0;0;0;0
11;5;5300736;2020;1;23;2;3;0;3;2;1;1;0;0;0;0;0
11;7;7100204;2020;1;14;6;3;5;7;0;0;1;0;1;0;0;1
11;4;4501043;2020;1;12;6;3;1;5;0;0;1;0;1;0;0;1
11;7;7601238;2020;1;14;6;3;2;2;0;0;1;0;0;0;0;0
11;9;9501941;2020;1;13;1;2;4;1;0;0;1;0;0;0;0;0
11;12;12200515;2020;1;17;5;3;6;4;2;0;1;1;0;0;0;0
11;5;5100104;2020;1;8;2;3;5;3;0;0;1;0;0;1;0;0
11;6;6200315;2020;1;9;1;2;6;2;0;0;1;1;0;0;0;0
11;10;10100315;2020;1;5;4;3;6;2;2;0;1;1;0;0;0;0
11;2;2200208;2020;1;23;7;3;5;2;2;1;1;0;0;0;0;1
11;7;7601546;2020;1;15;2;3;6;5;0;0;1;1;0;0;0;0
11;7;7400721;2020;1;5;6;3;6;2;2;0;1;1;0;0;0;0
11;7;7501030;2020;1;14;6;3;0;3;0;0;1;0;0;0;1;0
11;4;4200308;2020;1;10;6;2;5;2;0;1;1;0;0;0;0;0
11;12;12200412;2020;1;9;1;3;5;2;0;0;1;0;0;0;0;1
11;8;8100416;2020;1;11;4;3;6;4;0;0;1;1;0;0;0;0
11;12;12200414;2020;1;15;2;3;2;6;1;0;1;0;0;0;0;1
11;11;11400927;2020;1;12;6;3;0;1;0;0;0;0;1;0;0;1
11;3;3300516;2020;1;14;7;3;5;3;0;0;1;0;0;0;0;0
11;12;12100205;2020;1;8;5;2;1;7;0;0;1;0;0;1;0;0
11;7;7501030;2020;1;7;2;3;5;5;1;1;1;0;0;0;0;0
11;8;8300934;2020;1;4;6;3;6;2;2;0;0;1;0;1;0;1
11;11;11300723;2020;1;19;3;3;2;6;2;0;1;0;0;0;0;1
11;12;12601235;2020;1;7;6;3;6;2;2;0;1;1;0;0;0;1
11;1;1401047;2020;1;10;7;3;2;6;0;0;1;0;0;0;0;0
11;1;1400937;2020;1;14;2;3;2;6;0;0;1;0;0;1;0;1
11;10;10100311;2020;1;7;6;3;4;6;2;0;1;0;0;0;1;1
11;2;2200211;2020;1;12;5;3;5;3;0;1;1;0;0;0;0;0
11;9;9200715;2020;1;14;7;3;2;6;0;0;1;0;0;0;0;0
11;5;5300736;2020;1;18;4;2;2;6;2;0;1;0;0;0;0;0
11;4;4200205;2020;1;17;1;2;5;5;0;0;1;0;1;0;0;0
11;7;7400721;2020;1;11;3;3;0;6;0;0;0;1;0;0;1;0
11;5;5100208;2020;1;7;6;2;6;2;2;0;1;1;0;0;0;1
11;7;7601545;2020;1;7;6;3;0;1;0;1;0;0;0;0;0;1
11;5;5100211;2020;1;7;3;3;2;6;1;0;1;0;0;0;0;0
11;9;9501940;2020;1;6;6;3;6;2;2;0;1;1;0;0;0;1
11;3;3400721;2020;1;18;7;3;0;2;2;0;1;0;0;0;1;0
11;6;6300528;2020;1;9;2;3;6;2;0;0;0;1;0;0;1;0
11;5;5300737;2020;1;6;6;3;6;2;2;0;1;1;0;0;0;1
11;10;10200423;2020;1;16;5;2;6;4;1;0;1;1;0;0;0;0
11;7;7400927;2020;1;15;7;3;5;2;0;0;1;0;0;0;0;0
11;1;1100415;2020;1;18;4;3;1;5;2;0;1;0;0;0;0;0
11;1;1100416;2020;1;1;1;3;0;1;2;1;0;0;0;0;0;1
11;1;1100102;2020;1;9;2;3;3;6;0;0;1;0;0;0;0;0
11;7;7601341;2020;1;7;5;3;5;2;1;1;1;0;0;0;0;1
11;11;11401137;2020;1;13;6;3;5;2;0;1;1;0;0;0;0;0
11;7;7100206;2020;1;15;6;3;0;7;0;1;0;0;0;0;0;0
11;7;7501031;2020;1;16;1;3;5;3;2;0;1;0;0;0;1;0
11;7;7400928;2020;1;14;5;3;4;6;0;1;1;0;0;0;0;0
11;5;5100313;2020;1;13;5;3;2;6;0;0;0;0;1;0;1;0
11;5;5100208;2020;1;12;2;3;5;2;0;0;1;0;0;0;0;0
11;11;11300620;2020;1;7;2;3;2;6;0;0;1;0;0;0;0;0
11;3;3300516;2020;1;17;5;3;0;1;2;0;1;0;1;0;0;1
11;4;4300518;2020;1;16;5;3;2;6;0;0;1;0;0;0;0;0
11;1;1401043;2020;1;15;4;3;5;3;0;1;1;0;0;0;0;0
11;3;3701556;2020;1;18;7;3;3;2;2;1;1;0;0;0;0;0
11;12;12200515;2020;1;18;2;3;1;1;2;1;1;0;0;0;0;0
11;1;1400938;2020;1;21;5;3;6;4;2;0;1;1;0;0;0;1
11;1;1100102;2020;1;13;6;3;5;3;0;0;1;0;0;0;0;1
11;3;3601142;2020;1;14;6;3;2;7;0;1;1;0;0;0;0;0
11;7;7501029;2020;1;15;7;3;5;3;0;1;1;0;0;0;0;0
11;5;5200629;2020;1;11;5;2;2;6;0;0;1;0;0;0;1;0
11;12;12200515;2020;1;9;2;3;0;6;0;1;0;0;0;0;1;0
11;6;6400737;2020;1;15;7;3;5;2;0;1;1;0;0;0;0;0
11;3;3601244;2020;1;11;3;3;5;3;0;1;1;0;0;0;0;0
11;3;3601243;2020;1;23;7;3;5;2;2;0;1;0;0;0;1;0
11;1;1100205;2020;1;8;4;3;5;3;0;1;1;0;0;0;0;0
11;12;12200307;2020;1;17;7;2;6;2;2;0;1;1;0;0;0;0
11;11;11300620;2020;1;16;2;3;5;3;2;0;1;0;0;0;0;1
11;1;1400938;2020;1;20;5;2;6;2;2;0;1;1;0;0;0;1
11;12;12200412;2020;1;13;6;3;2;6;0;0;1;0;0;0;1;0
11;3;3100101;2020;1;10;6;2;5;3;0;1;1;0;0;0;0;0
11;11;11501238;2020;1;7;5;3;5;2;2;1;1;0;0;0;0;0
11;11;11400928;2020;1;5;2;3;5;3;2;0;1;0;0;0;0;0
11;7;7400927;2020;1;20;5;3;6;4;2;0;1;1;0;0;0;1
11;2;2200210;2020;1;18;3;3;5;2;2;1;1;0;0;0;0;0
11;8;8100208;2020;1;19;5;2;6;4;2;0;1;1;0;0;0;1
11;4;4300416;2020;1;5;7;3;5;3;2;0;1;0;0;0;0;0
11;6;6100101;2020;1;12;2;3;2;6;0;0;1;0;0;0;1;0
11;1;1100312;2020;1;19;5;3;5;3;2;0;1;0;0;0;0;1
11;9;9501939;2020;1;22;5;3;5;2;2;0;1;0;0;0;0;0
11;8;8100104;2020;1;12;7;3;2;2;0;0;1;0;0;0;0;0
11;1;1300732;2020;1;15;2;3;6;4;1;0;1;1;0;0;0;1
11;12;12601031;2020;1;9;5;3;5;3;0;0;1;0;0;0;0;1
11;5;5200631;2020;1;18;6;3;6;2;2;0;1;1;0;0;0;0
11;3;3400829;2020;1;8;4;3;5;3;0;1;1;0;0;0;0;0
11;8;8100314;2020;1;12;1;3;6;7;0;1;0;1;0;0;0;0
11;12;12100205;2020;1;16;3;3;5;2;2;1;1;0;0;0;0;0
11;7;7400928;2020;1;10;5;3;2;7;0;1;1;0;0;0;0;0
11;1;1300836;2020;1;10;6;3;6;7;0;0;1;1;0;0;0;0
11;1;1100309;2020;1;8;2;3;5;3;0;0;1;0;0;0;1;0
11;5;5100316;2020;1;9;5;3;6;2;0;0;0;1;0;0;1;1
11;4;4200311;2020;1;16;5;3;5;2;0;1;1;0;0;0;0;0
11;11;11400927;2020;1;16;4;3;1;5;1;0;1;0;0;0;0;0
11;2;2200211;2020;1;13;7;3;1;5;0;1;0;0;0;0;1;0
11;3;3300411;2020;1;16;2;3;3;6;1;1;0;0;1;0;0;0
11;12;12200411;2020;1;7;5;3;5;2;1;0;1;0;0;1;0;1
11;2;2400521;2020;1;18;4;3;5;2;2;1;1;0;0;0;0;0
11;4;4200311;2020;1;10;1;3;2;6;0;0;1;0;0;0;0;1
11;9;9100408;2020;1;10;3;3;2;6;0;0;1;0;0;0;0;0
11;12;12400618;2020;1;7;5;3;6;4;1;0;1;1;0;0;0;1
11;3;3601452;2020;1;6;6;3;5;3;1;0;1;0;0;0;0;0
11;7;7200409;2020;1;3;2;3;5;3;2;0;1;0;0;0;1;0
11;3;3100103;2020;1;7;5;2;6;4;2;0;1;1;0;0;0;1
11;10;10300734;2020;1;15;5;3;2;6;0;0;1;0;0;0;0;0
11;12;12100205;2020;1;11;7;2;0;6;0;0;1;0;0;0;1;1
11;9;9100306;2020;1;13;4;3;2;6;0;0;1;0;0;0;0;0
11;5;5200528;2020;1;16;2;3;5;2;2;0;1;0;0;0;0;0
11;1;1100313;2020;1;6;5;3;5;3;2;1;1;0;0;0;0;1
11;12;12500825;2020;1;12;6;2;6;4;0;0;1;1;0;0;0;0
11;8;8200832;2020;1;12;6;3;6;2;0;0;1;1;0;0;0;0
11;4;4300518;2020;1;12;6;3;2;6;0;0;1;0;0;0;1;0
11;8;8100105;2020;1;14;6;3;2;6;0;0;1;0;1;0;0;0
11;6;6200311;2020;1;14;1;3;5;2;0;1;1;0;0;0;0;0
11;8;8100415;2020;1;17;5;3;2;6;2;0;1;0;0;0;0;0
11;10;10100311;2020;1;10;2;3;5;3;0;0;1;0;0;0;0;0
11;11;11300723;2020;1;5;4;2;5;3;2;0;1;0;1;0;0;0
11;10;10200420;2020;1;13;7;3;5;3;0;0;1;0;0;0;0;0
11;8;8100419;2020;1;16;2;3;6;7;0;0;1;1;0;0;0;0
11;4;4200308;2020;1;19;5;3;5;2;2;1;1;0;0;0;0;1
11;4;4400833;2020;1;12;6;3;5;3;0;0;1;0;0;0;0;0
11;10;10300732;2020;1;10;6;3;5;3;0;1;1;0;0;0;0;0
11;7;7501029;2020;1;6;4;1;5;3;2;0;1;0;1;0;0;0
11;2;2100106;2020;1;16;2;3;2;6;0;0;1;0;0;0;0;0
11;2;2100101;2020;1;17;3;3;5;2;2;0;1;0;0;0;0;0
11;5;5100103;2020;1;19;5;2;6;4;2;0;1;1;0;0;0;1
11;1;1100206;2020;1;9;5;3;1;5;0;1;1;0;0;0;0;0
11;6;6200421;2020;1;7;2;3;5;2;0;1;1;0;0;0;0;0
11;6;6100206;2020;1;18;5;3;1;5;2;1;1;0;0;0;0;1
11;1;1100102;2020;1;19;3;2;0;6;2;0;1;0;1;0;0;1
11;1;1100313;2020;1;18;5;3;5;3;2;1;0;0;0;0;1;1
11;6;6400735;2020;1;10;7;2;0;1;0;1;0;0;0;0;0;2
11;12;12200515;2020;1;15;2;3;5;2;1;0;1;0;0;0;0;0
11;4;4400726;2020;1;17;5;3;2;6;2;0;1;0;0;0;0;1
11;3;3400620;2020;1;14;5;3;6;2;0;0;1;1;0;0;0;0
11;3;3601346;2020;1;20;4;3;1;5;2;1;1;0;0;0;0;0
11;10;10100313;2020;1;22;1;3;2;6;2;0;1;0;0;0;0;0
11;5;5100207;2020;1;13;3;2;5;2;0;0;1;0;0;0;0;0
11;6;6300634;2020;1;17;5;3;6;4;2;0;1;1;0;0;0;1
11;9;9200715;2020;1;8;6;3;5;3;0;1;1;0;0;0;0;0
11;6;6200313;2020;1;8;2;3;5;2;0;1;1;0;0;0;0;0
11;11;11300826;2020;1;17;5;3;2;6;2;0;1;0;0;0;0;1
11;1;1100206;2020;1;16;5;3;6;4;1;0;1;1;0;0;0;0
11;5;5100105;2020;1;3;7;3;1;1;2;0;1;0;0;0;0;1
11;1;1100206;2020;1;10;2;3;5;2;0;1;1;0;0;0;0;0
11;2;2300314;2020;1;16;5;3;2;7;2;1;0;0;0;0;1;1
11;8;8100310;2020;1;19;5;3;5;3;2;1;1;0;0;0;0;0
11;7;7501134;2020;1;17;4;3;5;2;2;0;1;0;0;0;1;0
11;1;1300732;2020;1;2;1;3;5;3;2;0;1;0;0;0;0;0
11;9;9100408;2020;1;10;3;3;5;3;0;1;1;0;0;0;0;0
11;3;3200310;2020;1;16;5;3;1;5;2;0;1;0;0;0;0;1
11;2;2200209;2020;1;17;6;2;5;3;1;0;1;1;0;0;0;0
11;8;8100105;2020;1;18;1;3;1;5;2;1;1;0;0;0;0;0
11;10;10100102;2020;1;14;5;3;2;6;0;0;1;0;0;0;0;1
11;2;2400623;2020;1;14;5;3;1;5;0;1;1;0;0;0;0;0
11;1;1200518;2020;1;12;4;2;5;2;0;0;1;0;0;0;0;0
11;8;8200832;2020;1;15;4;3;2;6;0;0;1;0;0;0;0;0
11;6;6400735;2020;1;10;7;3;0;1;0;1;0;0;0;0;0;2
11;8;8100520;2020;1;23;2;3;9;1;2;0;1;0;0;0;1;0
11;5;5300736;2020;1;13;5;3;2;6;0;0;1;0;0;0;0;1
11;2;2100102;2020;1;12;6;3;3;6;0;0;1;0;0;1;0;1
11;9;9200510;2020;1;14;6;2;2;6;0;0;1;0;1;0;0;0
11;3;3100101;2020;1;10;1;3;5;3;0;0;1;0;0;0;0;0
11;5;5300841;2020;1;21;7;3;2;6;2;0;1;0;0;0;0;0
11;3;3400619;2020;1;12;5;3;6;2;0;0;1;1;0;0;0;0
11;1;1300836;2020;1;9;2;3;2;2;0;1;0;0;0;0;1;0
11;2;2500726;2020;1;17;7;3;5;3;2;1;0;0;0;0;1;0
11;12;12100204;2020;1;11;3;3;6;7;0;1;0;1;0;0;0;0
11;6;6300634;2020;1;13;7;3;5;2;0;1;1;0;0;0;0;0
11;7;7200307;2020;1;15;2;2;5;3;0;0;1;0;0;0;0;1
11;10;10200421;2020;1;14;5;3;1;5;0;0;1;0;0;0;1;1
11;5;5100315;2020;1;8;6;2;5;2;1;0;1;0;0;0;0;0
11;2;2100104;2020;1;15;3;3;5;2;1;1;1;0;0;0;0;1
11;10;10100210;2020;1;15;3;3;2;6;0;0;1;0;0;0;0;1
11;6;6300633;2020;1;16;5;3;6;7;0;1;0;1;0;0;0;0
11;8;8200833;2020;1;14;3;2;3;6;0;0;1;0;0;1;0;1
11;1;1300836;2020;1;19;3;3;1;5;2;0;1;0;0;0;0;1
11;5;5100316;2020;1;22;5;3;2;6;2;0;1;0;0;0;0;0
11;11;11400927;2020;1;19;3;3;5;2;2;1;1;0;0;0;0;1
11;4;4501042;2020;1;18;4;2;0;3;2;0;1;0;1;0;0;1
11;4;4500936;2020;1;15;5;3;5;2;0;1;1;0;0;0;0;0
11;2;2100101;2020;1;19;3;3;5;2;2;1;1;0;0;0;0;1
11;8;8100311;2020;1;17;5;1;6;4;2;0;1;1;0;0;0;0
11;5;5100211;2020;1;7;3;3;6;2;0;0;1;1;0;0;0;1
11;9;9200512;2020;1;15;3;2;6;4;0;0;0;1;0;0;1;1
11;2;2300316;2020;1;21;4;3;0;1;2;1;0;0;0;0;0;1
11;9;9501737;2020;1;7;3;3;6;2;1;0;1;1;0;0;0;1
11;1;1300733;2020;1;8;5;2;6;4;0;0;1;1;0;0;0;1
11;7;7200307;2020;1;7;3;3;1;5;0;1;1;0;0;0;0;1
11;9;9200715;2020;1;7;3;3;5;2;1;1;0;0;0;0;1;1
11;4;4400727;2020;1;17;4;3;5;2;2;0;1;0;0;0;0;1
11;11;11400930;2020;1;7;3;2;6;4;2;0;1;1;0;0;0;1
11;1;1100206;2020;1;19;4;3;5;2;2;1;1;0;0;0;0;0
11;4;4300416;2020;1;19;3;3;6;2;2;0;1;1;0;0;0;1
11;4;4501040;2020;1;7;6;3;6;4;0;1;0;1;0;0;0;1
11;6;6100205;2020;1;14;3;2;6;7;0;1;0;1;0;0;0;1
11;3;3200308;2020;1;17;4;3;6;4;2;0;0;1;0;0;1;0
11;6;6200421;2020;1;18;3;2;5;2;2;0;1;0;0;0;0;1
11;10;10200628;2020;1;6;5;3;5;3;2;0;1;0;0;0;0;1
11;7;7100101;2020;1;18;3;3;5;3;2;1;1;0;0;0;0;1
11;12;12100102;2020;1;7;3;2;6;2;2;0;1;1;0;0;0;1
11;4;4501045;2020;1;18;4;3;5;3;2;1;1;0;0;0;0;1
11;9;9200715;2020;1;11;3;3;5;2;0;1;1;0;0;0;0;1
11;1;1200624;2020;1;7;3;3;5;2;1;1;1;0;0;0;0;1
11;9;9200510;2020;1;17;5;3;5;2;2;1;1;0;0;0;0;0
11;10;10300734;2020;1;6;3;2;6;2;2;0;1;1;0;0;0;1
11;1;1100309;2020;1;17;4;3;1;5;2;1;1;0;0;0;0;0
11;2;2300419;2020;1;18;3;3;2;6;2;0;1;0;1;0;0;1
11;4;4501149;2020;1;16;4;3;2;6;2;0;1;0;0;0;0;1
11;10;10200628;2020;1;5;3;3;9;1;2;0;1;0;0;0;0;1
11;12;12200412;2020;1;12;6;1;5;2;0;1;0;0;0;1;0;0
11;9;9300920;2020;1;17;3;3;5;2;2;1;1;0;0;0;0;1
11;4;4300624;2020;1;16;4;3;6;7;1;0;1;1;0;0;0;1
11;4;4500939;2020;1;17;3;3;6;2;2;0;1;1;0;0;0;1
11;3;3200207;2020;1;14;4;3;2;7;0;0;1;0;0;0;1;0
11;11;11300722;2020;1;16;3;2;6;4;2;0;1;1;0;0;0;1
11;5;5100313;2020;1;14;3;3;2;6;0;0;1;0;0;0;0;0
11;5;5100316;2020;1;15;4;3;0;6;0;0;1;0;1;0;0;1
11;4;4400834;2020;1;10;3;3;2;2;0;0;1;0;0;0;1;0
11;3;3601243;2020;1;16;3;3;3;6;2;0;1;0;0;0;0;1
11;10;10300731;2020;1;22;5;3;1;5;2;0;1;0;0;0;0;0
11;1;1100309;2020;1;17;3;2;6;4;2;0;1;1;0;0;0;1
11;11;11400929;2020;1;6;4;3;1;5;1;0;1;0;0;0;0;0
11;4;4100102;2020;1;15;4;3;0;2;0;0;0;0;1;0;1;0
11;1;1300836;2020;1;14;3;3;5;2;0;1;1;0;0;0;0;0
11;11;11300617;2020;1;11;4;2;6;7;0;0;0;1;0;1;0;0
11;7;7601545;2020;1;16;3;3;1;5;2;0;1;0;0;0;1;1
11;4;4300623;2020;1;16;3;3;5;7;2;1;1;0;0;0;0;1
11;9;9200715;2020;1;10;3;1;5;3;0;0;1;0;1;0;0;1
11;7;7601341;2020;1;14;4;3;5;3;0;1;1;0;0;0;0;0
11;1;1100416;2020;1;10;3;3;4;6;0;1;0;0;1;0;0;1
11;2;2100102;2020;1;18;2;3;0;4;2;0;0;1;0;0;1;0
11;3;3300411;2020;1;6;5;2;5;3;2;1;0;0;0;0;0;1
11;3;3601244;2020;1;14;2;3;5;3;0;1;1;0;0;0;0;0
11;6;6400843;2020;1;18;4;2;0;3;2;0;1;0;1;0;0;1
11;4;4200308;2020;1;13;4;3;2;6;0;0;1;0;0;0;0;0
11;2;2300314;2020;1;13;2;3;5;3;0;0;1;0;0;0;0;0
11;7;7400826;2020;1;12;4;3;2;6;0;0;1;0;0;0;0;1
11;9;9401635;2020;1;13;2;2;9;1;0;0;1;0;0;0;0;1
11;4;4500938;2020;1;12;2;3;6;3;0;0;1;1;0;0;0;0
11;8;8100206;2020;1;22;4;3;0;3;2;1;0;0;0;0;1;0
11;7;7601341;2020;1;12;2;3;0;1;0;1;0;0;0;0;0;0
11;12;12100103;2020;1;7;4;3;0;2;0;1;1;0;0;0;0;0
11;4;4501042;2020;1;12;2;3;2;6;0;1;1;0;0;0;0;0
11;6;6200313;2020;1;11;2;3;2;6;0;0;1;0;0;0;0;0
11;1;1100206;2020;1;18;4;3;1;5;2;1;1;0;0;0;0;1
11;11;11400927;2020;1;11;2;3;0;2;0;1;1;0;0;0;0;0
11;11;11300725;2020;1;9;5;3;5;3;0;0;1;0;0;0;0;1
11;9;9501737;2020;1;11;2;3;5;2;0;1;1;0;0;0;0;0
11;8;8100209;2020;1;16;4;3;6;4;1;0;0;1;0;0;1;0
11;4;4300622;2020;1;11;2;3;5;2;0;0;1;0;0;0;0;0
11;6;6300526;2020;1;20;4;3;1;5;2;1;1;0;0;0;0;0
11;1;1401045;2020;1;11;2;3;0;6;0;0;1;0;1;0;0;0
11;7;7400928;2020;1;23;6;3;5;2;2;1;1;0;0;0;0;0
11;4;4501153;2020;1;10;2;3;2;2;0;0;1;0;0;0;0;1
11;9;9200715;2020;1;8;4;3;5;3;0;1;0;0;0;0;0;0
11;9;9100408;2020;1;8;2;3;5;2;0;1;1;0;0;0;0;0
11;11;11400929;2020;1;10;5;2;6;4;0;0;0;1;0;0;1;1
11;1;1400942;2020;1;8;2;3;2;6;0;0;1;0;0;0;0;0
11;1;1100310;2020;1;8;2;3;5;2;0;1;0;0;0;1;0;1
11;9;9401329;2020;1;7;5;2;6;4;2;0;1;1;0;0;0;1
11;6;6100102;2020;1;8;2;3;6;4;0;0;1;1;0;0;0;0
11;3;3300517;2020;1;7;2;3;0;6;1;0;1;0;0;0;1;1
11;2;2500832;2020;1;16;4;3;3;6;1;1;1;0;0;0;0;0
11;3;3500934;2020;1;19;2;3;5;3;2;1;1;0;0;0;0;1
11;2;2200210;2020;1;18;5;3;6;4;2;1;0;1;0;0;0;0
11;12;12200515;2020;1;18;2;3;5;3;2;1;1;0;0;0;0;0
11;10;10100313;2020;1;9;4;3;5;3;0;0;1;0;0;0;0;1
11;1;1100414;2020;1;18;2;3;0;6;2;0;1;0;1;0;0;0
11;1;1200626;2020;1;13;4;3;1;5;0;1;0;0;0;0;1;0
11;1;1100206;2020;1;18;2;3;6;7;2;0;0;1;1;0;0;0
11;8;8100314;2020;1;16;2;3;2;6;1;0;1;0;0;0;0;0
11;1;1400938;2020;1;9;4;3;6;4;0;0;1;1;0;0;0;1
11;11;11300617;2020;1;9;3;3;2;6;0;0;1;0;0;0;0;0
11;7;7501133;2020;1;16;2;3;2;6;1;0;1;0;0;0;0;0
11;1;1100416;2020;1;9;4;3;1;5;0;1;1;0;0;0;0;1
11;3;3200308;2020;1;8;3;3;5;2;0;1;1;0;0;0;0;1
11;9;9200715;2020;1;15;2;3;5;3;0;0;1;0;0;0;0;0
11;9;9501737;2020;1;15;5;2;0;3;0;1;0;0;1;0;0;1
11;4;4200203;2020;1;15;2;3;1;5;0;0;1;0;0;0;0;0
11;3;3300411;2020;1;14;2;3;6;4;0;0;1;1;0;0;0;0
11;6;6100101;2020;1;22;4;3;6;2;2;0;1;1;0;0;0;0
11;11;11300721;2020;1;14;4;3;2;6;0;0;1;0;0;0;0;0
11;9;9200715;2020;1;7;2;3;2;6;1;0;1;0;0;0;0;1
11;8;8100417;2020;1;7;2;3;5;3;1;1;0;0;0;0;1;0
11;3;3400721;2020;1;7;2;3;5;2;1;1;1;0;0;0;0;1
11;12;12200309;2020;1;7;4;3;5;2;1;0;1;0;0;0;0;1
11;4;4100101;2020;1;8;3;3;2;6;0;0;1;0;0;0;0;1
11;3;3500934;2020;1;7;2;3;5;3;1;1;1;0;0;0;0;1
11;2;2300315;2020;1;13;5;3;1;5;0;1;1;0;0;0;0;0
11;2;2200208;2020;1;15;4;3;5;7;0;0;1;0;0;0;1;0
11;8;8401139;2020;1;6;2;3;5;2;2;0;1;0;0;0;0;1
11;8;8200624;2020;1;17;4;2;5;3;2;0;1;0;0;0;0;1
11;5;5300737;2020;1;6;2;3;5;2;2;1;1;0;0;0;0;0
11;1;1300733;2020;1;21;5;3;5;7;2;0;1;0;0;0;0;0
11;11;11100204;2020;1;18;4;3;6;4;2;0;1;1;0;0;0;0
11;1;1100205;2020;1;6;2;3;5;3;2;0;1;0;1;0;0;0
11;2;2200213;2020;1;18;4;3;2;7;2;1;1;0;0;0;0;1
11;6;6200312;2020;1;1;4;1;8;7;2;0;0;0;1;0;0;0
11;8;8100313;2020;1;4;2;2;5;3;2;0;1;0;1;0;0;0
11;6;6100207;2020;1;8;3;3;5;2;0;1;1;0;0;0;0;0
11;11;11100204;2020;1;4;2;3;5;2;2;1;1;0;0;0;0;0
11;1;1200627;2020;1;4;2;3;8;1;2;0;1;0;0;0;0;1
11;1;1100206;2020;1;8;3;3;5;2;0;1;1;0;0;0;0;0
11;4;4200311;2020;1;2;1;3;8;1;2;0;1;0;0;0;0;1
11;8;8100415;2020;1;8;5;3;5;3;0;1;1;0;0;0;0;1
11;11;11100204;2020;1;6;4;3;2;6;2;0;1;0;0;1;0;1
11;4;4300624;2020;1;19;1;3;6;7;2;0;1;1;0;0;0;0
11;2;2500835;2020;1;3;1;3;9;1;2;0;1;1;0;0;0;1
11;8;8200726;2020;1;11;3;3;6;4;0;0;1;1;0;0;0;0
11;2;2300419;2020;1;0;1;3;6;4;2;0;1;1;0;0;0;0
11;5;5100104;2020;1;22;1;3;2;6;2;0;1;0;0;0;0;1
11;10;10400940;2020;1;15;3;3;6;4;0;0;1;1;0;0;0;0
11;8;8200623;2020;1;20;1;3;5;5;2;0;1;0;0;0;0;0
11;11;11200513;2020;1;20;1;3;6;7;2;0;1;1;0;0;0;0
11;2;2300418;2020;1;14;3;3;1;5;0;1;1;0;0;0;0;0
11;4;4100101;2020;1;19;1;3;2;6;2;0;1;0;0;0;0;0
11;3;3200310;2020;1;6;5;2;6;4;2;0;1;1;0;0;0;1
11;1;1100309;2020;1;15;3;3;6;2;0;0;0;1;0;0;1;0
11;3;3601243;2020;1;19;1;3;5;3;2;0;1;0;0;0;1;0
11;1;1401045;2020;1;18;1;3;1;5;2;0;1;0;0;0;0;0
11;9;9200819;2020;1;14;3;3;6;7;0;1;0;1;0;0;0;0
11;4;4400727;2020;1;8;3;3;5;3;0;0;1;0;0;0;0;1
11;8;8100418;2020;1;17;1;3;1;5;1;1;1;0;0;0;0;0
11;4;4501045;2020;1;17;5;3;6;4;2;0;1;1;0;0;0;0
11;4;4200311;2020;1;12;1;3;5;2;0;0;1;0;0;0;0;0
11;5;5400942;2020;1;14;3;3;5;3;0;1;1;0;0;0;0;0
11;12;12601134;2020;1;21;7;3;5;3;2;0;1;0;0;0;0;1
11;4;4300416;2020;1;8;4;3;3;6;0;0;1;0;0;0;0;0
11;12;12200309;2020;1;23;6;3;5;3;2;0;1;0;1;0;0;0
11;10;10200628;2020;1;19;7;3;2;6;2;0;1;0;0;0;0;1
11;9;9300922;2020;1;12;3;3;5;3;0;1;1;0;0;0;0;0
11;8;8100206;2020;1;19;7;3;6;7;2;0;1;1;0;0;0;1
11;4;4400727;2020;1;14;4;3;1;5;0;1;1;0;0;0;0;0
11;12;12200308;2020;1;17;7;3;5;3;2;0;1;0;0;0;0;1
11;4;4300622;2020;1;18;7;3;6;4;2;0;1;1;0;0;0;1
11;1;1401049;2020;1;11;3;2;0;4;0;0;0;1;0;0;1;0
11;5;5100313;2020;1;8;3;3;2;6;0;0;1;0;0;0;0;1
11;8;8401242;2020;1;18;7;3;5;3;2;0;1;0;0;0;0;1
11;2;2300315;2020;1;23;5;3;5;3;2;0;1;0;0;0;1;1
11;4;4300517;2020;1;14;3;3;5;3;0;0;1;0;0;0;0;1
11;4;4501152;2020;1;16;7;3;2;6;2;0;1;0;0;0;0;1
11;10;10100316;2020;1;7;4;3;6;4;1;0;0;1;1;0;0;1
11;4;4300414;2020;1;11;3;3;5;2;0;0;1;0;1;0;0;1
11;7;7200409;2020;1;15;7;3;2;6;0;1;1;0;0;0;0;0
11;9;9501939;2020;1;16;7;3;0;1;1;1;0;0;0;0;0;1
11;1;1100309;2020;1;14;7;2;5;3;0;1;0;0;0;0;0;1
11;8;8301036;2020;1;13;7;3;8;1;0;0;1;0;0;0;0;1
11;3;3300412;2020;1;13;7;3;0;7;0;1;0;0;0;0;0;1
11;8;8200727;2020;1;11;3;3;5;3;0;1;1;0;0;0;0;0
11;7;7501029;2020;1;16;3;2;5;2;2;0;1;0;1;0;0;1
11;6;6400735;2020;1;12;7;2;2;7;0;0;0;0;1;1;0;1
11;10;10400835;2020;1;19;5;3;1;5;2;0;1;0;0;0;0;0
11;1;1100310;2020;1;7;7;2;6;4;2;0;1;1;0;0;0;1
11;1;1100206;2020;1;18;4;3;5;3;2;0;1;0;0;0;0;1
11;11;11200514;2020;1;21;3;3;3;6;2;0;1;0;1;0;0;0