LAND;BEZ;LOR_ab_2021;UJAHR;UMONAT;USTUNDE;UWOCHENTAG;UKATEGORIE;UART;UTYP1;ULICHTVERH;IstRad;IstPKW;IstFuss;IstKrad;IstGkfz;IstSonstige;USTRZUSTAND
11;5;5100314;2020;2;12;5;3;5;3;0;1;1;0;0;0;0;0
11;2;2500830;2020;2;14;4;2;5;3;0;0;1;0;0;0;1;0
11;2;2400521;2020;1;9;6;3;5;3;0;1;1;0;0;0;0;1
11;7;7200307;2020;2;17;3;3;3;6;2;0;1;0;0;0;0;0
11;10;10300734;2020;1;9;6;3;6;4;0;0;1;1;0;0;0;0
11;1;1100206;2020;2;8;3;3;5;2;0;1;0;0;0;0;1;0
11;3;3200309;2020;2;9;2;3;0;5;0;1;1;0;0;0;0;1
11;9;9501940;2020;2;9;5;2;0;1;0;1;0;0;0;0;0;0
11;3;3601244;2020;2;18;1;3;0;1;2;0;1;0;0;0;0;0
11;8;8200623;2020;2;12;3;3;2;6;0;0;1;0;0;0;0;0
11;12;12200414;2020;1;8;6;3;2;6;0;0;1;0;0;0;0;0
11;7;7400927;2020;2;14;2;3;5;3;0;0;1;0;0;0;1;1
11;11;11300722;2020;2;16;4;3;5;2;1;1;1;0;0;0;0;0
11;11;11200410;2020;1;8;6;3;6;4;0;0;1;1;0;0;0;0
11;6;6400843;2020;2;13;2;3;6;4;0;0;1;1;0;0;0;1
11;5;5400942;2020;2;20;2;3;4;6;2;0;1;0;0;0;0;1
11;1;1200520;2020;2;18;3;3;6;2;2;0;1;1;0;0;0;0
11;12;12200412;2020;2;14;2;3;5;3;0;0;1;0;0;0;0;1
11;9;9100306;2020;2;9;5;3;5;3;0;0;1;0;0;0;0;0
11;8;8401244;2020;1;8;6;3;3;6;0;0;0;0;0;0;1;0
11;2;2200210;2020;2;8;4;3;5;2;0;1;1;0;0;0;0;1
11;1;1300732;2020;2;16;6;2;1;5;1;0;1;0;1;0;0;1
11;6;6200421;2020;2;13;4;3;0;3;0;0;1;0;1;0;0;1
11;6;6200312;2020;2;9;7;3;2;6;0;0;1;0;0;0;0;0
11;11;11100204;2020;2;18;7;3;6;4;2;0;1;1;0;0;0;0
11;4;4300517;2020;2;9;3;3;2;2;0;0;1;0;0;0;0;1
11;1;1100207;2020;2;20;2;3;5;5;2;1;0;0;0;0;1;0
11;1;1100206;2020;2;13;5;3;2;7;0;0;1;0;1;0;0;1
11;12;12200414;2020;2;16;6;3;2;6;0;0;1;0;0;0;0;0
11;9;9200819;2020;2;14;6;3;0;7;0;0;0;1;0;0;1;0
11;11;11300721;2020;2;18;4;3;2;6;2;0;0;0;1;0;1;1
11;8;8100104;2020;2;18;3;3;5;2;1;1;1;0;0;0;0;1
11;4;4501153;2020;2;14;6;3;5;2;0;1;1;0;0;0;0;1
11;12;12500928;2020;2;9;3;2;2;6;0;0;1;0;1;0;0;1
11;1;1100308;2020;2;6;6;1;0;7;2;0;0;0;0;0;1;0
11;9;9100101;2020;2;7;2;3;2;7;0;0;1;0;0;1;0;1
11;9;9200715;2020;2;14;2;3;3;6;0;0;1;0;0;0;1;0
11;5;5100104;2020;2;7;5;3;6;4;0;0;1;1;0;0;0;0
11;2;2500834;2020;2;10;2;3;5;2;0;0;1;0;0;0;0;0
11;2;2100104;2020;2;16;2;3;5;2;0;1;1;0;0;0;0;0
11;5;5100316;2020;2;11;5;3;6;7;0;0;1;1;0;0;0;0
11;4;4501150;2020;2;13;6;3;5;7;0;0;1;0;0;0;0;1
11;6;6200312;2020;2;17;4;3;5;2;1;0;1;0;0;0;0;1
11;10;10100206;2020;2;15;3;3;6;4;0;0;1;1;0;0;0;1
11;7;7601341;2020;2;13;6;3;5;2;0;1;0;0;0;0;1;1
11;11;11300722;2020;2;17;3;3;2;2;2;1;1;0;0;0;0;1
11;1;1200520;2020;2;23;6;3;0;1;2;0;0;0;0;0;1;1
11;4;4501042;2020;2;20;2;3;6;4;2;0;1;1;0;0;0;1
11;7;7501031;2020;2;19;5;2;5;5;2;0;1;0;1;0;0;1
11;5;5300839;2020;2;18;4;3;6;2;2;0;1;1;0;0;0;1
11;6;6200317;2020;2;18;6;2;5;2;2;1;1;0;0;0;0;1
11;3;3400829;2020;2;14;4;3;5;3;0;1;1;0;0;0;0;0
11;5;5100104;2020;2;9;7;3;2;6;0;0;1;0;0;0;0;0
11;2;2300315;2020;2;14;1;3;5;3;0;1;1;0;0;0;0;1
11;6;6100210;2020;2;13;3;3;5;2;0;0;1;0;1;0;0;1
11;3;3200309;2020;2;17;6;3;5;3;2;0;1;0;0;0;0;1
11;3;3701555;2020;2;14;4;3;5;2;0;1;0;0;0;0;1;0
11;4;4300622;2020;2;6;6;3;5;3;2;0;1;0;0;0;0;1
11;9;9501737;2020;2;8;4;3;5;3;0;1;0;0;0;0;0;0
11;4;4300414;2020;2;20;1;3;6;4;2;0;1;1;0;0;0;1
11;12;12500926;2020;2;15;3;3;3;6;0;0;0;0;0;0;1;0
11;5;5300736;2020;2;5;6;3;2;6;2;0;1;0;1;0;0;1
11;2;2200212;2020;2;12;3;3;1;5;0;1;0;0;0;1;0;1
11;11;11200411;2020;2;14;6;3;5;2;0;1;1;0;0;0;0;0
11;1;1100308;2020;2;18;2;3;0;1;2;0;1;0;1;0;0;1
11;7;7300517;2020;2;20;4;1;6;4;2;0;0;1;0;0;1;1
11;3;3601245;2020;2;9;4;3;0;1;0;1;0;0;0;0;0;1
11;1;1401043;2020;2;5;6;3;5;3;2;0;1;0;0;0;0;1
11;1;1200517;2020;2;14;4;3;0;1;0;0;0;0;1;0;0;0
11;2;2300314;2020;2;1;7;3;2;6;2;0;1;0;0;0;0;0
11;4;4300622;2020;2;20;7;3;6;2;2;0;1;1;0;0;0;1
11;1;1100308;2020;2;9;3;2;6;4;0;0;0;1;0;0;1;0
11;11;11100204;2020;2;7;2;3;2;2;0;1;1;0;0;0;0;0
11;5;5200526;2020;2;7;6;3;6;4;0;1;0;1;0;0;0;0
11;10;10100312;2020;2;5;5;2;0;7;2;0;1;0;0;0;0;0
11;1;1401045;2020;2;12;2;2;6;7;0;0;1;1;0;0;0;0
11;5;5200526;2020;2;8;6;2;6;4;0;0;1;1;0;0;0;1
11;7;7601442;2020;2;11;2;2;5;2;0;0;1;0;0;0;0;0
11;2;2400522;2020;2;21;4;3;3;6;2;1;1;0;0;0;0;1
11;7;7300516;2020;2;8;4;2;5;3;0;1;1;0;0;0;0;1
11;1;1401049;2020;2;22;5;3;5;3;2;1;1;0;0;0;0;1
11;6;6200312;2020;2;13;4;3;5;7;0;1;1;0;0;0;0;1
11;10;10400837;2020;2;13;7;3;5;3;0;0;1;0;0;0;0;0
11;11;11300722;2020;2;18;7;3;5;2;2;1;1;0;0;0;0;0
11;9;9200613;2020;2;6;2;3;2;7;2;0;1;0;0;0;0;1
11;4;4501041;2020;2;19;2;3;2;6;2;0;1;0;0;0;0;0
11;8;8200832;2020;2;14;5;3;5;2;0;0;1;0;0;0;1;1
11;7;7601544;2020;2;22;5;3;5;3;2;0;1;0;0;0;0;1
11;7;7300618;2020;2;21;5;3;5;3;2;1;1;0;0;0;0;1
11;4;4400834;2020;2;18;4;3;5;2;2;1;1;0;0;0;0;1
11;1;1100310;2020;2;17;3;3;5;2;0;1;1;0;0;0;0;0
11;6;6200314;2020;2;19;5;2;6;4;2;0;0;1;0;0;1;1
11;1;1100312;2020;2;6;3;3;5;3;1;1;1;0;0;0;0;1
11;6;6300528;2020;2;19;5;3;2;6;2;0;1;0;0;0;0;1
11;12;12500930;2020;2;19;4;3;5;2;2;0;1;0;0;0;0;1
11;1;1100101;2020;2;11;3;3;0;6;0;0;1;0;1;0;0;1
11;9;9200614;2020;2;19;5;2;6;4;2;0;1;1;0;0;0;1
11;7;7400823;2020;2;19;3;3;5;3;2;1;1;0;0;0;0;0
11;3;3400620;2020;2;11;7;3;1;5;0;0;1;0;0;0;0;0
11;6;6400844;2020;2;9;2;3;5;2;0;1;1;0;0;0;0;1
11;4;4501044;2020;2;15;2;3;5;3;0;0;1;0;0;0;0;0
11;2;2100106;2020;2;11;5;3;2;6;0;0;1;0;0;0;0;0
11;3;3400721;2020;2;18;5;3;2;6;1;0;1;0;0;0;0;1
11;7;7501029;2020;2;16;4;3;2;6;0;0;1;0;0;0;0;1
11;10;10200418;2020;2;16;3;3;0;3;0;0;1;0;0;0;1;0
11;5;5200420;2020;2;18;5;3;0;3;2;0;1;0;1;0;0;1
11;11;11300723;2020;2;14;3;2;5;3;0;1;1;0;0;0;0;0
11;10;10100209;2020;2;17;6;2;6;4;2;0;1;1;0;0;0;0
11;7;7501029;2020;2;19;2;3;2;2;2;0;1;0;0;0;0;1
11;4;4501153;2020;2;8;6;2;2;6;0;0;1;0;0;0;0;1
11;7;7100102;2020;2;21;2;3;2;6;2;0;1;0;0;0;0;1
11;9;9200819;2020;2;15;1;3;5;2;0;1;1;0;0;0;0;1
11;10;10200418;2020;2;7;5;3;6;4;0;0;1;1;0;0;0;0
11;3;3300516;2020;2;13;4;3;0;1;0;1;0;0;0;0;0;1
11;8;8200622;2020;2;18;5;3;2;6;2;0;1;0;0;0;0;1
11;3;3400725;2020;2;15;4;3;1;5;0;1;0;0;0;0;1;1
11;4;4501042;2020;2;17;1;3;5;2;2;0;1;0;0;0;0;1
11;1;1100309;2020;2;14;3;3;2;7;0;1;1;0;0;0;0;1
11;2;2200213;2020;2;16;5;3;6;4;1;0;1;1;0;0;0;0
11;2;2200210;2020;2;11;3;3;5;2;0;0;1;0;0;0;0;0
11;12;12400722;2020;2;13;6;3;5;3;0;0;1;0;0;0;0;0
11;3;3601141;2020;2;14;2;3;0;6;0;1;1;0;0;0;0;0
11;7;7400823;2020;2;22;4;3;6;2;2;0;1;1;0;0;0;1
11;3;3601449;2020;2;8;4;3;5;2;0;0;1;0;0;0;0;1
11;8;;2020;2;16;5;3;5;3;1;1;1;0;0;0;0;0
11;11;11200410;2020;2;14;4;3;5;2;0;1;1;0;0;0;0;1
11;10;10100311;2020;2;22;6;1;6;4;2;0;0;1;0;0;1;1
11;6;6100210;2020;2;16;5;3;5;3;0;0;1;0;1;0;0;1
11;1;1300733;2020;2;11;4;3;5;3;0;1;0;0;0;0;0;1
11;4;4300623;2020;2;9;5;3;3;6;0;1;0;0;0;0;0;0
11;8;8200726;2020;2;7;4;3;6;4;0;0;1;1;0;0;0;1
11;4;4400728;2020;2;14;6;3;2;6;0;0;1;0;0;0;0;1
11;9;9501939;2020;2;9;1;2;6;4;0;0;1;1;0;0;0;1
11;5;5100209;2020;2;12;3;3;2;6;0;0;1;0;0;0;0;0
11;12;12500930;2020;2;11;2;3;2;6;0;0;1;0;0;0;1;0
11;5;5100206;2020;2;9;6;3;5;5;0;0;1;0;1;0;0;1
11;9;9100306;2020;2;22;1;3;2;6;2;0;1;0;0;0;0;0
11;1;1100310;2020;2;16;7;3;5;3;1;1;1;0;0;0;0;0
11;10;10100102;2020;2;19;4;3;5;2;2;0;1;0;0;0;0;1
11;1;1100102;2020;2;7;4;3;8;1;0;0;1;0;0;0;0;1
11;1;1100205;2020;2;15;5;3;5;3;0;1;1;0;0;0;0;0
11;2;2100103;2020;2;8;4;3;2;2;0;0;1;0;1;0;0;1
11;2;2200210;2020;2;23;6;3;6;4;2;0;1;1;0;0;0;1
11;1;1200628;2020;2;15;7;3;1;5;0;1;1;0;0;0;0;0
11;4;4300619;2020;2;21;2;3;5;3;2;0;1;0;0;0;0;1
11;9;9200819;2020;2;15;7;3;2;6;0;0;1;0;0;0;0;0
11;11;11300721;2020;2;16;2;3;0;2;0;0;1;0;0;0;1;0
11;4;4100101;2020;2;13;5;2;2;7;0;0;1;0;0;0;0;1
11;1;1100309;2020;2;19;7;3;0;5;2;1;1;0;0;0;0;1
11;2;2200212;2020;2;9;3;3;5;3;0;1;1;0;0;0;0;1
11;2;2500830;2020;2;20;7;3;1;5;2;1;1;0;0;0;0;0
11;12;12200308;2020;2;5;2;3;2;6;2;0;1;0;0;0;0;0
11;9;9200511;2020;2;16;5;3;0;5;0;1;1;0;0;0;0;0
11;11;11400930;2020;2;15;5;3;6;6;0;1;0;1;0;0;0;0
11;5;5100316;2020;2;14;5;3;5;2;0;0;1;0;0;0;0;0
11;1;1100102;2020;2;18;4;3;5;3;2;0;1;0;1;0;0;1
11;9;9200819;2020;2;7;3;3;2;6;0;0;1;0;0;0;0;1
11;12;12400721;2020;2;12;5;3;5;3;0;1;1;0;0;0;0;0
11;1;3601140;2020;2;11;3;2;6;6;0;1;0;1;0;0;0;0
11;4;4501045;2020;2;3;7;3;9;1;2;0;1;0;0;0;0;0
11;4;4501043;2020;2;9;2;2;6;4;0;0;1;1;0;0;0;0
11;9;9401534;2020;2;18;7;3;2;7;2;1;1;0;0;0;0;0
11;6;6400838;2020;2;15;2;3;5;3;0;0;1;0;1;0;0;0
11;6;6200317;2020;2;8;5;3;5;2;0;1;1;0;0;0;0;0
11;1;2400521;2020;2;14;4;3;1;5;0;1;0;0;0;0;1;1
11;2;2400521;2020;2;12;5;3;5;2;0;1;1;0;0;0;0;0
11;12;12200414;2020;2;15;4;3;2;6;1;0;1;0;0;0;0;1
11;2;2500834;2020;2;9;5;3;5;2;0;1;0;0;0;1;0;0
11;1;1100415;2020;2;18;4;3;5;2;2;1;1;0;0;0;0;1
11;4;4300622;2020;2;17;3;3;2;6;0;0;1;0;0;0;0;0
11;1;1400940;2020;2;9;5;2;5;3;0;1;1;0;0;0;0;0
11;4;4501041;2020;2;17;3;3;5;2;2;0;0;0;0;1;1;1
11;4;4501148;2020;2;23;6;3;5;2;2;0;1;0;0;0;0;0
11;1;1100313;2020;2;20;2;3;1;5;2;1;1;0;0;0;0;1
11;4;4500938;2020;2;16;7;3;5;3;0;0;1;0;1;0;0;0
11;3;3300516;2020;2;2;1;3;1;1;2;0;1;0;0;0;0;0
11;4;4300624;2020;2;7;5;3;6;4;0;1;0;1;0;0;0;0
11;1;1100308;2020;2;22;4;3;5;2;2;0;1;0;1;0;0;1
11;10;10300731;2020;2;9;5;3;5;3;0;0;1;0;0;0;0;0
11;1;1401048;2020;2;14;4;2;5;2;0;1;0;0;0;0;1;0
11;1;1300732;2020;2;23;6;2;6;4;2;0;1;1;0;0;0;0
11;3;3500933;2020;2;15;1;3;1;5;0;0;1;0;0;0;0;1
11;10;10400938;2020;2;13;3;3;5;3;0;0;1;0;0;0;0;1
11;3;3400619;2020;2;8;5;3;5;3;0;1;1;0;0;0;0;0
11;5;5100317;2020;2;14;2;3;2;6;0;0;1;0;0;0;0;0
11;9;9100203;2020;2;7;6;3;0;7;0;1;1;0;1;1;0;1
11;9;9100304;2020;2;14;2;3;6;7;0;1;0;1;0;0;0;0
11;1;1100205;2020;2;20;1;3;1;5;2;0;1;0;0;0;0;1
11;2;2400521;2020;2;16;3;2;6;4;0;0;1;1;0;0;0;0
11;6;6300527;2020;2;8;5;3;5;2;0;1;1;0;0;0;0;0
11;3;3400725;2020;2;12;3;3;5;3;0;1;1;0;0;0;0;1
11;2;2200212;2020;2;15;6;3;2;6;0;0;1;0;0;0;0;0
11;8;8100415;2020;2;18;2;3;5;3;2;0;1;0;0;0;0;1
11;1;1100313;2020;2;14;5;3;0;2;0;1;1;0;0;0;0;1
11;5;5100317;2020;2;11;4;2;8;1;0;0;0;0;1;0;0;1
11;12;12100204;2020;2;7;5;3;1;1;0;0;1;0;0;0;1;0
11;4;4501043;2020;2;5;4;3;5;3;2;1;1;0;0;0;0;0
11;3;3500934;2020;2;21;6;3;0;3;2;0;1;0;1;0;0;1
11;6;6200421;2020;2;9;1;3;2;6;0;0;1;0;0;0;0;1
11;2;2500833;2020;2;11;3;3;6;2;0;0;0;1;0;0;1;1
11;9;9200819;2020;2;15;7;3;2;7;0;1;1;0;0;0;0;0
11;6;6300526;2020;2;9;2;3;5;3;0;1;1;0;0;0;0;0
11;1;1100310;2020;2;7;6;3;1;7;0;1;1;0;0;0;0;1
11;1;1100206;2020;2;13;7;3;5;3;0;0;1;0;0;0;1;0
11;12;12601235;2020;2;19;4;2;6;2;2;0;1;1;0;0;0;1
11;12;12500824;2020;2;21;4;2;6;4;2;1;0;1;0;0;0;1
11;11;11200514;2020;2;8;4;3;5;2;0;1;1;0;0;0;0;1
11;11;11100309;2020;2;15;5;3;6;7;0;1;0;1;0;0;0;0
11;4;4100101;2020;2;13;4;3;2;6;0;0;1;0;0;0;0;1
11;1;1401048;2020;2;20;6;3;5;2;2;0;1;0;0;0;0;0
11;1;1200519;2020;2;18;7;3;0;6;2;1;1;0;0;0;0;1
11;5;5300736;2020;2;8;3;3;2;6;0;0;1;0;0;0;0;1
11;2;2200208;2020;2;19;2;3;2;6;2;0;1;0;0;0;0;0
11;1;1300834;2020;2;14;5;3;3;6;0;0;1;0;0;0;1;1
11;6;6200314;2020;2;12;4;3;5;3;0;0;1;0;0;0;0;0
11;8;8100419;2020;2;18;4;2;6;4;2;0;1;1;0;0;0;0
11;7;7501029;2020;2;18;4;3;1;5;2;1;1;0;0;0;0;0
11;2;2300316;2020;2;20;3;2;5;7;1;0;1;0;1;0;0;0
11;1;1100206;2020;2;16;4;3;5;2;0;1;0;0;0;0;0;0
11;9;9501941;2020;2;7;3;3;4;6;0;1;0;0;0;0;0;0
11;4;4300416;2020;2;9;6;3;5;3;0;1;1;0;0;0;0;0
11;8;8401242;2020;2;0;2;3;1;5;2;0;1;0;0;0;1;0
11;6;6400735;2020;2;13;7;3;5;3;0;1;1;0;0;0;0;0
11;4;4500937;2020;2;14;2;3;5;2;0;0;1;0;0;0;1;0
11;1;1100309;2020;2;0;4;3;5;2;2;1;0;0;0;0;1;1
11;11;11200411;2020;2;16;4;3;6;4;0;0;1;1;0;0;0;0
11;7;7100205;2020;2;22;4;3;5;3;2;0;1;0;0;0;1;1
11;1;1401046;2020;2;11;7;3;5;2;0;1;1;0;0;0;0;0
11;8;8200832;2020;2;10;2;3;5;3;0;0;1;0;0;0;0;1
11;3;3400724;2020;2;15;2;3;5;2;0;1;1;0;0;0;0;0
11;1;1300835;2020;2;11;5;3;0;1;0;0;0;0;1;0;0;0
11;7;7400826;2020;2;16;4;3;2;6;0;0;1;0;0;0;1;0
11;3;3500934;2020;2;17;4;3;6;2;2;0;1;1;0;0;0;1
11;5;5100104;2020;2;16;3;2;2;6;0;0;1;0;1;0;0;0
11;8;8300935;2020;2;14;4;3;5;2;0;0;1;0;0;0;0;0
11;1;1401048;2020;2;15;3;3;5;2;0;1;1;0;0;0;0;1
11;3;3701555;2020;2;20;6;3;6;2;2;0;1;1;0;0;0;0
11;6;6300632;2020;2;19;2;3;6;2;2;0;1;1;0;0;0;1
11;8;8100206;2020;2;18;5;2;6;4;2;0;1;1;0;0;0;1
11;12;12200411;2020;2;18;4;3;5;3;2;0;1;0;0;0;1;1
11;9;9502043;2020;2;11;4;3;5;3;0;1;1;0;0;0;0;0
11;1;1100206;2020;2;8;5;3;5;3;0;1;1;0;0;0;0;0
11;4;4200311;2020;2;13;4;2;1;5;0;0;1;0;0;0;0;0
11;8;8100314;2020;2;9;4;3;0;2;0;1;1;1;0;0;0;0
11;1;1300836;2020;2;16;4;3;3;6;0;0;1;0;0;0;0;0
11;7;7400823;2020;2;19;1;3;2;6;2;0;1;0;0;0;0;1
11;4;4300619;2020;2;15;3;3;5;3;0;1;1;0;0;0;0;0
11;5;5100101;2020;2;9;4;2;4;6;0;0;1;0;0;0;0;0
11;3;3500934;2020;2;11;3;3;5;3;0;0;1;0;0;0;1;1
11;12;12500930;2020;2;13;6;3;0;1;0;0;0;0;1;0;0;0
11;5;5200629;2020;2;18;2;3;6;2;2;0;1;1;0;0;0;1
11;11;11400929;2020;2;13;7;3;5;3;0;0;1;0;0;0;0;0
11;10;10400836;2020;2;21;4;3;6;2;2;0;0;1;0;0;1;1
11;11;11300721;2020;2;9;4;3;6;4;0;0;1;1;0;0;0;1
11;12;12100102;2020;2;9;4;3;5;3;0;0;1;0;0;0;1;0
11;8;8100208;2020;2;14;4;2;6;4;0;0;1;1;0;0;0;1
11;12;12200310;2020;2;19;6;3;9;1;2;0;1;0;0;0;0;0
11;1;1100310;2020;2;19;7;3;2;2;2;0;1;0;0;0;1;1
11;2;2200209;2020;2;9;3;3;1;5;0;1;1;0;0;0;0;1
11;3;3400828;2020;2;7;2;3;2;2;0;0;1;0;0;0;0;0
11;3;3400725;2020;2;7;4;3;1;5;0;1;1;0;0;0;0;1
11;10;10100210;2020;2;17;6;3;6;7;1;0;1;1;0;0;0;1
11;9;9200715;2020;2;10;1;3;5;2;0;0;1;0;0;1;0;1
11;4;4300517;2020;2;12;3;3;5;3;0;1;1;0;0;0;0;1
11;4;4501153;2020;2;11;2;2;6;4;0;1;0;1;0;0;0;0
11;1;1100310;2020;2;9;6;3;5;7;0;1;0;0;0;0;1;0
11;1;1200519;2020;2;23;1;3;2;6;2;0;1;0;0;0;0;1
11;1;2400623;2020;2;18;4;3;6;2;2;0;1;1;0;0;0;1
11;7;7300516;2020;2;7;4;3;1;7;0;0;1;1;0;0;0;1
11;10;10200629;2020;2;8;4;3;5;3;0;1;1;0;0;0;0;0
11;11;11100309;2020;2;11;4;3;5;2;0;1;1;0;0;0;0;1
11;12;12400616;2020;2;16;6;3;0;7;0;0;1;0;0;0;0;0
11;12;12400720;2020;2;16;7;3;3;6;0;1;0;0;0;0;1;0
11;6;6200312;2020;2;6;2;3;0;7;0;0;0;0;1;0;1;1
11;12;12100102;2020;2;18;2;2;6;4;2;0;1;1;0;0;0;0
11;4;4200310;2020;2;14;5;3;2;6;0;0;1;0;0;0;0;1
11;2;2200208;2020;2;8;4;3;5;2;0;1;1;0;0;0;0;1
11;6;6300527;2020;2;18;4;3;6;4;2;0;1;1;0;0;0;1
11;5;5300736;2020;2;5;6;3;5;2;2;0;1;0;0;0;0;1
11;11;11200513;2020;2;7;4;3;0;3;0;0;0;0;0;0;1;0
11;11;11501340;2020;2;20;4;3;5;3;2;1;1;0;0;0;0;0
11;1;1401046;2020;2;18;4;3;6;4;2;0;1;1;0;0;0;1
11;9;9502043;2020;2;5;3;2;5;3;2;1;1;0;0;0;0;1
11;1;1200522;2020;2;20;4;3;5;2;2;1;1;0;0;0;0;0
11;9;9200819;2020;2;18;3;3;4;6;2;1;0;0;0;0;0;0
11;2;2200210;2020;2;10;7;3;5;3;0;1;1;0;0;0;0;0
11;7;7400825;2020;2;9;2;2;0;5;0;0;0;0;0;0;1;0
11;4;4500937;2020;2;15;2;3;5;2;0;1;1;0;0;0;0;0
11;1;1100312;2020;2;8;5;3;5;3;0;1;0;0;0;0;0;0
11;12;12400618;2020;2;19;4;3;5;2;2;0;1;0;0;0;0;0
11;5;5100314;2020;2;15;4;2;5;3;0;1;1;0;0;0;0;1
11;2;2400623;2020;2;16;3;3;2;6;0;0;1;0;1;0;0;0
11;1;1300733;2020;2;19;4;3;5;3;2;1;1;0;0;0;0;0
11;2;2500830;2020;2;12;3;3;0;1;0;0;0;0;1;0;0;1
11;4;4501043;2020;2;17;3;3;5;3;1;1;1;0;0;0;0;0
11;10;10200423;2020;2;5;4;3;5;3;2;1;1;0;0;0;0;0
11;2;2400624;2020;2;1;3;3;0;1;2;0;0;0;0;0;1;1
11;10;10400835;2020;2;22;6;3;5;3;2;0;1;0;0;0;0;0
11;4;4200308;2020;2;21;2;2;6;2;2;0;1;1;0;0;0;1
11;5;5100104;2020;2;12;1;3;6;4;0;0;1;1;0;0;0;1
11;3;3300411;2020;2;7;5;3;5;3;1;1;1;0;0;0;0;1
11;10;10100315;2020;2;13;4;3;6;4;0;0;1;1;0;0;0;1
11;7;7501133;2020;2;18;3;3;2;6;2;0;1;0;0;0;0;1
11;1;1100103;2020;2;15;4;3;1;5;0;1;1;0;0;0;0;1
11;9;9401534;2020;2;15;1;3;6;2;0;0;1;1;0;0;0;1
11;12;12200515;2020;2;14;3;3;6;4;0;0;0;1;0;0;1;0
11;3;3601346;2020;2;20;3;3;0;1;1;1;0;0;0;0;0;1
11;9;9100304;2020;2;10;3;3;5;3;0;1;1;0;0;0;0;0
11;7;7400721;2020;2;11;6;3;1;7;0;0;1;0;0;0;0;0
11;10;10100316;2020;2;14;2;2;5;2;0;1;1;0;0;0;0;0
11;8;8100102;2020;2;23;4;2;6;4;2;1;0;1;0;0;0;1
11;12;12400619;2020;2;16;6;3;2;2;0;0;1;0;1;0;0;0
11;10;10200418;2020;2;18;2;3;6;4;2;0;0;1;1;0;0;1
11;6;6300527;2020;2;16;5;3;2;6;0;0;1;0;0;0;1;1
11;5;5100210;2020;2;11;4;3;5;3;0;0;1;0;0;0;0;1
11;2;2100106;2020;2;19;3;3;3;6;2;1;1;0;0;0;0;0
11;6;6200315;2020;2;7;4;3;5;2;0;1;1;0;0;0;0;1
11;4;4200311;2020;2;16;6;3;2;6;0;0;1;0;0;0;0;1
11;1;1300733;2020;2;2;1;3;5;3;2;0;1;0;0;0;0;0
11;5;5100316;2020;2;11;3;2;6;4;0;0;1;1;0;0;0;1
11;4;4501146;2020;2;12;7;3;5;7;0;0;1;0;1;0;0;0
11;11;11400927;2020;2;10;2;3;0;4;0;0;0;1;1;0;0;0
11;10;10400938;2020;2;8;6;2;2;2;0;0;1;0;1;0;0;1
11;9;9100304;2020;2;10;7;3;5;7;0;0;1;0;0;0;0;0
11;8;8100209;2020;2;19;4;3;5;3;2;0;1;0;0;0;0;1
11;7;7400822;2020;2;7;4;3;5;3;0;0;1;0;0;0;0;0
11;4;4100102;2020;2;15;3;3;5;2;0;0;1;0;0;0;0;0
11;11;11501340;2020;2;0;4;3;5;3;2;0;1;0;0;0;1;0
11;5;5100316;2020;2;13;7;3;2;6;0;0;1;0;0;0;0;0
11;3;3100103;2020;3;9;5;3;2;2;0;1;1;0;0;0;0;0
11;6;6200421;2020;3;14;3;3;2;6;0;0;1;0;0;0;0;1
11;9;9200819;2020;3;16;5;3;5;2;0;0;1;0;0;0;0;0
11;3;3500932;2020;3;14;3;3;0;1;0;1;0;0;0;0;0;0
11;11;11200513;2020;3;8;2;3;5;3;0;0;1;0;0;0;0;1
11;2;2100105;2020;3;13;3;3;5;2;0;1;1;0;0;0;0;0
11;10;10200418;2020;3;13;3;3;5;2;0;0;1;0;0;0;0;0
11;1;1100207;2020;3;8;5;3;0;3;0;0;1;0;1;0;0;0
11;6;6400844;2020;3;18;6;3;6;2;2;0;1;1;0;0;0;1
11;4;4501042;2020;3;1;5;2;0;1;2;0;0;0;0;0;1;0
11;3;3400723;2020;3;13;3;3;3;6;0;0;1;0;0;0;1;0
11;1;1100309;2020;3;13;4;3;5;3;0;1;1;0;0;0;0;0
11;4;4200310;2020;3;13;3;3;5;7;0;0;1;0;0;0;0;1
11;8;8100415;2020;3;13;2;2;3;6;0;1;1;0;1;0;1;0
11;9;9401329;2020;3;15;1;3;2;7;0;0;1;0;0;0;1;0
11;3;3100103;2020;3;16;2;3;5;3;0;1;1;0;0;0;0;0
11;1;1100310;2020;3;13;2;3;0;1;0;1;0;0;0;0;0;1
11;1;1100309;2020;3;6;6;3;5;7;1;0;1;0;1;0;0;1
11;12;12200412;2020;3;0;1;3;0;7;2;0;1;0;0;0;0;1
11;8;8100105;2020;3;20;2;3;6;4;2;0;0;1;1;0;0;0
11;4;4400831;2020;3;17;2;3;1;5;1;1;1;0;0;0;0;0
11;5;5100313;2020;3;11;6;3;0;2;0;1;1;0;0;0;0;1
11;1;1100206;2020;3;19;4;3;0;6;2;1;1;0;0;0;0;0
11;1;1100310;2020;3;15;2;3;6;4;0;0;0;1;0;0;1;0
11;3;3701554;2020;3;17;4;3;0;1;0;1;0;0;0;0;0;0
11;6;6100205;2020;3;7;2;3;2;6;0;0;1;0;0;0;0;1
11;7;7400927;2020;3;5;2;3;5;7;2;0;1;0;0;0;1;1
11;1;1100310;2020;3;9;1;3;5;2;0;1;1;0;0;0;0;0
11;1;1401046;2020;3;15;2;3;5;2;0;1;0;0;0;0;1;0