LAND;BEZ;LOR_ab_2021;UJAHR;UMONAT;USTUNDE;UWOCHENTAG;UKATEGORIE;UART;UTYP1;ULICHTVERH;IstRad;IstPKW;IstFuss;IstKrad;IstGkfz;IstSonstige;USTRZUSTAND
11;6;6100209;2020;4;16;6;3;5;2;0;1;1;0;0;0;0;0
11;1;1300836;2020;4;17;6;3;1;5;0;1;1;0;0;0;0;0
11;1;1200628;2020;4;16;2;1;6;4;0;0;1;1;0;0;0;0
11;2;2200210;2020;4;19;4;3;0;3;0;0;1;0;1;0;0;1
11;6;6300525;2020;4;16;5;2;5;2;0;1;1;0;0;0;0;0
11;6;6200317;2020;4;8;3;3;5;3;0;0;1;0;0;0;0;0
11;5;5100315;2020;4;11;1;3;5;3;0;1;1;0;0;0;0;0
11;7;7601443;2020;4;17;1;3;5;3;0;1;1;0;0;0;0;0
11;12;12200310;2020;4;16;4;3;5;3;0;0;1;0;0;0;0;0
11;10;10200422;2020;4;7;7;2;5;2;0;0;1;0;0;0;0;0
11;6;6200422;2020;4;10;5;2;1;5;0;0;1;0;1;0;0;0
11;3;3300516;2020;4;16;3;3;6;4;0;1;0;1;0;0;0;0
11;5;5200524;2020;4;13;6;2;5;2;0;0;1;0;1;0;0;0
11;1;1200625;2020;4;13;5;2;5;3;0;1;1;0;0;0;0;1
11;6;6200421;2020;4;16;5;3;3;6;0;0;1;0;0;0;0;0
11;6;6100208;2020;4;14;5;3;1;1;0;0;1;0;0;0;0;0
11;6;6300629;2020;4;10;2;3;5;3;0;0;1;0;1;0;0;0
11;9;9200511;2020;4;20;3;3;0;1;2;1;0;0;0;0;0;1
11;11;10100205;2020;4;13;6;3;5;3;0;0;1;0;0;0;0;0
11;11;11300617;2020;4;16;5;3;0;4;0;1;0;1;0;0;0;0
11;8;8100206;2020;4;18;6;3;2;6;0;0;1;0;0;0;0;0
11;2;2300314;2020;4;15;2;2;5;3;0;0;1;0;0;0;0;0
11;8;8100310;2020;4;15;4;2;1;5;0;0;1;0;0;0;0;0
11;6;6300633;2020;4;17;4;3;2;2;0;0;1;0;1;0;0;1
11;10;10400939;2020;4;13;2;3;0;7;0;1;0;0;0;0;0;0
11;2;2200208;2020;4;15;4;3;5;3;0;1;1;0;0;0;0;0
11;1;1100207;2020;4;18;1;2;5;2;0;0;1;0;1;0;0;0
11;11;11501238;2020;4;18;7;3;2;6;0;0;1;0;1;0;0;0
11;11;11401137;2020;4;14;4;3;2;6;0;0;1;0;0;0;0;0
11;4;4500937;2020;4;14;6;2;1;5;0;1;1;0;0;0;0;0
11;1;1400940;2020;4;14;3;3;2;6;0;1;0;0;0;0;0;0
11;2;2200209;2020;4;8;5;2;5;2;0;1;0;0;0;0;1;0
11;1;1300835;2020;4;19;5;3;6;4;0;0;1;1;0;0;0;0
11;7;7400823;2020;4;13;5;3;5;2;0;0;1;0;1;0;0;0
11;1;1401046;2020;4;10;2;3;5;3;0;0;1;0;0;0;0;0
11;9;9100407;2020;4;22;4;2;9;1;2;0;1;0;0;0;0;1
11;6;6300526;2020;4;8;2;3;3;6;0;1;0;0;0;0;1;0
11;8;8100206;2020;4;14;4;3;1;5;0;1;1;0;0;0;0;0
11;8;8100310;2020;4;15;7;3;1;5;0;1;1;0;0;0;0;0
11;3;3400723;2020;4;18;4;3;0;5;0;1;1;0;0;0;0;0
11;1;1401047;2020;4;16;2;3;1;5;0;1;1;0;0;0;0;0
11;11;11300617;2020;4;13;4;2;8;1;0;0;0;0;1;0;0;0
11;7;7400720;2020;4;1;1;3;0;1;2;0;0;0;1;0;0;0
11;3;3400619;2020;4;17;7;3;5;2;0;1;1;0;0;0;0;0
11;8;8100521;2020;4;13;4;3;0;3;0;0;1;0;1;0;0;0
11;11;11300722;2020;4;12;6;3;5;2;0;1;1;0;0;0;0;0
11;1;1100102;2020;4;12;2;3;5;2;0;1;1;0;0;0;0;0
11;2;2400625;2020;4;20;5;3;1;5;1;0;0;0;0;0;1;0
11;2;2500835;2020;4;18;5;3;5;2;0;1;1;0;0;0;0;0
11;1;1100311;2020;4;17;5;3;5;2;0;1;1;0;0;0;0;0
11;2;2100106;2020;4;8;2;2;3;6;0;1;1;0;0;0;0;0
11;1;1100308;2020;4;16;4;3;1;5;0;1;1;0;0;0;0;0
11;1;1200628;2020;4;14;2;2;2;2;0;0;1;0;0;0;0;0
11;3;3601141;2020;4;13;4;3;5;2;0;1;0;0;0;0;1;0
11;11;11100307;2020;4;15;7;3;5;3;0;0;1;0;0;0;0;0
11;9;9100304;2020;4;10;5;3;5;3;0;1;1;0;0;0;0;0
11;9;9401432;2020;4;21;3;3;5;3;2;0;1;0;0;0;0;0
11;11;10100205;2020;4;13;6;3;5;3;0;1;1;0;0;0;0;0
11;4;4200308;2020;4;11;4;3;2;6;0;0;1;0;1;0;0;0
11;11;11501340;2020;4;18;6;3;0;1;0;1;1;0;0;0;0;0
11;8;8200832;2020;4;18;2;3;5;3;0;1;1;0;0;0;0;0
11;10;10100311;2020;4;17;5;2;5;3;0;1;0;0;0;0;1;0
11;1;1401046;2020;4;9;4;3;2;6;0;0;1;0;0;0;1;0
11;12;12200309;2020;4;14;7;3;3;6;0;1;1;0;0;0;0;0
11;4;4200311;2020;4;11;4;3;3;6;0;0;1;0;1;0;0;0
11;8;8100206;2020;4;10;6;3;5;7;0;0;1;0;1;0;0;0
11;6;6200316;2020;4;19;2;3;5;3;0;1;1;0;0;0;0;0
11;5;5300839;2020;4;17;5;3;5;3;0;0;1;0;1;0;0;0
11;4;4501041;2020;4;22;2;3;0;1;2;1;0;0;0;0;0;0
11;10;10400940;2020;4;15;4;2;5;3;0;1;1;0;0;0;0;0
11;6;6300634;2020;4;18;2;2;5;2;0;0;1;0;0;0;0;0
11;5;5100208;2020;4;11;4;3;2;6;0;0;1;0;0;0;0;0
11;3;3300411;2020;4;13;7;3;5;2;0;1;1;0;0;0;0;0
11;4;4300619;2020;4;10;5;3;5;2;0;1;1;0;0;0;0;0
11;4;4300414;2020;4;10;3;3;5;3;0;1;0;0;1;0;0;0
11;3;3400721;2020;4;12;6;3;2;6;0;0;1;0;0;0;0;0
11;3;3400723;2020;4;16;5;3;1;5;0;1;1;0;0;0;0;0
11;4;4300414;2020;4;15;6;3;2;1;0;1;1;0;0;0;0;0
11;3;3601450;2020;4;15;2;2;5;3;0;0;1;0;1;0;0;0
11;10;10100205;2020;4;17;4;2;0;1;0;0;0;0;1;0;0;1
11;12;12200307;2020;4;18;5;3;2;7;0;0;1;0;1;0;0;0
11;9;9200715;2020;4;6;3;3;2;2;0;0;1;0;0;0;1;0
11;1;1401044;2020;4;13;1;3;0;7;0;1;1;0;0;0;0;0
11;3;3200205;2020;4;13;1;3;5;3;0;0;1;0;0;0;0;0
11;2;2400623;2020;4;10;3;3;0;1;0;1;0;0;0;0;0;0
11;4;4300416;2020;4;12;2;3;2;6;0;0;1;0;0;1;0;0
11;1;1100308;2020;4;12;4;3;0;3;0;0;1;0;0;0;1;0
11;1;1401045;2020;4;16;1;3;2;6;0;0;1;0;0;0;0;0
11;9;9301126;2020;4;10;4;2;0;1;0;1;0;0;0;0;0;0
11;1;1100103;2020;4;18;7;3;5;3;0;1;1;0;0;0;0;0
11;1;1100311;2020;4;9;5;3;5;2;0;1;1;0;0;0;0;0
11;2;2400624;2020;4;19;3;3;6;4;0;1;0;1;0;0;0;0
11;1;1100308;2020;4;12;6;3;3;6;0;1;1;0;0;0;0;0
11;12;12200309;2020;4;16;5;3;5;2;0;1;0;0;0;0;1;0
11;4;4200308;2020;4;14;2;3;5;2;0;1;0;0;0;0;0;0
11;11;10100205;2020;4;9;4;3;5;3;0;1;1;0;0;0;0;0
11;4;4500939;2020;4;5;4;3;2;2;0;0;1;0;1;0;0;1
11;6;6200313;2020;4;18;2;3;1;3;0;1;1;0;0;0;0;0
11;1;1100205;2020;4;7;4;3;5;2;0;1;1;0;0;0;0;0
11;1;1100311;2020;4;13;1;3;5;2;0;0;1;0;0;0;0;0
11;7;7400927;2020;4;3;7;3;0;1;2;1;0;0;0;0;0;0
11;2;2400623;2020;4;7;4;3;5;2;0;0;1;0;1;0;0;0
11;7;7501029;2020;4;13;6;3;6;2;0;0;1;1;0;0;0;0
11;4;4400728;2020;4;14;3;3;2;7;0;0;1;1;0;0;0;0
11;2;2200211;2020;4;7;5;3;0;7;0;0;0;0;1;1;0;1
11;12;12500926;2020;4;18;5;3;5;2;0;1;1;0;0;0;0;0
11;8;8200624;2020;4;12;5;3;0;1;0;1;0;0;0;0;0;0
11;3;3100102;2020;4;14;3;3;0;6;0;1;0;0;0;0;1;0
11;6;6100206;2020;4;12;6;3;2;3;0;1;0;0;0;0;0;0
11;1;1300733;2020;4;16;3;3;5;3;0;1;1;0;0;0;0;0
11;4;4300413;2020;4;12;6;3;5;2;0;1;1;0;0;0;0;0
11;5;5400942;2020;4;12;5;3;5;2;0;1;1;0;0;0;0;1
11;1;1100102;2020;4;13;5;2;9;1;0;0;0;0;1;0;0;0
11;12;12200412;2020;4;14;2;3;5;3;0;0;1;0;1;0;0;0
11;7;7400721;2020;4;18;4;3;5;2;0;1;0;0;0;0;1;1
11;6;6400843;2020;4;15;2;3;5;2;0;1;1;0;0;0;0;0
11;3;3400725;2020;4;19;3;3;1;5;0;1;1;0;0;0;0;0
11;4;4400728;2020;4;17;1;3;2;6;0;0;1;0;0;0;0;0
11;5;5200631;2020;4;17;7;3;1;5;0;1;1;0;0;0;0;0
11;6;6200422;2020;4;18;3;2;5;3;0;1;1;0;0;0;0;0
11;10;10100205;2020;4;11;6;3;5;7;0;0;1;0;0;0;0;0
11;9;9401534;2020;4;21;2;2;0;1;2;0;0;0;1;0;0;0
11;1;1100205;2020;4;17;5;3;5;3;0;1;1;0;0;0;0;0
11;5;5100317;2020;4;8;2;3;5;2;0;1;0;0;0;1;0;0
11;4;4300517;2020;4;16;4;3;5;2;0;0;1;0;0;0;0;0
11;11;11300721;2020;4;20;2;2;3;6;1;0;1;0;1;0;0;0
11;11;11100203;2020;4;18;3;3;2;2;0;0;1;0;1;0;0;0
11;8;8200730;2020;4;9;2;3;5;2;0;1;1;0;0;0;0;0
11;6;6100205;2020;4;21;4;3;5;3;2;0;1;0;0;0;0;0
11;12;12601031;2020;4;15;2;3;2;2;0;0;1;0;0;0;0;0
11;6;6200420;2020;4;18;3;3;5;7;0;0;1;0;0;0;1;0
11;7;7601544;2020;4;21;7;2;5;2;2;0;1;0;0;0;0;0
11;7;7200308;2020;4;7;4;3;1;5;0;1;1;0;0;0;0;1
11;9;9200715;2020;4;10;6;3;5;7;0;0;1;0;1;0;0;0
11;7;6100210;2020;4;17;3;2;5;3;0;1;1;0;0;0;0;0
11;1;1400939;2020;4;19;6;3;5;2;0;1;1;0;0;0;0;0
11;3;3601140;2020;4;18;2;3;5;2;0;1;1;0;0;0;0;0
11;10;10100102;2020;4;16;5;3;5;3;0;1;1;0;0;0;0;1
11;5;5100315;2020;4;17;5;2;1;5;0;0;1;0;0;0;0;0
11;12;12200309;2020;4;12;2;3;1;5;0;0;1;0;1;0;0;0
11;6;6300526;2020;4;14;4;3;1;5;0;1;1;0;0;0;0;0
11;6;6300634;2020;4;21;1;2;5;2;2;0;1;0;0;0;0;0
11;4;4400726;2020;4;17;3;3;2;6;0;0;1;0;0;0;0;0
11;4;4501045;2020;4;12;7;3;1;5;0;1;1;0;0;0;0;0
11;10;10400837;2020;4;7;5;3;4;6;0;1;1;0;0;0;0;0
11;2;2500834;2020;4;22;3;3;6;2;2;0;0;1;0;0;1;0
11;2;2200212;2020;4;9;6;3;3;6;0;1;0;0;0;0;0;0
11;1;1200518;2020;4;17;6;3;2;6;0;0;1;0;0;0;0;0
11;9;9501941;2020;4;14;7;3;5;2;0;1;1;0;0;0;0;0
11;7;7601340;2020;4;7;5;3;5;2;0;1;1;0;0;0;0;0
11;7;7300619;2020;4;12;3;2;2;6;0;0;1;0;1;0;0;0
11;3;3601245;2020;4;8;6;2;6;4;0;0;1;1;0;0;0;0
11;1;1100101;2020;4;17;6;3;5;3;0;1;1;0;0;0;0;0
11;12;12100101;2020;4;17;2;3;5;3;0;1;1;0;0;0;0;0
11;11;11300620;2020;4;10;4;3;0;2;0;1;0;0;0;0;1;0
11;1;1100415;2020;4;8;3;3;0;7;0;0;1;0;0;0;1;0
11;9;9100203;2020;4;22;1;3;1;5;2;0;1;0;0;0;0;0
11;6;6300634;2020;4;11;4;3;5;2;0;0;1;0;0;0;1;0
11;11;11400931;2020;4;18;1;3;5;3;0;0;1;0;1;0;0;0
11;12;12500930;2020;4;16;3;3;5;2;0;0;1;0;1;0;0;0
11;3;3400831;2020;4;9;7;3;5;2;0;0;1;0;0;0;0;0
11;2;2100106;2020;4;14;4;3;0;7;0;1;0;0;0;0;0;0
11;11;11300826;2020;4;17;3;3;5;2;0;1;1;0;0;0;0;0
11;11;11300721;2020;4;8;6;3;5;3;0;1;1;0;0;0;0;0
11;1;1100308;2020;4;14;5;3;5;3;0;0;1;0;0;0;1;0
11;4;4300619;2020;4;17;5;3;5;2;0;0;1;0;1;0;0;0
11;8;8100310;2020;4;11;2;3;5;2;0;1;1;0;0;0;0;0
11;5;5100313;2020;4;18;4;3;2;6;1;0;1;0;0;0;0;1
11;8;8100520;2020;4;17;2;3;6;4;0;0;1;1;0;0;0;0
11;12;12100206;2020;4;16;3;3;3;6;0;0;1;0;1;0;0;0
11;7;7200410;2020;4;1;1;3;9;1;2;0;1;0;0;0;0;0
11;4;4200310;2020;4;15;2;3;6;4;0;0;1;1;0;0;0;0
11;11;11401033;2020;4;16;3;3;1;5;0;0;1;0;0;0;1;0
11;3;3400618;2020;4;17;4;3;5;2;0;0;1;0;1;0;0;1
11;3;3200310;2020;4;6;3;3;9;1;0;0;1;0;0;0;0;0
11;10;10300731;2020;4;16;3;2;0;3;0;0;0;0;1;0;1;0
11;8;8100521;2020;4;19;1;2;6;7;0;0;0;1;1;0;0;0
11;1;1100310;2020;4;2;1;3;0;1;2;1;0;0;0;0;0;0
11;8;8200730;2020;4;16;3;3;5;2;0;1;1;0;0;1;0;0
11;8;8200622;2020;4;7;6;3;5;3;0;1;1;0;0;0;0;0
11;1;1300834;2020;4;15;3;3;2;6;0;0;1;0;0;0;0;0
11;3;3500936;2020;4;8;6;3;0;1;0;1;0;0;0;0;0;0
11;11;11200513;2020;4;9;5;3;0;1;0;1;0;0;0;0;0;0
11;1;1100309;2020;4;13;5;3;3;6;0;1;1;0;0;0;0;0
11;2;2200210;2020;4;14;2;3;3;5;0;0;1;0;1;0;0;0
11;1;1100103;2020;4;14;4;3;2;3;0;0;1;0;1;0;0;0
11;1;1100311;2020;4;10;2;3;5;2;0;0;1;0;0;0;0;0
11;2;2200210;2020;4;15;3;2;5;3;0;1;0;0;1;0;0;0
11;4;4501153;2020;4;15;1;2;5;3;0;0;1;0;1;0;0;0
11;5;5300737;2020;4;14;7;3;2;6;0;0;1;0;1;0;1;0
11;7;7100206;2020;4;15;3;3;5;2;0;1;1;0;0;0;0;0
11;2;2300316;2020;4;10;6;3;5;2;0;1;0;0;0;0;1;0
11;1;1400938;2020;4;16;7;3;1;5;0;1;1;0;0;0;0;0
11;8;8401243;2020;4;15;3;3;5;2;0;0;1;0;0;0;1;0
11;12;12200310;2020;4;13;6;3;5;2;0;1;0;0;0;1;0;0
11;9;9100101;2020;4;19;3;3;1;5;0;1;0;0;0;0;1;0
11;8;8100312;2020;4;20;5;3;3;6;1;1;0;0;0;0;0;1
11;6;6300527;2020;4;11;5;3;5;3;0;1;0;0;0;0;1;0
11;7;7601341;2020;4;14;2;3;5;3;0;0;1;0;0;0;0;0
11;4;4400835;2020;4;7;4;3;6;2;0;0;1;1;0;0;0;0
11;9;9100305;2020;4;20;2;3;5;2;1;0;1;0;0;0;0;0
11;8;8100415;2020;4;15;3;3;1;5;0;0;1;0;0;0;0;0
11;6;6400735;2020;4;16;7;3;0;1;0;0;0;0;1;0;0;0
11;4;4300518;2020;4;8;3;3;3;6;0;0;1;0;0;0;0;0
11;4;4501042;2020;4;8;6;3;5;3;0;1;1;0;0;0;0;0
11;12;12200310;2020;4;14;3;3;5;2;0;1;0;0;0;0;1;0
11;4;4300412;2020;4;18;6;3;1;5;0;0;1;0;1;0;0;0
11;8;8100102;2020;4;17;2;3;2;7;0;0;1;0;1;0;0;0
11;2;2500728;2020;4;16;5;3;5;3;0;1;1;0;0;0;0;0
11;11;11400929;2020;4;11;3;3;2;2;0;0;1;0;0;0;0;0
11;8;8100521;2020;4;12;2;3;5;2;0;0;1;0;0;0;0;0
11;7;7300516;2020;4;13;4;3;2;6;0;1;1;0;0;0;0;0
11;1;1100206;2020;4;19;2;3;2;2;0;1;1;0;0;0;0;0
11;7;7400822;2020;4;17;5;2;8;1;0;1;0;0;0;0;0;0
11;4;4300414;2020;4;8;2;3;0;2;0;1;1;0;0;0;0;0
11;3;3601245;2020;4;15;4;3;5;3;0;0;1;0;1;0;0;0
11;8;8200727;2020;4;18;2;3;1;5;0;0;1;0;0;0;0;0
11;2;2300417;2020;4;12;3;3;1;5;0;1;1;0;0;0;0;0
11;12;12500926;2020;4;13;7;3;0;2;0;0;1;0;0;0;1;0
11;8;8200624;2020;4;12;4;3;0;2;0;1;1;0;0;0;0;0
11;9;9401534;2020;4;10;3;3;2;6;0;0;1;0;0;0;0;0
11;4;4500939;2020;4;8;6;3;5;2;0;0;1;0;0;0;0;0
11;1;1200626;2020;4;15;5;3;4;6;0;1;0;0;0;0;0;0
11;6;6200423;2020;4;8;6;3;2;6;0;0;1;0;0;0;0;0
11;1;1100206;2020;4;16;2;3;5;2;0;1;1;0;0;0;0;0
11;6;6400737;2020;4;17;4;3;0;1;0;1;0;0;0;0;0;1
11;9;9200819;2020;4;15;5;3;5;2;0;1;1;0;0;0;0;0
11;9;9100101;2020;4;19;3;3;2;2;0;1;1;0;0;0;0;0
11;7;7501032;2020;4;10;1;3;0;1;0;1;0;0;0;0;0;0
11;2;2200211;2020;4;18;1;3;0;1;0;1;0;0;0;0;0;0
11;12;12601032;2020;4;12;3;3;1;5;0;0;1;0;0;0;0;0
11;8;8100415;2020;4;21;6;3;5;2;2;1;1;0;0;0;0;0
11;6;6100210;2020;4;7;6;3;5;7;0;0;1;0;0;0;0;0
11;11;11200410;2020;4;16;3;3;5;7;0;1;0;0;0;0;1;0
11;1;1100313;2020;5;16;1;3;6;4;0;1;0;1;0;0;0;0
11;7;7400825;2020;5;19;7;2;5;3;0;0;1;0;0;0;0;0
11;5;5200528;2020;5;12;6;3;2;6;0;0;1;0;0;0;0;0
11;2;2500833;2020;5;17;2;3;5;3;0;0;1;0;0;0;0;1
11;9;9501939;2020;5;9;2;3;5;3;0;1;1;0;0;0;0;1
11;12;12100205;2020;5;8;6;3;0;1;0;0;1;0;0;0;0;0
11;1;1401047;2020;5;13;6;3;5;3;0;0;0;0;1;0;1;0
11;1;1100206;2020;5;2;6;3;5;3;2;0;1;0;0;0;1;0
11;1;1100309;2020;5;20;5;3;0;1;1;1;0;0;0;0;0;0
11;7;7400928;2020;5;13;1;3;0;2;0;1;1;0;0;0;0;0
11;11;11200513;2020;5;16;4;3;0;1;0;1;0;0;0;0;0;0
11;10;10200422;2020;5;15;1;3;0;7;0;0;0;1;1;0;0;0
11;8;8100417;2020;5;8;5;2;5;3;0;0;1;0;1;0;0;0
11;9;9501838;2020;5;15;3;3;7;7;0;0;1;0;0;0;0;0
11;7;7100204;2020;5;20;1;3;5;3;0;0;1;0;0;0;0;1
11;7;7501029;2020;5;17;6;2;0;7;0;1;0;0;0;0;0;0
11;11;11200410;2020;5;11;5;3;6;4;0;0;1;1;0;0;0;0
11;11;11300826;2020;5;20;5;3;5;3;0;1;1;0;0;0;0;0
11;2;2300315;2020;5;17;5;3;0;1;0;1;0;0;0;0;0;0
11;12;12200309;2020;5;17;5;3;2;6;0;0;1;0;0;0;0;0
11;3;3100103;2020;5;17;5;3;5;3;0;1;1;0;0;0;0;0
11;1;1400937;2020;5;13;4;3;5;3;0;1;1;0;0;0;0;0
11;6;6300632;2020;5;10;6;3;2;2;0;0;1;0;0;0;0;0
11;6;6200314;2020;5;16;5;3;5;2;0;1;1;0;0;0;0;0
11;1;1100206;2020;5;16;5;3;5;2;0;1;1;0;0;0;0;0
11;4;4501149;2020;5;16;4;3;5;7;0;0;1;0;1;0;0;0
11;3;3701555;2020;5;19;1;3;5;3;0;0;1;0;0;0;0;1
11;8;8100311;2020;5;15;5;3;5;2;0;0;1;0;0;0;1;0
11;7;7200308;2020;5;9;3;3;2;6;0;1;1;0;0;0;0;0
11;1;1100102;2020;5;19;1;3;2;2;0;0;1;0;0;0;0;1
11;6;6400840;2020;5;8;6;3;0;3;0;0;0;0;0;0;1;0
11;9;9300920;2020;5;15;5;3;2;6;0;0;1;0;1;0;0;0
11;1;1200626;2020;5;15;5;3;2;6;0;0;1;0;1;0;0;0
11;4;4100101;2020;5;15;5;2;3;6;0;0;1;0;1;0;0;0
11;5;5300735;2020;5;15;5;3;5;2;0;0;1;0;0;0;0;0
11;5;5300735;2020;5;12;4;3;5;3;0;0;1;0;0;0;0;0
11;7;7400927;2020;5;18;1;3;5;3;0;0;1;0;0;0;0;1
11;2;2500831;2020;5;13;1;3;4;6;0;1;1;0;0;0;1;0
11;9;9300920;2020;5;14;5;3;5;3;0;1;1;0;0;0;0;0
11;1;1100205;2020;5;17;2;2;6;4;0;0;1;1;0;0;0;1
11;1;1100104;2020;5;13;2;3;5;2;0;0;1;1;0;0;0;1
11;7;7400823;2020;5;13;5;3;5;3;0;1;1;0;0;0;0;0
11;12;12200412;2020;5;17;1;3;5;7;0;0;1;0;0;0;0;0
11;9;9301025;2020;5;14;6;3;5;3;0;0;1;0;0;0;0;0
11;2;2500729;2020;5;17;1;3;1;5;0;1;1;0;0;0;0;0
11;5;5300839;2020;5;15;1;3;3;6;0;1;0;0;0;0;0;0
11;3;3200204;2020;5;20;5;3;5;2;2;0;1;0;0;0;0;0
11;8;8100103;2020;5;0;3;3;1;5;2;0;1;0;0;0;0;0
11;10;10300731;2020;5;19;5;3;2;6;0;0;1;0;0;0;0;0
11;5;5100208;2020;5;16;1;3;5;3;0;0;1;0;0;0;0;0
11;7;7100206;2020;5;7;6;3;5;2;0;1;0;0;0;0;0;0
11;12;12601031;2020;5;18;5;3;1;5;0;1;1;0;0;0;0;0
11;1;1400942;2020;5;18;5;3;6;2;0;0;1;1;0;0;0;0
11;12;12500926;2020;5;13;5;3;2;6;0;0;1;0;0;0;0;0
11;2;2500834;2020;5;13;5;3;1;5;0;1;0;0;0;0;1;0
11;9;9501941;2020;5;7;4;3;5;3;0;0;1;0;1;0;0;1
11;7;7400720;2020;5;16;1;3;5;3;0;1;1;0;0;0;0;0
11;1;1300733;2020;5;20;7;3;1;5;1;1;1;0;0;0;0;0
11;2;2200208;2020;5;13;5;3;5;2;0;1;1;0;0;0;0;0
11;5;5200420;2020;5;12;2;3;0;7;0;0;0;0;1;0;0;1
11;11;11400931;2020;5;11;2;3;5;2;0;1;1;0;0;0;0;1
11;12;12500927;2020;5;13;5;2;4;6;0;0;1;0;1;0;0;0
11;7;7400721;2020;5;13;6;3;5;3;0;1;1;0;0;0;0;0
11;12;12500824;2020;5;12;5;3;2;2;0;0;1;0;0;0;0;0
11;2;2200208;2020;5;8;5;3;5;2;0;1;1;0;0;0;0;0
11;3;3601243;2020;5;14;1;2;5;3;0;1;0;0;0;0;0;0
11;10;10200422;2020;5;6;5;2;6;4;0;0;1;1;0;0;0;0
11;11;11400931;2020;5;12;5;3;5;2;0;0;1;0;0;0;0;0
11;9;9200716;2020;5;11;5;3;5;3;0;1;1;0;0;0;0;0
11;2;2100102;2020;5;14;5;3;1;5;0;1;1;0;0;0;0;0
11;6;6300528;2020;5;10;5;2;0;6;0;1;1;0;0;0;0;0
11;7;7300517;2020;5;10;3;3;5;2;0;1;1;0;0;0;0;0
11;5;5100316;2020;5;12;1;3;3;6;0;0;1;0;0;0;0;0
11;7;7601340;2020;5;18;7;3;5;2;0;1;1;0;0;0;0;0
11;9;9100101;2020;5;10;5;3;5;3;0;1;1;0;0;0;0;0
11;5;5100103;2020;5;16;2;3;2;6;0;0;1;0;0;0;0;1
11;7;7601546;2020;5;9;2;3;2;2;0;0;1;0;0;0;0;1
11;5;5100316;2020;5;7;5;2;5;3;0;0;1;0;1;0;0;0
11;12;12400618;2020;5;11;6;3;5;2;0;1;1;0;0;0;0;0
11;6;6100207;2020;5;7;5;2;5;2;0;1;0;0;0;0;1;0
11;10;10300731;2020;5;14;4;3;6;7;0;1;0;1;0;0;0;0
11;11;11501340;2020;5;12;1;2;0;1;0;1;0;0;0;0;0;0
11;11;11300722;2020;5;22;4;3;5;3;2;0;1;0;0;0;0;0
11;6;6300528;2020;5;9;1;3;1;5;0;1;1;0;0;0;0;0
11;7;7400927;2020;5;14;4;3;5;2;0;0;0;0;1;0;1;0
11;1;1100309;2020;5;10;3;3;1;5;0;1;0;0;0;0;1;0
11;2;2400623;2020;5;9;1;3;5;3;0;1;1;0;0;0;0;0
11;3;3701657;2020;5;7;6;2;0;6;0;1;1;0;0;0;0;0
11;8;8200623;2020;5;14;4;3;5;7;0;0;1;0;1;0;0;0
11;8;8301036;2020;5;8;1;3;5;3;0;1;1;0;0;0;0;0
11;8;8100311;2020;5;14;4;3;5;3;0;1;1;0;0;0;0;0
11;1;1300836;2020;5;18;3;3;1;7;0;0;1;0;0;0;0;0
11;5;5100315;2020;5;21;7;2;6;4;2;0;1;1;0;0;0;0
11;1;1100416;2020;5;19;6;3;0;1;0;1;0;0;0;0;0;0
11;9;9100408;2020;5;13;4;3;5;2;0;0;1;0;0;0;0;0
11;10;10300731;2020;5;12;4;3;2;6;0;0;1;0;0;0;0;0
11;7;7300619;2020;5;21;5;3;0;1;2;0;0;0;1;0;0;0
11;4;4200308;2020;5;12;4;3;5;3;0;0;1;0;0;0;0;0
11;6;6100205;2020;5;11;4;2;2;6;0;0;1;0;1;0;0;0
11;11;11200411;2020;5;15;4;3;2;6;0;0;1;0;0;1;0;0
11;11;11401137;2020;5;17;7;2;8;1;0;1;0;0;1;0;0;0
11;7;7100102;2020;5;9;4;3;5;2;0;0;0;0;1;0;1;0
11;2;2300315;2020;5;7;3;3;1;5;0;1;0;0;0;1;0;0
11;8;8401243;2020;5;12;7;3;5;2;0;1;1;0;0;0;0;0
11;3;3601244;2020;5;7;6;3;5;2;0;1;0;0;0;0;0;0
11;3;3500935;2020;5;9;4;3;5;2;0;0;1;0;0;0;0;0
11;2;2100102;2020;5;8;4;3;1;5;0;1;1;0;0;0;0;0
11;5;5200420;2020;5;14;5;3;4;7;0;1;0;0;0;0;1;0
11;9;9300920;2020;5;6;4;3;1;5;0;0;1;0;1;0;0;0
11;7;7601340;2020;5;17;5;3;2;3;0;0;1;0;0;0;0;0
11;6;6400841;2020;5;12;4;3;5;3;0;0;1;0;0;0;0;0
11;7;7200409;2020;5;21;4;3;0;5;2;1;1;0;0;0;0;0
11;12;12200309;2020;5;14;4;3;0;2;0;0;0;0;0;0;1;0
11;3;3200309;2020;5;11;7;3;5;3;0;0;1;0;0;0;0;0
11;3;3200204;2020;5;13;1;3;5;2;0;1;0;0;0;0;0;0
11;4;4300619;2020;5;20;4;3;5;3;0;0;1;0;0;0;0;0
11;10;10400938;2020;5;20;2;3;5;3;1;0;1;0;0;0;0;0
11;2;2500833;2020;5;18;4;3;1;1;0;1;1;0;0;0;0;0
11;5;5100316;2020;5;11;7;3;2;6;0;0;1;0;0;0;0;0
11;12;12200309;2020;5;15;6;3;5;3;0;0;1;0;1;0;0;0
11;2;2500727;2020;5;17;4;3;5;2;0;1;1;0;0;0;0;0
11;3;3400831;2020;5;17;4;3;5;2;0;1;1;0;0;0;0;0
11;3;3500934;2020;5;12;5;3;2;6;0;0;1;0;0;0;0;0