LAND;BEZ;LOR_ab_2021;UJAHR;UMONAT;USTUNDE;UWOCHENTAG;UKATEGORIE;UART;UTYP1;ULICHTVERH;IstRad;IstPKW;IstFuss;IstKrad;IstGkfz;IstSonstige;USTRZUSTAND
11;1;1200520;2020;5;16;4;3;5;3;0;0;1;0;0;0;0;0
11;2;2400521;2020;5;13;4;3;0;2;0;1;1;0;0;0;0;0
11;12;12200309;2020;5;10;7;3;3;6;0;0;0;0;1;0;1;0
11;1;1100312;2020;5;0;7;3;0;1;2;1;0;0;0;0;0;0
11;4;4500937;2020;5;16;4;3;1;5;0;1;1;0;0;0;0;0
11;6;6400737;2020;5;16;2;3;5;3;0;0;1;0;0;0;0;1
11;2;2200213;2020;5;9;2;3;0;2;0;1;1;0;0;0;0;1
11;2;2200208;2020;5;9;3;3;0;7;0;1;0;0;0;0;0;0
11;4;4100101;2020;5;11;4;3;2;2;0;0;1;0;0;0;0;0
11;6;6300633;2020;5;19;7;3;1;5;0;0;1;0;0;0;0;0
11;6;6400843;2020;5;12;7;3;1;5;0;0;1;0;0;0;0;0
11;10;10300733;2020;5;21;3;3;2;3;1;1;1;0;0;0;0;1
11;7;7400825;2020;5;16;2;3;2;6;0;0;1;0;0;0;0;1
11;3;3500936;2020;5;11;2;3;2;6;0;0;1;0;0;0;0;1
11;7;7200414;2020;5;19;3;3;2;6;0;1;1;0;0;0;0;1
11;4;4200309;2020;5;14;6;2;2;6;0;0;1;0;1;0;0;0
11;1;1100103;2020;5;17;3;3;5;3;0;0;1;0;0;0;0;0
11;9;9200819;2020;5;10;3;2;6;4;0;0;1;1;0;0;0;0
11;4;4501147;2020;5;10;5;3;3;6;0;1;0;0;0;0;0;0
11;11;11300722;2020;5;8;2;3;5;3;0;0;1;0;0;0;0;0
11;12;12400720;2020;5;10;3;2;5;3;0;1;1;0;0;0;0;0
11;2;2300314;2020;5;16;3;3;5;2;0;1;1;0;0;0;0;0
11;1;1100309;2020;5;19;7;3;3;6;0;1;0;0;1;0;0;0
11;2;2500832;2020;5;17;7;3;2;6;0;1;1;0;0;0;0;0
11;1;1401048;2020;5;9;3;3;2;3;0;0;1;0;0;0;1;0
11;4;4500938;2020;5;16;2;3;5;2;0;1;1;0;0;0;0;1
11;7;7501030;2020;5;8;3;3;5;2;0;0;1;0;0;0;0;0
11;6;6200420;2020;5;10;6;2;5;3;0;0;1;0;0;0;0;0
11;3;3601141;2020;5;7;2;3;5;2;0;1;1;0;0;0;0;1
11;1;1100311;2020;5;5;3;3;2;6;1;0;1;0;0;0;0;0
11;8;8100310;2020;5;17;3;3;2;6;0;1;1;0;0;0;0;1
11;6;6100101;2020;5;16;3;3;6;4;0;0;1;1;0;0;0;1
11;2;2500833;2020;5;13;6;3;5;3;0;0;1;0;0;0;0;0
11;4;4100101;2020;5;6;2;3;5;2;1;0;1;0;0;1;1;1
11;6;6100205;2020;5;16;3;3;2;6;0;0;1;0;1;0;0;1
11;9;9501940;2020;5;15;3;3;5;2;0;1;1;0;0;0;0;1
11;9;9301126;2020;5;18;7;3;3;6;0;1;1;0;0;0;0;0
11;10;10100102;2020;5;10;5;3;5;3;0;1;1;0;0;0;0;0
11;6;6200421;2020;5;17;7;3;2;6;0;0;1;0;0;0;0;0
11;4;4300622;2020;5;15;3;2;2;6;0;0;1;0;0;0;1;0
11;2;2500830;2020;5;17;3;3;1;5;0;1;1;0;0;0;0;0
11;6;6400737;2020;5;17;7;2;5;2;0;1;1;0;0;0;0;0
11;7;7100103;2020;5;22;6;3;1;5;2;1;1;0;0;0;0;0
11;5;5100313;2020;5;14;3;3;2;6;0;0;1;0;0;0;0;0
11;4;4500939;2020;5;14;3;3;2;6;0;1;1;0;0;0;0;1
11;7;7100102;2020;5;15;5;3;0;2;0;1;1;0;0;0;0;0
11;3;3601450;2020;5;11;2;3;5;3;0;0;1;0;0;0;0;1
11;3;3200308;2020;5;14;3;3;5;3;0;0;1;0;0;0;0;1
11;4;4200308;2020;5;14;3;3;6;6;0;1;0;1;0;0;0;0
11;11;11200411;2020;5;14;4;3;2;6;0;0;1;0;0;0;0;0
11;3;3400724;2020;5;17;7;3;5;2;0;1;1;0;0;0;0;0
11;12;12400617;2020;5;16;1;3;5;7;0;1;0;0;0;0;1;0
11;6;6100209;2020;5;12;3;3;0;3;0;0;1;0;1;0;0;0
11;6;6200313;2020;5;6;3;3;5;2;2;1;0;0;0;0;1;0
11;1;1100312;2020;5;19;4;2;0;6;0;0;1;0;1;0;0;0
11;2;2100102;2020;5;17;7;3;0;7;0;1;0;0;0;0;0;0
11;4;4400727;2020;5;12;3;3;6;7;0;0;1;1;0;0;0;0
11;9;9200614;2020;5;10;3;1;6;4;0;0;1;1;0;0;0;0
11;7;7400823;2020;5;17;7;3;5;3;0;0;1;0;0;0;0;0
11;1;1400937;2020;5;9;6;2;2;7;0;0;1;0;0;0;1;0
11;6;6200312;2020;5;11;3;3;2;6;0;0;1;0;0;0;0;0
11;8;8100418;2020;5;10;2;3;5;3;0;1;1;0;0;0;0;0
11;2;2400521;2020;5;15;5;3;5;2;0;1;1;0;0;0;0;0
11;8;8200725;2020;5;20;2;2;0;1;1;0;0;0;1;0;0;1
11;8;8100102;2020;5;16;2;2;6;4;0;1;0;1;0;0;0;1
11;4;4300517;2020;5;16;2;2;5;2;0;0;1;0;1;0;0;1
11;7;7300517;2020;5;12;4;2;0;4;0;1;0;1;0;0;0;0
11;8;8100104;2020;5;16;7;3;2;2;0;0;1;0;0;0;0;0
11;8;8401139;2020;5;13;1;2;5;2;0;0;1;0;1;0;0;0
11;12;12500928;2020;5;15;2;3;5;2;0;0;1;0;0;0;0;0
11;2;2200213;2020;5;15;2;3;2;6;0;0;1;0;1;0;0;1
11;1;1400938;2020;5;13;2;3;5;2;0;1;1;0;0;0;0;1
11;4;4400727;2020;5;15;2;3;0;6;0;0;1;0;1;0;0;1
11;3;3601450;2020;5;15;7;3;6;4;0;0;0;1;0;0;1;0
11;12;12500825;2020;5;14;6;3;1;5;0;0;1;0;1;0;0;0
11;1;1300836;2020;5;15;2;3;0;2;0;0;0;0;1;0;1;1
11;8;8100102;2020;5;14;2;3;6;4;0;0;0;1;1;0;0;1
11;3;3100101;2020;5;11;5;3;4;6;0;0;1;0;0;0;0;0
11;10;10200417;2020;5;13;2;2;6;4;0;0;0;1;0;0;1;0
11;4;4400835;2020;5;13;7;3;1;1;0;1;1;0;0;0;0;0
11;1;1400937;2020;5;18;6;3;0;2;0;1;1;0;0;0;0;0
11;1;1401045;2020;5;13;2;3;6;4;0;0;0;1;1;0;0;1
11;1;1400939;2020;5;12;2;3;2;6;0;0;1;0;0;0;0;1
11;1;1100206;2020;5;13;5;3;1;5;0;1;1;0;0;0;0;0
11;2;2200211;2020;5;11;2;3;5;2;0;1;1;0;0;0;0;1
11;9;9502043;2020;5;10;4;3;1;5;0;1;1;0;0;0;0;0
11;11;11501340;2020;5;15;7;3;0;7;0;1;1;0;0;0;0;0
11;5;5200420;2020;5;23;7;2;1;1;2;0;1;0;0;0;0;0
11;12;12200309;2020;5;11;2;3;0;1;0;0;0;0;1;0;0;1
11;4;4200309;2020;5;15;2;3;2;6;0;0;1;0;0;0;0;1
11;4;4200311;2020;5;11;2;3;5;2;0;0;1;0;0;0;1;1
11;1;1300731;2020;5;22;2;3;5;2;2;0;1;0;1;0;0;0
11;2;2400521;2020;5;18;6;3;5;2;0;1;1;0;0;0;0;0
11;11;11200411;2020;5;12;2;3;6;2;0;0;1;1;0;0;0;1
11;4;4300624;2020;5;19;2;3;2;6;0;0;1;0;0;0;0;1
11;10;10200420;2020;5;17;2;3;5;2;0;1;1;0;0;0;0;0
11;9;9100203;2020;5;9;5;3;2;6;0;0;1;0;0;1;0;0
11;7;7100101;2020;5;20;2;3;0;1;1;0;0;0;1;0;0;1
11;1;1100102;2020;5;16;2;1;8;1;0;1;0;0;0;0;0;0
11;4;4300623;2020;5;18;3;3;2;6;0;0;1;0;0;0;0;0
11;1;1300733;2020;5;16;2;3;5;2;0;1;1;0;0;0;0;0
11;9;9301126;2020;5;7;3;3;6;4;0;1;0;1;0;0;0;0
11;2;2200207;2020;5;20;7;3;5;2;1;1;1;0;0;0;0;0
11;3;3200309;2020;5;18;7;2;8;1;0;0;0;0;1;0;0;0
11;3;3400830;2020;5;16;2;2;6;4;0;0;1;1;0;0;0;1
11;9;9501939;2020;5;15;2;3;5;3;0;0;1;0;0;0;0;1
11;7;7100205;2020;5;8;2;3;0;1;0;0;0;0;1;0;0;1
11;11;11300618;2020;5;10;2;3;5;2;0;1;1;0;0;0;0;1
11;12;12400721;2020;5;12;6;3;6;4;0;0;1;1;0;0;0;0
11;1;1100207;2020;5;9;2;3;1;5;0;1;1;0;0;0;0;0
11;3;3601245;2020;5;8;2;3;0;7;0;1;0;0;0;0;0;0
11;1;1400938;2020;5;20;7;2;6;4;0;0;0;1;1;0;0;0
11;4;4501042;2020;5;22;4;3;1;5;2;0;1;0;0;0;0;0
11;2;2300315;2020;5;13;7;2;0;1;0;1;0;0;0;0;0;0
11;2;2500835;2020;5;8;2;3;2;6;0;0;1;0;0;0;1;1
11;7;7601547;2020;5;14;3;3;1;5;0;1;1;0;0;0;0;0
11;1;1200520;2020;5;18;7;3;3;6;0;1;1;0;0;0;0;0
11;8;8200727;2020;5;10;6;3;5;2;0;1;1;0;0;0;0;0
11;8;8401243;2020;5;8;2;3;0;4;0;0;1;1;0;0;0;0
11;12;12200412;2020;5;13;1;3;2;6;0;0;1;0;0;0;0;0
11;6;6400844;2020;5;18;5;3;2;6;0;0;1;0;0;0;0;0
11;8;8100521;2020;5;19;2;3;6;4;0;0;1;1;0;0;0;1
11;6;6200312;2020;5;17;1;3;6;4;0;0;1;1;0;0;0;0
11;8;8100209;2020;5;15;7;3;0;3;0;0;1;0;1;0;0;0
11;11;11400931;2020;5;17;6;3;4;6;0;1;0;0;0;0;0;0
11;5;5100211;2020;5;16;1;3;5;3;0;0;1;0;0;0;0;0
11;1;1400942;2020;5;15;1;3;6;4;0;0;1;1;0;0;0;0
11;10;10100104;2020;5;19;5;3;1;5;0;0;1;0;1;0;0;0
11;6;6100205;2020;5;11;1;3;2;2;0;1;1;0;0;0;0;0
11;2;2300316;2020;5;0;1;3;5;3;2;0;1;0;0;0;0;1
11;10;10300731;2020;5;16;4;3;5;3;0;0;1;0;0;0;1;0
11;5;5200528;2020;5;13;7;3;5;2;0;1;1;0;0;0;0;0
11;2;2300316;2020;5;13;1;3;5;2;0;1;1;0;0;0;0;0
11;6;6200311;2020;5;8;3;2;0;6;0;0;0;0;0;1;1;0
11;4;4300416;2020;5;16;6;3;6;6;0;1;0;1;0;0;0;0
11;8;8100419;2020;5;19;6;3;5;7;0;0;1;0;0;0;0;0
11;5;5200420;2020;5;13;1;3;1;5;0;0;1;0;0;0;0;0
11;6;6400843;2020;5;12;1;3;0;1;0;1;0;0;0;0;0;0
11;5;5300839;2020;5;14;5;3;2;6;0;0;1;0;0;0;0;0
11;5;5200420;2020;5;11;1;3;5;3;0;1;1;0;0;0;0;0
11;8;8401243;2020;5;12;4;2;6;4;0;0;1;1;0;0;0;0
11;12;12601235;2020;5;22;6;3;0;7;2;1;0;0;0;0;0;0
11;7;7300517;2020;5;9;7;2;5;2;0;1;1;0;0;0;0;0
11;9;9501737;2020;5;7;1;3;9;1;0;0;1;0;0;0;0;0
11;6;6100208;2020;5;15;4;3;6;4;0;1;0;1;0;0;0;0
11;12;12200310;2020;5;19;6;3;2;2;0;0;1;0;0;0;1;0
11;2;2100104;2020;5;14;1;3;5;3;0;1;1;0;0;0;0;0
11;8;8100314;2020;5;22;7;2;5;3;2;0;1;0;0;0;1;1
11;4;4300619;2020;5;16;2;3;5;3;0;0;1;0;1;0;0;1
11;3;3601245;2020;5;21;7;3;5;3;2;1;1;0;0;0;0;1
11;2;2100101;2020;5;15;6;3;3;6;0;0;1;0;1;0;0;0
11;1;1100308;2020;5;17;6;3;1;5;0;1;1;0;0;0;0;0
11;7;7300517;2020;5;12;7;3;5;3;0;0;1;0;0;0;0;1
11;1;1300835;2020;5;16;7;3;2;6;0;0;1;0;0;0;0;0
11;6;6300524;2020;5;12;5;3;2;2;0;0;1;0;1;0;0;0
11;1;1400937;2020;5;19;2;3;5;2;0;0;1;0;0;0;0;1
11;8;8100104;2020;5;13;7;3;1;5;0;1;1;0;0;0;0;0
11;1;1100101;2020;5;7;4;3;0;2;0;1;1;0;0;0;0;0
11;2;2200208;2020;5;22;6;3;0;1;2;1;0;0;0;0;0;0
11;10;10300731;2020;5;18;7;2;5;3;1;0;1;0;0;0;1;0
11;9;9501939;2020;5;13;7;3;2;6;0;0;1;0;0;0;0;0
11;1;1100313;2020;5;14;2;3;5;3;0;1;1;0;0;0;0;1
11;3;3300514;2020;5;10;2;3;0;7;0;0;1;0;0;0;0;1
11;2;2100104;2020;5;12;7;3;5;3;0;1;1;0;0;0;0;1
11;11;11200514;2020;5;13;6;2;5;3;0;0;1;0;1;0;0;0
11;6;6200422;2020;5;12;7;3;6;7;0;1;0;1;0;0;0;0
11;11;11401135;2020;5;9;7;3;0;3;0;1;0;0;0;0;1;0
11;7;7601236;2020;5;14;2;3;0;1;0;0;0;0;1;0;0;1
11;12;12200515;2020;5;10;2;2;6;2;0;0;1;1;0;0;0;1
11;10;10100311;2020;5;13;7;3;2;6;0;0;1;0;0;0;0;1
11;12;12200515;2020;5;7;6;3;5;2;0;1;0;0;0;1;0;0
11;3;3601348;2020;5;14;7;3;0;6;0;0;1;0;1;0;0;1
11;7;7200308;2020;5;11;7;2;5;3;0;0;1;0;0;0;0;1
11;1;1100310;2020;5;14;5;3;0;1;0;1;0;0;0;0;0;0
11;9;9200715;2020;5;15;7;3;2;6;0;0;1;0;0;0;0;1
11;6;6300525;2020;5;13;3;3;5;3;0;1;1;0;0;0;0;0
11;5;5100313;2020;5;21;6;3;2;7;2;0;1;0;0;0;0;0
11;2;2200210;2020;5;17;7;3;2;6;0;1;0;0;0;0;0;0
11;7;7400927;2020;5;16;7;3;2;2;0;0;1;0;0;0;0;1
11;9;9501939;2020;5;18;1;3;0;2;0;1;1;0;0;0;0;0
11;5;5200423;2020;5;16;7;3;2;6;0;0;1;0;0;0;0;0
11;3;3400826;2020;5;11;6;2;5;3;0;0;1;0;0;0;0;0
11;10;10100316;2020;5;17;7;3;0;7;0;0;1;0;0;0;1;0
11;7;7300619;2020;5;18;7;3;5;3;0;0;1;0;0;0;0;1
11;8;8100415;2020;5;20;4;3;5;2;1;1;1;0;0;0;0;0
11;5;5400944;2020;5;20;6;2;0;1;1;1;0;0;0;0;0;0
11;3;3400618;2020;5;3;7;3;6;6;2;0;1;1;0;0;0;0
11;9;9501940;2020;5;14;6;3;2;6;0;0;1;0;0;0;0;0
11;11;11200411;2020;5;18;6;2;0;1;0;0;1;0;1;0;0;0
11;12;12500927;2020;5;2;5;2;0;1;2;0;1;0;0;0;0;0
11;4;4300518;2020;5;15;6;3;3;6;0;1;0;0;0;0;1;0
11;7;7100103;2020;5;20;6;3;0;6;2;0;1;0;1;0;0;1
11;7;7100102;2020;5;17;3;3;5;5;0;0;1;0;1;0;0;0
11;5;5200423;2020;5;15;6;2;5;2;0;0;1;0;0;0;0;0
11;12;12200309;2020;5;13;6;3;5;2;0;1;1;0;0;0;0;0
11;9;9501737;2020;5;15;6;3;5;2;0;0;1;0;0;0;0;0
11;9;9501939;2020;5;10;6;3;3;6;0;0;1;0;1;0;0;0
11;1;1400939;2020;5;21;5;3;0;1;2;1;0;0;0;0;0;0
11;3;3400620;2020;5;2;6;3;8;7;2;0;1;0;0;0;0;0
11;11;11400927;2020;5;23;6;3;6;7;2;1;0;1;0;0;0;0
11;5;5200629;2020;5;14;4;3;5;3;0;1;0;0;0;0;1;0
11;5;5200634;2020;5;15;6;3;2;6;0;0;1;0;0;0;0;0
11;9;9401534;2020;5;17;1;3;2;6;0;0;1;0;0;0;0;0
11;6;6100102;2020;5;22;6;3;0;1;2;0;0;0;1;0;0;1
11;8;8401242;2020;5;7;3;3;5;3;0;0;1;0;0;0;0;0
11;8;8100417;2020;5;15;6;3;5;3;0;0;1;0;0;0;0;0
11;2;2200212;2020;5;18;6;3;2;6;0;0;1;0;0;0;0;0
11;3;3500932;2020;5;16;6;2;7;7;0;1;0;0;0;0;0;0
11;5;5100317;2020;5;10;3;3;2;6;0;0;1;0;0;0;0;0
11;9;9501736;2020;5;13;6;3;3;6;0;1;0;0;0;0;0;0
11;9;9100304;2020;5;9;6;3;5;2;0;1;1;0;0;0;0;0
11;7;7400928;2020;5;19;6;3;2;6;0;0;1;0;1;0;0;0
11;1;1400939;2020;5;17;6;3;6;4;0;0;1;1;0;0;0;0
11;6;6200421;2020;5;16;5;3;3;2;0;0;1;0;1;0;0;0
11;6;6400737;2020;5;16;6;2;1;5;0;1;1;0;0;0;0;0
11;6;6300524;2020;5;15;6;3;4;6;0;1;1;0;0;0;0;0
11;12;12200309;2020;5;12;4;3;5;7;0;0;0;0;1;0;1;0
11;2;2500833;2020;5;12;6;3;0;7;0;0;1;0;1;0;0;1
11;5;5300737;2020;5;13;1;3;0;5;0;0;1;0;1;0;0;0
11;1;1401046;2020;5;14;6;3;6;4;0;0;1;1;0;0;0;0
11;10;10200524;2020;5;14;2;3;6;4;0;0;1;1;0;0;0;0
11;12;12200307;2020;5;13;6;3;5;2;0;1;1;0;0;0;0;0
11;4;4200206;2020;5;12;6;3;5;2;0;1;1;0;0;0;0;0
11;12;12500926;2020;5;14;6;3;0;1;0;0;0;0;1;0;0;0
11;7;7400826;2020;5;4;6;2;9;1;2;0;1;0;0;0;0;0
11;9;9501737;2020;5;11;6;2;0;1;0;1;0;0;0;0;0;0
11;8;8200624;2020;5;12;5;3;2;6;0;0;1;0;0;0;1;0
11;1;1401048;2020;5;17;6;2;0;1;0;0;0;0;1;0;0;0
11;2;2400623;2020;5;19;3;3;5;2;0;1;1;0;0;0;0;0
11;3;3200309;2020;4;9;5;3;6;7;0;0;1;1;0;0;0;1
11;1;1300733;2020;5;14;5;3;2;6;0;0;0;0;0;0;1;0
11;5;5100313;2020;4;14;5;3;2;6;0;0;1;0;0;0;0;1
11;3;3601453;2020;5;10;4;3;5;3;0;0;1;0;0;0;0;0
11;12;12200412;2020;5;11;6;3;5;3;0;1;1;0;0;0;0;0
11;4;4300414;2020;5;2;7;3;1;5;2;1;1;0;0;0;0;0
11;4;4500936;2020;4;14;5;3;5;2;0;1;1;0;0;0;0;1
11;3;3200206;2020;5;21;1;3;5;3;2;0;1;0;0;0;1;0
11;5;5100105;2020;5;11;2;2;7;7;0;0;1;0;0;0;0;1
11;10;10300734;2020;4;15;5;2;5;3;0;1;1;0;0;0;0;0
11;4;4300416;2020;5;14;6;2;5;2;0;1;1;0;0;0;0;0
11;11;11100204;2020;5;17;2;2;6;4;0;0;0;1;0;0;1;1
11;4;4501152;2020;4;15;5;3;2;6;0;0;1;0;1;0;0;1
11;1;1100308;2020;4;15;5;3;5;3;0;1;1;0;0;0;0;1
11;7;7100102;2020;5;10;5;3;6;7;0;0;0;1;0;1;0;0
11;12;12200309;2020;5;17;2;3;5;2;0;1;0;0;0;0;1;0
11;4;4501041;2020;4;15;5;3;5;3;0;1;1;0;0;0;0;1
11;1;1400942;2020;5;19;3;3;2;2;0;0;1;0;0;0;0;0
11;5;5100211;2020;5;11;6;2;0;6;0;0;1;0;1;0;0;0
11;1;1300836;2020;5;12;7;3;2;6;0;0;1;0;0;0;1;0
11;7;7601442;2020;4;15;5;2;5;2;0;0;1;0;0;0;0;1
11;12;12200307;2020;4;14;5;3;2;2;0;0;1;0;0;0;0;1
11;8;8100521;2020;5;15;3;3;3;6;0;0;1;1;0;1;0;0
11;8;8100104;2020;5;16;5;3;6;4;0;0;1;1;0;0;0;0
11;5;5300736;2020;5;20;3;3;6;4;1;0;1;1;0;0;0;0
11;6;6200422;2020;5;10;4;2;5;3;0;1;1;0;0;0;0;0
11;8;8200727;2020;5;12;2;3;5;3;0;0;1;0;0;0;0;1
11;7;7601341;2020;5;16;4;3;0;1;0;1;0;0;0;0;0;0
11;9;9100203;2020;5;16;4;3;5;3;0;0;0;0;1;0;0;0
11;7;7601544;2020;5;18;7;2;0;7;0;1;0;0;0;0;0;0
11;8;8100105;2020;5;15;3;3;1;7;0;0;1;1;0;0;0;0
11;5;5200632;2020;5;13;7;2;3;6;0;0;1;0;0;0;0;0
11;4;4300517;2020;5;19;3;2;5;2;0;1;1;0;0;0;0;0
11;8;8200725;2020;5;15;3;3;2;6;0;1;1;0;0;0;0;0
11;10;10200421;2020;5;16;6;2;6;4;0;0;1;1;0;0;0;0
11;6;6200313;2020;5;18;5;3;3;6;0;1;1;0;0;0;0;0
11;2;2400624;2020;5;14;3;3;2;2;0;0;1;0;1;0;0;0
11;4;4501041;2020;5;16;2;3;0;4;0;1;0;1;0;0;0;0
11;12;12100205;2020;5;13;5;3;5;3;0;1;1;0;0;0;0;0
11;4;4501043;2020;5;16;4;3;5;2;0;1;1;0;0;0;0;0
11;5;5100105;2020;5;22;1;3;5;3;2;0;1;0;0;0;0;1
11;7;7400721;2020;5;7;4;3;0;7;0;0;1;0;0;0;1;0
11;9;9401534;2020;5;12;7;3;2;6;0;0;1;0;0;0;0;0
11;3;3300516;2020;5;0;6;3;0;1;2;1;0;0;0;0;0;0
11;9;9200510;2020;5;15;3;3;8;7;0;1;1;0;0;0;0;0
11;11;11501340;2020;5;10;2;3;0;6;0;1;1;0;0;0;0;0
11;5;5100208;2020;5;14;4;2;5;7;0;0;1;0;1;0;0;0
11;10;10400941;2020;5;16;7;3;5;3;0;0;1;0;0;0;0;0
11;8;8200726;2020;5;1;7;3;2;6;2;0;1;0;0;0;0;1
11;11;11300722;2020;5;17;3;3;2;6;0;0;1;0;0;0;0;0
11;12;12200307;2020;5;15;3;3;0;7;0;0;0;0;1;0;1;1
11;6;6300633;2020;5;14;6;3;5;2;0;1;1;0;0;0;0;0
11;5;5200633;2020;5;14;5;3;5;2;0;0;1;0;0;0;0;0
11;7;7200409;2020;5;12;7;3;0;6;0;1;0;0;0;0;0;0
11;4;4100101;2020;5;14;3;3;5;3;0;0;1;0;0;0;0;0
11;1;1200628;2020;5;17;2;3;6;4;0;1;0;1;0;0;0;0
11;1;1400938;2020;5;12;5;3;2;3;0;0;1;0;1;0;0;0
11;5;5200420;2020;5;16;4;3;2;6;0;0;1;0;0;0;0;0
11;7;7601544;2020;5;13;1;3;4;1;0;0;1;0;0;0;0;1
11;9;9301228;2020;5;16;4;2;0;7;0;0;1;0;0;1;0;0
11;6;6100206;2020;5;8;6;2;2;6;0;1;0;0;0;0;0;0
11;4;4100101;2020;5;18;6;3;5;2;0;0;1;0;0;0;0;0
11;4;4501044;2020;5;14;3;3;5;3;0;1;1;0;0;0;0;0
11;8;8200623;2020;5;14;3;3;0;2;0;1;1;0;0;0;0;0
11;8;8100521;2020;5;10;5;3;5;7;0;0;1;0;0;0;0;0
11;1;1100313;2020;5;20;3;3;2;2;0;0;1;0;0;0;0;0
11;9;9502043;2020;5;10;4;2;5;3;0;1;1;0;0;0;0;0
11;12;12200307;2020;5;14;3;3;0;7;0;0;0;0;1;0;1;1
11;10;10100312;2020;5;15;2;3;2;6;0;0;1;0;0;0;0;1
11;4;4501153;2020;5;20;4;3;5;3;1;0;1;0;1;0;0;0
11;1;1401046;2020;5;12;3;3;2;6;0;0;1;0;0;0;1;0
11;4;4300623;2020;5;12;5;2;1;5;0;1;1;0;0;0;0;0
11;1;1100308;2020;5;10;5;3;0;1;0;0;0;0;1;0;0;0
11;2;2500833;2020;5;18;7;3;5;7;0;0;1;0;1;0;0;0
11;3;3400620;2020;5;11;3;3;6;7;0;0;1;1;0;0;0;0
11;4;4500938;2020;5;8;2;3;6;2;0;0;1;1;0;0;0;0
11;4;4100101;2020;5;8;5;3;5;2;0;0;1;0;0;0;1;0
11;3;3400618;2020;5;16;4;2;6;4;0;0;1;1;0;0;0;0
11;7;7200411;2020;5;0;7;2;6;4;2;0;1;1;0;0;0;1
11;9;9401534;2020;5;14;4;3;5;3;0;0;1;0;0;1;0;0
11;12;12200414;2020;5;11;6;3;2;6;0;0;1;0;0;0;0;0
11;1;1401047;2020;5;21;6;3;2;6;1;0;1;0;0;0;0;1
11;12;12601236;2020;5;10;3;3;0;3;0;0;1;0;1;0;0;0
11;5;5400942;2020;5;9;3;3;1;6;0;1;1;0;0;0;1;0
11;7;7400826;2020;5;5;5;2;0;6;0;0;1;0;1;0;0;0
11;10;10200628;2020;5;20;3;3;5;3;0;1;1;0;0;0;0;0
11;8;8100102;2020;5;17;4;3;5;3;0;1;1;0;0;0;0;0
11;1;1100311;2020;5;13;2;3;2;6;0;0;1;0;0;0;1;1
11;11;11300724;2020;5;17;4;3;2;6;0;0;1;0;1;0;0;0
11;3;3300516;2020;5;14;4;3;5;3;0;1;1;0;0;0;0;0
11;4;4100101;2020;5;9;3;3;5;2;0;0;1;0;0;0;0;0
11;10;10400938;2020;5;13;7;3;2;6;0;0;1;0;0;0;0;0
11;2;2200210;2020;5;20;3;3;5;3;0;0;1;0;0;0;0;0
11;6;6400838;2020;5;15;4;3;5;2;0;1;1;0;0;0;0;0
11;1;1100313;2020;5;19;7;3;3;6;0;1;1;0;0;0;0;0
11;7;7100102;2020;5;11;4;3;5;7;0;0;1;0;0;0;0;0
11;6;6400737;2020;5;7;6;2;5;2;0;1;1;0;0;0;0;0
11;10;10100206;2020;5;16;6;3;5;2;0;1;0;0;0;0;1;0
11;10;10100210;2020;5;13;3;3;5;3;0;1;1;0;0;0;0;0
11;4;4300620;2020;5;8;3;3;5;2;0;1;0;0;0;0;0;0
11;10;10100312;2020;5;16;5;3;5;2;0;1;1;0;0;0;0;0
11;3;3200205;2020;5;19;3;3;5;3;0;1;1;0;0;0;0;0
11;12;12500929;2020;5;10;4;3;5;3;0;1;1;0;0;0;0;0
11;10;10100209;2020;5;11;2;3;2;6;0;0;1;0;0;0;0;0
11;9;9200819;2020;5;16;4;3;5;3;0;1;0;0;0;0;1;0
11;11;11300722;2020;5;17;7;3;5;2;0;1;1;0;0;0;0;0
11;2;2200209;2020;5;8;3;3;5;7;0;0;1;0;1;0;0;0
11;3;3400725;2020;5;11;7;3;5;3;0;0;1;0;1;0;0;0
11;11;11300826;2020;5;18;3;3;9;1;0;0;1;0;1;0;0;0
11;8;8401242;2020;5;7;3;3;5;3;0;1;1;0;0;0;0;0
11;2;2200208;2020;5;15;6;3;5;3;0;1;1;0;0;0;0;0
11;6;6400838;2020;5;17;5;2;0;1;0;0;0;0;1;0;0;0
11;1;1100313;2020;5;23;7;3;5;3;2;0;1;0;0;0;0;0
11;12;12500825;2020;5;6;3;3;1;5;0;1;1;0;0;0;0;0
11;4;4501040;2020;5;20;2;3;1;5;1;1;1;0;0;0;0;0
11;5;5400944;2020;5;12;5;3;2;6;0;0;1;0;0;0;0;0
11;8;8200833;2020;5;6;3;2;3;5;0;0;1;0;1;0;0;0
11;9;9100407;2020;5;20;6;3;5;3;0;0;1;0;0;0;0;0
11;9;9501838;2020;5;22;5;3;0;1;2;1;0;0;0;0;0;0
11;10;10200418;2020;5;6;3;3;0;3;1;0;1;0;1;0;0;0
11;6;6100103;2020;5;7;3;3;5;3;0;1;1;0;0;0;0;0
11;6;6300629;2020;5;14;5;2;3;6;0;1;0;0;0;0;0;0
11;8;8200624;2020;5;8;4;3;2;6;0;0;1;0;0;0;0;0
11;1;1300733;2020;5;9;2;3;2;6;0;1;0;0;0;0;0;0
11;2;2300315;2020;5;8;4;3;5;2;0;1;1;0;0;0;0;0
11;1;1100416;2020;5;14;7;3;1;5;0;1;1;0;0;0;0;0
11;6;6200423;2020;5;11;6;3;0;4;0;1;0;1;0;0;0;0