LAND;BEZ;LOR_ab_2021;UJAHR;UMONAT;USTUNDE;UWOCHENTAG;UKATEGORIE;UART;UTYP1;ULICHTVERH;IstRad;IstPKW;IstFuss;IstKrad;IstGkfz;IstSonstige;USTRZUSTAND
11;4;4501041;2020;6;23;7;3;5;7;2;0;1;0;0;0;0;0
11;1;1100205;2020;6;7;6;3;5;3;0;1;1;0;0;0;0;1
11;2;2300419;2020;6;18;6;3;2;6;0;1;1;0;0;0;0;1
11;4;4501042;2020;6;18;3;3;5;2;0;1;1;0;0;0;0;0
11;9;9401329;2020;6;10;2;3;0;2;0;1;1;0;0;0;0;0
11;3;3300516;2020;6;16;6;3;2;2;0;0;1;0;0;0;1;0
11;7;7200414;2020;6;23;2;3;0;1;2;1;0;0;0;0;0;0
11;3;3500935;2020;6;7;6;3;0;1;0;0;0;0;1;0;0;1
11;9;9501737;2020;6;19;3;2;3;6;0;1;0;0;0;0;0;0
11;6;6300527;2020;6;7;5;3;0;3;0;1;0;0;0;0;0;0
11;3;3601243;2020;6;13;3;3;5;3;0;0;1;0;0;0;1;0
11;10;10200526;2020;6;17;5;3;0;1;0;0;1;0;0;0;0;0
11;12;12100205;2020;6;17;2;3;5;3;0;0;1;0;0;0;0;0
11;4;4300622;2020;6;10;2;3;5;7;0;0;1;0;1;0;0;0
11;3;3500934;2020;6;15;7;3;5;2;0;0;0;0;1;0;1;0
11;4;4501042;2020;6;14;5;3;1;5;0;0;1;0;0;0;1;0
11;12;12100101;2020;6;13;4;3;2;6;0;0;1;0;0;0;1;0
11;7;7100205;2020;6;18;7;3;5;2;0;1;1;0;0;0;0;1
11;4;4500937;2020;6;16;5;3;0;5;0;0;1;0;0;0;0;0
11;7;7501029;2020;6;15;3;3;2;6;0;0;1;0;1;0;0;0
11;1;1401043;2020;6;21;2;3;5;3;1;1;1;0;0;0;0;0
11;4;4300621;2020;6;8;5;3;2;6;0;0;1;0;0;0;1;0
11;3;3300515;2020;6;15;2;3;5;2;0;0;1;0;1;0;0;0
11;1;1401045;2020;6;5;2;2;0;1;0;0;0;0;1;0;0;0
11;2;2400624;2020;6;16;5;3;5;3;0;1;1;0;0;0;0;1
11;1;1100416;2020;6;17;5;3;5;3;0;1;1;0;0;0;0;1
11;1;1100103;2020;6;13;1;3;5;3;0;1;1;0;0;0;0;0
11;4;4100101;2020;6;20;2;3;3;6;0;1;1;0;0;0;0;0
11;2;2300314;2020;6;23;5;3;1;5;2;0;0;0;1;0;0;1
11;1;1100102;2020;6;19;2;2;5;3;0;0;1;0;0;0;1;0
11;9;9501939;2020;6;16;5;2;5;2;0;1;1;0;0;0;0;1
11;9;9100101;2020;6;3;5;3;0;7;2;1;0;0;0;0;0;0
11;3;3500932;2020;6;16;2;3;2;7;0;0;1;0;1;0;0;0
11;2;2500833;2020;6;20;2;3;6;4;0;0;1;1;0;0;0;0
11;1;1100311;2020;6;7;5;3;5;2;0;1;1;0;0;0;0;0
11;2;2400623;2020;6;14;5;3;2;6;0;0;1;0;0;0;0;0
11;5;5200528;2020;6;18;4;3;2;6;0;0;1;0;0;0;1;0
11;5;5200629;2020;6;16;7;3;3;6;0;0;1;0;0;0;1;0
11;8;8100415;2020;6;13;5;3;0;7;0;1;0;0;0;0;0;0
11;7;7601544;2020;6;13;3;3;2;7;0;0;1;0;1;0;0;0
11;5;5100209;2020;6;22;5;3;1;5;2;0;1;0;0;0;0;1
11;8;8100209;2020;6;14;2;3;5;2;0;1;1;0;0;0;0;0
11;2;2100101;2020;6;19;2;3;5;2;0;1;1;0;0;0;0;0
11;12;12400619;2020;6;11;5;3;0;1;0;1;0;0;0;0;0;0
11;7;7100102;2020;6;17;4;3;2;6;0;0;1;0;0;0;1;0
11;4;4501146;2020;6;14;5;3;5;3;0;1;1;0;0;0;0;0
11;9;9200510;2020;6;20;1;3;0;7;1;1;0;0;0;0;0;0
11;12;12601134;2020;6;19;2;3;2;6;0;0;1;0;0;0;0;0
11;9;9300920;2020;6;11;5;3;5;3;0;0;1;0;1;0;0;0
11;1;1100311;2020;6;11;5;2;5;2;0;1;1;0;0;0;0;0
11;9;9502043;2020;6;10;4;3;5;3;0;1;1;0;0;0;0;0
11;8;8100521;2020;6;19;5;2;5;3;0;0;1;0;0;0;0;1
11;9;9501939;2020;6;8;3;3;3;6;0;1;0;0;0;0;0;0
11;2;2200210;2020;6;18;5;3;5;3;0;1;1;0;0;0;0;1
11;8;8300935;2020;6;12;4;2;5;3;0;0;1;0;0;0;0;0
11;7;7100101;2020;6;19;5;3;6;4;0;1;0;1;0;0;0;1
11;11;11200512;2020;6;9;3;3;2;6;0;0;1;0;0;0;0;0
11;7;7400822;2020;6;17;5;2;1;1;0;0;1;0;0;0;0;1
11;6;6300524;2020;6;12;2;3;5;2;0;1;0;0;0;1;0;0
11;3;3601142;2020;6;17;2;3;5;3;0;1;0;0;0;0;0;0
11;4;4501042;2020;6;10;5;3;5;2;0;0;1;0;0;0;1;0
11;2;2500728;2020;6;16;4;3;1;5;0;1;1;0;0;0;0;0
11;9;9200510;2020;6;6;4;3;5;2;0;1;0;0;0;0;1;0
11;2;2400623;2020;6;15;1;3;4;6;0;1;1;0;0;0;0;0
11;5;5200528;2020;6;18;2;2;5;3;0;0;1;0;1;0;0;0
11;10;10200629;2020;6;17;5;3;5;3;0;1;1;0;0;0;0;0
11;1;1100308;2020;6;10;5;2;8;1;0;1;0;0;0;0;0;0
11;3;3400829;2020;6;17;4;3;5;2;0;1;1;0;0;0;0;0
11;9;9200510;2020;6;7;5;3;5;2;0;0;1;0;0;0;0;0
11;8;8100102;2020;6;15;3;3;5;3;0;1;1;0;0;0;0;0
11;1;1100207;2020;6;5;5;3;5;2;0;0;1;0;1;0;0;0
11;5;5300736;2020;6;19;2;3;0;5;0;0;1;0;1;0;0;0
11;8;8100208;2020;6;18;2;3;5;3;0;1;1;0;0;0;0;0
11;5;5200632;2020;6;13;7;3;2;6;0;0;1;0;0;0;0;0
11;4;4500937;2020;6;0;5;3;1;7;2;0;0;0;1;0;0;0
11;11;11200411;2020;6;14;4;3;5;3;0;0;1;0;0;0;0;0
11;7;7300516;2020;6;9;5;3;5;2;0;0;1;0;0;0;0;0
11;12;12200412;2020;6;11;2;3;2;6;0;0;1;0;0;0;0;0
11;1;1200625;2020;6;17;2;3;2;2;0;0;1;0;0;0;0;0
11;2;2300314;2020;6;17;6;3;0;5;0;1;1;0;0;0;0;0
11;3;3500936;2020;6;17;5;3;2;2;0;0;1;0;0;0;0;1
11;3;3400725;2020;6;14;4;3;5;3;0;1;1;0;0;0;0;0
11;3;3300411;2020;6;21;7;3;1;5;0;0;1;0;0;0;0;0
11;8;8100418;2020;6;9;5;3;0;3;0;1;1;0;0;0;0;0
11;9;9300920;2020;6;9;5;3;1;5;0;1;1;0;0;0;0;0
11;11;11401137;2020;6;17;3;3;4;6;0;1;0;0;0;0;0;0
11;1;1100104;2020;6;8;5;3;5;2;0;1;1;0;0;0;0;0
11;1;1401046;2020;6;14;7;3;3;6;0;1;1;0;0;0;0;0
11;5;5200631;2020;6;11;3;3;2;6;0;0;1;0;0;0;0;0
11;1;1100309;2020;6;7;5;3;5;3;0;0;1;0;0;0;1;0
11;6;6100102;2020;6;17;2;2;5;2;0;0;1;0;1;0;0;0
11;1;1400938;2020;6;17;2;3;1;5;0;1;1;0;0;0;0;0
11;2;2200210;2020;6;23;6;3;5;3;2;0;0;0;1;0;1;0
11;7;7200307;2020;6;16;5;3;2;6;0;0;1;0;0;0;0;0
11;8;8100416;2020;6;19;4;3;6;7;0;0;1;1;0;0;0;0
11;3;3601450;2020;6;16;7;3;2;6;0;0;1;0;0;0;0;0
11;1;1300836;2020;6;16;5;2;5;3;0;1;1;0;0;0;0;1
11;7;7300517;2020;6;14;7;2;5;3;0;1;1;0;0;0;0;0
11;2;2200211;2020;6;10;3;3;1;5;0;1;0;0;0;0;1;0
11;4;4501042;2020;6;20;7;3;5;7;1;0;1;0;0;0;0;0
11;2;2200210;2020;6;7;5;3;5;2;0;1;1;0;0;0;0;0
11;2;2500726;2020;6;14;7;3;2;3;0;1;0;0;1;0;0;0
11;8;8401244;2020;6;16;5;2;2;2;0;0;1;0;0;0;1;1
11;8;8100208;2020;6;18;3;3;1;5;0;1;1;0;0;0;0;0
11;3;3601245;2020;6;5;2;3;6;4;0;0;1;1;0;0;0;0
11;7;7400927;2020;6;15;5;3;5;2;0;0;1;0;0;0;1;0
11;12;12500825;2020;6;17;2;3;0;1;0;0;0;0;0;0;1;0
11;5;5100317;2020;6;17;2;3;0;2;0;1;1;0;0;0;0;0
11;2;2100106;2020;6;15;5;2;5;2;0;1;1;0;0;0;0;0
11;2;2200209;2020;6;17;5;3;6;4;0;0;1;1;0;0;0;1
11;2;2500831;2020;6;16;2;3;5;2;0;0;1;0;1;0;0;0
11;8;8200623;2020;6;17;2;3;1;7;0;0;1;0;0;0;0;0
11;3;3601243;2020;6;15;5;2;0;1;0;0;0;0;1;0;0;1
11;6;6300525;2020;6;15;5;3;3;7;0;1;0;0;0;0;0;1
11;11;11401135;2020;6;7;4;2;0;7;0;0;1;0;1;0;0;0
11;1;1200624;2020;6;9;5;3;5;2;0;1;0;0;0;0;1;0
11;3;3601141;2020;6;13;7;3;5;3;0;1;1;0;0;0;0;0
11;3;3601453;2020;6;10;3;3;5;2;0;1;1;0;0;0;0;0
11;3;3701657;2020;6;17;4;3;3;6;0;1;0;0;0;0;0;0
11;10;10400940;2020;6;10;2;3;5;3;0;0;1;0;1;0;0;0
11;9;9301227;2020;6;16;2;3;1;1;0;1;1;0;0;0;0;0
11;9;9200613;2020;6;22;4;3;1;1;2;1;1;0;0;0;0;0
11;6;6200317;2020;6;16;4;3;5;2;0;1;1;0;0;0;0;0
11;11;11400927;2020;6;13;5;3;5;3;0;1;1;0;0;0;0;1
11;2;2200208;2020;6;19;4;3;0;2;0;1;1;0;0;0;0;0
11;6;6200312;2020;6;15;2;2;0;2;0;0;1;0;0;0;1;0
11;1;1300834;2020;6;16;2;3;1;5;0;0;1;0;0;0;0;0
11;7;7300619;2020;6;19;4;3;5;2;0;1;0;0;1;0;0;0
11;4;4500938;2020;6;17;4;3;5;2;0;1;1;0;0;0;0;0
11;7;7300619;2020;6;16;5;3;5;2;0;1;1;0;0;0;0;1
11;4;4400725;2020;6;18;1;3;5;7;0;1;1;0;0;0;0;0
11;5;5100316;2020;5;16;1;3;3;2;0;0;1;0;0;0;0;0
11;2;2200211;2020;6;19;4;3;5;2;0;1;1;0;0;0;0;0
11;1;1100414;2020;6;8;4;3;5;2;0;1;1;0;0;0;0;0
11;6;6200422;2020;6;10;4;3;1;5;0;1;1;0;0;0;0;0
11;8;8301037;2020;6;6;4;2;2;6;0;0;1;0;0;0;0;0
11;6;6200421;2020;6;18;7;3;0;1;0;0;0;0;1;0;0;1
11;4;4300622;2020;6;9;3;3;1;5;0;1;1;0;0;0;0;0
11;4;4500937;2020;6;6;4;3;5;7;0;0;1;0;1;0;0;0
11;6;6300630;2020;6;12;2;3;5;2;0;0;1;0;1;0;0;0
11;8;8100521;2020;5;23;1;3;5;3;2;0;1;0;0;0;0;0
11;11;11501238;2020;6;17;6;3;5;3;0;1;0;0;0;0;0;0
11;1;1100310;2020;6;22;4;3;5;2;2;0;1;0;0;0;0;0
11;9;9200819;2020;6;15;4;2;6;4;0;0;1;1;0;0;0;0
11;8;8100417;2020;6;14;7;3;0;7;0;1;0;0;0;0;0;0
11;8;8100415;2020;5;19;1;3;5;7;0;0;1;0;0;0;0;0
11;6;6300629;2020;6;22;4;2;0;1;2;1;0;0;0;0;0;0
11;12;12100204;2020;6;19;4;3;2;6;0;0;1;0;0;0;0;0
11;2;2400623;2020;6;14;3;2;0;6;0;1;0;0;0;0;0;0
11;11;11400928;2020;6;19;4;3;5;7;0;1;1;0;0;0;0;0
11;3;3400620;2020;6;19;1;3;4;6;0;1;1;0;0;0;0;0
11;7;7100205;2020;5;19;1;3;5;3;0;1;1;0;0;0;0;0
11;9;9401432;2020;6;19;4;2;3;6;0;1;1;0;0;0;0;0
11;2;2100101;2020;6;18;4;2;5;3;0;0;1;0;0;0;0;0
11;1;1300834;2020;6;9;4;3;0;3;0;1;0;0;1;0;0;0
11;11;11300725;2020;6;18;4;2;5;3;0;0;1;0;1;0;0;0
11;2;2300316;2020;6;16;3;3;5;2;0;1;0;0;0;0;0;0
11;7;7501134;2020;6;12;4;2;4;6;0;0;1;0;0;0;0;0
11;3;3400829;2020;6;12;2;3;2;7;0;0;1;0;0;0;0;0
11;7;7501134;2020;5;17;1;3;0;1;0;0;0;0;1;0;0;0
11;8;8100520;2020;6;13;6;3;0;2;0;1;1;0;0;0;0;0
11;9;9200717;2020;6;11;4;3;5;3;0;1;1;0;0;0;0;0
11;1;1100310;2020;6;15;4;3;2;6;0;0;0;0;1;0;1;0
11;3;3400619;2020;6;23;7;3;5;3;2;1;1;0;0;0;0;0
11;8;8401243;2020;6;10;4;3;5;7;0;1;1;0;0;0;0;0
11;10;10200629;2020;6;12;7;3;5;2;0;0;1;0;0;0;0;0
11;10;10400941;2020;6;10;4;3;5;3;0;1;1;0;0;0;0;0
11;3;3400619;2020;6;19;3;2;5;7;0;0;1;0;0;0;0;0
11;6;6400838;2020;6;8;4;3;5;3;0;0;1;0;0;0;0;0
11;12;12200515;2020;6;19;7;3;1;5;0;1;1;0;0;0;0;0
11;7;7200307;2020;6;18;2;3;0;5;0;1;1;0;0;0;0;0
11;12;12100204;2020;6;17;4;3;2;6;0;0;1;0;0;0;0;0
11;2;2200210;2020;6;16;2;3;5;3;0;1;1;0;0;0;0;0
11;9;9300920;2020;6;13;3;3;8;1;0;0;1;0;0;0;0;0
11;5;5400943;2020;6;18;4;3;5;2;0;1;1;0;0;0;0;0
11;9;9100203;2020;6;18;2;3;5;3;0;0;1;0;1;0;0;0
11;6;6400838;2020;5;19;1;2;7;7;1;0;0;0;1;0;0;0
11;1;1100310;2020;6;10;6;2;9;1;0;0;1;0;0;0;0;0
11;3;3500934;2020;6;16;4;3;1;5;0;1;1;0;0;0;0;0
11;5;5100210;2020;6;13;4;2;0;2;0;0;1;0;1;0;0;0
11;7;7100204;2020;6;18;7;3;1;5;0;1;1;0;0;0;0;1
11;11;11100309;2020;6;16;4;3;2;6;0;0;1;0;0;0;0;0
11;12;12100103;2020;6;15;4;3;2;6;0;0;1;0;0;0;0;0
11;7;7100102;2020;6;15;3;3;1;5;0;1;1;0;0;0;0;0
11;1;1100101;2020;5;18;1;3;4;6;1;1;0;0;1;0;0;0
11;3;3601450;2020;6;15;4;3;2;6;0;0;1;0;0;0;1;0
11;2;2200211;2020;6;16;2;3;5;2;0;1;1;0;0;0;0;0
11;6;6200423;2020;5;17;1;3;2;7;0;0;1;0;0;0;0;0
11;6;6300528;2020;6;15;4;3;5;7;0;0;1;0;1;0;0;0
11;9;9501939;2020;6;17;5;2;5;3;0;1;1;0;0;0;0;1
11;9;9100306;2020;6;17;1;3;0;1;0;1;0;0;0;0;0;0
11;3;3501038;2020;5;17;1;3;1;5;0;1;1;0;0;0;0;0
11;9;9100203;2020;6;14;4;3;5;7;0;0;1;0;0;0;0;0
11;12;12500930;2020;6;15;4;3;5;2;0;1;1;0;0;0;0;0
11;2;2100102;2020;6;17;4;3;1;5;0;1;1;0;0;0;0;0
11;1;1100101;2020;6;14;4;3;3;6;0;1;1;0;0;0;0;0
11;6;6100102;2020;6;12;7;3;5;2;0;1;1;0;0;0;0;0
11;5;5200528;2020;5;13;1;3;2;6;0;0;1;0;0;0;0;0
11;8;8200727;2020;6;14;4;3;6;4;0;0;1;1;0;0;0;0
11;11;11200512;2020;6;14;4;3;5;7;0;0;1;0;0;0;1;0
11;2;2400623;2020;6;18;4;2;5;3;0;1;1;0;0;0;0;0
11;12;12500928;2020;6;16;7;3;1;5;0;1;1;0;0;0;0;0
11;10;10100313;2020;6;14;4;3;5;3;0;0;1;0;0;0;1;0
11;3;3500934;2020;6;6;3;3;5;3;0;0;1;0;0;0;1;0
11;2;2500834;2020;6;14;4;3;5;3;0;1;1;0;0;0;0;0
11;12;12100101;2020;6;15;2;2;5;2;0;0;1;0;1;0;0;0
11;5;5100315;2020;5;13;1;2;5;2;0;0;1;0;1;0;0;0
11;2;2500726;2020;6;11;4;1;5;2;0;1;0;0;0;1;0;0
11;2;2100102;2020;6;17;4;3;5;3;0;1;1;0;0;0;0;0
11;2;2100102;2020;6;16;5;3;5;3;0;0;1;0;1;0;0;1
11;1;1200517;2020;6;17;1;3;1;5;0;0;1;0;0;0;1;0
11;9;9501838;2020;5;12;1;3;5;7;0;1;1;0;0;0;0;0
11;7;7601340;2020;6;14;4;3;2;2;0;0;1;0;0;0;1;0
11;8;8401243;2020;6;13;4;3;5;2;0;0;1;0;0;0;0;0
11;8;8401243;2020;6;10;4;3;5;2;0;0;1;0;0;0;0;0
11;7;7601339;2020;6;13;4;3;5;2;0;1;1;0;0;0;0;0
11;1;1100206;2020;6;8;3;3;5;3;0;0;1;0;1;0;0;0
11;5;5100313;2020;6;11;4;3;0;6;0;0;1;0;0;0;1;0
11;6;6400842;2020;6;8;2;3;5;2;0;1;1;0;0;0;0;0
11;5;5200420;2020;5;12;1;3;5;2;0;1;1;0;0;0;0;0
11;3;3601245;2020;6;10;3;3;5;3;0;0;1;0;0;0;1;0
11;2;2200210;2020;6;12;3;3;2;6;0;0;1;0;1;0;0;0
11;2;2200210;2020;6;9;2;3;0;4;0;1;0;1;0;0;0;0
11;8;8100104;2020;5;10;1;3;2;6;0;0;1;0;1;0;0;0
11;2;2200208;2020;6;9;3;2;3;6;0;1;0;0;0;0;0;0
11;10;10100209;2020;6;16;4;3;5;3;0;1;1;0;0;0;0;0
11;1;1100207;2020;6;18;4;3;5;2;0;1;1;0;0;0;0;0
11;6;6400843;2020;6;18;1;3;5;3;0;0;1;0;0;0;0;0
11;1;1100205;2020;5;17;1;3;5;3;0;1;1;0;0;0;0;0
11;4;4501042;2020;6;21;3;3;6;4;1;1;0;1;0;0;0;0
11;3;3100103;2020;6;19;3;3;5;2;0;1;1;0;0;0;0;0
11;2;2400521;2020;6;8;4;3;5;2;0;1;1;0;0;0;0;0
11;6;6400735;2020;6;19;3;2;5;2;0;1;0;0;0;0;0;0
11;1;1300834;2020;6;12;7;2;6;7;0;1;0;1;0;0;0;0
11;6;6400842;2020;6;15;3;3;5;3;0;1;1;0;0;0;0;0
11;1;1100207;2020;6;19;3;3;6;7;0;0;1;1;0;0;0;0
11;2;2200211;2020;6;20;2;3;5;7;0;1;1;0;0;0;0;0
11;2;2200213;2020;5;5;1;2;4;7;0;0;1;0;0;0;0;0
11;9;9200819;2020;6;18;6;3;5;3;0;1;1;0;0;0;0;0
11;2;2200210;2020;6;16;3;3;5;2;0;1;1;0;0;0;0;0
11;5;5200423;2020;6;14;4;3;5;2;0;0;1;0;0;0;0;0
11;2;2200211;2020;6;11;7;3;6;7;0;1;0;1;0;0;0;0
11;9;9501737;2020;6;12;3;2;3;6;0;1;1;0;0;0;0;0
11;9;9200512;2020;6;18;3;3;1;5;0;1;1;0;0;0;0;0
11;1;1401047;2020;6;18;3;3;1;5;0;1;1;0;0;0;0;0
11;1;1401043;2020;6;17;6;3;2;6;0;0;1;0;0;0;1;1
11;7;7100205;2020;6;18;3;3;5;2;0;1;1;0;0;0;0;0
11;5;5300736;2020;6;15;4;2;5;2;0;0;1;0;1;0;0;0
11;8;8100415;2020;6;22;7;3;5;7;2;1;1;0;0;0;0;0
11;1;1100310;2020;6;16;3;3;2;6;0;0;1;0;0;0;0;0
11;6;6300632;2020;6;16;3;3;0;4;0;0;0;1;0;0;1;0
11;5;5200631;2020;6;19;3;3;6;7;0;0;1;1;0;0;0;0
11;1;1100205;2020;6;16;3;2;5;2;0;0;1;0;1;0;0;0
11;2;2500832;2020;6;12;3;2;0;1;0;1;0;0;0;0;0;0
11;7;7200308;2020;6;15;3;3;3;6;0;1;1;0;0;0;0;0
11;3;3601245;2020;6;17;2;2;5;3;0;0;1;0;1;0;0;0
11;10;10100312;2020;5;17;1;3;5;3;0;1;1;0;0;0;0;0
11;9;9100101;2020;6;16;6;3;1;5;0;1;1;0;0;0;0;0
11;3;3200309;2020;6;16;3;3;0;7;0;1;0;0;0;0;0;0
11;5;5100316;2020;6;20;4;3;5;2;1;1;1;0;0;0;0;0
11;2;2200213;2020;6;17;7;3;5;3;0;1;1;0;0;0;0;0
11;2;2300418;2020;6;15;3;3;6;7;0;1;0;1;0;0;0;0
11;2;2200209;2020;6;14;3;3;0;7;0;0;1;0;0;0;1;0
11;1;1401045;2020;6;15;3;3;3;6;0;0;0;0;1;0;1;0
11;8;8100104;2020;6;15;2;3;6;4;0;0;1;1;0;0;0;0
11;5;5100312;2020;5;16;1;2;1;5;0;0;1;0;0;0;0;0
11;7;7601340;2020;5;1;1;2;9;1;2;0;1;0;0;0;0;0
11;8;8100314;2020;6;15;3;3;2;7;0;1;1;0;0;0;0;0
11;4;4100102;2020;6;21;2;3;3;6;1;0;1;0;0;0;0;0
11;4;4200308;2020;5;17;1;3;2;6;0;0;1;0;0;0;0;0
11;1;1100308;2020;6;15;3;3;1;5;0;0;1;0;0;0;1;0
11;11;11400931;2020;6;17;5;3;5;3;0;1;1;0;0;0;0;0
11;1;1100102;2020;6;16;2;3;5;2;0;1;1;0;0;0;0;0
11;11;11300620;2020;5;17;1;3;0;2;0;0;1;0;1;0;0;0
11;5;5200634;2020;6;14;3;2;1;5;0;0;1;0;0;0;0;0
11;10;10400939;2020;6;14;3;3;0;2;0;1;1;0;0;0;0;0
11;1;1100104;2020;6;8;4;3;5;2;0;1;1;0;0;0;0;0
11;7;7300516;2020;6;16;7;3;5;2;0;1;1;0;0;0;0;0
11;4;4400726;2020;6;15;3;3;2;6;0;0;1;0;0;0;0;0
11;11;11300721;2020;6;10;3;3;5;3;0;0;1;0;0;0;1;0
11;2;2500728;2020;6;14;3;3;5;6;0;0;1;0;0;0;0;0
11;7;7100103;2020;6;12;2;3;5;2;0;1;1;0;0;0;0;0
11;2;2500830;2020;5;16;1;3;1;5;0;1;1;0;0;0;0;0
11;2;2100106;2020;6;13;3;2;5;2;0;0;1;0;1;0;0;0
11;3;3400722;2020;6;16;4;3;5;3;0;1;0;0;0;0;0;0
11;2;2100101;2020;6;12;5;3;5;2;0;1;1;0;0;0;0;0
11;11;11300722;2020;6;20;1;3;5;3;0;0;1;0;0;0;1;0
11;8;8200624;2020;5;16;1;3;5;7;0;0;1;0;0;0;0;0
11;10;10400837;2020;6;13;3;3;5;3;0;1;1;0;0;0;0;0
11;12;12500928;2020;6;13;3;3;5;3;0;0;1;0;1;0;0;0
11;12;12400722;2020;6;9;4;3;5;2;0;0;1;0;1;0;0;0
11;7;7300515;2020;6;10;3;3;5;7;0;0;1;0;0;0;0;0
11;12;12200309;2020;6;17;4;3;3;6;0;0;1;0;1;0;0;0
11;7;7501029;2020;6;17;5;3;5;3;0;1;1;0;0;0;0;1
11;9;9401534;2020;6;11;1;2;0;1;0;1;0;0;0;0;0;1
11;1;1100313;2020;5;15;1;2;1;5;0;1;1;0;0;0;0;0
11;3;3500936;2020;6;9;3;2;0;3;0;0;1;0;1;0;0;0
11;6;6300526;2020;6;12;3;3;5;2;0;1;1;0;0;0;0;0
11;3;3200309;2020;6;11;4;2;0;1;0;1;0;0;0;0;0;0
11;1;1400938;2020;6;8;3;3;5;2;0;1;1;0;0;0;0;0
11;3;3601142;2020;6;9;3;2;5;2;0;1;0;0;0;1;0;0
11;8;8100419;2020;6;8;3;3;1;5;0;1;1;0;0;0;0;0
11;11;11300620;2020;6;9;2;3;5;2;0;1;0;0;0;0;0;0
11;1;1300732;2020;5;14;1;2;6;4;0;0;1;1;0;0;0;0
11;3;3300514;2020;6;8;3;3;5;2;0;1;1;0;0;0;0;0
11;6;6100207;2020;6;15;4;3;1;5;0;1;1;0;0;0;0;0
11;2;2100106;2020;6;13;1;2;5;2;0;1;1;0;0;0;0;0
11;3;3601142;2020;5;13;1;3;0;7;0;1;0;0;0;0;0;0
11;6;6300528;2020;6;8;3;3;2;7;0;1;0;0;0;0;1;0
11;7;7601340;2020;6;7;3;2;5;2;0;1;1;0;0;0;0;0
11;3;3601450;2020;6;10;3;3;5;2;0;1;1;0;0;0;0;0
11;1;1100416;2020;6;7;3;3;2;7;0;1;1;0;0;0;0;0
11;8;8100314;2020;6;14;3;3;5;7;0;1;1;0;0;0;0;0
11;12;12400618;2020;6;7;3;3;5;2;0;1;1;0;0;0;0;0
11;10;10200629;2020;6;7;3;3;1;5;0;1;0;0;0;0;1;0
11;4;4300412;2020;6;8;3;2;6;4;0;0;1;1;0;0;0;0
11;7;7501029;2020;6;12;3;3;5;2;0;1;0;0;0;0;1;0
11;7;7400823;2020;6;11;2;3;2;2;0;0;1;0;0;0;0;0
11;1;1300836;2020;5;17;1;3;0;6;0;0;1;0;0;0;1;0
11;8;8100521;2020;6;16;6;3;5;3;0;0;1;0;0;0;0;0
11;10;10400938;2020;6;5;3;3;2;6;0;0;1;0;0;0;0;0
11;2;2200210;2020;6;15;4;3;5;7;0;1;1;0;0;0;0;0
11;1;1200517;2020;6;20;7;3;5;3;0;1;1;0;0;0;0;0
11;2;2300316;2020;6;19;3;3;5;3;0;1;1;0;0;0;0;0
11;3;3400830;2020;6;12;7;3;5;2;0;0;1;0;0;0;0;0
11;7;7200412;2020;6;12;3;3;5;2;0;0;1;0;1;0;0;0
11;3;3400721;2020;6;19;3;3;6;6;0;1;0;1;0;0;0;0
11;3;3400619;2020;6;16;3;2;1;7;0;0;1;0;1;0;1;0
11;10;10100316;2020;6;11;7;3;2;6;0;0;1;0;0;0;0;0
11;9;9200819;2020;6;11;2;3;0;6;0;0;1;0;0;0;1;0
11;4;4100101;2020;6;18;2;3;0;6;0;0;1;0;0;0;1;0
11;2;2500726;2020;6;17;2;3;5;3;0;1;1;0;1;0;0;0
11;8;8100310;2020;5;22;7;3;1;5;2;1;1;0;0;0;0;0
11;8;8100310;2020;6;19;4;3;3;6;0;1;1;0;0;0;0;0
11;6;6200311;2020;6;15;7;2;2;7;0;0;1;0;0;0;0;0
11;5;5300737;2020;6;16;7;2;5;2;0;0;1;0;0;0;0;0
11;5;5100316;2020;6;22;2;2;5;3;2;0;1;0;0;0;0;0
11;9;9401635;2020;6;12;4;3;1;5;0;0;1;0;1;0;0;0
11;3;3601449;2020;6;15;4;3;5;3;0;1;1;0;0;0;0;0
11;2;2300314;2020;6;19;2;3;5;2;0;1;1;0;0;0;0;0
11;4;4200203;2020;6;19;2;3;1;5;0;1;1;0;0;0;0;0
11;6;6200316;2020;6;18;2;3;4;6;0;1;0;0;0;0;0;0
11;5;5200629;2020;6;11;4;3;5;7;0;0;1;0;0;0;0;0
11;2;2200212;2020;6;18;2;3;0;7;0;1;1;0;0;0;0;0
11;2;2200211;2020;6;10;4;3;6;4;0;1;0;1;0;0;0;0
11;4;4501042;2020;6;17;2;3;5;7;0;0;1;0;0;0;0;0
11;4;4300620;2020;6;13;5;2;3;6;0;1;1;0;0;0;0;0
11;2;2300419;2020;6;10;4;2;5;2;0;1;1;0;0;0;0;0
11;1;1100415;2020;6;17;2;3;5;5;0;1;1;0;0;0;0;0
11;7;7200409;2020;6;16;2;3;5;2;0;1;1;0;0;0;0;0
11;2;2400521;2020;6;16;2;2;0;1;0;1;0;0;0;0;0;0
11;1;1100309;2020;6;16;2;3;2;6;0;1;1;0;0;0;0;0
11;4;4501043;2020;6;10;4;3;5;3;0;1;1;0;0;0;0;0
11;4;4501146;2020;6;15;2;3;2;6;0;0;1;0;1;0;0;0
11;9;9100203;2020;6;12;2;3;2;6;0;0;1;0;0;0;1;0
11;7;7601341;2020;6;11;5;3;2;6;0;0;1;0;1;0;0;0
11;3;3601142;2020;6;9;4;3;5;3;0;0;1;0;0;0;0;0
11;2;2200209;2020;6;23;2;3;1;5;2;1;1;0;0;0;0;0