LAND;BEZ;LOR_ab_2021;UJAHR;UMONAT;USTUNDE;UWOCHENTAG;UKATEGORIE;UART;UTYP1;ULICHTVERH;IstRad;IstPKW;IstFuss;IstKrad;IstGkfz;IstSonstige;USTRZUSTAND
11;5;5100208;2020;6;13;2;3;5;2;0;1;1;0;0;0;0;0
11;11;11400931;2020;6;22;2;2;5;3;2;1;0;0;1;0;0;0
11;7;7300516;2020;6;9;4;3;5;3;0;1;1;0;0;0;0;0
11;6;6200423;2020;6;15;4;3;5;2;0;0;1;0;0;0;0;0
11;2;2400625;2020;6;21;2;3;1;5;1;1;1;0;0;0;0;0
11;11;11100206;2020;6;20;2;2;5;3;1;1;1;0;0;0;0;0
11;3;3501037;2020;6;8;4;3;5;3;0;1;1;0;0;0;0;0
11;2;2400521;2020;6;9;4;3;5;2;0;0;1;0;1;0;0;0
11;6;6300633;2020;6;20;2;2;2;4;0;0;1;1;0;0;0;0
11;9;9501838;2020;6;9;4;3;2;6;0;0;1;0;0;0;0;0
11;11;11200410;2020;6;20;2;3;5;2;1;1;1;0;0;0;0;0
11;8;8100520;2020;6;20;2;3;0;2;1;1;1;0;0;0;0;0
11;1;1100309;2020;6;9;5;3;0;6;0;1;1;0;0;0;0;0
11;9;9200819;2020;6;8;4;3;5;2;0;1;1;0;0;0;0;0
11;7;7601442;2020;6;20;2;3;5;2;0;1;1;0;0;0;0;0
11;1;1401047;2020;6;20;2;3;5;7;0;1;1;0;0;0;0;0
11;6;6200423;2020;6;11;2;3;0;7;0;1;0;0;0;0;0;0
11;8;8200727;2020;6;8;4;3;6;7;0;0;1;1;0;0;0;0
11;5;5200632;2020;6;15;4;2;2;6;0;0;1;0;1;0;0;0
11;1;1400940;2020;6;8;2;3;4;6;0;0;1;0;0;0;0;0
11;6;6200420;2020;6;8;2;3;6;2;0;0;0;1;0;0;1;0
11;10;10300732;2020;6;7;2;3;6;4;0;0;1;1;0;0;0;0
11;3;3500933;2020;6;8;4;2;5;3;0;1;1;0;0;0;0;0
11;10;10200420;2020;6;7;2;3;0;1;0;1;0;0;0;0;0;0
11;11;11300724;2020;6;6;2;3;5;3;0;1;1;0;0;0;0;0
11;10;10400837;2020;6;6;2;3;5;3;0;1;1;0;0;0;0;0
11;3;3300516;2020;6;5;2;3;0;1;0;0;0;0;1;0;0;1
11;6;6100102;2020;6;1;4;3;0;1;2;0;0;0;0;0;1;0
11;6;6200421;2020;6;15;4;3;2;6;0;0;1;0;0;0;1;0
11;5;5200528;2020;6;16;2;3;2;6;0;0;1;0;1;0;0;0
11;1;1200628;2020;6;16;2;2;5;2;0;0;1;0;0;0;0;0
11;4;4100101;2020;6;16;2;3;1;5;0;0;1;0;0;0;0;0
11;6;6200313;2020;6;8;3;3;0;5;0;0;1;0;0;0;0;0
11;10;10400940;2020;6;15;2;3;4;6;0;1;0;0;0;0;0;0
11;4;4500936;2020;6;15;3;3;2;6;0;0;1;0;0;0;0;0
11;5;5200420;2020;6;15;2;2;5;3;0;1;0;0;0;1;0;0
11;11;11401136;2020;6;11;5;3;8;7;0;0;0;0;0;0;1;0
11;11;11300722;2020;6;21;3;3;1;5;1;1;1;0;0;0;0;0
11;5;5200421;2020;6;9;3;3;6;7;0;1;0;1;0;0;0;0
11;12;12500825;2020;6;15;2;3;2;6;0;0;1;0;0;0;0;0
11;8;8200831;2020;6;15;5;3;5;3;0;0;1;0;0;0;0;0
11;2;2300417;2020;6;19;3;3;0;2;0;1;0;0;1;0;0;0
11;8;8200622;2020;6;14;2;3;5;2;0;0;1;0;0;0;0;0
11;7;7601544;2020;6;14;2;3;3;6;0;0;1;0;1;0;0;0
11;1;1100308;2020;6;14;2;3;3;6;0;1;1;0;0;0;0;0
11;7;7200413;2020;6;13;2;3;1;5;0;1;1;0;0;0;0;0
11;1;1200628;2020;6;19;3;3;5;2;0;0;1;0;1;0;0;0
11;12;12200310;2020;6;13;2;2;5;3;0;0;1;0;1;0;0;0
11;2;2400521;2020;6;13;2;2;0;5;0;1;1;0;0;0;0;0
11;3;3300516;2020;6;10;5;3;5;3;0;0;1;0;0;0;0;0
11;1;1401047;2020;6;18;3;3;6;4;0;1;0;1;0;0;0;0
11;6;6200422;2020;6;13;2;3;0;7;0;1;0;0;0;0;0;0
11;2;2100102;2020;6;12;2;2;5;3;0;1;1;0;0;0;0;0
11;1;1100103;2020;6;12;2;3;2;7;0;0;0;0;1;0;1;0
11;2;2300314;2020;6;20;2;3;5;2;0;1;1;0;0;0;0;0
11;6;6300524;2020;6;11;2;2;5;2;0;1;1;0;0;0;0;0
11;1;1200517;2020;6;18;3;3;5;2;0;0;1;0;1;0;0;0
11;2;2100101;2020;6;17;2;3;5;2;0;1;0;0;0;0;0;0
11;1;1100309;2020;6;10;2;3;6;4;0;1;0;1;0;0;0;0
11;10;10200423;2020;6;8;5;3;5;2;0;0;1;0;1;0;0;0
11;7;7100101;2020;6;18;3;3;3;6;0;1;0;0;0;0;0;0
11;5;5200524;2020;6;11;2;3;5;2;0;0;1;0;0;0;1;0
11;3;3200310;2020;6;10;2;3;0;2;0;0;1;0;0;0;1;0
11;5;5200528;2020;6;10;2;2;4;6;0;0;1;0;0;0;0;0
11;1;1100101;2020;6;18;3;3;5;2;0;0;1;0;0;0;0;0
11;1;1300836;2020;6;21;4;3;5;3;2;0;1;0;0;0;0;0
11;2;2200210;2020;6;8;2;3;0;7;0;1;0;0;0;0;0;0
11;3;3300413;2020;6;16;2;1;5;2;0;0;1;0;1;0;0;0
11;2;2200210;2020;6;18;3;3;1;5;0;1;1;0;0;0;0;0
11;1;1100415;2020;6;19;4;3;0;1;0;1;0;0;0;0;0;0
11;3;3300517;2020;6;17;1;3;0;3;0;1;0;0;0;0;1;0
11;6;6400844;2020;6;18;1;3;5;2;0;1;0;0;1;0;0;0
11;6;6200311;2020;6;8;4;3;5;3;0;1;1;0;0;0;0;0
11;4;4501149;2020;6;22;1;3;2;7;2;1;1;0;0;0;0;0
11;3;3100103;2020;6;8;4;3;6;4;0;0;1;1;0;0;0;0
11;1;1300834;2020;6;22;1;3;5;2;2;1;1;0;0;0;0;0
11;1;1100206;2020;6;20;1;3;1;7;0;1;1;0;0;0;0;0
11;8;8300935;2020;6;18;3;2;4;6;0;0;1;0;1;0;0;0
11;8;8100417;2020;6;14;4;3;5;3;0;1;1;0;0;0;0;0
11;4;4400728;2020;6;20;1;3;1;5;0;1;1;0;0;0;0;0
11;6;6400844;2020;6;19;1;3;5;2;0;1;1;0;0;0;0;0
11;8;8100209;2020;6;8;4;3;5;2;0;0;1;0;0;0;0;0
11;8;8300935;2020;6;18;1;3;0;1;0;1;0;0;0;0;0;0
11;3;3601243;2020;6;17;1;3;1;5;0;1;1;0;0;0;0;0
11;1;1200517;2020;6;7;4;3;4;6;0;0;1;0;0;0;1;0
11;3;3300516;2020;6;18;1;2;9;1;0;0;1;0;0;0;0;0
11;10;10100311;2020;6;17;3;3;5;2;0;1;1;0;0;0;0;0
11;9;9100306;2020;6;16;1;2;5;7;0;0;1;0;1;0;0;0
11;9;9401534;2020;6;17;3;3;6;4;2;1;0;1;0;0;0;0
11;1;1100206;2020;6;15;1;3;0;1;0;0;0;0;0;0;1;0
11;4;4300622;2020;6;14;5;3;2;6;0;0;1;0;1;0;0;0
11;7;7200409;2020;6;17;3;3;0;5;0;0;1;0;0;0;0;0
11;7;7200414;2020;6;12;1;3;2;6;0;1;1;0;0;0;0;0
11;8;8200832;2020;6;7;4;3;2;1;0;0;1;0;1;0;0;0
11;1;1100206;2020;6;11;1;3;5;5;0;1;1;0;0;0;0;0
11;1;1400942;2020;6;11;1;3;2;6;0;0;1;0;0;0;0;0
11;5;5100317;2020;6;17;3;3;2;6;0;0;1;0;0;0;0;0
11;4;4300620;2020;6;16;1;3;5;2;0;1;0;0;0;0;0;0
11;2;2200210;2020;6;22;7;3;5;3;2;0;1;0;0;0;0;1
11;4;4300622;2020;6;17;3;3;2;6;0;0;1;0;1;0;0;0
11;8;8100310;2020;6;21;7;3;5;3;2;1;1;0;0;0;0;1
11;2;2300419;2020;6;21;7;2;6;4;2;0;1;1;0;0;0;1
11;5;5200527;2020;6;11;5;3;5;3;0;0;1;0;0;0;0;0
11;10;10100315;2020;6;16;3;3;2;6;0;0;1;0;0;0;0;0
11;8;8100311;2020;6;20;7;3;5;3;2;1;1;0;0;0;0;1
11;1;1100310;2020;6;5;4;3;5;2;0;1;1;0;0;0;0;0
11;12;12200515;2020;6;20;7;3;6;7;1;1;0;1;0;0;0;1
11;1;1100311;2020;6;19;7;3;0;1;1;1;0;0;0;0;0;1
11;12;12100101;2020;6;16;3;3;6;4;0;0;1;1;0;0;0;0
11;1;1400940;2020;6;14;4;2;2;6;0;0;1;0;1;0;0;0
11;10;10400938;2020;6;19;7;3;0;1;1;1;0;0;0;0;0;1
11;3;3200206;2020;6;18;7;3;0;6;0;0;1;0;1;0;0;1
11;3;3601245;2020;6;7;5;3;0;7;0;1;0;1;0;0;0;0
11;8;8300935;2020;6;9;3;3;1;5;0;0;1;0;0;0;0;0
11;9;9200715;2020;6;16;7;2;0;7;0;1;0;0;0;0;0;0
11;1;1300834;2020;6;16;7;2;0;1;0;0;0;0;1;0;0;1
11;1;1100309;2020;6;9;5;3;5;3;0;1;0;0;0;0;1;0
11;5;5100316;2020;6;9;3;3;2;6;0;0;1;0;0;0;1;0
11;4;4300517;2020;6;16;7;1;5;3;0;1;1;0;0;0;0;0
11;10;10100206;2020;6;14;7;2;2;6;0;0;1;0;0;0;0;1
11;1;1200623;2020;6;14;7;3;1;5;0;1;1;0;0;0;0;0
11;1;1100205;2020;6;16;3;3;0;1;0;1;0;0;0;0;0;0
11;1;1300730;2020;6;18;4;3;5;3;0;1;0;0;0;0;0;0
11;8;8100417;2020;6;14;7;3;5;7;0;1;1;0;0;0;0;0
11;1;1300836;2020;6;14;7;3;0;2;0;1;1;0;0;0;0;0
11;12;12200310;2020;6;18;4;3;5;2;0;1;1;0;0;0;0;0
11;1;1300732;2020;6;14;7;3;6;4;0;1;0;1;0;0;0;0
11;12;12200411;2020;6;17;4;3;2;6;0;0;1;0;1;0;0;0
11;9;9200819;2020;6;14;7;3;6;4;0;0;1;1;0;0;0;0
11;1;1100101;2020;6;13;7;3;5;3;0;1;1;0;0;0;0;0
11;1;1300836;2020;6;12;7;3;0;7;0;1;0;0;0;0;0;0
11;8;8100102;2020;6;11;7;3;5;7;0;0;1;0;1;0;0;0
11;3;3500934;2020;6;8;3;3;5;3;0;0;1;0;0;0;0;0
11;6;6200314;2020;6;13;4;2;2;6;0;1;1;0;0;0;0;0
11;12;12500824;2020;6;10;7;3;2;6;0;0;1;0;0;0;0;0
11;5;5200525;2020;6;11;7;2;5;3;0;0;1;0;1;0;0;0
11;6;6200422;2020;6;6;7;3;5;3;0;0;1;0;0;0;0;0
11;12;12500825;2020;6;15;3;2;5;2;0;0;1;0;1;0;0;0
11;1;1100206;2020;6;1;7;3;1;5;2;1;1;0;0;0;0;0
11;3;3500936;2020;6;14;3;2;1;5;0;1;0;0;0;0;1;0
11;1;1401047;2020;6;0;7;3;6;2;2;0;0;1;0;0;1;0
11;1;1400938;2020;6;12;5;3;0;2;0;1;1;0;0;0;0;0
11;7;7400823;2020;6;8;3;3;5;2;0;1;1;0;0;0;0;0
11;11;11200411;2020;6;17;7;3;3;2;1;1;1;0;0;0;0;1
11;1;1100312;2020;6;16;4;3;5;2;0;1;1;0;0;0;0;0
11;6;6200421;2020;6;15;5;3;6;6;0;1;0;1;0;0;0;0
11;2;2200211;2020;6;14;3;3;3;6;0;1;1;0;0;0;0;0
11;4;4100101;2020;6;13;6;2;5;2;0;1;0;0;0;0;1;0
11;1;1100309;2020;6;20;6;2;3;6;0;1;1;0;0;0;0;0
11;4;4501041;2020;6;19;6;3;0;7;0;1;0;0;0;0;0;1
11;8;8100314;2020;6;18;6;3;0;1;0;1;0;0;0;0;0;0
11;1;1100309;2020;6;8;3;3;0;1;0;1;0;0;0;0;0;0
11;12;12200308;2020;6;18;6;3;0;1;0;0;1;0;1;0;0;0
11;12;12200308;2020;6;18;6;3;5;3;0;0;1;0;0;0;1;0
11;8;8401241;2020;6;11;5;3;5;3;0;0;1;0;0;0;0;0
11;1;1401049;2020;6;15;3;3;5;3;0;1;1;0;0;0;0;0
11;6;6300631;2020;6;17;6;3;5;3;0;0;1;0;0;0;0;0
11;9;9502043;2020;6;17;6;3;5;3;0;0;1;0;0;0;0;0
11;5;5100209;2020;6;17;6;3;6;7;0;1;0;1;0;0;0;0
11;6;6200420;2020;6;14;3;3;2;6;0;1;1;0;0;0;0;0
11;12;12601133;2020;6;16;6;3;6;7;0;1;0;1;0;0;0;0
11;7;7601546;2020;6;15;6;3;1;5;0;1;1;0;0;0;0;0
11;1;1300836;2020;6;13;3;3;5;3;0;1;1;0;0;0;0;0
11;5;5400943;2020;6;8;6;3;2;6;0;1;1;0;0;0;0;0
11;8;8100311;2020;6;15;6;3;5;7;0;1;1;0;0;0;1;0
11;10;10400940;2020;6;9;5;1;6;4;0;1;0;1;0;0;0;0
11;9;9501939;2020;6;6;3;3;5;2;0;1;1;0;0;0;0;0
11;12;12200308;2020;6;14;6;3;2;6;0;0;1;0;0;0;0;0
11;1;1401044;2020;6;16;4;3;4;6;0;1;0;0;0;0;1;0
11;2;2500830;2020;6;14;6;3;3;6;0;1;1;0;0;0;0;0
11;1;1100308;2020;6;13;6;3;0;1;0;0;0;0;1;0;0;0
11;3;3300516;2020;6;6;3;3;5;3;0;0;1;0;0;0;1;0
11;7;7501134;2020;6;13;4;3;5;3;0;1;1;0;0;0;0;0
11;2;2200209;2020;6;13;6;2;5;2;0;1;0;0;0;0;1;0
11;1;1100207;2020;6;13;6;3;5;2;0;1;1;0;0;0;0;0
11;2;2300316;2020;6;12;6;3;5;7;0;0;1;0;1;0;0;0
11;1;1300836;2020;6;13;4;3;0;7;0;0;0;0;1;0;0;1
11;1;1100102;2020;6;23;6;3;5;2;2;0;1;0;1;0;0;0
11;3;3400723;2020;6;22;6;3;1;5;2;1;1;0;0;0;0;0
11;8;8100311;2020;6;23;4;3;1;1;2;0;1;0;1;0;0;0
11;4;4100101;2020;6;22;6;2;1;5;2;1;0;0;0;0;1;0
11;4;4200308;2020;6;12;6;3;5;2;0;1;0;0;0;0;1;0
11;1;1200628;2020;6;12;6;2;5;2;0;0;1;0;0;0;1;0
11;7;7400928;2020;6;5;3;3;5;3;0;1;1;0;0;0;0;0
11;2;2500834;2020;6;17;4;3;5;2;0;1;1;0;0;0;0;0
11;5;5400943;2020;6;20;6;3;5;2;0;0;1;0;1;0;0;0
11;10;10400940;2020;6;12;6;3;5;2;0;1;1;0;0;0;0;0
11;9;9501940;2020;6;12;6;3;1;5;0;1;1;0;0;0;0;0
11;2;2400522;2020;6;11;6;3;2;6;0;0;1;0;1;0;0;0
11;5;5100315;2020;6;0;3;2;5;3;2;1;1;0;0;0;0;0
11;1;1100206;2020;6;13;3;3;5;2;0;0;1;0;1;0;0;0
11;7;7601238;2020;6;11;6;3;1;5;0;0;1;0;0;0;0;0
11;11;11400931;2020;6;12;3;3;5;2;0;1;1;0;0;0;0;0
11;9;9200614;2020;6;10;6;2;6;4;0;0;1;1;0;0;0;0
11;1;1200629;2020;6;14;5;3;0;7;0;1;0;1;0;0;0;0
11;9;9100408;2020;6;12;3;3;2;6;0;0;1;0;0;0;0;0
11;10;10400938;2020;6;9;6;3;2;6;0;0;1;0;0;0;0;0
11;5;5100211;2020;6;8;6;3;1;5;0;0;1;0;0;0;0;0
11;10;10300731;2020;6;8;6;3;5;2;0;1;1;0;0;0;0;0
11;3;3601141;2020;6;7;6;2;5;2;0;1;1;0;0;0;0;0
11;2;2300316;2020;6;11;3;3;5;3;0;1;1;0;0;0;0;0
11;6;6400838;2020;6;6;6;3;5;2;0;1;1;0;0;0;0;0
11;3;3500934;2020;6;9;5;3;6;7;0;1;0;1;0;0;0;0
11;8;8200832;2020;6;10;5;3;6;2;0;0;1;1;0;0;0;0
11;8;8401246;2020;6;11;3;3;5;3;0;0;1;0;0;1;0;0
11;6;6300524;2020;6;7;5;2;0;1;0;1;0;0;0;0;0;1
11;7;7601442;2020;6;12;5;3;5;2;0;0;1;0;0;0;0;1
11;4;4501147;2020;6;11;5;3;5;2;0;1;1;0;0;0;0;1
11;2;2500832;2020;6;12;5;3;5;7;0;1;1;0;0;0;0;0
11;1;1100207;2020;6;11;3;3;0;7;0;1;1;0;0;0;0;0
11;4;4501045;2020;6;11;5;3;6;4;0;1;0;1;0;0;0;1
11;12;12400723;2020;6;9;5;3;5;3;0;1;1;0;0;0;0;1
11;4;4501149;2020;6;9;5;3;6;2;0;0;1;1;0;0;0;1
11;1;1400938;2020;6;10;3;3;5;2;0;1;1;0;0;0;0;0
11;4;4400726;2020;6;9;5;3;3;6;0;0;1;0;0;1;0;0
11;5;5100313;2020;6;9;5;3;6;4;0;0;1;1;0;0;0;1
11;4;4400833;2020;6;7;5;3;5;3;0;0;1;0;0;0;0;0
11;1;1100206;2020;6;10;3;2;0;7;0;1;0;0;0;0;0;0
11;4;4400833;2020;6;9;5;3;2;6;0;0;1;0;0;0;1;1
11;1;1401048;2020;6;9;5;3;5;2;0;1;0;0;0;0;1;1
11;7;7501029;2020;6;20;5;3;2;6;1;0;1;0;0;0;1;0
11;3;3601141;2020;6;8;5;3;0;6;0;0;0;0;1;0;1;1
11;8;8100209;2020;6;13;2;3;2;3;0;0;1;0;0;1;0;0
11;10;10200627;2020;6;12;4;3;2;6;0;0;1;0;0;0;0;0
11;2;2200208;2020;6;8;5;2;0;2;0;1;1;0;0;0;0;1
11;1;1300834;2020;6;7;5;3;1;5;0;1;1;0;0;0;0;1
11;3;3500935;2020;6;8;4;3;5;3;0;0;1;1;0;0;1;0
11;1;1300836;2020;6;16;4;3;1;5;0;1;1;0;0;0;1;0
11;7;7601544;2020;6;19;5;3;2;1;0;0;1;0;0;0;0;0
11;12;12200309;2020;6;15;4;3;1;5;0;1;1;0;0;0;0;0
11;12;12100205;2020;6;6;5;3;5;3;0;1;1;0;0;0;0;1
11;4;4200311;2020;6;19;5;3;5;7;0;0;1;0;0;0;0;0
11;5;5200629;2020;6;15;5;3;5;3;0;0;1;0;0;0;0;0
11;4;4100102;2020;6;15;2;2;6;7;0;1;0;1;0;0;0;0
11;1;1300834;2020;6;19;5;3;6;4;0;0;1;1;0;0;0;1
11;11;11400929;2020;6;19;5;3;5;3;0;1;1;0;0;0;0;1
11;4;4300412;2020;6;13;5;3;5;2;0;1;0;0;0;1;0;0
11;4;4100101;2020;6;18;2;3;5;2;0;1;1;0;0;0;0;0
11;2;2400625;2020;6;17;7;3;5;2;0;0;1;0;0;0;0;1
11;3;3400620;2020;6;23;7;3;0;7;2;1;0;0;0;0;0;0
11;8;8100104;2020;6;6;4;3;5;7;0;0;1;0;0;0;0;0
11;8;8100105;2020;6;20;5;3;5;7;0;0;1;0;0;0;0;0
11;7;7601236;2020;6;11;3;3;1;5;0;0;1;0;0;0;0;0
11;1;1200628;2020;6;16;7;3;5;3;0;0;1;0;0;0;0;1
11;12;12200515;2020;6;13;3;3;6;7;0;0;0;1;0;0;1;0
11;1;1300836;2020;6;16;7;3;6;2;0;0;1;1;0;0;0;1
11;10;10300734;2020;6;7;5;3;5;2;0;0;1;0;1;0;0;0
11;4;4400835;2020;6;14;6;3;5;3;0;0;1;0;0;0;0;1
11;5;5100316;2020;6;6;2;3;1;5;0;1;1;0;0;0;0;0
11;1;1300836;2020;6;16;7;3;0;1;0;1;0;0;0;0;0;1
11;7;7100103;2020;6;19;4;2;0;1;0;0;0;0;0;0;1;0
11;1;1401046;2020;6;7;3;3;5;2;0;1;1;0;0;0;0;0
11;6;6200313;2020;6;18;3;3;5;2;0;1;1;0;0;0;0;0
11;4;4501042;2020;6;12;2;3;5;5;0;1;1;0;0;0;0;0
11;3;3300411;2020;6;16;7;3;2;2;0;0;1;0;0;0;0;1
11;6;6400838;2020;6;10;4;2;0;7;0;0;0;0;0;1;0;0
11;12;12200309;2020;6;13;6;3;6;7;0;1;0;1;0;0;0;0
11;4;4501045;2020;6;14;2;3;1;5;0;0;0;0;1;0;1;0
11;1;1400939;2020;6;15;7;3;2;6;0;0;1;0;0;0;0;1
11;4;4500939;2020;6;16;4;2;9;1;0;0;0;0;1;0;0;0
11;8;8401243;2020;6;17;3;2;0;1;0;1;0;0;0;0;0;0
11;6;6400843;2020;6;8;2;3;2;6;0;0;1;0;0;0;0;0
11;4;4100101;2020;6;15;7;3;1;7;0;0;1;0;0;0;0;1
11;9;9300923;2020;6;22;7;3;1;5;2;0;1;0;0;0;0;1
11;8;8401243;2020;6;9;4;3;5;3;0;1;1;0;0;0;0;0
11;8;8200624;2020;6;17;5;3;6;4;0;0;1;1;0;0;0;0
11;12;12601235;2020;6;15;1;2;1;5;0;0;1;0;0;0;1;0
11;7;7100102;2020;6;18;6;3;6;4;0;0;0;1;1;0;0;1
11;4;4100101;2020;6;10;2;3;5;2;0;0;1;0;0;1;0;0
11;2;2200213;2020;6;22;6;3;1;5;2;1;1;0;0;0;0;0
11;2;2300316;2020;6;10;4;3;5;7;0;1;0;0;0;0;1;0
11;12;12200414;2020;6;19;5;2;5;2;0;1;1;0;0;0;0;0
11;4;4400833;2020;6;11;2;3;5;3;0;1;0;0;0;0;1;0
11;9;9200510;2020;6;17;6;3;0;2;0;1;1;0;0;0;0;1
11;2;2500833;2020;6;13;4;3;5;2;0;0;1;0;0;0;1;0
11;1;1401049;2020;6;16;3;3;5;3;0;1;1;0;0;0;0;0
11;8;8401243;2020;6;17;2;3;5;3;0;1;1;0;0;0;0;0
11;8;8100312;2020;6;13;6;2;1;5;0;1;1;0;0;0;0;0
11;1;1300834;2020;6;18;7;3;2;6;0;0;1;0;0;0;0;1
11;2;2200208;2020;6;17;4;3;0;2;0;1;1;0;0;0;0;0
11;4;4200311;2020;6;21;5;3;0;7;1;0;0;0;1;0;0;0
11;9;9501939;2020;6;12;3;2;5;2;0;1;1;0;0;0;0;0
11;8;8100415;2020;6;12;6;3;5;2;0;1;1;0;0;0;0;0
11;1;1100206;2020;6;12;4;3;0;6;0;1;1;0;0;0;0;0
11;2;2200210;2020;6;15;3;3;8;1;0;1;1;0;0;0;0;0
11;8;8200832;2020;6;12;5;3;1;5;0;0;1;0;0;0;1;0
11;4;4501041;2020;6;16;6;3;2;6;0;1;1;0;0;0;0;0
11;3;3300516;2020;6;17;2;2;5;3;0;1;0;0;1;0;0;0
11;2;2400521;2020;6;12;6;3;0;7;0;0;1;1;0;0;0;0
11;4;4501149;2020;6;18;7;3;2;7;0;0;1;0;1;0;0;1
11;12;12100204;2020;6;14;4;3;0;5;0;0;1;0;0;0;1;0
11;4;4501153;2020;6;14;5;3;6;7;0;1;0;1;0;0;0;0
11;4;4200309;2020;6;9;3;3;3;6;0;0;1;0;1;0;0;0
11;1;1200520;2020;6;23;6;3;2;2;2;1;1;0;0;0;0;0
11;2;2200213;2020;6;10;3;3;2;6;0;0;1;0;0;0;0;0
11;4;4300624;2020;6;18;6;3;0;6;0;0;1;0;0;0;1;0
11;12;12500926;2020;6;14;5;3;2;2;0;1;1;0;0;0;0;0
11;7;7501029;2020;6;14;6;3;0;3;0;1;1;0;0;0;0;1
11;9;9501838;2020;6;15;2;3;3;6;0;1;0;0;0;0;1;0
11;3;3601244;2020;6;21;6;3;0;2;1;1;1;0;0;0;0;0
11;4;4400834;2020;6;14;3;3;5;2;0;1;1;0;0;0;0;0
11;9;9100101;2020;6;19;6;3;0;1;0;1;0;0;0;0;0;1
11;4;4400835;2020;6;10;5;3;2;6;0;0;1;0;0;0;1;0
11;10;10100206;2020;6;15;6;2;5;3;0;1;1;0;0;0;0;0
11;9;9200819;2020;6;17;2;3;4;6;0;1;0;0;0;0;0;0
11;4;4501149;2020;6;19;6;3;1;5;1;0;1;0;1;0;0;1
11;1;1100309;2020;6;21;4;3;2;6;1;0;1;0;1;0;0;0
11;9;9501737;2020;6;14;5;3;2;6;0;0;1;0;0;0;0;0
11;9;9100202;2020;6;7;3;2;2;6;0;0;1;0;0;0;0;0
11;7;7400823;2020;6;19;2;3;2;6;0;0;1;0;0;0;0;0
11;1;1401045;2020;6;19;6;3;4;3;0;1;0;0;0;0;1;1
11;8;8100418;2020;6;11;4;3;6;4;0;0;1;1;0;0;0;0
11;1;1401047;2020;6;19;5;3;5;2;0;1;1;0;0;0;0;0
11;2;2400623;2020;6;13;2;3;0;1;0;1;0;0;0;0;0;0
11;7;7501029;2020;6;18;6;3;5;2;0;1;1;0;0;0;0;0
11;9;9100306;2020;6;15;4;2;2;6;0;0;1;0;1;0;0;0
11;9;9300920;2020;6;17;3;3;5;3;0;1;0;0;0;0;1;0
11;2;2500830;2020;6;18;4;3;5;2;0;1;1;0;0;0;0;0
11;10;10100316;2020;6;6;3;3;0;2;0;1;1;0;0;0;0;0
11;11;11200512;2020;6;10;2;2;5;2;0;0;1;0;1;0;0;0
11;8;8100311;2020;6;18;6;3;2;6;0;0;1;0;0;0;0;0
11;6;6300526;2020;6;9;4;3;5;2;0;0;1;0;0;0;1;0
11;2;2300315;2020;6;18;5;3;3;6;0;1;0;0;0;0;0;0
11;3;3701554;2020;6;21;1;3;0;7;1;1;1;0;0;0;0;0
11;4;4100102;2020;6;17;6;3;3;6;0;0;1;0;0;1;0;1
11;4;4500939;2020;6;13;4;3;5;2;0;0;1;0;1;0;0;0
11;11;11200512;2020;6;19;3;2;3;6;0;1;0;0;0;1;0;0
11;7;7601545;2020;6;18;2;3;6;4;0;0;1;1;0;0;0;0
11;3;3500935;2020;6;17;6;3;1;5;0;1;1;0;0;0;0;0
11;2;2300315;2020;6;15;7;3;5;3;0;1;1;0;0;0;0;1
11;1;1300731;2020;6;15;2;2;6;7;0;0;0;1;0;0;1;0
11;2;2100104;2020;6;16;6;3;5;2;0;1;1;0;0;0;0;1
11;3;3200205;2020;6;15;7;3;5;2;0;1;1;0;0;0;0;1
11;10;10100314;2020;6;8;4;3;5;2;0;0;1;0;0;0;0;0
11;3;3500934;2020;6;16;5;3;6;4;0;0;1;1;0;0;0;0
11;9;9200715;2020;6;14;1;2;5;2;0;0;1;0;0;0;0;0
11;2;2200209;2020;6;19;3;3;5;2;0;1;1;0;0;0;0;0
11;3;3601244;2020;6;11;1;2;5;3;0;1;1;0;0;0;0;0
11;6;6100208;2020;6;14;3;3;2;6;0;0;1;0;0;0;0;0
11;7;7601442;2020;6;12;5;3;2;7;0;1;1;0;0;0;1;0
11;6;6400844;2020;6;15;6;3;1;5;0;1;1;0;0;0;0;1
11;6;6100209;2020;6;17;2;3;5;2;0;1;1;0;0;0;0;0
11;4;4300619;2020;6;16;6;2;6;4;0;0;1;1;0;0;0;0
11;3;3400724;2020;6;14;7;3;0;2;0;0;1;0;1;0;0;1
11;1;1300835;2020;6;22;4;2;0;1;2;1;0;0;0;0;0;0
11;9;9200716;2020;6;15;5;3;0;3;0;0;1;0;1;0;0;0
11;8;8100209;2020;6;10;1;3;5;7;0;1;1;0;0;0;0;0
11;1;1100309;2020;6;9;3;3;2;2;0;0;1;0;1;0;0;0
11;8;8100206;2020;6;7;4;3;0;7;0;0;1;0;0;0;0;0
11;7;7400927;2020;6;20;5;2;1;5;0;0;1;0;1;0;0;0
11;2;2100106;2020;6;20;1;3;2;6;0;0;1;0;0;0;0;0
11;8;8200624;2020;6;11;3;3;3;6;0;0;1;0;0;0;0;0
11;5;5200527;2020;6;13;6;3;6;7;0;1;0;1;0;0;0;0
11;10;10200420;2020;6;13;3;3;6;4;0;1;0;1;0;0;0;0
11;2;2300315;2020;6;15;6;3;5;2;0;1;1;0;0;0;0;1
11;6;6400844;2020;6;8;5;3;5;2;0;1;0;0;0;0;1;0
11;1;1200628;2020;6;14;6;3;5;2;0;1;1;0;0;0;0;0