LAND;BEZ;LOR_ab_2021;UJAHR;UMONAT;USTUNDE;UWOCHENTAG;UKATEGORIE;UART;UTYP1;ULICHTVERH;IstRad;IstPKW;IstFuss;IstKrad;IstGkfz;IstSonstige;USTRZUSTAND
11;3;3400827;2020;6;6;2;3;0;5;0;0;0;0;1;0;1;0
11;7;7601340;2020;6;14;6;3;5;3;0;1;1;0;0;0;0;0
11;3;3601244;2020;6;19;4;3;5;3;0;0;1;0;1;0;0;0
11;8;8100310;2020;6;18;1;3;0;5;0;1;0;0;0;0;1;0
11;4;4200310;2020;6;7;3;3;2;6;0;0;1;0;0;0;0;0
11;11;11300721;2020;6;11;2;3;2;6;0;0;1;0;1;0;0;0
11;6;6300525;2020;6;14;6;3;5;3;0;1;1;0;0;0;0;0
11;6;6300631;2020;6;11;4;3;9;1;0;0;0;0;1;0;0;0
11;4;4501042;2020;6;11;2;3;3;6;0;1;0;0;0;0;1;0
11;4;4300518;2020;6;14;6;3;5;3;0;0;1;0;0;0;0;0
11;1;1100308;2020;6;11;4;3;0;1;0;1;0;0;0;0;0;0
11;4;4501153;2020;6;13;6;3;0;1;0;0;0;0;1;0;0;0
11;5;5100317;2020;6;14;2;3;0;1;0;0;0;0;1;0;0;0
11;9;9200819;2020;6;13;6;2;0;2;0;0;1;0;0;0;1;0
11;12;12200310;2020;6;17;4;2;5;3;0;0;1;0;1;0;0;0
11;1;1400937;2020;6;19;1;3;5;3;0;1;1;0;0;0;0;0
11;8;8401241;2020;6;17;3;3;1;5;0;1;1;0;0;0;0;0
11;1;1100310;2020;6;9;2;3;0;1;0;1;0;0;0;0;0;0
11;4;4100102;2020;6;10;6;3;0;1;0;0;0;0;1;0;0;0
11;11;11100309;2020;6;13;7;3;3;6;0;0;0;0;1;1;0;1
11;3;3701660;2020;6;9;4;3;6;7;0;1;0;1;0;0;0;0
11;6;6100208;2020;6;18;5;3;0;6;0;0;1;0;1;0;0;0
11;9;9501838;2020;6;15;1;3;5;2;0;1;1;0;0;0;0;0
11;9;9301025;2020;6;10;6;3;5;3;0;0;1;0;0;1;0;0
11;7;7100103;2020;6;12;4;3;3;6;0;1;0;0;0;0;0;0
11;4;4300620;2020;6;19;5;3;1;7;0;0;1;0;1;0;0;0
11;3;3100102;2020;6;14;2;3;0;3;0;0;1;0;1;0;0;0
11;11;11300722;2020;6;9;6;3;3;6;0;1;1;0;0;0;0;0
11;2;2400625;2020;6;14;4;3;2;6;0;0;1;0;0;0;0;0
11;9;9401635;2020;6;16;3;3;2;3;0;1;1;0;0;0;1;0
11;6;6300632;2020;6;21;2;2;0;1;1;0;0;0;1;0;0;0
11;1;1400938;2020;6;7;6;3;6;4;0;0;1;1;0;0;0;0
11;7;7100101;2020;6;11;7;3;0;7;0;0;0;1;0;0;1;0
11;12;12200412;2020;6;7;4;2;0;7;0;0;1;0;0;0;0;0
11;3;3500935;2020;6;20;5;3;7;7;0;1;0;0;0;0;0;0
11;9;9200819;2020;6;17;1;2;0;1;0;1;0;0;0;0;0;0
11;11;11200411;2020;6;12;3;2;5;7;0;0;1;0;0;1;0;0
11;2;2100105;2020;6;10;7;3;1;5;0;1;1;0;0;0;0;1
11;7;7501031;2020;6;14;3;3;2;6;0;0;1;0;0;0;0;0
11;12;12200307;2020;6;11;5;3;0;1;0;0;0;0;1;0;0;0
11;4;4300623;2020;6;16;6;3;0;6;0;0;1;0;0;0;1;0
11;7;7501030;2020;6;19;3;2;1;7;0;0;1;0;0;0;0;0
11;8;8401243;2020;6;13;5;3;5;3;0;1;1;0;0;0;0;0
11;10;10400941;2020;6;17;6;3;5;3;0;0;1;0;1;0;0;0
11;9;9200511;2020;6;18;2;3;1;5;0;1;1;0;0;0;0;0
11;1;1100102;2020;6;6;6;3;5;2;0;0;1;0;1;0;0;0
11;7;7400822;2020;6;13;7;3;1;5;0;0;1;0;1;0;0;1
11;1;1401047;2020;6;0;4;3;5;3;2;0;1;0;0;0;0;0
11;1;1300836;2020;6;16;5;3;6;2;0;0;1;1;0;0;0;0
11;1;1100313;2020;6;11;3;3;5;3;0;1;1;0;0;0;0;0
11;9;9401534;2020;6;11;6;3;0;1;0;1;0;0;0;0;0;0
11;1;1100103;2020;6;12;3;3;5;3;0;0;1;0;0;0;0;0
11;8;8401244;2020;6;12;6;3;2;6;0;0;1;0;0;0;0;0
11;12;12500926;2020;6;12;5;3;1;5;0;0;1;0;0;0;0;0
11;6;6300634;2020;6;14;6;3;5;3;0;0;1;0;0;0;0;1
11;6;6200422;2020;6;15;2;3;2;6;0;0;1;0;0;0;0;0
11;5;5100313;2020;6;12;6;3;5;2;0;1;1;0;0;0;0;0
11;6;6100205;2020;6;19;4;3;5;7;0;0;1;0;1;0;0;0
11;11;11200410;2020;6;12;7;3;5;3;0;1;1;0;0;0;0;0
11;3;3300516;2020;6;16;2;3;1;6;0;1;1;0;0;0;0;0
11;6;6300634;2020;6;11;6;3;5;2;0;0;1;0;0;0;1;0
11;6;6300524;2020;6;22;4;3;5;2;2;1;0;0;1;0;0;0
11;6;6200420;2020;6;14;5;3;2;6;0;0;1;0;0;0;0;0
11;1;1300834;2020;6;8;3;3;5;2;0;1;1;0;0;0;0;0
11;8;8100314;2020;6;22;2;3;5;2;2;1;1;0;0;0;0;0
11;10;10300731;2020;6;17;5;3;0;2;0;1;1;0;0;0;0;0
11;1;1100311;2020;6;19;4;3;5;2;0;1;1;0;0;0;0;0
11;9;9200819;2020;6;16;5;3;3;6;0;0;1;0;0;0;0;0
11;1;1401047;2020;6;13;2;3;5;3;0;0;1;0;0;0;1;0
11;2;2100104;2020;6;1;5;3;0;1;2;1;0;0;0;0;0;1
11;9;9100304;2020;6;16;4;3;0;1;0;0;0;0;1;0;0;0
11;3;3400721;2020;6;17;3;3;2;1;0;1;1;0;0;0;0;0
11;4;4300622;2020;6;8;2;3;5;7;0;0;1;0;1;0;0;0
11;6;6400839;2020;6;15;5;3;0;7;0;1;0;0;0;0;0;0
11;3;3200206;2020;6;7;3;3;5;3;0;1;0;0;0;0;0;0
11;4;4500939;2020;6;10;2;3;5;3;0;1;1;0;0;0;0;0
11;9;9401433;2020;6;21;5;2;0;7;1;1;0;0;0;0;0;0
11;7;7501134;2020;6;10;4;3;8;1;0;0;1;1;0;0;0;0
11;6;6400737;2020;6;18;5;3;1;5;0;1;1;0;0;0;0;0
11;4;4400726;2020;6;21;1;3;1;5;1;1;1;0;0;0;0;0
11;2;2500830;2020;6;19;5;3;0;1;0;1;0;0;0;0;0;0
11;2;2100104;2020;6;13;4;2;8;1;0;0;0;0;0;0;1;0
11;2;2200211;2020;6;11;7;3;6;4;0;1;1;1;0;0;0;0
11;5;5100208;2020;6;16;3;3;2;2;0;0;1;0;0;0;0;0
11;11;11100205;2020;6;8;2;3;5;2;0;0;1;0;1;0;0;0
11;3;3601348;2020;6;19;5;3;5;3;0;1;1;0;0;0;0;0
11;3;3601348;2020;6;5;7;3;1;5;0;1;1;0;0;0;0;0
11;3;3100103;2020;6;15;4;3;5;3;0;1;1;0;0;0;0;0
11;4;4501040;2020;6;21;5;3;5;2;1;0;1;0;0;0;0;0
11;4;4300414;2020;6;5;7;3;3;6;1;1;1;0;0;0;0;0
11;6;6200316;2020;6;8;4;3;1;5;0;0;1;0;0;0;1;0
11;3;3200308;2020;6;17;5;3;1;5;0;0;1;0;0;0;0;0
11;12;12601236;2020;6;14;1;3;5;2;0;1;1;0;0;0;0;0
11;9;9401329;2020;6;5;4;3;6;6;0;1;0;1;0;0;0;0
11;5;5200629;2020;6;15;3;3;5;2;0;1;1;0;0;0;0;0
11;1;1300733;2020;6;12;5;3;6;4;0;1;0;1;0;0;0;0
11;3;3601141;2020;6;19;6;3;0;7;0;1;0;1;0;0;0;0
11;7;7400927;2020;6;17;2;3;5;7;0;1;1;0;0;0;0;0
11;1;1200522;2020;6;19;5;3;5;3;0;1;1;0;0;0;0;0
11;2;2400521;2020;6;3;7;2;5;2;2;0;1;0;0;0;0;1
11;4;4400835;2020;6;22;4;3;6;7;2;0;1;1;0;0;0;0
11;5;5200632;2020;6;16;5;3;5;2;0;0;1;0;1;0;0;0
11;2;2300316;2020;6;9;3;3;5;7;0;1;1;0;0;0;0;0
11;2;2500834;2020;6;17;3;3;3;6;0;0;0;0;0;1;1;0
11;11;11100204;2020;6;18;5;3;5;2;0;1;1;0;0;0;0;0
11;7;7601341;2020;6;11;3;3;5;3;0;1;1;0;0;0;0;0
11;2;2200210;2020;6;18;5;3;5;2;0;1;1;0;0;0;0;0
11;6;6400737;2020;6;13;3;3;0;6;0;1;1;0;0;0;0;0
11;2;2100103;2020;6;19;5;3;2;6;0;1;1;0;0;0;0;0
11;6;6200316;2020;6;8;5;3;0;1;0;1;0;0;0;0;0;0
11;9;9200819;2020;6;15;6;3;0;1;0;0;0;0;1;0;0;1
11;2;2400521;2020;6;17;2;2;5;2;0;1;1;0;0;0;0;0
11;1;1100205;2020;6;17;5;3;2;2;0;0;1;0;0;0;1;0
11;6;6400736;2020;6;19;4;2;0;1;1;1;0;0;0;0;0;0
11;1;1100205;2020;6;13;5;3;1;5;0;0;1;0;1;0;0;0
11;12;12100205;2020;6;18;3;3;3;6;0;1;1;0;0;0;0;0
11;4;4501150;2020;6;11;2;3;4;2;0;1;1;0;0;0;0;0
11;10;10400941;2020;6;17;5;3;5;3;0;1;1;0;0;0;0;0
11;11;11300618;2020;6;11;4;3;2;6;0;0;1;0;0;0;1;0
11;2;2200209;2020;6;19;5;3;6;7;0;1;0;1;0;0;0;0
11;1;1100103;2020;6;13;2;3;2;6;0;1;0;0;0;0;0;0
11;2;2200210;2020;6;16;5;3;5;3;0;0;1;0;0;0;0;0
11;4;4100101;2020;6;15;4;3;0;3;0;0;1;0;0;0;1;0
11;1;1100104;2020;6;22;4;3;6;7;2;1;0;1;0;0;0;0
11;3;3601348;2020;6;14;6;3;5;3;0;1;1;0;0;0;0;0
11;1;1200628;2020;6;14;2;3;2;6;0;0;1;0;0;1;0;0
11;4;4300619;2020;6;16;5;3;6;7;0;0;1;1;0;0;0;0
11;1;1100309;2020;6;17;4;3;1;5;0;1;1;0;0;0;0;0
11;6;6300524;2020;6;5;3;3;1;1;0;0;1;0;0;0;1;0
11;5;5100211;2020;6;9;2;3;0;7;0;1;0;0;0;0;1;0
11;12;12601235;2020;6;16;5;2;1;5;0;0;1;0;1;0;0;0
11;4;4100101;2020;6;9;4;3;5;3;0;0;1;0;0;0;1;0
11;12;12200308;2020;6;17;5;3;2;6;0;0;1;0;0;0;0;0
11;1;1100102;2020;6;16;1;2;0;1;0;1;0;0;0;0;0;0
11;9;9100409;2020;6;15;5;3;2;7;0;1;0;0;0;0;1;0
11;7;7100102;2020;6;13;4;3;2;6;0;0;1;0;1;0;0;0
11;2;1100313;2020;6;15;3;3;1;7;0;0;1;0;0;0;1;0
11;4;4100101;2020;6;17;3;2;5;3;0;0;0;0;1;0;1;0
11;4;4501151;2020;6;19;2;3;6;7;0;1;0;1;0;0;0;0
11;5;5200528;2020;6;15;5;3;5;3;0;0;1;0;0;0;1;0
11;4;4100101;2020;6;1;7;3;0;1;2;0;1;0;0;0;0;1
11;4;4200310;2020;6;8;4;3;1;5;0;0;1;0;0;1;0;0
11;4;4500939;2020;6;16;5;3;5;2;0;1;1;0;0;0;0;0
11;4;4501153;2020;6;12;1;2;6;7;0;0;1;1;0;0;0;0
11;9;9200716;2020;6;18;7;3;0;1;0;0;0;0;1;0;0;1
11;4;4501153;2020;6;14;3;3;1;5;0;1;1;0;0;0;0;0
11;7;7100102;2020;6;17;7;3;5;2;0;1;1;0;0;0;0;1
11;12;12500825;2020;6;14;3;3;5;2;0;0;1;0;0;0;0;0
11;9;9501737;2020;6;12;5;3;0;1;0;1;0;0;0;0;0;0
11;8;8100520;2020;6;17;6;3;3;6;0;0;1;0;0;0;0;0
11;8;8401243;2020;6;17;2;3;0;3;0;1;1;0;0;0;0;0
11;10;10200627;2020;6;8;5;3;6;7;0;0;1;1;0;0;0;0
11;1;1100313;2020;6;22;4;3;0;1;2;1;0;0;0;0;0;0
11;7;7501134;2020;6;15;5;3;0;7;0;1;0;0;0;0;1;0
11;11;11100102;2020;7;10;7;2;1;5;0;1;1;0;0;0;0;0
11;2;2200212;2020;6;13;2;3;2;3;0;1;1;0;0;0;0;0
11;8;8100207;2020;6;0;1;3;0;1;2;1;0;0;0;0;0;0
11;6;6200421;2020;7;21;5;3;0;2;0;1;0;0;1;0;0;0
11;1;1100207;2020;7;8;4;3;3;6;0;1;1;0;0;0;0;0
11;2;2300417;2020;7;18;6;3;6;4;0;0;1;1;0;0;0;0
11;6;6100103;2020;6;13;2;2;2;7;0;0;1;0;0;0;0;0
11;2;2300315;2020;6;20;3;3;5;2;0;1;1;0;0;0;0;0
11;4;4300624;2020;6;13;1;3;3;5;0;0;1;0;1;0;0;1
11;11;11300722;2020;7;19;1;3;1;5;0;1;1;0;0;0;0;1
11;11;11200513;2020;6;9;3;3;2;6;0;0;0;0;1;0;1;0
11;2;2300419;2020;6;14;1;3;0;7;0;0;1;1;0;0;0;0
11;9;9401329;2020;7;9;7;3;5;2;0;1;1;0;0;0;0;0
11;1;1100416;2020;6;19;2;2;0;1;0;1;0;0;0;0;0;0
11;1;1100311;2020;6;14;1;3;2;6;0;0;1;0;0;0;0;1
11;2;2500835;2020;7;16;4;3;1;5;0;0;1;0;0;0;1;0
11;11;11200411;2020;7;13;6;3;5;3;0;0;1;0;0;1;0;0
11;7;7300515;2020;6;16;3;3;5;2;0;1;1;0;0;0;0;0
11;9;9501737;2020;7;1;1;2;0;1;2;0;0;0;1;0;0;0
11;1;1400938;2020;6;19;3;3;2;3;0;1;1;0;0;0;0;0
11;4;4500936;2020;7;16;1;2;1;5;0;1;0;0;0;0;1;0
11;2;2500831;2020;6;8;3;3;5;3;0;1;1;0;0;0;0;0
11;9;9301025;2020;6;14;1;3;5;3;0;1;1;0;0;0;0;1
11;1;1200517;2020;7;14;5;3;1;5;0;1;1;0;0;0;0;0
11;1;1100207;2020;7;17;7;3;6;4;0;0;1;1;0;0;0;0
11;9;9300920;2020;6;11;2;3;1;5;0;1;1;0;0;0;0;0
11;2;2100103;2020;6;16;1;3;1;1;0;1;1;0;0;0;0;0
11;4;4500937;2020;7;23;4;2;6;4;2;0;0;1;0;0;1;1
11;5;5200423;2020;7;12;6;3;5;3;0;1;1;0;0;0;0;0
11;7;7601236;2020;6;15;3;3;5;3;0;0;1;0;0;0;0;0
11;4;4501040;2020;7;17;7;3;2;6;0;1;0;0;0;0;0;0
11;5;5200631;2020;6;21;2;3;5;3;1;1;1;0;0;0;0;0
11;6;6300524;2020;6;14;1;2;5;3;0;1;1;0;0;0;0;1
11;9;9100101;2020;7;20;5;3;5;2;0;1;1;0;0;0;0;0
11;11;11100309;2020;7;0;5;3;2;6;2;0;1;0;0;0;0;0
11;5;5200632;2020;7;13;6;3;1;5;0;0;1;0;0;0;0;0
11;5;5100316;2020;6;17;2;3;3;6;0;0;1;0;1;0;0;0
11;9;9200614;2020;6;12;1;3;5;3;0;0;1;0;1;0;0;0
11;9;9100101;2020;6;16;2;3;0;1;0;1;0;0;0;0;0;1
11;11;11401034;2020;6;12;1;3;5;3;0;1;1;0;0;0;0;0
11;3;3300514;2020;7;8;5;3;5;3;0;1;1;0;0;0;0;0
11;9;9200715;2020;7;15;7;3;5;3;0;1;1;0;0;0;0;0
11;1;1401049;2020;6;17;2;3;5;2;0;1;0;0;0;0;1;0
11;6;6300629;2020;6;12;1;3;0;3;0;0;1;0;1;0;0;0
11;2;2200210;2020;7;14;4;3;1;1;0;1;1;0;1;0;0;1
11;8;8100312;2020;7;11;6;3;6;7;0;0;1;1;0;0;0;0
11;4;4501146;2020;6;6;3;3;3;6;0;0;1;0;0;0;0;0
11;2;2200210;2020;7;19;7;3;0;1;0;1;0;0;0;0;0;0
11;5;5200632;2020;6;12;2;3;5;2;0;1;0;0;1;0;0;0
11;9;9501941;2020;6;14;7;3;0;1;0;1;0;0;0;0;0;0
11;12;12601235;2020;7;20;5;3;5;2;0;0;1;0;1;0;0;0
11;11;11300722;2020;7;15;4;2;0;1;0;0;0;0;1;0;0;1
11;5;5200629;2020;7;20;6;3;5;2;0;1;1;0;0;0;0;0
11;10;10100312;2020;6;16;2;3;5;2;0;1;1;0;0;0;0;1
11;2;2200211;2020;7;8;4;3;6;4;0;0;0;1;1;0;0;0
11;11;11400931;2020;6;11;7;3;0;5;0;1;1;0;0;0;0;0
11;2;2300418;2020;6;11;3;3;5;3;0;1;0;0;0;0;0;0
11;6;6200420;2020;7;10;4;2;5;2;0;1;0;0;0;1;0;0
11;7;7501135;2020;6;13;3;3;2;2;0;0;1;0;0;0;0;0
11;2;2200210;2020;7;3;7;3;1;5;2;0;1;0;0;0;1;0
11;9;9200715;2020;6;10;2;3;5;2;0;1;1;0;0;0;0;0
11;10;10200417;2020;6;14;7;3;3;6;0;0;1;0;1;0;0;0
11;1;1100103;2020;7;20;5;3;1;5;0;1;1;0;0;0;0;0
11;2;2400521;2020;7;18;4;2;5;3;0;1;1;0;0;0;0;0
11;5;5200629;2020;7;17;6;3;2;2;0;0;1;0;0;0;0;0
11;10;10400836;2020;6;16;2;3;0;2;0;1;1;0;0;0;0;1
11;5;5100316;2020;6;21;3;3;5;2;0;0;0;0;1;0;1;0
11;11;11400929;2020;6;13;7;3;0;6;0;1;1;0;0;0;0;0
11;9;9200511;2020;7;17;1;3;6;4;0;1;0;1;0;0;0;0
11;4;4200311;2020;6;8;3;3;2;6;0;0;1;0;0;0;0;0
11;12;12200515;2020;6;13;7;3;0;1;0;0;0;0;1;0;0;0
11;8;8200623;2020;7;18;7;3;5;2;0;0;1;0;0;0;0;1
11;2;2300316;2020;6;16;2;3;0;5;0;1;1;0;0;0;0;1
11;7;7501031;2020;6;13;7;3;5;3;0;1;1;0;0;0;0;0
11;12;12200310;2020;6;13;7;3;0;6;0;1;0;0;0;0;0;0
11;4;4501041;2020;7;11;7;3;0;1;0;0;0;0;1;0;0;0
11;7;7601546;2020;6;15;2;3;5;2;0;1;1;0;0;0;0;1
11;2;2100106;2020;6;13;7;3;6;4;0;1;0;1;0;0;0;0
11;5;5300737;2020;7;16;4;3;2;6;0;0;1;0;0;0;0;0
11;3;3601245;2020;7;14;6;3;0;2;0;1;0;0;0;0;1;0
11;5;5400943;2020;6;9;2;3;0;7;0;0;1;0;0;0;0;0
11;7;7400826;2020;6;18;3;3;0;2;0;0;1;1;0;0;0;0
11;6;6400737;2020;7;14;1;3;5;2;0;1;1;0;0;0;0;0
11;4;4300414;2020;6;8;3;2;0;1;0;0;0;0;0;0;1;0
11;4;4400831;2020;6;13;7;2;0;1;0;1;0;0;0;0;0;0
11;7;7400823;2020;7;12;5;3;5;2;0;1;1;0;0;0;0;0
11;9;9502043;2020;7;16;7;3;2;6;0;0;1;0;0;0;0;0
11;2;2500833;2020;6;15;2;3;5;2;0;1;1;0;0;0;0;0
11;12;12200412;2020;6;13;7;3;2;2;0;0;1;0;0;0;1;0
11;12;12500930;2020;7;18;4;3;5;3;0;0;1;0;0;0;0;0
11;10;10300731;2020;7;11;6;3;3;6;0;0;1;0;0;0;0;0
11;3;3300516;2020;6;14;3;2;6;4;0;0;1;1;0;0;0;0
11;1;1100308;2020;7;16;4;3;6;7;0;0;1;1;0;0;0;0
11;7;7501029;2020;7;13;6;3;3;2;0;0;1;0;0;1;0;0
11;10;10200524;2020;6;16;3;3;5;5;0;0;1;0;0;0;0;0
11;5;5100313;2020;7;20;1;3;5;3;1;0;1;0;1;0;0;1
11;1;1200520;2020;6;20;2;2;5;7;0;0;1;0;1;0;0;0
11;4;4300620;2020;6;20;7;3;5;2;0;1;1;0;0;0;0;0
11;1;1100102;2020;7;6;5;3;0;2;0;1;1;0;0;0;0;0
11;12;12500927;2020;7;7;6;3;0;6;0;1;0;0;0;1;0;0
11;7;7300516;2020;6;17;2;3;6;4;0;1;0;1;0;0;0;0
11;8;8100419;2020;6;12;7;3;1;5;0;0;1;0;0;0;0;0
11;7;7100205;2020;7;11;4;3;5;2;0;0;1;0;0;0;0;1
11;10;10400940;2020;6;14;3;2;3;6;0;0;1;0;1;0;0;0
11;2;2300418;2020;7;19;7;3;5;3;0;0;1;0;0;0;0;0
11;12;12200309;2020;6;12;2;3;6;4;0;0;1;1;0;0;0;0
11;4;4200207;2020;6;11;7;2;8;1;0;1;0;0;0;0;0;0
11;9;9501940;2020;7;19;5;3;1;5;0;1;1;0;0;0;0;0
11;3;3601245;2020;7;14;4;3;5;2;0;1;1;0;0;0;0;0
11;4;4300624;2020;7;22;7;3;1;5;2;1;1;0;0;0;0;0
11;9;9502043;2020;6;14;2;3;5;3;0;1;1;0;0;0;0;0
11;1;1200628;2020;6;12;7;3;5;2;0;0;1;0;0;0;1;0
11;11;11300722;2020;7;18;5;3;5;2;0;1;1;0;0;0;0;0
11;11;11401137;2020;7;13;4;3;6;4;0;0;1;1;0;0;0;0
11;1;1401044;2020;7;21;6;3;0;3;1;1;1;0;0;0;0;0
11;1;1200626;2020;6;9;2;3;5;2;0;1;1;0;0;0;0;0
11;3;3400725;2020;7;9;4;3;0;6;0;0;1;0;1;0;0;0
11;11;11200513;2020;7;8;6;3;5;2;0;1;1;0;0;0;0;0
11;8;8200725;2020;6;12;3;3;3;6;0;0;1;0;1;0;0;0
11;8;8100313;2020;7;14;7;3;1;5;0;1;1;0;0;0;0;0
11;12;12500927;2020;6;7;2;3;2;6;0;0;1;0;0;0;0;0
11;12;12601032;2020;6;12;7;3;2;6;0;0;1;0;0;0;0;0
11;4;4300619;2020;7;18;5;3;2;6;0;0;1;0;0;0;0;0
11;8;8100102;2020;7;17;4;3;6;4;0;0;1;1;0;0;0;0
11;1;1100101;2020;7;17;6;3;2;2;0;0;1;0;0;0;0;0
11;5;5100317;2020;6;7;2;3;5;2;0;0;0;0;1;0;1;0
11;5;5300736;2020;7;7;6;3;5;2;0;1;1;0;0;0;0;0
11;11;11200512;2020;6;19;3;2;5;7;0;1;1;0;0;0;0;0
11;2;2500832;2020;7;20;6;3;0;1;0;1;0;0;0;0;0;0
11;4;4501042;2020;6;6;2;3;3;6;0;0;1;0;0;0;1;0
11;6;6300528;2020;7;7;6;2;3;6;0;0;1;0;1;0;0;0
11;11;11300617;2020;6;6;3;3;2;6;0;0;1;0;0;0;1;0
11;10;10400837;2020;6;12;7;3;3;6;0;1;1;0;0;0;0;0
11;5;5400943;2020;7;0;1;3;6;4;2;0;1;1;0;0;0;0
11;7;7601341;2020;6;10;3;3;0;2;0;0;1;0;0;0;1;0
11;7;7501134;2020;6;11;7;3;2;6;0;0;1;0;0;0;1;0
11;9;9300920;2020;7;10;7;2;5;2;0;0;1;0;1;0;0;0
11;2;2100106;2020;6;6;2;3;2;6;0;0;1;0;0;0;0;0
11;1;1100206;2020;6;11;7;3;6;7;0;0;0;1;0;0;1;0
11;8;8100419;2020;7;16;4;3;5;3;0;1;1;0;0;0;0;1
11;10;10300734;2020;7;14;6;3;5;2;0;0;1;0;0;0;0;0
11;1;1400939;2020;7;5;6;3;0;7;0;0;0;0;1;0;0;1
11;11;11300620;2020;6;17;3;3;5;3;0;1;0;0;0;0;0;0
11;5;5300737;2020;7;11;1;3;5;2;0;1;1;0;0;0;0;0
11;9;9501941;2020;6;7;3;3;2;6;0;0;1;0;0;0;0;0
11;11;11100204;2020;6;10;7;3;2;2;0;0;1;0;1;0;0;0
11;12;12200309;2020;7;10;5;3;2;7;0;0;1;0;0;0;1;0
11;3;3601141;2020;7;16;7;3;5;2;0;1;1;0;0;0;0;0
11;1;1100309;2020;7;16;1;3;5;2;0;1;1;0;0;0;0;0
11;3;3500936;2020;6;8;3;3;5;3;0;1;1;0;0;0;0;0
11;8;8100209;2020;6;10;7;3;2;6;0;0;1;0;0;0;0;0
11;9;9200715;2020;7;14;5;2;5;3;0;0;1;0;1;0;0;0
11;11;11200515;2020;7;15;7;3;3;6;0;0;1;0;0;0;0;0
11;11;11401032;2020;6;16;2;3;2;6;0;0;1;0;0;0;1;0
11;7;7400928;2020;6;9;7;3;5;3;0;1;1;0;0;0;0;0
11;6;6300634;2020;7;16;4;3;5;2;0;0;1;0;0;0;0;1
11;8;8100206;2020;7;13;6;3;3;6;0;1;1;0;0;0;0;0
11;1;1300835;2020;7;2;6;2;8;1;2;0;1;0;0;0;0;0
11;11;11401033;2020;6;15;3;3;5;2;0;1;1;0;0;0;0;0
11;8;8200832;2020;7;19;7;3;0;1;0;1;0;0;0;0;0;0
11;11;11300722;2020;6;20;2;2;1;1;0;0;1;0;1;0;0;0
11;9;9501939;2020;6;18;7;3;0;7;0;1;0;0;0;0;0;0
11;1;1100311;2020;7;17;5;3;5;2;0;1;1;0;0;0;0;0
11;10;10300731;2020;7;10;5;3;2;3;0;0;1;0;0;0;0;0
11;6;6200311;2020;7;10;6;1;5;2;0;1;0;0;0;1;0;0
11;7;7601544;2020;6;15;2;3;0;2;0;1;1;0;0;0;0;1
11;6;6400839;2020;6;18;7;3;1;5;0;1;1;0;0;0;0;0
11;4;4300416;2020;7;9;4;3;5;2;0;1;0;0;0;0;1;0
11;12;12400616;2020;6;17;2;2;5;3;0;1;1;0;0;0;0;0
11;10;10200417;2020;6;18;7;3;5;3;0;1;1;0;0;0;0;0
11;8;8100313;2020;7;18;4;3;0;7;0;1;0;1;0;0;0;1
11;3;3601453;2020;7;11;6;3;1;5;0;0;1;0;0;0;0;0
11;2;2100102;2020;6;6;3;3;5;2;0;1;1;0;0;0;0;0
11;6;6400838;2020;7;20;7;2;0;1;0;0;0;0;1;0;0;1
11;2;2400624;2020;6;13;2;3;0;5;0;0;1;0;0;0;1;0
11;1;1401049;2020;6;19;7;3;5;3;0;1;1;0;0;0;0;0
11;3;3300516;2020;7;17;5;3;3;6;0;1;0;0;0;0;1;0
11;4;4500936;2020;7;15;4;3;2;6;0;1;1;0;0;0;0;0
11;2;2100102;2020;7;21;6;3;5;3;1;1;1;0;0;0;0;0
11;10;10400835;2020;6;17;2;3;1;5;0;0;1;0;0;0;0;0
11;11;11501339;2020;7;1;6;3;2;7;2;1;1;0;0;0;0;0
11;1;1100312;2020;7;8;4;3;5;2;0;1;1;0;0;0;0;0
11;2;2300418;2020;7;10;6;3;5;3;0;1;0;0;0;0;0;0
11;11;11300721;2020;6;11;3;3;2;6;0;0;1;0;0;0;0;0
11;7;7501030;2020;7;13;7;3;1;3;0;1;1;0;0;0;0;0
11;2;2200209;2020;6;14;2;3;3;6;0;0;1;0;0;1;0;0
11;1;1200623;2020;6;18;3;3;5;3;0;0;1;0;0;0;0;0
11;1;1100415;2020;7;6;7;3;1;5;0;0;1;0;0;0;0;0
11;1;1401049;2020;6;17;2;3;0;2;0;1;0;0;0;0;1;0
11;2;2200208;2020;6;18;7;3;5;2;0;1;1;0;0;0;0;0
11;9;9100407;2020;7;16;5;3;0;6;0;0;0;0;1;0;1;0
11;10;10100311;2020;7;1;4;3;9;1;2;0;1;0;0;0;0;0
11;9;9501941;2020;7;17;6;3;5;3;0;1;1;0;0;0;0;0
11;8;8100310;2020;6;17;2;3;0;1;0;1;0;0;0;0;0;0
11;9;9100203;2020;6;13;3;3;5;2;0;1;0;0;0;0;0;0
11;9;9100202;2020;6;17;7;3;0;1;0;1;0;0;0;0;0;0
11;1;1200624;2020;7;18;1;3;2;3;0;1;1;0;0;0;0;1
11;1;1100309;2020;6;9;3;3;1;5;0;1;1;0;0;0;0;0
11;7;7200409;2020;6;17;7;3;5;2;0;1;0;0;1;0;0;0
11;6;6200422;2020;7;19;7;2;5;3;0;0;1;0;0;0;0;0
11;8;8401241;2020;6;16;2;3;1;5;0;0;1;0;0;0;0;0
11;3;3200204;2020;6;17;7;3;0;3;0;1;0;0;1;0;0;0
11;3;3300516;2020;7;16;4;3;2;2;0;0;1;0;0;0;0;0