LAND;BEZ;LOR_ab_2021;UJAHR;UMONAT;USTUNDE;UWOCHENTAG;UKATEGORIE;UART;UTYP1;ULICHTVERH;IstRad;IstPKW;IstFuss;IstKrad;IstGkfz;IstSonstige;USTRZUSTAND
11;8;8401139;2020;7;13;6;3;0;7;0;0;1;0;0;0;0;0
11;9;9301126;2020;7;9;5;3;6;7;0;1;0;1;0;0;0;0
11;8;8401244;2020;6;15;7;3;0;5;0;0;1;0;0;0;0;0
11;7;7400927;2020;7;16;4;3;4;6;0;1;1;0;0;0;0;0
11;2;2300315;2020;7;15;6;3;5;7;0;1;1;0;0;0;0;0
11;2;2100105;2020;6;19;1;3;5;3;0;1;1;0;0;0;0;1
11;2;2100102;2020;6;19;3;3;5;3;0;1;1;0;0;0;0;0
11;1;1100312;2020;7;15;1;3;6;4;0;0;1;1;0;0;0;0
11;6;6200422;2020;6;8;3;3;5;3;0;0;1;0;0;0;0;0
11;1;1401045;2020;6;15;7;3;1;5;0;1;1;0;0;0;0;0
11;8;8200624;2020;7;12;5;3;5;2;0;1;1;0;0;0;0;0
11;1;1100102;2020;7;16;7;3;5;2;0;1;1;0;0;0;0;0
11;5;5200633;2020;6;18;1;3;0;5;0;0;1;0;0;0;1;0
11;2;2500830;2020;6;19;7;3;1;1;0;1;1;0;0;0;0;0
11;3;3601142;2020;7;20;4;3;8;1;0;0;1;0;0;0;0;1
11;12;12601134;2020;7;11;6;3;5;2;0;1;1;0;0;0;0;0
11;4;4100102;2020;6;15;3;3;2;6;0;0;1;0;0;0;0;0
11;12;12400720;2020;7;13;7;3;0;7;0;0;1;0;0;0;1;0
11;11;11300617;2020;6;18;2;3;0;2;0;1;1;0;0;0;0;0
11;9;9401330;2020;6;13;6;2;0;1;0;1;0;0;0;0;0;0
11;8;8200623;2020;6;16;3;3;0;7;0;0;0;0;1;0;0;0
11;5;5100208;2020;7;23;1;2;1;5;2;0;1;0;0;0;0;1
11;8;8100206;2020;6;22;2;2;5;7;2;0;1;0;0;0;0;0
11;8;8200622;2020;6;17;6;3;2;2;0;0;1;0;1;0;0;0
11;4;4200308;2020;7;7;5;2;2;6;0;0;1;0;0;0;0;0
11;7;7400927;2020;7;15;7;3;2;6;0;0;0;0;1;0;1;0
11;1;1300732;2020;6;23;1;3;5;2;2;1;1;0;0;0;0;0
11;6;6100101;2020;6;15;6;3;0;5;0;1;1;0;0;0;0;1
11;7;7400721;2020;7;11;4;2;6;4;0;0;1;1;0;0;0;1
11;2;2300316;2020;7;9;6;3;5;2;0;1;1;0;0;0;0;0
11;7;7100205;2020;7;13;5;3;0;6;0;0;0;0;1;0;1;0
11;7;7200308;2020;6;14;3;3;5;7;0;1;1;0;0;0;0;0
11;4;4300415;2020;7;17;7;3;1;5;0;1;1;0;0;0;0;0
11;4;4200310;2020;6;14;2;3;1;5;0;1;1;0;0;0;0;0
11;1;1100101;2020;6;22;6;3;2;6;2;0;1;0;1;0;0;0
11;8;8200725;2020;7;15;5;3;3;6;0;1;0;0;0;0;0;0
11;1;1100308;2020;7;13;4;2;2;6;0;1;1;0;0;0;0;1
11;2;2200207;2020;7;20;6;3;2;2;0;1;1;0;0;0;0;0
11;2;2200209;2020;6;22;1;3;5;2;2;0;1;0;0;0;0;0
11;5;5200629;2020;7;7;4;3;0;1;0;1;0;0;0;0;0;0
11;10;10100315;2020;7;15;5;3;5;2;0;1;1;0;0;0;0;0
11;6;6400842;2020;7;9;4;3;0;1;0;1;0;0;0;0;0;0
11;3;3701554;2020;7;20;6;3;5;2;0;1;0;0;0;0;1;0
11;9;9501941;2020;6;20;1;2;0;1;0;1;0;0;0;0;0;1
11;4;4200308;2020;7;10;4;3;2;6;0;0;1;0;0;0;0;0
11;11;11501339;2020;6;13;3;3;5;2;0;1;1;0;0;0;0;0
11;3;3601142;2020;7;17;7;2;0;4;0;1;0;1;0;0;0;0
11;4;4300416;2020;6;20;1;3;2;6;0;0;1;0;1;0;0;0
11;2;2200210;2020;6;17;6;3;5;3;0;1;1;0;0;0;0;0
11;4;4501150;2020;7;12;5;3;1;5;0;1;1;0;0;0;0;0
11;11;11400929;2020;7;18;4;3;5;7;0;1;1;0;0;0;0;0
11;1;1100309;2020;7;17;6;3;5;2;0;1;1;0;0;0;0;0
11;3;3400830;2020;6;20;1;3;5;3;0;0;1;0;0;0;0;1
11;2;2500835;2020;6;20;3;3;8;1;0;0;1;0;0;0;0;0
11;9;9501939;2020;7;17;1;3;4;6;0;1;0;0;0;0;0;0
11;4;4300619;2020;6;8;3;3;5;2;0;0;1;0;0;0;0;0
11;9;9200819;2020;6;13;6;2;5;3;0;1;1;0;0;0;0;1
11;12;12400723;2020;6;11;6;2;1;5;0;1;1;0;0;0;0;0
11;8;8401241;2020;6;10;3;3;5;3;0;0;1;0;0;0;0;0
11;3;3701554;2020;6;9;6;2;1;5;0;1;0;0;0;1;0;0
11;2;2200209;2020;7;11;7;3;5;2;0;1;1;0;0;0;0;0
11;12;12601235;2020;6;19;1;3;5;2;1;0;1;0;0;0;0;0
11;10;10100315;2020;6;9;6;3;1;5;0;1;0;0;0;0;1;0
11;11;11200411;2020;7;16;4;3;2;6;0;0;1;0;0;0;1;0
11;7;7601442;2020;7;14;6;2;5;3;0;1;1;0;0;0;0;0
11;3;3601141;2020;6;18;1;3;0;3;0;1;0;0;0;0;0;1
11;7;7601341;2020;6;18;3;3;1;5;0;1;1;0;0;0;0;0
11;6;6200317;2020;7;14;1;3;5;3;0;1;1;0;0;0;0;0
11;1;1100206;2020;6;8;3;2;5;2;0;0;0;0;1;0;0;0
11;8;8100521;2020;6;8;6;3;0;5;0;0;0;0;0;0;1;0
11;8;8100311;2020;7;10;5;3;5;2;0;1;1;0;0;0;0;0
11;8;8100417;2020;7;16;7;3;1;5;0;1;1;0;0;0;0;0
11;1;1401045;2020;6;18;1;2;5;3;0;1;1;0;0;0;0;1
11;8;8100311;2020;6;8;6;3;5;3;0;1;1;0;0;0;0;0
11;7;7100205;2020;7;19;4;3;5;2;0;0;1;0;0;0;0;0
11;12;12200310;2020;7;11;6;3;2;6;0;0;1;0;0;0;0;0
11;5;5200629;2020;7;14;5;3;0;6;0;0;1;0;0;0;1;0
11;7;7100102;2020;7;17;7;3;1;5;0;0;1;0;0;0;1;0
11;11;11400929;2020;6;18;1;3;5;3;0;1;1;0;0;0;0;0
11;4;4500939;2020;6;8;6;3;1;5;0;1;1;0;0;0;0;0
11;7;7200307;2020;7;16;4;3;2;6;0;1;1;0;0;0;0;0
11;5;5200527;2020;7;13;6;3;2;6;0;0;1;0;0;0;0;0
11;1;1300732;2020;6;16;3;3;5;2;0;1;1;0;0;0;0;0
11;1;1401048;2020;7;14;7;3;2;6;0;0;1;0;0;0;0;0
11;2;2500832;2020;6;20;2;3;3;6;0;1;0;0;1;0;0;0
11;4;4501042;2020;6;7;6;3;6;2;0;0;1;1;0;0;0;0
11;1;1100310;2020;7;6;5;3;5;2;0;0;1;0;0;0;0;0
11;6;6300525;2020;7;18;6;3;0;5;0;1;1;0;0;0;0;0
11;12;12500926;2020;6;17;1;2;5;2;0;1;1;0;0;0;0;1
11;8;8100418;2020;6;11;6;3;5;5;0;1;1;0;0;0;0;0
11;1;1100415;2020;7;10;4;3;6;7;0;1;0;1;0;0;0;1
11;3;3200207;2020;6;6;3;3;5;3;0;1;1;0;0;0;0;0
11;6;6300633;2020;6;6;3;3;3;6;0;1;1;0;0;0;0;0
11;1;1100416;2020;7;1;7;3;5;2;2;1;1;0;0;0;0;0
11;1;1100207;2020;6;19;2;3;0;7;0;0;1;0;0;0;0;0
11;10;10100102;2020;6;18;6;3;5;3;0;1;1;0;0;0;0;0
11;1;1401047;2020;7;15;5;3;6;4;0;0;1;1;0;0;0;0
11;3;3701660;2020;7;15;4;3;5;3;0;0;1;0;0;0;1;0
11;11;11501341;2020;7;23;6;3;0;1;2;1;0;0;0;0;0;0
11;9;9200715;2020;6;16;1;3;5;3;0;1;1;0;0;0;0;0
11;6;6200313;2020;7;19;5;3;5;7;0;1;1;0;0;0;0;0
11;4;4200310;2020;7;9;4;3;5;3;0;0;1;0;1;0;0;0
11;6;6300525;2020;7;23;5;3;9;1;2;0;1;0;0;0;0;1
11;1;1100312;2020;6;12;3;3;5;3;0;1;1;0;0;0;0;0
11;12;12100103;2020;7;11;7;3;3;2;0;1;1;0;0;0;0;0
11;5;5200629;2020;6;7;1;2;5;3;0;1;1;0;0;0;0;0
11;4;4300619;2020;6;18;6;3;5;2;0;1;1;0;0;0;0;0
11;6;6100206;2020;7;17;4;3;6;4;0;0;1;1;0;0;0;0
11;4;4501043;2020;7;9;6;3;6;2;0;0;1;1;0;0;0;0
11;10;10200417;2020;7;16;6;3;0;4;2;0;1;1;0;0;0;0
11;1;1100101;2020;7;17;3;3;2;6;0;0;1;0;0;0;0;0
11;2;2500832;2020;7;18;3;3;0;1;0;0;1;0;1;0;0;0
11;7;7601339;2020;7;10;1;3;1;5;0;1;1;0;0;0;0;0
11;3;3601450;2020;7;15;2;3;5;2;0;1;1;0;0;0;0;0
11;8;8100208;2020;7;16;5;3;2;6;0;0;1;0;0;0;0;1
11;7;7200412;2020;7;16;3;3;5;2;0;0;1;0;0;0;0;0
11;9;9200613;2020;7;22;4;3;0;1;2;1;0;0;0;0;0;0
11;5;5300840;2020;7;18;4;3;2;6;0;0;1;0;0;0;0;1
11;8;8200726;2020;7;8;1;3;5;3;0;1;1;0;0;0;0;0
11;7;7300619;2020;7;16;3;3;5;2;0;1;1;0;0;0;0;0
11;3;3200204;2020;7;12;3;2;7;7;0;0;0;0;1;0;0;0
11;6;6300629;2020;7;17;1;3;6;4;0;0;1;1;0;0;0;0
11;1;1400938;2020;7;16;3;3;2;6;0;0;1;0;0;0;1;0
11;10;10400939;2020;7;10;2;3;0;3;0;0;0;0;0;0;1;0
11;9;9200717;2020;7;15;1;3;3;1;0;0;1;0;1;0;0;0
11;11;11100309;2020;7;13;5;3;2;6;0;0;1;0;0;0;0;1
11;10;10100311;2020;7;16;3;3;0;2;0;1;0;0;0;0;1;0
11;5;5300737;2020;7;16;4;3;5;2;0;0;1;0;1;0;0;0
11;10;10400835;2020;7;14;4;3;5;3;0;0;1;0;1;0;0;1
11;1;1100103;2020;7;16;3;3;5;3;0;1;1;0;0;0;0;0
11;1;1100309;2020;7;18;4;3;5;2;0;1;1;0;0;0;0;0
11;12;12200309;2020;7;16;4;3;5;2;0;1;1;0;0;0;0;1
11;11;11400930;2020;7;14;3;3;0;3;0;0;0;0;1;0;1;0
11;3;3300412;2020;7;10;3;3;5;3;0;1;1;0;0;0;0;0
11;7;7601546;2020;7;14;1;3;1;1;0;0;1;0;1;0;0;0
11;4;4500939;2020;7;14;3;3;0;3;0;0;1;0;1;0;0;0
11;6;6100210;2020;7;9;2;3;2;6;0;0;1;0;0;0;0;0
11;10;10100311;2020;7;13;1;3;3;6;0;0;1;0;0;0;0;0
11;9;9200510;2020;7;5;5;3;5;3;0;1;1;0;0;0;0;0
11;11;11501341;2020;7;14;3;3;5;3;0;1;1;0;0;0;0;0
11;2;2100101;2020;7;15;4;3;2;7;0;0;1;0;1;0;0;0
11;12;12400619;2020;7;12;4;3;5;3;0;0;1;0;0;0;0;1
11;9;9200819;2020;7;14;3;3;2;6;0;0;1;0;0;0;0;0
11;10;10100205;2020;7;6;3;3;5;2;0;1;1;0;0;0;0;0
11;5;5200420;2020;7;13;1;3;1;1;0;0;1;0;0;0;0;0
11;7;7501031;2020;7;15;2;3;0;3;0;0;1;0;0;0;1;0
11;7;7400823;2020;7;13;3;2;5;3;0;0;1;0;0;0;0;0
11;10;10300731;2020;7;17;2;3;5;3;0;1;1;0;0;0;0;0
11;10;10100209;2020;7;13;1;3;2;6;0;1;0;0;0;0;0;0
11;12;12100205;2020;7;9;3;3;3;6;0;1;1;0;0;0;0;0
11;8;8200831;2020;7;11;1;3;1;5;0;0;0;0;1;0;1;0
11;4;4400725;2020;7;13;3;2;5;3;0;1;1;0;0;0;0;0
11;7;7601339;2020;7;8;2;3;6;7;0;0;0;1;0;0;1;0
11;4;4200207;2020;7;14;1;2;1;5;0;1;1;0;0;0;0;0
11;10;10100311;2020;7;9;5;2;6;4;0;0;1;1;0;0;0;0
11;6;6100208;2020;7;13;3;3;8;1;0;1;0;0;0;0;0;0
11;5;5100316;2020;7;13;4;3;2;6;0;0;1;0;0;0;0;0
11;4;4100101;2020;7;5;4;3;5;7;0;0;1;0;1;0;0;0
11;4;4501040;2020;7;12;3;3;2;6;0;0;1;0;0;0;0;0
11;11;11300722;2020;7;19;3;3;1;7;1;1;1;0;0;0;0;0
11;8;8100209;2020;7;17;1;2;5;3;0;1;1;0;0;0;0;0
11;11;11100204;2020;7;15;2;3;2;2;0;0;1;0;0;0;1;0
11;8;8100105;2020;7;17;5;3;1;5;0;1;1;0;0;0;0;1
11;2;2200210;2020;7;8;3;3;1;5;0;1;1;0;0;0;0;0
11;9;9200716;2020;7;20;4;3;0;5;0;1;1;0;0;0;0;0
11;2;2400520;2020;7;18;4;3;0;1;0;1;0;0;0;0;0;1
11;6;6400838;2020;7;17;1;2;3;6;0;0;1;0;1;0;0;0
11;2;2100101;2020;7;8;4;3;0;6;0;1;1;0;0;0;0;0
11;11;11300617;2020;7;20;5;3;4;6;1;1;0;0;0;0;0;0
11;6;6100205;2020;7;9;4;3;0;4;0;0;0;1;0;0;1;0
11;9;9401431;2020;7;16;3;3;5;2;0;1;1;0;0;0;0;0
11;1;1300732;2020;7;8;3;3;6;4;0;0;1;1;0;0;0;0
11;2;2100106;2020;7;17;3;3;2;6;0;0;1;0;0;0;0;0
11;6;6400737;2020;7;11;7;3;5;7;0;0;1;0;1;0;0;0
11;11;11200513;2020;7;14;2;3;5;3;0;0;1;0;0;0;0;0
11;9;9401431;2020;7;16;5;3;0;2;0;0;1;0;1;0;0;1
11;3;3601141;2020;7;8;3;3;0;2;0;1;0;0;0;0;1;0
11;2;2100106;2020;7;20;4;3;5;2;0;1;0;0;0;0;1;1
11;7;7200412;2020;7;17;4;3;2;7;0;1;1;0;0;0;0;1
11;8;8100415;2020;7;11;7;3;6;7;0;1;0;1;0;0;0;0
11;1;1300732;2020;7;8;3;3;5;2;0;1;0;0;1;0;0;0
11;12;12200412;2020;7;12;3;3;5;2;0;1;0;0;0;0;1;0
11;1;1300836;2020;7;16;7;3;1;7;0;0;1;1;0;0;0;0
11;1;1100104;2020;7;7;3;3;0;3;0;1;1;0;0;0;0;0
11;10;10400940;2020;7;6;2;3;5;3;0;1;0;0;0;0;1;0
11;11;11501238;2020;7;14;7;3;2;6;0;0;1;0;0;0;0;0
11;5;5100104;2020;7;12;5;2;5;3;0;0;1;0;0;0;0;1
11;4;4200206;2020;7;15;3;2;6;2;0;0;1;1;0;0;0;0
11;1;1401045;2020;7;19;7;3;5;3;0;1;1;0;0;0;0;0
11;2;2200209;2020;7;7;3;3;5;2;0;1;1;0;0;0;0;0
11;11;11501339;2020;7;17;2;3;5;2;0;1;1;0;0;0;0;0
11;11;11300722;2020;7;18;7;3;5;3;0;1;1;0;0;0;0;0
11;5;5100317;2020;7;14;5;3;5;3;0;0;1;0;0;0;0;1
11;12;12500930;2020;7;4;3;3;0;2;1;1;1;0;0;0;0;0
11;6;6300528;2020;7;17;4;3;5;3;0;1;1;0;0;0;0;0
11;2;2200212;2020;7;15;4;3;2;6;0;0;1;0;0;0;1;1
11;10;10100209;2020;7;7;3;3;5;3;0;1;1;0;0;0;0;0
11;4;4501045;2020;7;9;3;3;5;2;0;1;1;0;0;0;0;0
11;1;1100311;2020;7;17;7;3;5;2;0;1;1;0;0;0;0;0
11;5;5100313;2020;7;23;3;3;1;7;2;0;1;0;0;0;0;1
11;11;11200513;2020;7;8;2;3;0;3;0;1;1;0;0;0;0;0
11;5;5100209;2020;7;18;7;3;5;3;0;1;1;0;0;0;0;0
11;3;3300516;2020;7;10;5;3;5;2;0;0;1;0;1;0;0;0
11;8;8200622;2020;7;22;3;3;2;6;2;0;1;0;0;0;0;1
11;3;3500932;2020;7;14;4;3;5;2;0;1;1;0;0;0;0;0
11;5;5100316;2020;7;10;4;3;0;6;0;0;1;0;0;0;0;1
11;12;12500930;2020;7;22;3;3;0;2;2;0;1;1;0;0;0;1
11;1;1400938;2020;7;11;4;3;5;2;0;1;0;0;0;0;1;0
11;3;3601450;2020;7;13;4;3;0;1;0;1;0;0;0;0;0;1
11;4;4400833;2020;7;21;3;3;0;7;2;0;0;0;1;0;0;1
11;8;8100520;2020;7;7;3;3;2;6;0;0;1;0;0;0;0;0
11;4;4501149;2020;7;16;7;3;5;2;0;1;1;0;0;0;0;0
11;11;11200411;2020;7;20;3;2;0;1;0;0;0;0;1;0;0;0
11;8;8401241;2020;7;7;2;3;1;5;0;1;1;0;0;0;0;0
11;11;11501341;2020;7;16;7;3;5;2;0;1;1;0;0;0;0;0
11;2;2100102;2020;7;8;5;3;5;2;0;1;1;0;0;0;0;1
11;10;10100102;2020;7;11;4;2;5;2;0;0;1;0;0;0;0;0
11;8;8100206;2020;7;18;3;3;0;4;0;1;0;1;0;0;0;0
11;5;5300841;2020;7;17;3;3;5;2;0;1;1;0;0;0;0;0
11;11;11300620;2020;7;18;3;2;5;3;0;1;1;0;0;0;0;0
11;2;2300419;2020;7;20;7;3;0;5;0;1;1;0;0;0;0;0
11;1;1100102;2020;7;14;2;3;5;7;0;0;1;0;1;0;0;0
11;2;2200211;2020;7;16;5;3;0;1;0;1;0;0;0;0;0;1
11;11;11401137;2020;7;18;3;2;6;4;0;0;1;1;0;0;0;0
11;4;4300623;2020;7;22;3;3;6;7;2;1;0;1;0;0;0;0
11;1;1100310;2020;7;16;7;3;6;4;0;0;0;1;0;0;1;0
11;9;9100101;2020;7;14;2;3;5;2;0;1;1;0;0;0;0;0
11;4;4400726;2020;7;18;5;2;0;7;0;1;0;0;0;0;0;1
11;4;4300622;2020;7;19;3;3;5;3;0;1;0;0;0;0;0;0
11;7;7601545;2020;7;17;2;3;5;3;0;1;0;0;1;0;0;0
11;8;8100418;2020;7;17;4;3;3;6;0;1;0;0;0;0;1;0
11;6;6200421;2020;7;18;2;3;5;2;0;1;1;0;0;0;0;0
11;5;5100209;2020;7;6;4;2;5;3;0;0;1;0;0;0;0;0
11;5;5200631;2020;7;15;3;3;5;7;0;1;1;0;0;0;0;0
11;9;9100203;2020;7;17;3;2;0;1;0;1;0;0;0;0;0;0
11;2;2200209;2020;7;23;2;2;5;2;2;0;1;0;1;0;0;0
11;1;1100205;2020;7;15;7;3;5;3;0;1;1;0;0;0;0;0
11;11;11200410;2020;7;14;2;3;5;2;0;1;1;0;0;0;0;0
11;1;1100311;2020;7;15;5;3;1;5;0;0;1;0;0;0;0;1
11;11;11501238;2020;7;17;3;2;5;3;0;1;1;0;0;0;0;0
11;2;2400625;2020;7;17;2;3;1;5;0;1;1;0;0;0;0;0
11;4;4300622;2020;7;18;4;2;0;7;0;1;0;0;0;0;0;0
11;4;4501150;2020;7;16;4;3;5;2;0;1;1;0;0;0;0;1
11;5;5400944;2020;7;17;3;3;2;2;0;0;0;0;1;0;1;0
11;4;4501040;2020;7;18;2;3;2;6;0;0;1;0;0;0;0;0
11;4;4501042;2020;7;22;4;3;0;1;2;0;1;0;1;0;0;1
11;1;1100309;2020;7;0;4;3;0;1;2;1;0;0;0;0;0;0
11;6;6400735;2020;7;14;7;3;2;6;0;1;1;0;0;0;0;0
11;1;1300836;2020;7;22;3;1;6;4;2;0;1;1;0;0;0;0
11;9;9501737;2020;7;14;3;3;2;6;0;0;1;0;0;0;0;0
11;3;3601142;2020;7;14;7;3;3;6;0;1;0;0;0;0;0;0
11;3;3300411;2020;7;19;2;3;5;3;0;0;1;0;0;0;0;0
11;1;1100308;2020;7;21;2;3;2;2;2;1;1;0;0;0;0;0
11;2;2300314;2020;7;10;7;3;2;6;0;0;1;0;0;0;0;0
11;10;10100311;2020;7;13;5;3;0;3;0;0;0;0;0;0;1;1
11;10;10300733;2020;7;16;2;3;7;7;0;1;0;0;0;0;0;0
11;3;3601346;2020;7;18;2;3;5;3;0;1;0;0;0;0;0;0
11;4;4400833;2020;7;16;4;3;2;2;0;0;1;0;0;0;0;0
11;2;2100104;2020;7;15;4;3;5;3;0;1;1;0;0;0;0;1
11;11;11200410;2020;7;11;2;3;5;3;0;0;1;0;0;0;1;0
11;1;1100416;2020;7;9;3;3;1;5;0;1;1;0;0;0;0;0
11;6;6100206;2020;7;9;7;3;1;5;0;1;1;0;0;0;0;0
11;8;8100105;2020;7;7;2;2;6;2;0;0;1;1;0;0;0;0
11;12;12100101;2020;7;21;2;3;5;2;0;1;1;0;0;0;0;0
11;12;12200307;2020;7;10;3;3;0;2;0;1;1;0;0;0;0;0
11;4;4501043;2020;7;19;7;2;5;3;0;1;1;0;0;0;0;0
11;11;11200410;2020;7;22;2;3;6;4;2;0;1;1;0;0;0;0
11;4;4400727;2020;7;11;2;2;6;7;0;0;0;1;0;0;1;0
11;3;3400725;2020;7;18;7;2;2;7;0;0;1;0;0;0;0;1
11;6;6200422;2020;7;11;5;3;5;2;0;1;1;0;0;0;0;0
11;7;7400721;2020;7;19;2;3;2;6;0;0;1;0;0;0;0;1
11;6;6200313;2020;7;19;2;3;5;2;0;0;1;0;0;0;0;0
11;4;4100101;2020;7;15;4;3;5;2;0;0;1;0;0;0;0;0
11;12;12500928;2020;7;12;4;2;5;2;0;0;1;0;1;0;0;1
11;5;5200629;2020;7;19;2;2;2;6;0;0;1;0;1;0;0;0
11;4;4501147;2020;7;7;3;3;0;1;0;1;0;0;0;0;0;0
11;1;1100415;2020;7;15;7;2;0;1;0;1;0;0;0;0;0;0
11;9;9501939;2020;7;13;2;3;2;6;0;0;1;0;0;0;0;0
11;5;5200524;2020;7;19;2;3;2;7;0;0;1;0;0;0;0;0
11;10;10100206;2020;7;17;2;3;2;5;0;0;1;0;0;0;0;0
11;5;5100104;2020;7;20;6;3;2;6;0;0;1;0;0;0;0;0
11;7;7300516;2020;7;22;5;3;0;3;2;0;1;0;1;0;0;1
11;2;2500728;2020;7;8;2;3;2;2;0;1;1;0;0;0;0;0
11;2;2100102;2020;7;17;6;2;6;2;0;0;1;1;0;0;0;0
11;1;1200623;2020;7;10;5;3;1;5;0;1;1;0;0;0;0;0
11;4;4501043;2020;7;18;2;3;5;2;0;0;1;0;1;0;0;0
11;1;1300733;2020;7;14;4;3;5;2;0;1;1;0;0;0;0;0
11;6;6300629;2020;7;8;4;3;5;3;0;0;1;0;0;0;0;1
11;6;6300634;2020;7;18;2;3;5;2;0;0;1;0;1;0;0;0
11;6;6400737;2020;7;20;3;2;0;1;0;0;0;0;1;0;0;0
11;12;12200309;2020;7;16;6;3;2;6;0;0;1;0;0;0;0;1
11;8;8200623;2020;7;12;2;2;2;2;0;0;1;0;0;0;1;0
11;6;6200311;2020;7;17;5;3;2;2;0;0;1;0;0;0;1;1
11;3;3601245;2020;7;16;2;3;5;2;0;1;0;0;0;0;0;1
11;6;6100103;2020;7;19;2;3;5;3;0;0;1;0;1;0;0;0
11;8;8100417;2020;7;10;4;3;1;5;0;1;1;0;0;0;0;0
11;9;9401534;2020;7;19;4;3;5;3;0;1;1;0;0;0;0;1
11;8;8100418;2020;7;20;2;3;0;3;1;1;1;0;0;0;0;0
11;4;4400835;2020;7;8;4;3;5;3;0;1;1;0;0;0;0;0
11;4;4500937;2020;7;15;3;3;0;1;0;1;1;0;0;0;0;0
11;5;5200629;2020;7;17;2;3;0;6;0;0;1;0;0;0;1;0
11;2;2100106;2020;7;9;4;3;0;1;0;1;0;0;0;0;0;0
11;1;1100310;2020;7;13;3;3;5;3;0;1;1;0;0;0;0;0
11;9;9401534;2020;7;17;2;2;0;1;0;1;0;0;0;0;0;1
11;5;5100101;2020;7;17;3;2;5;3;0;1;1;0;0;0;0;0
11;9;9200510;2020;7;15;6;3;2;6;0;0;1;0;0;0;1;1
11;4;4400728;2020;7;10;2;2;2;2;0;1;1;0;0;0;0;0
11;8;8401241;2020;7;16;5;2;6;4;0;0;1;1;0;0;0;1
11;9;9301126;2020;7;17;2;3;5;3;0;1;1;0;0;0;0;1
11;12;12200412;2020;7;20;4;3;0;7;0;0;0;0;1;0;0;0
11;11;11200410;2020;7;17;4;3;2;6;0;0;1;0;0;0;0;1
11;9;9200512;2020;7;15;6;2;5;2;0;1;1;0;0;0;0;0
11;3;3501038;2020;7;17;2;3;0;3;0;0;1;0;0;0;1;0
11;8;8100105;2020;7;12;3;3;2;6;0;1;0;0;0;0;1;0
11;1;1100308;2020;7;15;6;3;5;2;0;1;1;0;0;0;0;1
11;1;1100207;2020;7;16;2;3;1;5;0;1;1;0;0;0;0;0
11;10;10400837;2020;7;6;2;3;5;3;0;0;1;0;0;0;1;0
11;3;3300413;2020;7;15;6;3;5;3;0;0;1;0;0;0;0;1
11;2;2500831;2020;7;12;5;2;0;1;0;0;0;0;1;0;0;1
11;9;9401534;2020;7;16;2;2;6;4;0;1;0;1;0;0;0;0
11;11;11200411;2020;7;17;2;3;5;2;0;1;1;0;0;0;0;0
11;11;11300721;2020;7;16;4;3;5;2;0;0;1;0;0;0;1;0
11;8;8200727;2020;7;18;2;3;0;7;0;0;1;0;0;0;1;0
11;5;5100316;2020;7;15;6;3;6;2;0;0;1;1;0;0;0;0
11;2;2300418;2020;7;14;5;3;2;1;0;0;1;0;0;0;0;1
11;9;9401635;2020;7;13;2;3;0;1;0;1;0;0;0;0;1;0
11;2;2400624;2020;7;18;4;3;0;1;0;1;0;0;0;0;0;0
11;4;4300416;2020;7;15;4;3;0;3;0;1;1;0;0;0;0;1
11;1;1100205;2020;7;16;2;3;6;4;0;1;0;1;0;0;0;0
11;1;1100308;2020;7;10;3;2;5;3;0;1;0;0;0;0;0;0
11;4;4200310;2020;7;15;6;3;2;6;0;0;1;0;1;0;0;1
11;4;4300620;2020;7;16;2;3;5;3;0;1;0;0;0;0;0;0
11;4;4400832;2020;7;9;2;3;1;5;0;1;1;0;0;0;0;0
11;8;8200623;2020;7;13;6;3;1;5;0;1;0;0;1;0;0;0
11;7;7400826;2020;7;10;5;2;5;2;0;0;1;0;0;0;1;0
11;11;11400929;2020;7;16;2;3;5;2;0;1;1;0;0;0;0;0
11;4;4200308;2020;7;14;4;3;0;7;0;0;0;0;1;0;0;1
11;3;3500934;2020;7;11;4;3;5;2;0;0;1;0;0;0;0;1
11;12;12100101;2020;7;15;2;2;6;4;0;0;1;1;0;0;0;0
11;1;1100310;2020;7;23;3;2;0;1;2;0;0;0;0;0;1;0
11;1;1100308;2020;7;14;6;3;1;6;0;1;1;0;0;0;0;1
11;7;7501134;2020;7;14;4;3;5;2;0;0;1;0;0;0;0;1
11;7;7501031;2020;7;15;2;3;5;7;0;0;1;0;0;0;0;0
11;2;2400522;2020;7;8;3;3;0;7;0;1;0;0;0;0;0;0
11;10;10400835;2020;7;14;6;3;6;4;0;0;1;1;0;0;0;1
11;7;7400928;2020;7;14;2;3;0;3;0;0;1;0;1;0;0;0
11;1;1300733;2020;7;8;2;2;5;5;0;0;1;0;1;0;0;0
11;1;1100101;2020;7;13;6;3;2;6;0;0;1;0;0;0;0;1
11;1;1100207;2020;7;9;5;2;0;1;0;0;0;0;0;0;1;0
11;11;11100204;2020;7;11;2;3;5;2;0;0;1;0;0;0;0;0
11;9;9100203;2020;7;16;2;3;3;6;0;1;0;0;0;0;1;0
11;1;1400938;2020;7;11;4;3;0;6;0;0;1;0;1;0;0;0
11;5;5100210;2020;7;5;4;2;5;3;1;0;1;0;1;0;0;0
11;4;4300623;2020;7;11;2;3;0;7;0;0;1;0;1;0;0;0
11;9;9200717;2020;7;18;3;3;6;4;0;0;1;1;0;0;0;0
11;10;10100311;2020;7;14;6;3;2;6;0;0;1;0;0;0;0;1