LAND;BEZ;LOR_ab_2021;UJAHR;UMONAT;USTUNDE;UWOCHENTAG;UKATEGORIE;UART;UTYP1;ULICHTVERH;IstRad;IstPKW;IstFuss;IstKrad;IstGkfz;IstSonstige;USTRZUSTAND
11;11;11501238;2020;7;23;1;3;1;5;2;1;1;0;0;0;0;0
11;1;1401046;2020;7;17;5;3;0;5;0;0;1;0;1;0;0;1
11;6;6400843;2020;7;14;2;3;5;3;0;1;0;0;0;0;1;0
11;2;2100102;2020;7;23;4;3;5;7;2;0;1;0;0;0;0;1
11;5;5100208;2020;7;23;1;3;2;6;2;0;1;0;1;0;0;0
11;7;7601339;2020;7;11;5;3;5;2;0;1;1;0;0;0;0;0
11;2;2200210;2020;7;13;2;3;5;3;0;0;1;0;0;0;0;0
11;4;4501146;2020;7;17;2;3;3;6;0;1;0;0;0;0;0;0
11;2;2300417;2020;7;19;5;3;0;7;0;0;0;0;1;0;0;1
11;4;4300412;2020;7;9;4;2;2;6;0;0;1;0;0;0;0;0
11;1;1200628;2020;7;15;3;2;5;3;0;1;0;0;0;0;1;0
11;3;3500932;2020;7;10;2;3;0;4;0;0;0;1;0;0;1;0
11;5;5300737;2020;7;17;3;3;5;2;0;0;1;0;0;1;0;0
11;10;10200524;2020;7;11;6;3;6;7;0;0;1;1;0;0;0;0
11;4;4501043;2020;7;22;1;3;5;2;2;1;1;0;0;0;0;0
11;1;1300733;2020;7;15;5;3;0;6;0;0;0;0;1;0;1;1
11;6;6200313;2020;7;10;2;3;1;5;0;0;1;0;0;0;0;0
11;2;2200209;2020;7;18;4;3;5;2;0;1;1;0;0;0;0;0
11;4;4300624;2020;7;16;4;3;6;4;0;1;0;1;0;0;0;1
11;8;8100415;2020;7;9;2;3;5;2;0;1;1;0;0;0;0;0
11;12;12200307;2020;7;11;3;3;5;3;0;0;1;0;0;0;0;0
11;4;4300414;2020;7;11;6;3;2;6;0;0;1;0;1;0;0;1
11;11;11400931;2020;7;11;4;3;2;6;0;0;1;0;0;0;0;1
11;6;6200313;2020;7;9;6;3;6;2;0;0;0;1;0;0;1;1
11;6;6100206;2020;7;21;4;3;0;1;0;0;1;0;0;0;0;0
11;1;1100415;2020;7;14;3;3;3;2;0;1;1;0;0;0;0;0
11;1;1300733;2020;7;9;6;3;5;3;0;0;1;0;0;0;0;1
11;8;8100209;2020;7;9;2;3;5;3;0;0;1;0;0;0;0;0
11;4;4501042;2020;7;22;2;3;5;3;2;1;1;0;0;0;0;0
11;12;12200515;2020;7;8;6;3;5;3;0;1;1;0;0;0;0;1
11;9;9200613;2020;7;13;5;2;2;6;0;0;1;0;1;0;0;1
11;8;8100417;2020;7;8;2;3;5;3;0;0;1;0;1;0;0;0
11;4;4501045;2020;7;17;4;3;5;2;0;1;1;0;0;0;0;0
11;9;9100306;2020;7;15;4;3;5;2;0;0;1;0;0;0;1;1
11;3;3601347;2020;7;13;2;3;5;7;0;1;1;0;0;0;0;0
11;6;6200312;2020;7;9;3;3;2;6;0;1;1;0;0;0;0;0
11;7;7200308;2020;7;8;6;3;5;3;0;1;1;0;0;0;0;1
11;2;2500726;2020;7;13;2;3;0;1;0;1;0;0;0;0;0;0
11;4;4400726;2020;7;8;2;3;5;7;0;1;1;0;0;0;0;0
11;7;7601546;2020;7;8;6;3;5;3;0;1;1;0;0;0;0;1
11;3;3500932;2020;7;4;5;3;1;7;1;0;1;0;0;0;0;0
11;9;9501737;2020;7;12;2;3;1;5;0;1;1;0;0;0;0;0
11;10;10100313;2020;7;12;2;3;5;3;0;0;1;0;0;0;0;0
11;1;1200520;2020;7;10;2;3;0;6;0;1;1;0;0;0;0;0
11;3;3500934;2020;7;6;6;2;0;7;0;0;1;0;1;0;0;1
11;9;9200510;2020;7;11;5;3;3;6;0;0;1;0;0;1;0;0
11;7;7200307;2020;7;8;2;3;5;2;0;1;1;0;0;0;0;0
11;2;2400623;2020;7;15;4;3;5;3;0;1;1;0;0;0;0;0
11;9;9401635;2020;7;12;4;2;4;6;0;0;1;0;0;0;0;0
11;1;1100310;2020;7;7;2;3;0;7;0;0;0;0;1;0;0;1
11;9;9100306;2020;7;7;3;3;5;3;0;1;1;0;0;0;0;0
11;3;3601142;2020;7;5;6;3;2;1;0;0;1;0;0;0;0;1
11;5;5300737;2020;7;7;2;3;5;2;0;1;0;0;0;1;0;0
11;1;1100309;2020;7;0;2;3;6;2;2;0;1;1;0;0;0;0
11;4;4501149;2020;7;17;5;3;5;5;0;1;1;0;0;0;0;0
11;5;5100101;2020;7;7;5;3;5;3;0;0;1;0;1;0;0;0
11;10;10300733;2020;7;10;4;3;2;6;0;0;1;0;0;0;0;0
11;9;9200510;2020;7;15;3;3;2;6;0;0;1;0;0;0;0;0
11;5;5100316;2020;7;14;4;3;2;6;0;0;1;0;0;0;0;0
11;9;9200510;2020;7;9;4;3;5;3;0;1;1;0;0;0;0;1
11;2;2100102;2020;7;7;2;3;5;3;0;1;1;0;0;0;0;0
11;2;2500832;2020;7;21;3;3;2;6;1;1;1;0;0;0;0;0
11;8;8100415;2020;7;16;5;2;5;3;0;1;1;0;0;0;0;1
11;8;8100206;2020;7;16;1;3;0;5;0;0;1;0;1;0;0;0
11;12;12500824;2020;7;18;5;3;2;6;0;0;1;0;0;0;1;1
11;6;6300525;2020;7;5;2;3;5;3;0;0;1;0;0;0;0;0
11;4;4500937;2020;7;17;2;3;5;7;0;0;1;0;1;0;0;0
11;7;7200409;2020;7;16;2;2;5;2;0;0;1;0;0;0;0;0
11;4;4300622;2020;7;15;4;3;6;2;0;0;1;1;0;0;0;0
11;8;8301036;2020;7;16;2;3;3;6;0;1;1;0;0;0;0;0
11;2;2100102;2020;7;5;4;3;0;1;0;0;0;0;1;0;0;0
11;6;6400843;2020;7;15;3;3;2;6;0;0;1;0;0;0;0;0
11;4;4500937;2020;7;22;1;3;0;7;2;0;1;0;1;0;0;1
11;1;1100313;2020;7;15;2;3;4;6;0;1;0;0;0;0;0;0
11;4;4300619;2020;7;14;5;3;0;1;0;1;0;0;0;0;0;1
11;5;5300737;2020;7;15;5;3;0;1;0;0;0;0;1;0;0;1
11;6;6100205;2020;7;20;1;2;0;1;0;0;0;0;1;0;0;0
11;3;3601348;2020;7;16;3;3;3;6;0;1;0;0;0;0;1;0
11;4;4501042;2020;7;18;6;3;3;5;0;1;1;0;0;0;0;0
11;11;11300618;2020;7;10;6;3;5;2;0;1;1;0;0;0;0;0
11;5;5100313;2020;7;20;6;3;0;6;1;0;1;0;1;0;0;0
11;1;1100206;2020;7;12;2;3;5;5;0;1;1;0;0;0;0;0
11;6;6200313;2020;7;9;6;3;0;4;0;0;0;1;0;0;1;0
11;8;8200623;2020;7;18;1;3;5;3;0;1;1;0;0;0;0;1
11;6;6100101;2020;7;18;1;3;1;6;0;1;1;0;0;0;1;0
11;12;12100101;2020;7;9;6;3;5;2;0;1;1;0;0;0;0;0
11;10;10300731;2020;7;8;4;3;0;5;0;0;1;0;0;0;0;0
11;4;4300414;2020;7;17;7;3;5;3;0;1;1;0;0;0;0;0
11;7;7400721;2020;7;8;6;3;5;2;0;1;1;0;0;0;0;0
11;5;5100209;2020;7;11;3;3;5;2;0;0;1;0;1;0;0;0
11;8;8100314;2020;7;14;6;3;2;7;0;0;0;0;1;0;1;0
11;2;2400521;2020;7;0;6;3;0;2;2;1;0;0;0;0;1;0
11;8;8100312;2020;7;11;2;3;0;2;0;1;0;0;0;0;1;0
11;6;6100205;2020;7;17;5;3;2;6;0;0;1;0;0;0;0;0
11;9;9401534;2020;7;6;5;2;0;3;0;1;0;0;0;0;0;1
11;9;9501939;2020;7;20;1;3;0;1;1;0;0;0;1;0;0;1
11;4;4100101;2020;7;20;7;3;3;6;0;0;1;0;0;0;0;0
11;2;2300315;2020;7;13;3;3;5;2;0;0;0;0;1;0;1;0
11;3;3701554;2020;7;18;5;2;6;4;0;0;1;1;0;0;0;0
11;1;1200522;2020;7;13;1;3;0;2;0;1;1;0;0;0;0;1
11;11;11200513;2020;7;17;1;3;5;3;0;1;1;0;0;0;0;0
11;12;12200515;2020;7;12;3;3;2;6;0;0;1;0;0;0;0;0
11;6;6400737;2020;7;13;7;2;3;6;0;1;0;0;0;0;0;0
11;5;5100211;2020;7;16;5;3;1;5;0;1;1;0;0;0;0;0
11;5;5100315;2020;7;10;3;2;5;3;0;0;1;0;1;0;0;0
11;1;1300733;2020;7;2;6;3;1;5;2;0;1;0;0;0;0;0
11;8;8100209;2020;7;12;5;3;2;7;0;0;1;0;0;0;1;0
11;1;1100205;2020;7;16;2;3;5;2;0;1;1;0;0;0;0;1
11;7;7501031;2020;7;16;5;3;2;2;0;1;1;0;0;0;0;0
11;1;1200624;2020;7;20;4;3;5;2;0;0;1;0;0;0;0;0
11;7;7300517;2020;7;18;1;3;3;6;0;0;0;0;1;0;1;1
11;8;8100417;2020;7;17;7;3;5;3;0;1;1;0;0;0;0;0
11;1;1300733;2020;7;19;3;3;5;2;0;1;1;0;0;0;0;0
11;3;3500935;2020;7;18;6;2;4;6;0;1;0;0;0;0;0;0
11;2;2100104;2020;7;12;5;3;2;6;0;0;1;0;0;0;0;1
11;8;8100312;2020;7;20;6;3;5;3;0;0;1;0;1;0;0;0
11;9;9401534;2020;7;7;3;3;5;3;0;1;1;0;0;0;0;0
11;2;2300417;2020;7;13;6;3;5;3;0;1;1;0;0;0;0;0
11;6;6200421;2020;7;15;5;3;1;5;0;1;1;0;0;0;0;1
11;10;10100311;2020;7;10;7;3;5;2;0;1;1;0;0;0;0;0
11;3;3500935;2020;7;15;5;3;6;4;0;0;1;1;0;0;0;0
11;10;10100311;2020;7;15;3;3;5;2;0;1;1;0;0;0;0;0
11;5;5400945;2020;7;21;6;2;0;7;2;1;0;0;0;0;0;0
11;2;2500830;2020;7;14;5;3;5;3;0;1;0;0;0;0;1;0
11;10;10100205;2020;7;14;2;3;0;2;0;0;1;0;1;0;0;0
11;4;4501042;2020;7;18;4;2;1;5;0;1;1;0;0;0;0;0
11;2;2500830;2020;7;22;7;3;0;1;2;0;0;0;1;0;0;0
11;10;10100316;2020;7;11;7;3;5;2;0;0;1;0;0;0;1;0
11;11;11300721;2020;7;18;3;2;0;1;0;1;0;0;0;0;0;0
11;4;4501153;2020;7;15;6;3;1;5;0;1;1;0;0;0;0;0
11;8;8200624;2020;7;14;5;3;5;2;0;0;1;0;1;0;0;0
11;2;2100101;2020;7;7;6;3;4;6;0;1;0;0;0;0;0;0
11;8;8100312;2020;7;17;2;3;1;5;0;1;1;0;0;0;0;0
11;3;3601449;2020;7;3;6;3;0;1;2;1;0;0;0;0;0;1
11;10;10400940;2020;7;21;1;3;5;2;2;1;1;0;0;0;0;1
11;8;8401241;2020;7;3;1;3;1;5;2;1;1;0;0;0;0;0
11;2;2400522;2020;7;14;5;3;5;3;0;1;1;0;0;0;0;0
11;2;2200211;2020;7;10;4;3;5;2;0;1;1;0;0;0;0;0
11;6;6400736;2020;7;18;7;3;5;3;0;1;1;0;0;0;0;0
11;5;5300737;2020;7;13;2;3;2;6;0;0;1;0;0;1;0;0
11;2;2300315;2020;7;1;1;3;1;5;2;0;1;0;0;0;0;1
11;8;8100418;2020;7;16;4;3;1;7;0;0;1;0;0;0;0;0
11;11;11501238;2020;7;19;7;3;5;2;0;1;1;0;0;0;0;0
11;11;11200410;2020;7;17;3;3;5;3;0;1;1;0;0;0;0;0
11;1;1401049;2020;7;16;6;3;1;5;0;1;1;0;0;0;0;0
11;2;2400520;2020;7;13;5;2;0;1;0;1;0;0;0;0;0;1
11;3;3200205;2020;7;14;6;2;6;2;0;0;1;1;0;0;0;1
11;10;10400837;2020;7;12;2;2;0;7;0;1;0;0;0;0;0;0
11;1;1200517;2020;7;16;5;3;0;1;0;1;0;0;0;0;0;0
11;7;7100102;2020;7;16;1;3;3;6;0;0;1;0;0;0;0;0
11;6;6400737;2020;7;18;1;2;5;7;0;1;1;0;0;0;0;0
11;3;3601142;2020;7;13;5;3;0;3;0;1;1;0;0;0;0;0
11;1;1100415;2020;7;6;4;3;2;6;0;0;0;0;0;0;1;0
11;12;12100204;2020;7;16;7;3;0;3;0;1;1;0;0;0;0;0
11;1;1100308;2020;7;13;5;3;6;4;0;1;0;1;0;0;0;0
11;8;8300934;2020;7;10;3;3;2;6;0;0;1;0;1;0;0;0
11;1;1400938;2020;7;13;6;3;2;2;0;0;1;0;1;0;1;0
11;9;9401534;2020;7;13;5;3;2;6;0;0;0;0;1;0;1;0
11;1;1100207;2020;7;12;5;3;1;5;0;1;0;0;0;1;0;0
11;1;1100103;2020;7;12;3;3;5;3;0;0;1;0;1;0;0;0
11;12;12100206;2020;7;15;6;2;5;5;0;0;1;0;1;0;0;0
11;1;1100415;2020;7;11;5;3;0;6;0;1;0;0;1;0;0;1
11;7;7501030;2020;7;16;2;3;6;7;0;0;1;1;0;0;0;0
11;6;6400737;2020;7;19;5;2;5;2;0;1;1;0;0;0;0;0
11;8;8200832;2020;7;18;5;3;5;3;0;1;1;0;0;0;0;0
11;1;1100309;2020;7;14;5;3;2;7;0;1;1;0;0;0;0;0
11;3;3500936;2020;7;10;1;3;1;7;0;0;1;0;0;0;0;0
11;12;12200414;2020;7;13;1;3;2;6;0;1;0;0;0;0;0;0
11;6;6400839;2020;7;14;3;3;2;6;0;0;1;0;0;0;0;0
11;7;7400822;2020;7;12;7;2;3;6;0;1;1;0;0;0;0;0
11;8;8100415;2020;7;11;5;2;5;2;0;0;0;0;0;0;1;0
11;9;9401329;2020;7;9;3;3;5;3;0;0;1;0;0;0;0;0
11;2;2400625;2020;7;1;6;3;0;1;2;1;0;0;0;0;0;0
11;7;7100102;2020;7;11;5;3;5;7;0;0;1;0;0;0;0;0
11;9;9300920;2020;7;15;2;3;1;5;0;1;1;0;0;0;0;0
11;1;1200625;2020;7;15;5;2;3;6;0;1;0;0;0;0;0;0
11;8;8200726;2020;7;19;4;3;2;6;0;0;1;0;0;0;0;0
11;2;2300314;2020;7;19;7;3;2;6;0;0;1;0;0;0;0;0
11;6;6400735;2020;7;14;7;3;0;2;0;1;1;0;0;0;0;0
11;11;11100102;2020;7;8;2;3;2;2;0;0;1;0;0;0;1;0
11;3;3300516;2020;7;16;5;3;2;6;0;0;1;0;0;0;1;0
11;7;7100102;2020;7;20;4;3;5;2;1;0;1;0;0;0;0;0
11;6;6300528;2020;7;19;1;3;0;7;0;0;0;0;1;0;0;1
11;2;2300419;2020;7;20;7;2;5;3;0;1;0;0;0;0;1;0
11;2;2200208;2020;7;23;3;3;6;4;2;1;0;1;0;0;0;0
11;6;6100207;2020;7;4;7;3;1;5;2;0;1;0;1;0;0;0
11;12;12200309;2020;7;11;5;2;5;2;0;1;1;0;0;0;0;0
11;5;5200629;2020;7;8;3;3;6;4;0;1;0;1;0;0;0;0
11;4;4300624;2020;7;20;6;2;0;1;1;0;0;0;0;0;1;0
11;6;6100103;2020;7;11;5;3;4;6;0;1;1;0;0;0;0;1
11;7;7100102;2020;7;13;2;3;5;3;0;0;1;0;1;0;0;0
11;9;9100306;2020;7;12;2;3;3;2;0;0;1;0;0;1;0;0
11;8;8100208;2020;7;17;4;3;0;1;0;1;0;0;0;0;0;0
11;3;3300514;2020;7;19;7;3;2;7;0;0;1;0;0;0;0;0
11;1;1200623;2020;7;18;3;3;0;6;0;1;1;0;0;0;0;0
11;1;1100414;2020;7;18;6;3;0;7;0;1;1;0;0;0;0;0
11;4;4500937;2020;7;11;5;3;5;3;0;1;0;0;0;0;1;2
11;1;1401043;2020;7;5;6;2;6;4;0;1;0;1;0;0;0;0
11;2;2300419;2020;7;19;3;3;0;7;0;0;1;0;1;0;0;0
11;8;8300935;2020;7;13;6;3;2;6;0;0;1;0;0;0;0;0
11;6;6200313;2020;7;10;5;2;0;6;0;0;1;0;0;0;1;0
11;8;8100206;2020;7;15;6;3;6;4;0;1;0;1;0;0;0;0
11;1;1100310;2020;7;6;3;2;6;2;0;0;1;1;0;0;0;0
11;6;6200421;2020;7;12;6;2;5;7;0;0;1;0;1;0;0;0
11;4;4300622;2020;7;21;1;2;5;3;2;0;1;0;0;0;0;0
11;10;10300731;2020;7;11;1;3;6;4;0;0;1;1;0;0;0;0
11;12;12200307;2020;7;11;7;3;5;2;0;0;1;0;1;0;0;0
11;12;12200411;2020;7;14;4;3;3;6;0;0;1;0;0;1;0;0
11;3;3601243;2020;7;19;7;3;6;4;0;1;0;1;0;0;0;0
11;3;3300514;2020;7;16;3;2;5;3;0;0;1;0;1;0;0;0
11;8;8200833;2020;7;16;6;3;2;6;0;0;1;0;0;0;0;0
11;7;7300517;2020;7;8;5;3;5;2;0;0;1;0;0;0;0;0
11;8;8100521;2020;7;17;6;3;5;3;0;0;1;0;0;0;1;0
11;1;1300733;2020;7;16;2;3;1;7;0;1;1;1;0;0;0;1
11;2;2300315;2020;7;23;5;3;5;2;2;1;1;0;0;0;0;0
11;12;12100103;2020;7;3;7;3;1;7;2;0;1;0;0;0;0;0
11;9;9200715;2020;7;14;1;3;5;2;0;0;1;0;0;0;0;0
11;2;2300418;2020;7;17;1;3;5;2;0;1;1;0;0;0;0;0
11;12;12200308;2020;7;12;2;3;0;1;0;1;0;0;0;0;0;0
11;4;4501148;2020;7;10;6;3;2;2;0;0;1;0;0;0;0;0
11;12;12200412;2020;7;9;7;3;5;7;0;0;1;0;1;0;0;0
11;4;4400835;2020;7;18;1;3;6;7;0;0;1;1;0;0;0;0
11;9;9501736;2020;7;18;1;3;0;1;0;1;0;0;0;0;0;1
11;1;1200629;2020;7;8;5;3;5;2;0;1;1;0;0;0;0;0
11;9;9401534;2020;7;9;4;3;5;3;0;1;1;0;0;0;0;0
11;12;12500930;2020;7;17;7;3;5;3;0;1;1;0;0;0;0;0
11;1;1401046;2020;7;8;5;3;5;2;0;1;0;0;0;0;1;0
11;4;4501042;2020;7;11;3;3;5;3;0;1;1;0;0;0;0;0
11;8;8100415;2020;7;14;6;3;2;6;0;0;1;0;0;0;0;0
11;9;9200819;2020;7;7;5;3;0;1;0;0;0;0;1;0;0;1
11;7;7501134;2020;7;9;2;2;5;3;0;0;1;0;0;0;0;0
11;4;4300412;2020;7;17;5;3;5;2;0;0;1;0;1;0;0;0
11;4;4100101;2020;7;8;7;2;6;2;0;0;1;1;0;0;0;0
11;9;9100203;2020;7;10;5;3;6;4;0;0;1;1;0;0;0;0
11;1;1100415;2020;7;6;1;2;5;3;0;0;1;0;0;0;0;0
11;7;7601340;2020;7;21;7;2;5;3;1;0;1;0;0;0;1;0
11;3;3300517;2020;7;12;3;3;4;6;0;1;1;0;0;0;0;0
11;9;9300920;2020;7;10;7;3;5;3;0;1;1;0;0;0;0;0
11;6;6300526;2020;7;7;5;2;5;3;0;0;1;0;1;0;0;1
11;12;12200515;2020;7;16;3;2;5;3;0;1;0;0;1;0;0;0
11;1;1200628;2020;7;22;4;2;0;1;2;1;0;0;0;0;0;0
11;3;3300516;2020;7;15;7;2;3;6;0;1;1;0;0;0;0;0
11;7;7100102;2020;7;7;5;3;1;5;0;1;0;0;0;1;0;1
11;1;1100310;2020;7;10;3;3;5;3;0;1;1;0;0;0;0;0
11;2;2300418;2020;7;3;6;2;0;7;2;0;1;0;0;0;0;0
11;2;2200208;2020;7;7;5;3;5;2;0;1;1;0;0;0;0;1
11;3;3701554;2020;7;1;2;3;0;7;2;1;1;0;0;0;0;0
11;3;3601141;2020;7;16;5;3;5;2;0;1;1;0;0;0;0;0
11;2;2100104;2020;7;5;7;3;5;3;0;1;1;0;0;0;0;0
11;12;12400721;2020;7;20;4;2;0;1;0;1;0;0;0;0;0;0
11;6;6300526;2020;7;19;1;3;2;6;0;0;1;0;0;0;0;1
11;2;2500830;2020;7;18;7;3;1;1;0;1;1;0;0;0;0;0
11;9;9200511;2020;7;20;3;3;5;3;0;0;1;0;0;0;0;0
11;3;3400831;2020;7;1;7;2;0;1;2;1;0;0;0;0;0;0
11;3;3200309;2020;7;5;5;3;5;3;0;1;0;0;0;0;1;1
11;6;6300632;2020;7;14;6;3;5;3;0;0;1;0;0;0;1;0
11;10;10300734;2020;7;8;3;3;5;2;0;1;1;0;0;0;0;0
11;8;8100104;2020;7;13;6;3;1;5;0;1;1;0;0;0;0;0
11;4;4501042;2020;7;4;5;3;9;1;1;0;1;0;0;0;0;0
11;2;2100101;2020;7;13;2;3;5;7;0;0;1;0;1;0;0;0
11;8;8100208;2020;7;22;1;3;5;3;2;0;1;0;0;0;0;0
11;2;2500830;2020;7;21;6;3;2;6;1;0;1;0;1;0;0;0
11;4;4300623;2020;7;22;5;3;6;4;2;1;0;1;0;0;0;0
11;9;9100407;2020;7;14;2;3;3;6;0;0;1;0;1;0;0;0
11;10;10400837;2020;7;18;4;3;0;7;0;1;0;0;0;0;0;0
11;4;4501045;2020;7;21;7;3;5;7;1;0;1;0;0;0;0;0
11;10;10400939;2020;7;12;7;3;0;2;0;1;1;0;0;0;0;0
11;9;9501737;2020;7;18;3;3;5;3;0;0;1;0;1;0;0;0
11;1;1100311;2020;7;23;6;3;1;5;2;0;1;0;0;0;1;0
11;1;1100206;2020;7;21;5;3;5;2;1;1;1;0;0;0;0;0
11;3;3400619;2020;7;16;6;3;0;1;0;0;0;0;1;0;0;1
11;10;10300734;2020;7;5;3;3;5;3;0;0;1;0;1;0;0;0
11;12;12400619;2020;7;11;6;3;5;3;0;1;1;0;0;0;0;0
11;4;4200309;2020;7;10;6;3;5;2;0;0;1;0;0;0;0;0
11;9;9401329;2020;7;19;1;3;0;3;0;0;1;0;1;0;0;0
11;1;1100310;2020;7;6;1;3;3;6;0;1;0;0;0;0;0;0
11;1;1100207;2020;7;12;6;2;1;5;0;1;1;0;0;0;0;0
11;4;4300623;2020;7;13;4;3;2;6;0;1;1;0;0;0;0;0
11;12;12100204;2020;7;18;7;3;5;2;0;1;1;0;0;0;0;0
11;4;4400727;2020;7;12;3;3;5;3;0;0;1;0;0;0;0;0
11;1;1100309;2020;7;15;6;3;5;2;0;1;1;0;0;0;0;0
11;1;1100101;2020;7;16;4;3;0;1;0;1;0;0;0;0;0;0
11;3;3701555;2020;7;19;7;3;5;3;0;0;1;0;0;0;0;0
11;2;2200212;2020;7;17;3;3;5;2;0;1;0;0;0;0;0;0
11;8;8401242;2020;7;17;6;3;2;3;0;1;1;0;0;0;0;0
11;1;1300834;2020;7;20;5;3;5;3;0;1;1;0;0;0;0;0
11;8;8401242;2020;7;14;6;2;5;2;0;0;1;0;1;0;0;0
11;1;1100312;2020;7;19;2;2;2;6;0;1;0;0;0;0;0;0
11;12;12200308;2020;7;6;6;3;5;3;0;1;1;0;0;0;0;0
11;8;8200730;2020;7;17;1;3;5;2;0;1;1;0;0;0;0;1
11;6;6300526;2020;7;18;1;3;5;3;0;0;1;0;1;0;0;0
11;5;5200631;2020;7;20;5;3;2;7;0;1;0;0;0;0;0;0
11;4;4501042;2020;7;16;4;3;0;5;0;1;1;0;0;0;0;0
11;1;1100102;2020;7;16;7;3;2;6;0;0;1;0;0;0;1;0
11;12;12400617;2020;7;20;5;3;0;7;0;0;1;0;0;0;1;0
11;3;3200205;2020;7;11;3;3;5;3;0;1;1;0;0;0;0;0
11;8;8300934;2020;7;14;6;3;5;3;0;1;1;0;0;0;0;0
11;4;4300623;2020;7;19;5;3;2;7;0;1;1;0;0;0;0;0
11;9;9200716;2020;7;9;2;2;3;6;0;1;0;0;0;0;0;0
11;3;3400618;2020;7;17;5;3;5;3;0;1;0;0;0;0;0;0
11;5;5100105;2020;7;16;6;3;0;6;0;0;0;0;1;0;1;1
11;2;2100102;2020;7;6;5;3;0;6;0;0;1;0;1;0;0;1
11;6;6300525;2020;7;18;5;3;5;2;0;1;1;0;0;0;0;0
11;1;1100101;2020;7;11;2;3;5;2;0;1;1;0;0;0;0;0
11;4;4300413;2020;7;15;5;3;5;2;0;1;0;0;0;0;1;0
11;2;2200210;2020;7;18;5;2;5;3;0;1;1;0;0;0;0;0
11;5;5200423;2020;7;15;5;3;2;2;0;0;1;0;0;0;0;0
11;7;7601238;2020;7;11;1;3;0;3;0;1;0;0;1;0;0;1
11;1;1400938;2020;7;14;1;3;2;6;0;0;1;0;0;0;0;0
11;7;7400721;2020;7;15;3;3;0;6;0;1;1;0;0;0;0;0
11;4;4501153;2020;7;13;7;3;0;6;0;1;1;0;0;0;0;0
11;3;3200310;2020;7;18;5;3;5;3;0;0;1;0;0;0;0;1
11;5;5300736;2020;7;10;3;3;5;2;0;1;0;0;0;0;1;0
11;11;11300620;2020;7;1;6;2;5;3;2;1;1;0;0;0;0;0
11;2;2200213;2020;7;18;5;3;6;4;0;1;0;1;0;0;0;0
11;11;11200411;2020;7;15;2;3;2;6;0;0;1;0;0;1;0;1
11;6;6300632;2020;7;16;5;2;1;7;0;0;1;0;0;0;0;0
11;1;1300836;2020;7;20;4;3;5;5;0;0;1;0;0;0;1;0
11;7;7100101;2020;7;18;1;3;5;2;0;1;1;0;0;0;0;1
11;3;3601449;2020;7;15;7;3;2;6;0;0;1;0;1;0;0;0
11;2;2100104;2020;7;19;3;2;5;3;0;1;0;0;0;0;1;0
11;8;8100206;2020;7;17;6;3;0;7;0;0;1;0;1;0;0;0
11;4;4501151;2020;7;17;5;3;1;5;0;0;1;0;0;0;0;0
11;9;9401534;2020;7;19;1;3;0;6;0;0;1;0;1;0;0;1
11;7;7200307;2020;7;21;7;3;1;5;1;1;1;0;0;0;0;0
11;9;9200510;2020;7;13;3;3;3;6;0;1;1;0;0;1;0;0
11;10;10200525;2020;7;10;7;3;4;2;0;1;0;0;0;0;0;0
11;4;4501146;2020;7;16;5;3;5;2;0;0;1;0;1;0;0;0
11;10;10300731;2020;7;8;3;3;5;3;0;0;1;0;0;0;1;0
11;1;1100310;2020;7;20;6;3;2;7;0;0;1;0;1;0;0;0
11;7;7100102;2020;7;16;5;2;3;6;0;0;1;0;1;0;0;0
11;11;11300721;2020;7;13;2;3;5;3;0;1;1;0;0;0;0;0
11;4;4400728;2020;7;14;2;3;5;3;0;0;1;0;0;0;1;0
11;6;6100205;2020;7;15;6;3;5;3;0;1;1;0;0;0;0;0
11;4;4500937;2020;7;17;4;3;1;5;0;1;1;0;0;0;0;0
11;2;2400625;2020;7;20;7;3;6;4;0;0;1;1;0;0;0;0
11;3;3300516;2020;7;18;3;3;2;6;0;0;1;0;0;0;0;0
11;9;9301126;2020;7;19;6;3;5;3;0;1;0;0;0;0;0;0
11;10;10400940;2020;7;15;5;3;5;5;0;0;1;0;0;0;0;0
11;11;11200513;2020;7;14;6;3;2;6;0;0;1;0;0;0;0;0
11;10;10100311;2020;7;16;2;3;0;1;0;1;0;0;0;0;0;1
11;6;6200312;2020;7;10;6;3;5;3;0;1;1;0;0;0;0;0
11;2;2400625;2020;7;23;1;3;0;1;2;1;0;0;0;0;0;1
11;10;10400835;2020;7;14;6;3;1;5;0;0;1;0;0;0;0;0
11;9;9100304;2020;7;7;3;3;0;2;0;0;1;0;1;0;0;0
11;10;10400837;2020;7;12;6;3;5;3;0;0;1;0;1;0;0;0
11;4;4200309;2020;7;12;2;3;2;7;0;0;0;0;1;0;1;0
11;7;7300517;2020;7;2;1;3;0;1;2;1;0;0;0;0;0;0
11;9;9200715;2020;7;15;4;3;2;6;0;0;1;0;0;0;0;0
11;9;9100101;2020;7;14;7;3;5;3;0;0;1;0;0;0;0;0
11;8;8200730;2020;7;17;3;2;2;6;0;0;1;0;0;0;0;0
11;9;9501736;2020;7;16;6;3;2;6;0;0;1;0;0;0;0;0
11;3;3400724;2020;7;15;5;3;0;1;0;0;0;0;1;0;0;1
11;12;12400722;2020;7;12;6;3;2;6;0;0;1;0;0;0;0;1
11;10;10100311;2020;7;17;2;3;0;1;0;0;0;0;1;0;0;1
11;4;4501041;2020;7;16;5;3;0;2;0;0;1;0;1;0;0;0
11;8;8200832;2020;7;16;1;3;5;7;0;0;1;0;1;0;0;0