LAND;BEZ;LOR_ab_2021;UJAHR;UMONAT;USTUNDE;UWOCHENTAG;UKATEGORIE;UART;UTYP1;ULICHTVERH;IstRad;IstPKW;IstFuss;IstKrad;IstGkfz;IstSonstige;USTRZUSTAND
11;8;8100105;2020;7;17;1;3;0;1;0;0;1;0;0;0;0;0
11;11;11401136;2020;7;20;4;3;5;3;0;1;1;0;0;0;0;0
11;4;4200310;2020;7;15;7;3;2;3;0;1;1;0;0;0;0;0
11;12;12100101;2020;7;11;4;3;5;2;0;0;1;0;1;0;0;0
11;2;2200213;2020;7;19;1;3;3;6;0;0;1;0;0;0;0;0
11;7;7400823;2020;7;19;4;3;5;2;0;1;1;0;0;0;0;0
11;12;12200412;2020;7;9;4;3;2;6;0;0;1;0;0;0;1;0
11;10;10200418;2020;7;18;7;3;5;3;0;1;1;0;0;0;0;0
11;7;7200409;2020;7;14;4;3;0;1;0;0;0;0;1;0;0;1
11;7;7100102;2020;7;12;3;3;1;5;0;1;1;0;0;0;0;0
11;4;4500936;2020;7;13;6;3;5;3;0;1;1;0;0;0;0;0
11;2;2200210;2020;7;8;4;3;5;3;0;0;1;0;0;0;0;0
11;11;11501238;2020;7;15;2;3;6;2;0;0;1;1;0;0;0;0
11;1;1300835;2020;7;18;5;3;5;2;0;1;1;0;0;0;0;0
11;8;8100311;2020;7;18;5;3;2;6;0;1;1;0;0;0;0;0
11;3;3300411;2020;7;11;5;3;5;3;0;1;0;0;0;0;1;0
11;2;2500830;2020;7;10;1;3;0;1;0;1;0;0;0;0;0;1
11;5;5100209;2020;7;9;7;3;2;6;0;0;1;0;0;0;0;0
11;3;3701555;2020;7;12;3;3;0;7;0;0;0;0;0;0;1;0
11;11;11300721;2020;7;12;7;3;2;6;0;0;1;0;0;0;1;0
11;4;4400832;2020;7;15;4;3;5;2;0;0;1;0;0;0;0;1
11;5;5100211;2020;7;9;3;3;5;2;0;0;1;0;1;0;0;0
11;4;4300620;2020;7;20;6;3;5;3;1;1;0;0;0;0;0;0
11;4;4501153;2020;7;22;4;2;5;3;2;0;1;0;0;0;0;1
11;5;5200629;2020;7;15;2;2;2;6;0;0;1;0;1;0;0;1
11;10;10300734;2020;7;10;3;3;0;3;0;0;0;0;0;0;1;0
11;9;9200717;2020;7;2;6;3;0;6;2;1;1;0;0;0;0;0
11;1;1100309;2020;7;12;4;3;5;3;0;1;1;0;0;0;0;1
11;8;8401241;2020;7;6;2;3;5;3;0;1;1;0;0;0;0;0
11;1;1100312;2020;7;16;5;3;2;6;0;0;1;0;0;0;0;0
11;4;4200310;2020;7;8;4;3;8;1;0;0;0;0;1;0;0;0
11;11;11300620;2020;7;19;1;3;5;2;0;1;1;0;0;0;0;0
11;1;1401048;2020;7;17;7;3;6;4;0;0;1;1;0;0;0;0
11;8;8100208;2020;7;20;3;3;1;5;1;1;1;0;0;0;0;0
11;8;8301037;2020;7;4;7;3;5;3;2;0;1;0;0;0;0;0
11;6;6200420;2020;7;22;4;3;0;7;2;0;0;0;1;0;0;1
11;4;4300414;2020;7;8;3;3;5;2;0;1;1;0;0;0;0;0
11;6;6400844;2020;7;13;6;3;1;7;0;1;1;0;0;0;0;0
11;2;2300316;2020;7;21;4;3;5;3;2;0;1;0;0;0;1;1
11;6;6100206;2020;7;13;2;3;2;6;0;1;0;0;0;0;1;0
11;8;8100207;2020;7;17;1;3;5;3;0;1;1;0;1;0;0;0
11;7;7400823;2020;7;16;4;3;5;3;0;1;1;0;0;0;0;0
11;4;4501148;2020;7;19;7;3;5;2;0;0;1;0;0;0;1;0
11;5;5300735;2020;7;15;5;3;5;3;0;0;1;0;0;0;0;0
11;2;2500833;2020;7;19;4;3;1;5;0;1;1;0;0;0;0;0
11;9;9200715;2020;7;22;7;3;0;1;2;1;0;0;0;0;0;0
11;3;3500932;2020;7;14;7;3;5;2;0;1;1;0;0;0;0;0
11;4;4501041;2020;7;19;3;3;5;2;0;1;1;0;0;0;0;0
11;8;8100209;2020;7;19;6;3;5;3;0;1;0;0;0;0;1;0
11;2;2100102;2020;7;19;4;3;5;7;1;1;0;0;0;0;1;0
11;7;7400721;2020;7;12;6;3;2;7;0;0;1;0;1;0;0;0
11;6;6200314;2020;7;6;3;3;0;3;0;0;0;0;1;1;0;0
11;2;2200209;2020;7;12;6;3;5;2;0;0;1;0;1;0;0;0
11;11;11501340;2020;7;11;6;3;5;3;0;0;1;0;1;0;0;0
11;12;12200307;2020;7;20;1;3;1;5;0;1;1;0;0;0;0;0
11;1;1400938;2020;7;10;1;3;1;5;0;0;1;0;0;0;0;0
11;9;9200510;2020;7;20;6;3;5;2;0;1;1;0;0;0;0;0
11;4;4300415;2020;7;13;4;3;6;7;0;0;0;1;0;0;1;0
11;10;10200629;2020;7;19;7;2;5;3;0;0;1;0;0;0;1;0
11;1;1100207;2020;7;13;3;3;4;6;0;1;0;0;0;0;0;0
11;9;9100304;2020;7;15;6;3;5;2;0;0;1;0;0;0;0;0
11;5;5200422;2020;7;19;4;3;1;5;0;0;0;0;1;1;0;0
11;4;4300624;2020;7;12;2;3;0;3;0;1;0;0;0;0;1;0
11;11;11401032;2020;7;17;5;3;5;2;0;1;1;0;0;0;0;0
11;2;2200212;2020;7;10;6;3;0;7;0;1;0;0;0;0;0;0
11;4;4300413;2020;8;16;3;3;2;3;0;1;1;0;0;0;0;0
11;1;1401045;2020;7;12;3;3;0;6;0;0;1;0;0;0;1;0
11;9;9100409;2020;8;13;2;1;9;1;0;0;0;1;0;1;0;0
11;1;1100416;2020;8;16;7;3;6;4;0;0;1;1;0;0;0;0
11;9;9501939;2020;8;7;5;3;3;6;0;0;1;0;1;0;1;0
11;5;5200629;2020;7;10;6;3;2;6;0;0;1;0;0;0;1;0
11;9;9501941;2020;8;10;2;3;2;2;0;0;1;0;0;0;0;0
11;1;1200628;2020;7;13;6;2;0;1;0;1;0;0;0;0;0;0
11;11;11300721;2020;8;15;4;2;1;5;0;0;0;0;1;0;1;0
11;12;12200310;2020;7;11;3;3;2;6;0;0;1;0;0;0;0;0
11;2;2400623;2020;7;10;6;3;5;7;0;1;1;0;0;0;0;0
11;8;8401241;2020;8;7;4;2;5;3;0;0;1;0;1;0;0;0
11;12;12601031;2020;7;11;3;3;0;1;0;1;0;0;0;0;0;0
11;7;7300619;2020;7;9;6;3;5;2;0;1;1;0;0;0;0;0
11;2;2400625;2020;8;10;3;3;2;6;0;0;1;0;0;0;1;0
11;2;2200208;2020;7;10;3;2;0;2;0;0;0;0;0;0;1;0
11;9;9401431;2020;8;8;7;3;5;3;0;1;0;0;1;0;0;0
11;7;7300517;2020;8;13;5;2;5;2;0;1;0;0;0;0;1;0
11;12;12200309;2020;7;8;6;3;5;3;0;0;1;0;0;0;0;0
11;10;10200627;2020;8;14;4;3;2;2;0;1;1;0;0;0;0;0
11;11;11300620;2020;7;5;6;3;5;2;1;1;1;0;0;0;0;0
11;5;5200629;2020;8;15;4;3;0;6;0;0;0;0;0;1;1;0
11;12;12200309;2020;7;5;6;3;3;2;1;0;1;0;0;1;0;0
11;1;1401049;2020;8;19;4;3;3;6;0;0;1;0;1;0;0;0
11;3;3100102;2020;7;10;3;3;5;3;0;0;1;0;0;0;0;0
11;11;10100205;2020;8;8;1;3;5;3;0;1;1;0;0;0;0;0
11;10;10400938;2020;8;17;5;3;5;3;0;1;1;0;0;0;0;0
11;1;1100206;2020;7;1;6;3;5;2;2;1;1;0;0;0;0;0
11;1;1200519;2020;8;13;3;3;3;6;0;1;1;0;0;0;0;0
11;7;7200308;2020;7;9;3;3;5;2;0;1;0;0;0;0;0;0
11;11;11300721;2020;8;11;7;2;0;1;0;1;0;0;0;0;0;0
11;2;2400625;2020;8;11;5;3;2;2;0;1;1;0;0;0;0;0
11;7;7100101;2020;7;0;6;3;0;7;2;0;1;1;0;0;0;0
11;4;4300624;2020;8;22;4;3;0;1;2;0;0;0;1;0;0;0
11;2;2400625;2020;7;21;6;3;5;2;1;1;0;0;1;0;0;0
11;7;7400822;2020;8;19;3;3;5;3;0;0;1;0;0;0;0;0
11;9;9501939;2020;7;8;3;2;5;3;0;1;1;0;0;0;0;0
11;8;8401242;2020;8;19;1;3;2;2;0;0;1;0;0;0;0;1
11;8;8100208;2020;8;6;7;3;1;7;0;0;1;0;0;0;0;0
11;12;12200309;2020;8;16;5;3;5;2;0;1;1;0;0;0;0;0
11;6;6200422;2020;7;23;6;2;0;1;2;1;0;0;0;0;0;0
11;7;7501029;2020;8;14;2;3;3;6;0;0;1;0;1;0;0;0
11;1;1401046;2020;7;8;3;3;5;2;0;1;1;0;0;0;0;0
11;5;5100210;2020;7;22;6;3;5;2;2;1;1;0;0;0;0;0
11;1;1300731;2020;8;22;3;3;1;5;2;0;1;0;1;0;0;0
11;11;11300725;2020;7;7;3;3;1;5;0;0;1;0;0;0;0;0
11;2;2500835;2020;8;6;7;3;1;5;1;0;1;0;0;0;0;0
11;5;5100316;2020;8;17;5;3;5;3;0;0;1;0;0;1;0;0
11;4;4100101;2020;7;21;6;2;0;4;2;0;0;1;1;0;0;0
11;9;9100304;2020;8;11;3;3;2;6;0;0;1;0;0;0;0;0
11;9;9501939;2020;7;6;3;3;5;7;0;0;1;0;1;0;0;0
11;11;11200410;2020;7;12;6;2;2;6;0;0;1;0;0;0;0;0
11;7;7200307;2020;8;9;4;3;1;5;0;1;0;0;0;1;0;0
11;4;4501043;2020;7;19;6;3;5;2;0;1;1;0;0;0;0;0
11;3;3701659;2020;8;6;4;3;5;2;0;1;0;0;0;0;1;0
11;1;1100308;2020;7;18;6;3;3;6;0;1;1;0;0;0;0;0
11;8;8401243;2020;8;17;3;3;2;7;0;0;1;0;0;0;0;0
11;12;12601031;2020;7;0;3;2;0;1;2;1;0;0;0;0;0;0
11;10;10200629;2020;8;19;1;3;2;6;0;0;1;0;0;0;0;0
11;4;4100101;2020;8;19;7;3;0;6;0;0;1;0;1;0;0;0
11;10;10100104;2020;8;9;5;2;4;6;0;0;1;0;0;0;0;0
11;1;1400937;2020;7;18;6;3;2;6;0;0;1;0;0;0;0;0
11;5;5100104;2020;8;12;2;3;1;5;0;1;1;0;0;0;0;0
11;1;1200629;2020;7;18;6;2;5;3;0;1;1;0;0;0;0;0
11;9;9100408;2020;8;23;4;3;2;6;2;0;1;0;0;0;0;0
11;9;9200715;2020;7;22;3;2;5;2;2;0;1;0;1;0;0;0
11;3;3601450;2020;7;17;6;3;5;2;0;1;1;0;0;0;0;0
11;4;4200206;2020;8;13;4;2;0;5;0;1;1;0;0;0;0;0
11;5;5300841;2020;7;17;6;2;6;7;0;0;0;1;0;1;0;0
11;7;7400927;2020;8;12;4;3;1;5;0;1;1;0;0;0;0;0
11;2;2100105;2020;7;16;6;3;5;3;0;1;1;0;0;0;0;0
11;5;5100313;2020;8;13;4;3;2;7;0;0;1;0;0;0;1;0
11;7;7601442;2020;7;16;6;3;5;7;0;0;1;0;1;0;0;0
11;8;8401139;2020;8;14;3;3;5;3;0;0;1;0;0;0;0;0
11;5;5100314;2020;7;20;3;3;2;2;0;1;1;0;0;0;0;0
11;10;10200629;2020;8;19;1;2;5;2;0;0;1;0;0;0;0;0
11;11;11100308;2020;8;13;7;3;0;2;0;1;0;0;0;0;0;0
11;9;9401635;2020;8;15;5;3;9;1;0;0;0;0;1;0;0;0
11;2;2300314;2020;7;15;6;3;5;3;0;1;1;0;0;0;0;0
11;12;12500926;2020;8;9;2;3;6;4;0;0;1;1;0;0;0;0
11;3;3601245;2020;7;15;6;3;5;3;0;1;1;0;0;0;0;0
11;3;3300515;2020;8;15;4;3;2;2;0;0;1;0;0;0;0;0
11;8;8100310;2020;7;20;3;3;5;2;1;0;1;0;1;0;0;0
11;9;9300920;2020;7;15;6;3;5;2;0;1;1;0;0;0;0;0
11;4;4400728;2020;8;7;4;3;5;3;0;0;1;0;0;0;1;0
11;2;2300316;2020;7;20;3;3;5;3;0;1;1;0;0;0;0;0
11;3;3601140;2020;7;14;6;3;5;2;0;1;1;0;0;0;0;0
11;9;9100408;2020;8;9;3;3;5;2;0;1;1;0;0;0;0;0
11;8;8100102;2020;7;20;3;3;6;4;0;1;0;1;0;0;0;0
11;4;4300622;2020;7;19;3;2;5;2;0;1;1;0;0;0;0;0
11;4;4200311;2020;7;14;6;3;2;6;0;0;1;0;0;0;0;0
11;7;7100101;2020;8;18;3;3;1;5;0;1;1;0;0;0;0;0
11;2;2200208;2020;7;18;3;3;2;6;0;0;1;0;0;0;0;0
11;5;5100104;2020;8;11;7;3;3;6;0;0;1;0;1;0;0;0
11;1;1300836;2020;8;14;5;3;5;2;0;1;1;0;0;0;0;0
11;1;1300733;2020;7;22;5;3;6;2;2;0;1;1;0;0;0;0
11;1;1300835;2020;8;17;2;3;6;7;0;0;0;1;0;0;1;0
11;9;9200613;2020;7;21;5;3;0;2;1;0;1;0;1;0;0;0
11;4;4200308;2020;8;14;4;3;2;6;0;0;1;0;0;0;0;0
11;12;12200308;2020;7;17;5;3;5;3;0;1;1;0;0;0;0;0
11;2;2500833;2020;8;18;4;3;0;1;0;1;1;0;0;0;0;0
11;2;2500834;2020;7;17;3;3;1;5;0;1;1;0;0;0;0;0
11;4;4500938;2020;8;1;1;2;5;3;2;0;1;0;0;0;0;0
11;2;2200210;2020;8;19;5;3;2;6;0;0;1;0;0;0;0;0
11;1;1100308;2020;7;17;5;3;6;4;0;1;0;1;0;0;0;0
11;5;5100101;2020;8;12;3;3;0;5;0;1;1;0;0;0;0;0
11;8;8200623;2020;7;16;3;2;5;2;0;0;1;0;0;0;0;0
11;3;3300516;2020;7;22;6;3;0;7;2;1;0;0;0;0;0;0
11;8;8200730;2020;8;14;4;3;1;5;0;1;1;0;0;0;0;0
11;1;1100415;2020;7;17;5;3;2;2;0;1;1;0;0;0;0;0
11;10;10400938;2020;8;9;4;3;6;2;0;0;1;1;0;0;0;0
11;8;8401243;2020;8;7;7;3;5;3;0;1;1;0;0;0;0;0
11;1;1100102;2020;8;12;5;2;5;2;0;1;1;0;0;0;0;0
11;7;7601442;2020;7;17;5;3;5;2;0;0;1;0;0;0;0;0
11;1;1100309;2020;8;15;4;2;3;6;0;0;1;0;0;0;1;0
11;2;2100103;2020;7;16;5;3;5;3;0;0;1;0;0;0;0;0
11;9;9501737;2020;8;20;3;2;4;6;0;0;1;1;0;0;0;0
11;8;8100208;2020;7;16;3;3;5;3;0;0;1;0;0;0;0;0
11;8;8401244;2020;8;23;7;2;1;5;2;1;1;0;0;0;0;0
11;3;3200205;2020;8;17;5;3;2;7;0;0;0;0;1;0;1;0
11;10;10200629;2020;7;16;5;3;2;2;0;0;1;0;0;0;0;0
11;9;9401534;2020;8;12;3;3;0;1;0;1;0;0;0;0;0;0
11;1;1401044;2020;7;17;2;3;6;4;0;0;1;1;0;0;0;0
11;9;9200715;2020;7;16;5;2;2;6;0;0;1;0;0;0;0;0
11;1;1100310;2020;8;11;4;3;5;3;0;1;0;0;0;0;1;0
11;11;11300617;2020;7;15;5;3;2;6;0;0;1;0;0;0;1;0
11;10;10200419;2020;8;13;4;3;5;2;0;1;1;0;0;0;0;0
11;11;11400927;2020;7;15;5;3;4;1;0;0;1;0;1;0;0;0
11;1;1100312;2020;8;16;3;3;5;2;0;1;1;0;0;0;0;0
11;1;1100207;2020;7;20;2;3;5;3;1;0;1;0;0;0;0;0
11;5;5200631;2020;8;18;1;3;5;3;0;1;1;0;0;0;0;0
11;10;10300734;2020;8;17;7;3;2;6;0;0;1;0;1;0;0;0
11;10;10100102;2020;8;8;5;2;5;3;0;1;1;0;0;0;0;0
11;2;2200208;2020;7;14;5;3;5;2;0;1;1;0;0;0;0;0
11;9;9200715;2020;8;7;3;3;5;2;0;0;1;0;0;0;0;0
11;7;7100101;2020;7;18;2;3;0;7;0;0;1;0;1;0;0;1
11;3;3300411;2020;8;18;1;3;0;6;0;0;1;0;1;0;0;0
11;7;7601544;2020;8;17;5;3;2;6;0;0;1;0;0;0;0;0
11;11;11401137;2020;8;2;7;2;6;4;2;0;0;1;0;0;1;0
11;1;1200517;2020;8;17;5;3;3;6;0;1;1;0;0;0;0;0
11;7;7400928;2020;7;14;5;3;5;3;0;1;1;0;0;0;0;0
11;11;11300721;2020;8;15;2;3;5;3;0;0;1;0;0;0;0;0
11;12;12200309;2020;7;14;5;3;0;7;0;1;0;0;0;0;0;0
11;8;8100416;2020;8;14;4;3;0;7;0;1;0;0;0;0;0;0
11;1;1100310;2020;8;18;2;2;2;6;0;0;1;0;1;0;0;0
11;3;3400723;2020;7;13;5;3;5;3;0;1;0;0;0;0;0;0
11;5;5300737;2020;8;8;4;3;2;6;0;0;1;0;0;0;0;0
11;8;8401241;2020;7;13;5;3;4;6;0;1;1;0;0;0;1;0
11;3;3601347;2020;8;15;3;3;3;6;0;1;0;0;1;0;0;0
11;8;8200725;2020;7;14;2;3;6;4;0;0;1;1;0;0;0;0
11;5;5300841;2020;8;17;1;3;0;1;0;1;0;0;0;0;0;1
11;10;10400941;2020;8;13;7;3;5;3;0;1;1;0;0;0;0;0
11;1;1200517;2020;8;14;5;3;3;6;0;1;1;0;0;0;0;0
11;11;11501339;2020;7;12;5;3;6;4;0;0;1;1;0;0;0;0
11;4;4501041;2020;8;8;2;3;5;2;0;1;1;0;0;0;0;0
11;1;7100101;2020;8;18;2;2;5;3;0;0;1;0;1;0;0;0
11;6;6300524;2020;7;11;5;3;5;2;0;1;1;0;0;0;0;0
11;10;10300731;2020;8;12;4;3;5;3;0;0;1;0;0;0;0;0
11;9;9501941;2020;7;11;5;3;2;6;0;0;1;0;0;0;0;0
11;2;2500835;2020;8;12;2;3;2;2;0;0;1;0;0;0;0;0
11;2;2200210;2020;8;18;2;3;2;6;0;0;1;0;0;0;0;0
11;11;9200512;2020;7;10;5;3;5;3;0;1;0;0;1;0;0;0
11;4;4100101;2020;8;16;4;3;5;2;0;1;1;0;0;0;0;0
11;1;1100206;2020;7;10;2;2;3;1;0;1;1;0;0;0;0;1
11;1;1300731;2020;7;9;5;3;5;3;0;1;1;0;0;0;0;0
11;1;1200628;2020;8;19;4;3;5;2;0;1;1;0;0;0;0;0
11;2;2400625;2020;7;16;2;3;5;3;0;1;1;0;0;0;0;0
11;7;7501030;2020;7;9;5;3;3;2;0;0;1;0;0;1;0;0
11;6;6100101;2020;8;10;3;3;5;3;0;1;1;0;0;0;0;0
11;2;2400625;2020;7;16;2;3;5;3;0;1;1;0;0;0;0;0
11;1;1100206;2020;8;10;7;3;1;5;0;1;0;0;0;0;1;0
11;9;9100304;2020;8;13;5;3;2;6;0;0;1;0;0;0;0;0
11;9;9501838;2020;8;19;2;3;3;6;1;1;0;0;0;0;0;0
11;10;10400941;2020;7;9;5;3;5;2;0;1;1;0;0;0;0;0
11;12;12200515;2020;8;10;4;3;5;3;0;0;1;0;1;0;0;0
11;5;5400942;2020;7;9;5;2;4;6;0;0;1;0;0;0;1;0
11;8;8100206;2020;8;12;3;3;1;5;0;1;1;0;0;0;0;0
11;1;1401043;2020;7;6;2;3;6;4;0;0;1;1;0;0;0;0
11;4;4300414;2020;8;15;7;3;5;2;0;1;1;0;0;0;0;0
11;1;1401049;2020;8;17;5;2;4;6;0;1;0;0;0;0;0;0
11;9;9501736;2020;7;9;5;3;4;6;0;1;0;0;0;0;0;0
11;6;6300526;2020;8;19;4;3;5;2;0;1;1;0;0;0;0;0
11;9;9200715;2020;7;18;2;2;5;3;0;0;1;0;0;0;0;1
11;8;8100206;2020;8;12;1;3;5;3;0;1;1;0;0;0;0;1
11;12;12500926;2020;8;17;5;3;0;2;0;1;1;0;0;0;0;0
11;4;4200311;2020;7;8;5;3;0;2;0;1;1;0;0;0;0;0
11;12;12200310;2020;8;7;3;3;1;5;0;1;1;0;0;0;0;0
11;4;4500936;2020;7;14;2;3;5;2;0;1;1;0;0;0;0;0
11;10;10400940;2020;8;14;7;3;8;1;0;0;1;0;0;0;0;0
11;11;11200512;2020;8;11;5;2;5;3;0;0;1;0;0;0;0;0
11;1;1100308;2020;8;18;2;3;1;5;0;1;1;0;0;0;0;0
11;4;4300622;2020;7;7;5;3;2;6;0;0;1;0;0;1;0;0
11;3;3601140;2020;8;9;4;3;0;6;0;1;1;0;0;0;0;0
11;1;1200517;2020;7;8;5;3;0;2;0;1;0;0;0;0;1;0
11;1;1100205;2020;8;19;3;3;5;2;0;1;0;0;0;0;1;0
11;9;9502043;2020;7;12;2;3;5;7;0;1;1;0;0;0;0;0
11;8;8401241;2020;8;17;1;2;5;3;0;1;0;0;0;0;1;1
11;6;6300528;2020;8;11;7;3;5;3;0;1;1;0;0;0;0;0
11;1;1200628;2020;8;16;5;3;5;2;0;0;1;0;0;0;0;0
11;1;1100308;2020;7;9;4;3;5;7;0;1;0;0;0;0;1;0
11;6;6300526;2020;8;8;2;3;6;7;0;0;1;1;0;0;0;0
11;2;2400521;2020;7;9;2;3;0;3;0;0;1;0;0;0;1;0
11;9;9401534;2020;7;23;4;3;0;1;2;1;0;0;0;0;0;0
11;5;5300737;2020;8;16;4;3;1;5;0;1;1;0;0;0;0;0
11;9;9100304;2020;7;22;4;3;5;2;2;0;0;0;1;0;0;0
11;9;9200510;2020;8;11;3;3;3;6;0;0;1;0;0;0;0;0
11;7;7400721;2020;7;11;2;3;5;3;0;1;0;0;0;0;1;0
11;4;4501044;2020;7;12;6;3;5;2;0;1;1;0;0;0;0;0
11;1;1100103;2020;8;13;4;2;5;2;0;0;1;0;1;0;0;0
11;2;2300314;2020;7;22;4;3;5;2;2;1;1;0;0;0;0;0
11;12;12100205;2020;8;13;4;3;0;7;0;1;0;0;0;0;0;0
11;3;3601449;2020;7;22;4;3;0;7;2;0;0;0;0;0;1;0
11;8;8200727;2020;8;6;3;3;2;6;0;0;1;0;1;0;0;0
11;1;1200628;2020;7;11;2;3;6;4;0;1;0;1;0;0;0;0
11;1;1300731;2020;8;16;1;3;5;2;0;0;1;0;0;0;0;0
11;10;10100104;2020;8;2;7;3;6;7;2;1;0;1;0;0;0;0
11;9;9200715;2020;8;9;5;3;5;2;0;1;0;0;0;0;0;0
11;9;9100304;2020;7;22;4;3;5;2;2;1;1;0;0;0;0;0
11;5;5200629;2020;8;14;2;3;6;7;0;0;0;1;0;0;1;0
11;11;11300721;2020;8;18;2;3;2;6;0;0;1;0;0;0;0;0
11;1;1400937;2020;7;21;4;3;1;5;2;1;1;0;0;0;0;0
11;9;9200510;2020;8;16;4;3;5;2;0;1;1;0;0;0;0;0
11;2;2200210;2020;8;20;2;3;5;3;0;0;1;0;0;0;0;0
11;1;1300836;2020;7;20;4;2;0;3;1;0;1;0;1;0;0;0
11;6;6100102;2020;8;0;4;3;1;7;2;0;1;0;0;0;0;0
11;8;8100310;2020;7;20;4;3;3;6;0;1;1;0;0;0;0;0
11;12;12500926;2020;8;14;3;3;0;1;0;0;0;0;1;0;0;0
11;10;10200421;2020;7;18;4;3;5;2;0;0;1;0;1;0;0;0
11;1;1400938;2020;8;0;4;2;5;7;2;0;1;0;0;0;1;0
11;6;6400735;2020;7;18;4;2;1;5;0;1;1;0;0;0;0;0
11;3;3601141;2020;8;16;3;3;2;6;0;0;1;0;1;0;0;1
11;11;11300616;2020;7;10;2;2;5;3;0;1;1;0;0;0;0;0
11;12;12500825;2020;8;14;1;3;0;1;0;0;0;0;1;0;0;1
11;3;3200207;2020;8;15;7;3;5;2;0;1;1;0;0;0;0;0
11;6;6100102;2020;8;6;5;3;5;2;0;1;0;0;0;0;0;0
11;4;4501043;2020;7;17;4;3;2;6;0;0;1;0;0;0;0;0
11;7;7400823;2020;8;10;2;3;5;2;0;1;1;0;0;0;0;0
11;1;1100205;2020;7;16;4;3;5;2;0;1;1;0;0;0;0;0
11;12;12601235;2020;8;15;4;3;6;4;0;1;0;1;0;0;0;0
11;6;6200317;2020;7;10;2;3;2;6;0;0;1;0;0;0;0;0
11;6;6400844;2020;7;16;4;3;5;3;0;1;1;0;0;0;0;0
11;5;5300737;2020;8;7;4;3;5;3;0;1;1;0;0;0;0;0
11;1;1300836;2020;7;10;2;3;9;1;0;0;1;0;0;0;0;0
11;1;1300733;2020;7;16;4;3;6;4;0;0;1;1;0;0;0;0
11;9;9200819;2020;8;9;3;3;2;6;0;0;1;0;0;0;1;0
11;1;1100313;2020;7;10;2;3;5;3;0;1;1;0;0;0;0;0
11;6;6400737;2020;8;7;7;3;5;2;0;1;1;0;0;0;0;0
11;7;7501029;2020;8;12;5;2;5;3;0;0;1;0;1;0;0;0
11;1;1100415;2020;8;20;2;3;0;1;0;1;0;0;0;0;0;0
11;2;2500729;2020;7;10;2;3;2;7;0;1;1;0;0;0;0;0
11;1;1300835;2020;8;0;7;3;1;7;2;0;1;0;0;0;1;0
11;12;12400722;2020;8;14;5;3;6;2;0;0;1;1;0;0;0;0
11;11;11200410;2020;7;16;4;3;5;7;0;1;1;0;0;0;0;0
11;1;1200628;2020;8;8;2;3;0;3;0;0;1;0;0;0;1;0
11;4;4501042;2020;7;16;4;3;3;6;0;1;0;0;1;0;0;0
11;10;10300731;2020;8;12;4;3;5;2;0;1;1;0;0;0;0;0
11;3;3400828;2020;7;15;4;3;2;6;0;1;1;0;0;0;0;0
11;5;5200418;2020;8;19;4;2;5;3;0;1;1;0;0;0;0;0
11;3;3701556;2020;7;9;2;3;0;3;0;1;0;0;0;0;1;0
11;1;1100102;2020;8;6;1;3;9;1;1;0;1;0;0;0;0;0
11;1;1100207;2020;8;17;5;3;5;3;0;1;1;0;0;0;0;0
11;5;5100209;2020;7;15;4;3;2;6;0;0;0;1;0;0;1;0
11;2;2200212;2020;8;13;3;3;2;6;0;0;1;0;1;0;0;0
11;8;8200833;2020;7;8;2;3;1;5;0;0;1;0;0;0;1;0
11;11;11400927;2020;8;9;7;3;0;1;0;0;0;0;1;0;0;0
11;3;3500934;2020;8;11;5;3;3;6;0;1;0;0;0;0;1;0
11;11;11200411;2020;7;15;4;3;6;2;0;0;1;1;0;0;0;0
11;4;4300620;2020;8;9;4;3;5;2;0;1;1;0;0;0;0;0
11;6;6200420;2020;7;15;4;3;5;3;0;1;1;0;0;0;0;0
11;12;12500824;2020;8;17;3;3;5;2;0;1;1;0;0;0;0;0
11;6;6200315;2020;7;8;2;3;9;1;0;0;1;0;0;0;0;0
11;8;8100209;2020;7;15;4;3;5;2;0;1;1;0;0;0;0;0
11;8;8100105;2020;8;10;4;3;2;6;0;0;1;0;0;0;0;0
11;4;4100101;2020;7;15;4;3;5;2;0;1;1;0;0;0;0;0
11;1;1100207;2020;8;14;3;3;5;2;0;0;1;0;1;0;0;0
11;2;2300314;2020;7;8;2;3;5;2;0;1;1;0;0;0;0;0
11;1;1200520;2020;8;3;7;3;0;1;2;1;0;0;0;0;0;0
11;2;2100102;2020;8;16;5;3;5;2;0;1;1;0;0;0;0;0
11;11;11300620;2020;7;14;4;3;2;6;0;0;1;0;0;0;0;0
11;3;3100102;2020;8;12;3;3;0;7;0;1;0;0;0;0;0;0
11;1;1200626;2020;7;8;2;3;5;2;0;1;1;0;0;0;0;0
11;2;2300315;2020;7;13;4;3;5;2;0;1;0;0;0;1;0;0
11;2;2200209;2020;8;18;4;3;6;7;0;1;0;1;0;0;0;0
11;4;4100101;2020;8;19;2;2;5;2;0;0;1;0;0;0;0;0
11;3;3100102;2020;7;11;4;3;5;7;0;0;1;0;0;0;0;0
11;12;12500928;2020;8;21;4;2;0;1;1;0;0;0;1;0;0;0
11;1;1100207;2020;7;11;4;3;5;3;0;1;1;0;0;0;0;0
11;9;9200613;2020;8;4;3;2;2;6;1;0;1;0;0;0;0;0
11;8;8401243;2020;7;7;2;3;5;3;0;1;1;0;0;0;0;0
11;2;2100104;2020;8;17;1;3;2;7;0;1;1;0;0;0;0;1
11;12;12100102;2020;8;18;7;2;5;3;0;0;1;0;1;0;0;0
11;7;7300619;2020;8;9;5;2;5;2;0;1;1;0;0;0;0;0