LAND;BEZ;LOR_ab_2021;UJAHR;UMONAT;USTUNDE;UWOCHENTAG;UKATEGORIE;UART;UTYP1;ULICHTVERH;IstRad;IstPKW;IstFuss;IstKrad;IstGkfz;IstSonstige;USTRZUSTAND
11;7;7200413;2020;7;11;4;2;1;5;0;1;0;0;0;0;1;0
11;7;7601236;2020;8;12;2;3;5;2;0;0;1;0;0;0;0;0
11;12;12200414;2020;7;10;4;3;2;6;0;0;1;0;0;0;0;0
11;1;1400937;2020;8;16;4;3;2;6;0;0;1;0;0;0;0;0
11;2;2100105;2020;8;13;1;3;5;2;0;1;1;0;0;0;0;1
11;1;1100102;2020;8;18;5;3;5;3;0;0;1;0;0;0;0;0
11;9;9100101;2020;8;19;7;3;1;5;0;1;1;0;0;0;0;0
11;2;2400522;2020;8;6;5;3;5;2;0;0;1;0;0;0;1;0
11;1;1200517;2020;7;10;4;2;5;2;0;1;1;0;0;0;0;0
11;4;4300518;2020;8;21;2;3;1;5;2;0;1;0;0;0;0;0
11;6;6200313;2020;7;10;4;3;5;2;0;0;1;0;0;0;1;0
11;9;9401534;2020;8;17;4;3;0;1;0;1;0;0;0;0;0;0
11;11;11200410;2020;7;9;4;2;5;3;0;1;1;0;0;0;0;0
11;5;5300841;2020;8;8;4;3;5;2;0;1;0;0;0;0;1;0
11;1;1200517;2020;7;10;4;2;0;3;0;0;0;0;1;0;1;0
11;10;10400837;2020;8;15;3;2;5;3;0;1;1;0;0;0;0;0
11;4;4501041;2020;7;20;2;2;0;5;0;0;1;0;1;0;0;1
11;3;3601243;2020;8;13;1;3;0;1;0;0;1;0;0;0;0;1
11;6;6200314;2020;8;13;7;3;0;2;0;1;1;0;0;0;0;0
11;5;5200528;2020;8;16;5;3;0;1;0;0;0;0;1;0;0;0
11;6;6300634;2020;7;9;4;1;5;3;0;1;1;0;0;0;0;0
11;5;5300840;2020;8;8;2;3;2;6;0;0;1;0;0;0;0;0
11;9;9301025;2020;7;8;4;3;5;3;0;1;0;0;0;0;1;0
11;1;1100416;2020;8;12;4;3;2;6;0;0;1;0;1;0;0;0
11;6;6300633;2020;7;7;4;3;6;7;0;1;0;1;0;0;0;0
11;8;8100521;2020;8;19;4;3;6;4;0;0;0;1;1;0;0;0
11;3;3200310;2020;7;18;2;2;0;7;0;0;0;0;0;0;1;0
11;4;4300623;2020;7;19;2;3;0;1;0;0;0;0;1;0;0;1
11;11;11100101;2020;7;6;4;2;0;7;0;0;1;0;0;0;0;0
11;5;5100101;2020;8;20;4;3;0;7;1;0;0;0;1;0;0;1
11;8;8100206;2020;7;18;2;3;1;5;0;1;1;0;0;0;0;1
11;8;8100415;2020;7;6;4;3;5;3;0;1;0;0;0;0;0;0
11;8;8401139;2020;8;10;3;3;1;5;0;0;1;0;0;0;0;0
11;8;8100104;2020;7;18;2;3;4;2;0;1;1;0;0;0;0;1
11;8;8200725;2020;8;11;7;3;5;3;0;1;1;0;0;0;0;0
11;7;7100102;2020;8;14;5;3;5;3;0;1;1;0;0;0;0;0
11;1;1300834;2020;7;1;4;3;5;3;2;1;0;0;0;0;1;0
11;12;12200310;2020;8;18;2;2;6;4;0;0;1;1;0;0;0;0
11;1;1401049;2020;7;15;4;3;2;6;0;0;1;0;0;0;0;0
11;4;4200310;2020;8;14;4;3;2;6;0;0;1;0;1;0;0;0
11;4;4200308;2020;7;7;3;3;0;2;0;1;0;0;0;1;0;0
11;6;6300634;2020;8;13;4;3;3;6;0;0;1;0;1;0;0;0
11;4;4501043;2020;7;18;2;3;5;2;0;1;1;0;0;0;0;1
11;2;2300315;2020;8;15;7;3;5;3;0;1;0;0;1;0;0;0
11;5;5100313;2020;8;19;5;3;5;2;0;1;1;0;0;0;0;0
11;9;9501941;2020;7;16;3;3;3;6;0;1;0;0;0;0;0;0
11;7;7400927;2020;8;12;3;3;0;5;0;0;1;0;1;0;0;0
11;2;2300314;2020;7;17;2;2;5;2;0;1;1;0;0;0;0;0
11;3;3601449;2020;7;9;6;3;5;3;0;1;1;0;0;0;0;0
11;11;11100204;2020;8;16;4;2;0;6;0;0;1;0;1;0;0;0
11;1;1300733;2020;8;12;1;3;2;6;0;0;1;0;0;0;0;1
11;5;5100314;2020;8;17;5;3;5;2;0;0;1;0;0;0;1;0
11;1;1100205;2020;7;11;3;3;5;2;0;1;0;0;0;0;1;0
11;1;1100207;2020;8;8;3;3;3;6;0;1;1;0;0;0;0;0
11;10;10200417;2020;7;17;2;3;6;4;0;0;1;1;0;0;0;0
11;2;2400522;2020;8;9;7;3;5;3;0;0;1;0;0;0;0;0
11;4;4501041;2020;8;11;5;3;2;6;0;0;1;0;0;0;0;0
11;6;6300630;2020;7;16;3;3;0;2;0;0;1;0;1;0;0;0
11;2;2100106;2020;8;9;4;3;5;3;0;1;1;0;0;0;0;0
11;8;8100206;2020;7;15;3;2;0;6;0;0;1;0;1;0;0;0
11;3;3601142;2020;8;19;3;3;3;6;0;1;0;0;0;0;0;0
11;5;5200630;2020;7;16;2;3;6;4;0;0;1;1;0;0;0;0
11;1;1100415;2020;8;2;7;2;0;1;2;0;0;0;0;0;1;0
11;12;12400616;2020;8;16;5;3;5;3;0;0;1;0;1;0;0;0
11;7;7400825;2020;7;15;3;2;2;6;0;0;1;0;1;0;0;0
11;8;8100310;2020;8;18;2;3;0;1;0;0;0;0;1;0;0;0
11;4;4100101;2020;7;15;2;3;5;2;0;0;1;0;0;0;0;0
11;8;8100417;2020;7;15;3;3;6;4;0;0;1;1;0;0;0;0
11;10;10200421;2020;8;23;4;3;5;3;2;1;1;0;0;0;0;0
11;2;2100102;2020;7;14;3;3;5;3;0;1;1;0;0;0;0;0
11;9;9100305;2020;8;8;4;2;2;7;0;0;1;0;1;0;0;0
11;1;1300733;2020;7;13;3;2;0;1;0;0;0;0;1;0;0;0
11;3;3601450;2020;8;22;4;3;0;7;2;1;0;1;0;0;0;0
11;11;11400929;2020;7;13;3;2;5;3;0;0;1;0;0;0;0;0
11;3;3601140;2020;8;6;3;3;2;6;0;0;1;0;0;0;0;0
11;3;3400619;2020;7;15;2;2;2;6;0;1;1;0;0;1;0;0
11;10;10400938;2020;8;13;1;2;2;2;0;0;1;0;0;0;0;1
11;1;1401047;2020;8;19;7;3;5;3;0;1;1;0;0;0;0;0
11;4;4500936;2020;8;9;5;3;5;2;0;0;1;0;0;0;0;0
11;8;8200725;2020;7;13;3;3;5;2;0;1;1;0;0;0;0;0
11;2;2300315;2020;8;14;2;3;6;4;0;0;0;1;1;0;0;0
11;3;3200205;2020;8;19;2;2;9;1;0;0;0;0;1;0;0;0
11;3;3601450;2020;7;11;3;3;0;1;0;1;0;0;0;0;0;0
11;2;2300418;2020;8;17;4;2;3;6;0;1;1;0;0;0;0;0
11;4;4501042;2020;8;18;2;3;5;3;0;0;1;0;1;0;0;0
11;4;4400726;2020;7;12;3;3;3;6;0;1;1;0;0;0;0;0
11;7;7200308;2020;8;8;4;2;5;3;0;1;0;0;0;0;0;0
11;9;9401534;2020;7;12;3;3;0;7;0;1;0;0;0;0;0;0
11;6;6200421;2020;8;14;3;3;5;3;0;1;1;0;0;0;0;0
11;3;3300412;2020;7;14;2;3;5;3;0;0;1;0;0;0;0;0
11;2;2100104;2020;8;12;7;3;5;2;0;1;1;0;0;0;0;0
11;11;11200410;2020;8;14;5;3;5;7;0;0;1;0;0;0;0;0
11;9;9401329;2020;8;18;2;3;1;3;0;1;1;0;0;0;0;0
11;7;7400927;2020;8;7;2;3;5;3;0;0;1;0;0;0;0;1
11;2;2400521;2020;8;13;3;3;2;6;0;1;1;0;0;0;0;0
11;1;1100207;2020;8;6;6;3;5;3;1;0;0;0;0;1;1;1
11;11;11401137;2020;8;9;4;3;6;4;0;0;1;1;0;0;0;0
11;9;9502043;2020;8;7;4;2;6;4;0;0;0;1;0;0;1;0
11;1;1200519;2020;8;19;2;3;0;3;0;0;1;0;0;0;1;0
11;1;1100416;2020;8;17;1;2;0;1;0;1;0;0;0;0;0;0
11;10;10100315;2020;8;17;2;2;0;1;0;0;0;0;1;0;0;1
11;7;7400822;2020;8;15;5;3;5;2;0;1;1;0;0;0;0;0
11;1;1300836;2020;8;22;2;3;5;3;2;0;1;0;1;0;0;0
11;6;6200314;2020;8;10;7;3;1;5;0;1;1;0;0;0;0;0
11;2;2500726;2020;8;8;4;3;5;2;0;1;1;0;0;0;0;0
11;10;10100210;2020;8;10;2;3;5;3;0;0;1;0;1;0;0;0
11;5;5100313;2020;8;16;6;3;5;2;0;1;1;0;0;0;0;0
11;8;8100209;2020;8;7;4;3;5;3;0;0;1;0;0;0;0;0
11;2;2300316;2020;8;10;2;3;0;5;0;0;1;0;0;0;1;0
11;1;1200623;2020;8;8;5;3;3;6;0;1;0;0;0;0;0;0
11;5;5100316;2020;8;8;4;3;5;2;0;0;1;0;0;0;1;0
11;10;10400941;2020;8;10;2;3;1;5;0;1;1;0;0;0;0;0
11;8;8100312;2020;8;20;1;3;6;4;2;0;1;1;0;0;0;0
11;4;4300624;2020;8;12;5;3;2;6;0;0;1;0;0;0;0;0
11;3;3601449;2020;8;9;2;3;1;5;0;1;1;0;0;0;0;0
11;4;4300416;2020;8;15;7;3;0;1;0;1;0;0;0;0;0;0
11;4;4300624;2020;8;15;5;3;2;6;0;1;1;0;0;0;0;0
11;7;7400720;2020;8;9;2;3;2;6;0;1;1;0;0;0;0;0
11;2;2400623;2020;8;13;7;3;2;6;0;0;1;0;0;0;0;0
11;11;11300721;2020;8;8;2;3;5;3;0;1;1;0;0;0;0;0
11;8;8100207;2020;8;14;6;3;6;4;0;0;1;1;0;0;0;0
11;3;3400620;2020;8;7;4;3;5;3;0;1;0;0;0;0;0;0
11;4;4400728;2020;8;8;2;3;1;7;0;0;1;0;0;0;0;0
11;9;9100407;2020;8;7;2;3;4;6;0;0;1;0;0;0;0;0
11;4;4300622;2020;8;6;5;3;1;5;0;0;1;0;0;0;1;0
11;10;10100206;2020;8;8;4;3;2;6;0;1;0;0;0;0;0;0
11;6;6200422;2020;8;7;2;2;0;1;0;1;0;0;0;0;0;0
11;10;10100312;2020;8;19;1;2;6;4;0;0;1;1;0;0;0;0
11;4;4501040;2020;8;16;4;3;1;5;0;1;1;0;0;0;0;0
11;11;11100203;2020;8;7;2;3;0;1;0;1;0;0;0;0;0;0
11;1;3701556;2020;8;0;6;2;4;6;2;1;0;0;0;0;0;0
11;1;1400938;2020;8;16;2;3;2;6;0;0;1;0;0;0;0;1
11;5;5200629;2020;8;12;6;2;6;2;0;0;1;1;0;0;0;0
11;12;12100205;2020;8;10;4;3;5;2;0;1;1;0;0;0;0;0
11;11;11300722;2020;8;7;4;3;0;2;0;0;1;1;0;0;0;0
11;10;10300734;2020;8;8;2;2;6;4;0;0;1;1;0;0;0;0
11;12;12100101;2020;8;16;2;3;2;6;0;1;1;0;0;0;0;0
11;2;2300418;2020;8;15;2;3;5;3;0;1;0;0;0;0;1;0
11;9;9300920;2020;8;18;5;3;5;2;0;1;1;0;0;0;0;0
11;1;1100310;2020;8;9;4;3;5;2;0;1;0;0;0;1;0;0
11;4;4200206;2020;8;15;2;3;0;1;0;1;0;0;0;0;0;0
11;8;8100206;2020;8;14;6;3;5;2;0;1;1;0;0;0;0;0
11;3;3601451;2020;8;19;3;3;0;2;0;1;1;0;0;0;0;0
11;1;1100312;2020;8;15;2;3;5;3;0;1;1;0;0;0;0;0
11;1;1401049;2020;8;15;2;3;0;2;0;0;1;0;1;0;0;0
11;9;9200510;2020;8;19;5;2;9;1;0;0;1;0;0;0;0;0
11;4;4400729;2020;8;14;3;3;5;3;0;1;1;0;0;0;0;0
11;11;11100204;2020;8;20;2;3;5;2;0;1;1;0;0;0;0;0
11;2;2500727;2020;8;2;1;3;5;5;2;1;1;0;0;0;0;0
11;2;2200213;2020;8;19;4;3;6;4;0;1;0;1;0;0;0;0
11;11;11200513;2020;8;20;2;2;5;2;0;0;1;0;1;0;0;0
11;7;7300618;2020;8;20;6;3;0;7;1;0;1;0;0;0;0;0
11;1;1400939;2020;8;15;2;3;5;2;0;1;1;0;0;0;0;0
11;3;3400721;2020;8;8;6;3;1;5;0;1;1;0;0;0;0;0
11;6;6100209;2020;8;9;3;3;5;3;0;1;1;0;0;0;0;0
11;4;4300412;2020;8;6;4;3;2;6;0;0;1;0;0;1;0;0
11;4;4200309;2020;8;18;2;3;5;3;0;0;1;0;0;0;0;0
11;5;5200629;2020;8;13;2;3;2;6;0;0;1;0;0;0;0;1
11;6;6400737;2020;8;17;5;3;2;6;0;0;1;0;0;0;0;0
11;1;1100312;2020;8;17;2;2;5;3;0;1;1;0;0;0;0;0
11;5;5100207;2020;8;7;7;3;5;3;0;1;1;0;0;0;0;0
11;1;1100310;2020;8;18;3;3;6;7;0;1;0;1;0;0;0;0
11;10;10400941;2020;8;13;2;3;1;7;0;0;1;0;0;0;0;0
11;9;9501838;2020;8;17;2;3;0;1;0;0;0;0;1;0;0;1
11;4;4501042;2020;8;20;7;3;5;2;1;0;1;0;1;0;0;0
11;8;8100105;2020;8;18;4;3;3;6;0;0;1;0;0;0;0;0
11;4;4501146;2020;8;17;2;3;1;5;0;0;1;0;0;0;0;1
11;6;6400842;2020;8;18;6;3;3;6;0;1;0;0;0;0;0;0
11;11;11501238;2020;8;13;2;3;4;6;0;1;0;0;0;0;0;0
11;4;4500937;2020;8;18;5;3;3;6;0;1;0;0;0;0;1;0
11;7;7300517;2020;8;22;3;2;0;1;2;1;0;0;0;0;0;0
11;8;8401243;2020;8;6;4;3;1;5;0;1;1;0;0;0;0;0
11;5;5200630;2020;8;17;2;3;5;3;0;0;1;0;0;0;0;1
11;11;11501340;2020;8;16;1;3;2;6;0;0;1;0;0;0;0;0
11;9;9200510;2020;8;11;2;3;6;7;0;1;0;1;0;0;0;0
11;1;1300733;2020;8;15;5;3;5;2;0;1;1;0;0;0;0;0
11;11;11300619;2020;8;17;2;3;0;2;0;1;1;0;0;0;0;1
11;11;11300725;2020;8;11;7;3;6;4;0;0;1;1;0;0;0;0
11;1;1300836;2020;8;23;3;3;5;3;2;0;1;0;0;0;1;0
11;4;4400727;2020;8;16;2;2;5;3;0;1;1;0;0;0;0;0
11;2;2400521;2020;8;16;6;3;5;2;0;1;1;0;0;0;0;0
11;7;7100103;2020;8;23;3;3;5;2;2;1;1;0;0;0;0;0
11;4;4200308;2020;8;16;2;2;2;6;0;0;0;0;0;1;0;1
11;3;3400721;2020;8;8;5;3;5;3;0;1;1;0;0;0;0;0
11;5;5100316;2020;8;21;3;3;5;2;1;1;1;0;0;0;0;0
11;5;5100211;2020;8;17;6;3;5;7;0;1;1;0;0;0;0;0
11;3;3400723;2020;8;21;3;3;6;2;1;0;1;1;0;0;0;0
11;7;7601544;2020;8;11;2;3;0;6;0;0;1;0;0;0;1;0
11;12;12200515;2020;8;10;5;3;5;3;0;0;1;0;0;0;0;0
11;7;7400822;2020;8;19;3;3;5;3;0;0;1;0;0;0;0;0
11;12;12500926;2020;8;10;2;3;0;3;0;0;1;0;0;0;0;0
11;8;8100104;2020;8;21;1;3;2;6;2;0;1;0;0;0;0;0
11;4;4501041;2020;8;14;1;2;2;6;0;0;1;0;0;0;0;0
11;7;7300517;2020;8;14;5;3;5;2;0;1;1;0;0;0;0;0
11;1;1400937;2020;8;10;1;3;5;2;0;0;1;0;1;0;0;0
11;2;2500832;2020;8;15;7;2;2;6;0;0;1;0;0;0;0;0
11;9;9100407;2020;8;7;1;3;0;7;0;0;1;1;0;0;0;0
11;1;1401047;2020;8;14;6;3;5;3;0;1;1;0;0;0;0;0
11;9;9200511;2020;8;19;3;3;5;3;0;1;1;0;0;0;0;0
11;2;2500726;2020;8;22;1;3;5;3;2;0;1;0;0;0;0;0
11;9;9401330;2020;8;22;1;2;0;1;2;1;0;0;0;0;0;1
11;6;6200317;2020;8;20;5;3;5;3;1;0;1;0;0;0;0;0
11;1;1200624;2020;8;11;3;3;2;6;0;0;1;0;0;0;0;0
11;2;2500728;2020;8;21;1;3;1;5;2;0;1;0;0;0;1;0
11;3;3500934;2020;8;10;1;3;3;6;0;1;1;0;0;0;0;0
11;5;5300737;2020;8;22;4;3;5;2;2;0;1;0;0;0;0;0
11;3;3601141;2020;8;18;1;2;5;3;0;1;1;0;0;0;0;0
11;1;1300730;2020;8;22;6;2;6;4;2;0;1;1;0;0;0;0
11;7;7100205;2020;8;3;1;2;8;1;2;0;0;0;0;0;1;0
11;1;1300733;2020;8;10;1;3;2;6;0;0;1;0;0;0;0;0
11;4;4300622;2020;8;12;5;3;2;6;0;0;1;0;1;0;0;0
11;9;9301126;2020;8;13;1;3;2;6;0;1;1;0;0;0;0;0
11;1;1300836;2020;8;20;7;3;0;7;1;1;0;0;0;0;0;0
11;1;1100311;2020;8;12;1;3;0;7;0;1;0;0;0;0;0;0
11;8;8300934;2020;8;13;6;3;0;6;0;0;1;0;0;0;1;0
11;6;6300629;2020;8;9;3;3;5;3;0;1;1;0;0;0;0;0
11;7;7100102;2020;8;11;2;3;5;2;0;1;1;0;0;0;0;0
11;2;2500727;2020;8;13;1;3;0;7;0;0;0;0;0;0;1;0
11;8;8100418;2020;8;9;1;2;0;3;0;1;1;0;0;0;0;0
11;9;9401432;2020;8;18;5;3;5;3;0;1;1;0;0;0;0;0
11;1;1100206;2020;8;8;3;3;1;5;0;1;1;0;0;0;0;0
11;1;1300836;2020;8;7;1;3;1;5;0;1;1;0;0;0;0;0
11;4;4501041;2020;8;0;1;3;5;2;2;0;1;0;1;0;0;0
11;2;2500831;2020;8;19;4;3;2;6;0;1;1;0;0;0;0;0
11;4;4300624;2020;8;2;1;3;1;5;2;1;1;0;0;0;0;0
11;1;1100308;2020;8;18;6;3;3;6;0;1;0;0;1;0;0;0
11;1;1200628;2020;8;1;1;3;5;2;2;0;1;0;1;0;0;0
11;11;11401137;2020;8;7;6;3;5;3;0;1;1;0;0;0;0;0
11;1;1200522;2020;8;7;3;3;5;2;0;1;1;0;0;0;0;0
11;2;2500833;2020;8;5;4;3;5;3;1;0;1;0;1;0;0;0
11;5;5200528;2020;8;16;1;3;5;2;0;0;1;0;0;0;0;0
11;9;9200715;2020;8;15;1;3;0;1;0;1;0;0;0;0;0;0
11;9;9501737;2020;8;9;6;2;0;7;0;1;0;0;0;0;0;0
11;9;9401432;2020;8;7;3;3;2;6;0;1;1;0;0;0;0;0
11;6;6300528;2020;8;15;4;3;3;6;0;0;1;0;1;0;0;0
11;6;6100205;2020;8;17;1;2;5;2;0;1;1;0;0;0;0;0
11;5;5300841;2020;8;15;1;2;5;3;0;0;1;0;1;0;0;0
11;2;2300315;2020;8;16;1;3;5;3;0;1;1;0;0;0;0;0
11;9;9100202;2020;8;18;5;2;2;6;0;1;1;0;0;0;0;0
11;3;3601450;2020;8;14;1;3;0;7;0;0;0;0;1;0;0;1
11;10;10100209;2020;8;13;7;2;6;4;0;0;1;1;0;0;0;0
11;12;12200309;2020;8;17;4;3;5;2;0;1;0;0;0;0;1;0
11;6;6300634;2020;8;16;4;3;5;3;0;1;1;0;0;0;0;0
11;11;11200512;2020;8;14;1;2;5;2;0;1;1;0;0;0;0;0
11;3;3400725;2020;8;18;6;3;2;3;0;1;1;0;0;0;0;0
11;4;4100101;2020;8;21;1;3;0;5;1;0;1;0;1;0;0;1
11;12;12400722;2020;8;11;5;3;5;3;0;0;1;0;0;0;0;0
11;2;2200208;2020;8;7;3;3;5;2;0;0;1;0;1;0;0;0
11;7;7400721;2020;8;14;4;3;1;7;0;0;1;0;1;0;0;0
11;1;1100206;2020;8;13;1;3;5;3;0;1;1;0;0;0;0;0
11;4;4300416;2020;8;13;1;3;5;2;0;0;1;0;1;0;0;0
11;2;2500833;2020;8;20;1;3;1;5;1;1;1;0;0;0;0;1
11;6;6100206;2020;8;15;5;3;2;6;0;0;1;0;1;0;0;0
11;9;9401635;2020;8;16;4;3;5;7;0;0;1;0;0;0;0;0
11;9;9100304;2020;8;19;1;3;4;6;1;0;1;0;1;0;1;0
11;3;3200205;2020;8;13;7;3;5;3;0;0;1;0;0;0;0;0
11;1;1300732;2020;8;17;1;3;3;6;0;0;1;0;1;0;0;0
11;1;1200623;2020;8;19;1;3;5;7;1;0;1;0;1;0;0;0
11;10;10300734;2020;8;6;5;3;0;6;0;0;1;0;0;0;1;0
11;3;3400827;2020;8;16;4;3;5;3;0;0;1;0;0;0;0;0
11;8;8100312;2020;8;18;1;2;6;4;0;0;1;1;1;0;0;0
11;4;4501040;2020;8;9;7;3;5;2;0;0;1;0;1;0;0;0
11;1;1100416;2020;8;4;3;3;8;1;2;0;1;0;0;0;0;0
11;1;1100309;2020;8;18;1;3;6;4;0;0;1;1;0;0;0;0
11;5;5100211;2020;8;16;6;3;5;2;0;0;1;0;0;0;0;0
11;8;8300934;2020;8;13;3;3;2;6;0;0;1;0;0;0;0;0
11;2;2200212;2020;8;16;1;3;2;7;0;1;1;0;0;0;0;0
11;12;12500824;2020;8;9;5;2;0;6;0;0;1;0;1;0;0;0
11;9;9501941;2020;8;13;3;3;5;2;0;1;1;0;0;0;0;0
11;6;6100206;2020;8;23;7;3;1;5;2;1;1;0;0;0;0;0
11;10;10100311;2020;8;10;1;2;0;1;0;1;0;0;0;0;0;0
11;2;2500833;2020;8;23;5;3;0;5;2;1;1;0;0;0;0;0
11;5;5100316;2020;8;15;4;3;2;6;0;0;1;0;0;0;0;0
11;5;5300841;2020;8;7;7;3;5;3;0;1;1;0;0;0;0;0
11;4;4501045;2020;8;15;7;3;5;2;0;0;1;0;0;0;1;0
11;9;9200715;2020;8;0;7;3;9;1;2;0;0;0;1;0;0;0
11;12;12100205;2020;8;14;6;2;5;2;0;0;1;0;1;0;0;0
11;1;1400942;2020;8;12;3;3;3;6;0;1;0;0;0;0;0;0
11;2;2400521;2020;8;19;7;3;3;6;0;0;1;0;1;0;0;0
11;9;9200715;2020;8;22;7;3;5;2;2;1;1;0;0;0;0;0
11;7;7400823;2020;8;15;6;2;0;2;0;0;1;0;1;0;0;0
11;10;10100316;2020;8;12;3;3;0;3;0;0;1;0;0;0;1;0
11;4;4400834;2020;8;21;7;3;5;3;2;0;1;0;0;0;0;0
11;7;7300619;2020;8;21;7;2;1;5;2;1;1;0;0;0;0;0
11;3;3200309;2020;8;7;5;3;5;2;0;1;0;0;0;0;0;0
11;1;1100309;2020;8;11;3;3;5;2;0;1;1;0;0;0;0;0
11;4;4400834;2020;8;21;7;3;6;4;2;1;1;1;0;0;0;0
11;1;1200626;2020;8;19;1;3;9;1;0;0;1;0;0;0;0;0
11;3;3400722;2020;8;8;4;3;1;5;0;1;1;0;0;0;0;0
11;3;3601450;2020;8;16;4;2;3;6;0;0;1;0;1;0;0;0
11;7;7601545;2020;8;21;7;3;0;7;1;1;0;0;0;0;0;0
11;3;3601142;2020;8;21;6;3;5;2;0;1;1;0;0;0;0;0
11;1;1100206;2020;8;18;7;3;5;7;0;0;1;0;1;0;0;0
11;11;11501341;2020;8;13;6;3;5;3;0;0;1;0;0;0;0;0
11;1;1200522;2020;8;12;3;3;5;2;0;1;1;0;0;0;0;0
11;7;7501031;2020;8;14;4;3;2;6;0;0;1;0;0;1;1;0
11;3;3501038;2020;8;9;2;3;5;3;0;0;1;0;0;0;0;0
11;10;10400835;2020;8;3;7;3;9;1;2;0;1;0;0;0;0;0
11;2;2100104;2020;8;13;7;3;5;3;0;0;1;0;1;0;0;0
11;2;2500833;2020;8;18;5;3;2;6;0;1;1;0;0;0;0;0
11;1;1100102;2020;8;12;3;3;0;2;0;0;1;0;1;0;0;0
11;6;6400737;2020;8;13;7;2;5;2;0;1;1;0;0;0;0;0
11;5;5300737;2020;8;0;7;2;5;2;2;0;1;0;1;0;0;0
11;2;2300316;2020;8;18;4;3;0;3;0;1;0;1;0;0;0;0
11;6;6400844;2020;8;12;7;3;1;5;0;1;1;0;0;0;0;0
11;3;3601245;2020;8;18;5;3;5;3;0;1;1;0;0;0;0;0
11;8;8301036;2020;8;11;3;3;2;6;0;0;1;0;0;0;0;0
11;12;12400722;2020;8;12;7;3;2;6;0;0;1;0;0;0;0;0
11;6;6300632;2020;8;9;1;3;5;2;0;1;1;0;0;0;0;0
11;6;6300631;2020;8;14;4;3;1;5;0;0;1;0;0;0;0;0
11;7;7400825;2020;8;11;7;3;5;2;0;1;1;0;0;0;0;0
11;8;8100311;2020;8;20;6;3;5;2;0;0;1;0;1;0;0;1
11;2;2400522;2020;8;11;7;3;2;6;0;1;1;0;0;0;0;0
11;8;8100521;2020;8;8;6;3;0;7;0;0;1;0;1;0;0;0
11;12;12100204;2020;8;11;3;3;5;2;0;0;1;0;0;0;0;0
11;3;3200205;2020;8;13;4;3;5;3;0;0;1;0;1;0;0;0
11;5;5100105;2020;8;21;7;3;5;3;1;0;1;0;1;0;0;0
11;6;6200313;2020;8;10;7;3;1;5;0;1;1;0;0;0;0;0
11;8;8100311;2020;8;17;5;3;5;3;0;1;0;0;0;0;1;0
11;6;6100102;2020;8;16;4;3;1;5;0;1;1;0;0;0;0;0
11;12;12500928;2020;8;21;7;3;1;5;1;1;1;0;0;0;0;0
11;5;5200420;2020;8;7;7;3;3;6;0;0;1;0;0;0;0;0
11;6;6400839;2020;8;15;4;3;1;5;0;0;1;0;0;0;0;0
11;1;1100207;2020;8;1;7;3;5;2;2;0;1;0;1;0;0;0
11;8;8100104;2020;8;17;6;3;5;2;0;1;1;0;0;0;0;0
11;7;7400720;2020;8;20;7;3;5;2;1;0;1;0;1;0;0;0
11;8;8300934;2020;8;9;7;3;5;2;0;0;1;0;0;0;0;0
11;1;1100311;2020;8;1;6;3;7;1;2;1;0;0;0;0;0;1
11;4;4400726;2020;8;8;7;3;6;4;0;1;0;1;0;0;0;0
11;1;1400939;2020;8;9;5;3;3;6;0;1;1;0;0;0;0;0
11;7;7100103;2020;8;10;3;3;2;6;0;1;0;0;0;0;0;0
11;9;9501939;2020;8;13;4;3;6;7;0;0;0;1;0;0;1;0
11;3;3601245;2020;8;8;7;3;5;3;0;1;1;0;0;0;0;0
11;7;7300517;2020;8;17;1;3;5;2;0;1;1;0;0;0;0;0
11;1;1100310;2020;8;13;7;2;3;6;0;1;0;0;0;0;0;0
11;6;6300634;2020;8;16;5;3;5;3;0;0;1;0;1;0;0;0
11;1;1100102;2020;8;18;7;3;5;3;0;1;1;0;0;0;0;0
11;1;1300836;2020;8;11;7;3;5;3;0;1;1;0;0;0;0;0
11;4;4300416;2020;8;10;3;3;0;7;0;0;1;0;0;0;0;0
11;1;1200517;2020;8;17;7;3;5;2;0;1;1;0;0;0;0;0
11;7;7100103;2020;8;16;6;3;5;2;0;1;1;0;0;0;0;0
11;3;3400618;2020;8;10;3;3;5;3;0;1;1;0;0;0;0;0
11;6;6400842;2020;8;16;7;2;5;3;0;1;1;0;0;0;0;0
11;6;6200317;2020;8;8;5;3;5;3;0;0;1;0;1;0;0;0
11;2;2100106;2020;8;10;3;3;5;3;0;0;1;0;0;0;0;0
11;11;11100307;2020;8;16;7;2;0;7;0;0;1;0;0;0;0;0
11;4;4501043;2020;8;20;1;3;2;7;1;0;1;0;0;0;0;0
11;4;4300416;2020;8;12;5;3;1;5;0;1;0;0;0;1;0;0
11;1;1100308;2020;8;16;4;2;2;6;0;0;1;0;1;0;0;0
11;4;4300624;2020;8;10;5;3;5;5;0;0;1;0;1;0;0;0
11;1;1100206;2020;8;10;3;3;5;3;0;1;1;0;0;0;0;0
11;4;4400726;2020;8;16;7;3;3;6;0;1;1;0;0;0;0;0
11;12;12100101;2020;8;13;1;3;0;6;0;0;1;0;1;0;0;0
11;7;7100101;2020;8;15;7;3;5;2;0;1;1;0;0;0;0;0
11;11;11300725;2020;8;15;5;3;0;1;0;1;0;0;0;0;0;0
11;3;3200205;2020;8;15;7;3;5;3;0;0;1;0;0;0;0;0
11;12;12601236;2020;8;13;7;3;0;6;0;0;0;0;1;0;0;0
11;7;7100205;2020;8;15;7;3;2;6;0;0;1;0;0;0;0;0