LAND;BEZ;LOR_ab_2021;UJAHR;UMONAT;USTUNDE;UWOCHENTAG;UKATEGORIE;UART;UTYP1;ULICHTVERH;IstRad;IstPKW;IstFuss;IstKrad;IstGkfz;IstSonstige;USTRZUSTAND
11;2;2500835;2020;8;12;6;3;0;1;0;0;0;0;1;0;0;0
11;2;2300314;2020;8;9;3;3;0;5;0;1;1;0;0;0;0;1
11;11;11400927;2020;8;20;3;3;5;2;1;1;1;0;0;0;0;1
11;12;12100205;2020;8;14;5;2;6;4;0;0;1;1;0;0;0;0
11;8;8100314;2020;8;9;4;3;6;7;0;0;0;1;0;0;1;1
11;4;4500939;2020;8;15;2;3;5;3;0;0;1;0;1;0;0;0
11;1;1100206;2020;8;17;4;3;3;6;0;1;0;0;0;0;1;0
11;11;11300620;2020;8;17;2;3;5;2;0;1;0;0;0;0;1;0
11;7;7100101;2020;8;13;3;3;2;6;0;1;0;0;0;0;0;0
11;8;8401241;2020;8;7;2;3;5;3;0;0;1;0;0;0;0;0
11;11;11501339;2020;8;18;6;3;5;3;0;1;1;0;0;0;0;0
11;6;6300527;2020;8;8;4;2;5;2;0;1;1;0;0;0;0;0
11;7;7400927;2020;8;9;3;3;5;3;0;0;1;0;0;0;0;1
11;8;8300935;2020;8;14;7;3;2;6;0;0;1;0;0;0;0;0
11;9;9200818;2020;8;19;5;3;5;3;0;1;1;0;0;0;0;0
11;1;1200624;2020;8;18;4;3;0;6;0;0;1;0;0;0;1;1
11;10;10400837;2020;8;17;3;3;5;3;0;0;1;0;1;0;0;0
11;4;4501149;2020;8;9;3;3;0;5;0;1;1;0;0;0;0;1
11;11;11400931;2020;8;10;5;3;5;7;0;0;1;0;0;0;1;0
11;4;4300619;2020;8;15;4;3;5;2;0;1;1;0;0;0;0;1
11;2;2100101;2020;8;13;2;3;8;1;0;0;1;0;0;0;0;0
11;8;8401139;2020;8;15;4;3;5;3;0;0;1;0;0;0;0;0
11;1;1100206;2020;8;5;5;2;5;2;0;0;0;0;1;0;1;0
11;7;7601545;2020;8;16;4;3;0;7;0;1;0;0;0;0;1;1
11;10;10100210;2020;8;7;2;3;0;5;0;1;1;0;0;0;0;0
11;4;4400835;2020;8;17;4;2;5;2;0;0;1;0;1;0;1;0
11;11;11100102;2020;8;17;2;3;4;6;0;0;1;0;0;0;0;0
11;8;8401241;2020;8;13;3;3;5;3;0;0;1;0;0;0;0;0
11;1;1100415;2020;8;16;1;2;0;1;0;0;0;0;1;0;0;0
11;2;2300316;2020;8;15;6;3;0;7;0;0;0;0;1;0;0;0
11;1;1100415;2020;8;14;4;3;5;3;0;1;0;0;0;0;1;1
11;8;8401241;2020;8;7;4;3;5;3;0;1;1;0;0;0;0;0
11;5;5200631;2020;8;8;7;3;5;2;0;0;1;0;1;0;0;1
11;1;1200626;2020;8;18;5;2;6;4;0;1;0;1;0;0;0;0
11;8;8100206;2020;8;17;4;3;0;7;0;0;0;1;0;0;1;1
11;1;1100207;2020;8;6;3;2;8;1;0;0;1;0;0;0;0;0
11;1;1100207;2020;8;16;2;3;5;2;0;0;1;0;1;0;0;0
11;7;7100206;2020;8;9;5;3;0;5;0;0;0;0;1;0;1;0
11;1;1300733;2020;8;16;2;3;2;6;0;0;1;0;1;0;0;0
11;12;12200412;2020;8;11;2;3;0;2;0;0;0;0;0;1;1;0
11;1;1100207;2020;8;15;4;3;0;2;0;1;1;0;0;0;0;0
11;2;2400522;2020;8;16;2;3;0;1;0;0;1;0;1;0;0;0
11;11;11501341;2020;8;12;1;3;5;3;0;1;0;0;0;0;0;0
11;10;10100311;2020;8;7;6;3;4;6;0;1;0;0;0;0;0;0
11;6;6300528;2020;8;16;4;2;3;6;0;1;0;0;0;0;0;1
11;8;8100209;2020;8;20;3;3;1;5;1;0;1;0;1;0;0;1
11;5;5400942;2020;8;14;3;3;2;6;0;0;1;0;1;0;0;0
11;2;2400521;2020;8;8;3;3;5;2;0;1;1;0;0;0;0;0
11;3;3300514;2020;8;8;6;3;0;2;0;1;1;0;0;0;0;0
11;3;3701554;2020;8;16;5;3;5;2;0;1;1;0;0;0;0;0
11;4;4200206;2020;8;15;2;3;1;5;0;0;1;0;1;0;0;0
11;3;3400721;2020;8;11;1;3;2;2;0;0;1;0;0;0;0;0
11;8;8200624;2020;8;9;6;3;6;4;0;0;1;1;0;0;0;0
11;2;2500834;2020;8;13;4;3;6;4;0;1;0;1;0;0;0;1
11;1;1100101;2020;8;16;3;3;6;7;0;1;0;1;0;0;0;1
11;9;9501838;2020;8;15;3;3;5;3;0;1;1;0;0;0;0;0
11;6;6200423;2020;8;20;7;3;1;5;0;1;1;0;0;0;0;1
11;8;8200726;2020;8;14;5;3;0;7;0;0;0;0;1;0;0;1
11;4;4300623;2020;8;13;4;3;2;6;0;0;1;0;0;0;0;1
11;7;7400928;2020;8;9;3;3;5;2;0;1;1;0;0;0;0;0
11;8;8401241;2020;8;13;5;3;2;6;0;0;1;0;0;0;0;0
11;9;9501838;2020;8;15;2;3;0;3;0;0;1;0;1;0;0;0
11;4;4300416;2020;8;20;2;3;5;2;2;1;1;0;0;0;0;0
11;7;7100102;2020;8;14;4;3;0;4;0;0;0;1;0;0;1;0
11;9;9300920;2020;8;15;2;3;5;3;0;1;1;0;0;0;0;0
11;11;11100206;2020;8;13;1;2;6;4;0;0;1;1;0;0;0;0
11;8;8100417;2020;8;12;6;3;5;2;0;1;1;0;0;0;0;0
11;1;1100416;2020;8;17;3;3;1;1;0;1;1;0;0;0;0;0
11;5;5200526;2020;8;19;3;3;0;6;0;0;0;0;0;1;1;1
11;9;9100101;2020;8;20;3;3;0;3;2;1;1;0;0;0;0;1
11;6;6100204;2020;8;15;5;3;6;6;0;0;1;1;0;0;0;0
11;8;8100209;2020;8;10;4;3;5;3;0;1;1;0;0;0;0;1
11;1;1100207;2020;8;15;2;3;5;3;0;0;0;0;1;0;1;0
11;2;2400624;2020;8;19;4;3;2;6;0;1;1;0;0;0;0;0
11;8;8100102;2020;8;15;2;3;5;7;0;0;1;0;0;0;0;0
11;7;7400822;2020;8;11;4;3;8;1;0;0;1;0;0;0;0;1
11;10;10400938;2020;8;7;3;3;5;3;0;0;1;0;0;0;0;0
11;5;5100316;2020;8;8;5;1;6;4;0;0;1;1;0;0;0;0
11;1;1100206;2020;8;14;2;3;5;3;0;0;1;0;1;0;0;0
11;11;11300617;2020;8;8;2;3;1;5;0;1;1;0;0;0;0;0
11;4;4200310;2020;8;13;4;3;5;7;0;0;1;0;0;0;1;0
11;8;8200725;2020;8;14;2;3;5;3;0;0;1;0;0;0;0;0
11;1;1100313;2020;8;19;7;3;5;2;0;1;1;0;0;0;0;0
11;1;1100309;2020;8;10;6;3;6;4;0;1;0;1;0;0;0;0
11;2;2500835;2020;8;10;3;3;5;2;0;0;1;0;1;0;0;1
11;12;12400723;2020;8;12;3;2;6;7;0;1;0;1;0;0;0;0
11;3;3701554;2020;8;8;3;3;1;5;0;1;1;0;0;0;0;0
11;10;10100210;2020;8;0;5;2;0;6;2;0;1;0;0;0;1;0
11;5;5200524;2020;8;8;4;3;5;3;0;0;1;0;0;0;0;0
11;3;3400830;2020;8;14;2;3;5;2;0;0;1;0;0;0;0;0
11;11;11401137;2020;8;18;4;3;1;5;0;1;1;0;0;0;0;0
11;6;6400735;2020;8;8;2;3;6;7;0;1;0;1;0;0;0;0
11;4;4200310;2020;8;13;3;3;2;6;0;0;1;0;0;1;0;0
11;4;4501153;2020;8;13;1;3;6;4;0;0;1;1;0;0;0;0
11;7;7501029;2020;8;13;6;2;5;3;0;1;1;0;0;0;0;0
11;4;4501152;2020;8;8;4;3;2;6;0;0;1;0;0;0;0;0
11;2;2500831;2020;8;13;7;3;1;5;0;1;1;0;0;0;0;1
11;1;1300835;2020;8;19;5;2;5;2;0;1;0;0;0;0;1;0
11;4;4500938;2020;8;13;3;3;1;5;0;1;1;0;0;0;0;0
11;5;5100313;2020;8;16;2;3;5;2;0;0;0;0;1;0;0;1
11;5;5100316;2020;8;19;6;3;0;3;0;1;1;0;0;0;0;0
11;1;1401049;2020;8;9;4;3;5;2;0;1;1;0;0;0;0;0
11;8;8100314;2020;8;16;7;3;0;1;0;1;0;0;0;0;0;0
11;8;8100415;2020;8;13;5;3;1;5;0;0;1;0;0;0;1;0
11;2;2400521;2020;8;18;4;3;5;2;0;1;1;0;0;0;0;1
11;4;4501042;2020;8;17;3;3;2;6;0;0;1;0;1;0;0;0
11;5;5100317;2020;8;12;5;2;3;6;0;0;1;0;0;1;1;0
11;9;9100409;2020;8;16;4;3;2;6;0;0;1;0;0;0;1;1
11;2;2400625;2020;8;13;2;2;5;7;0;1;1;0;0;0;0;0
11;8;8301036;2020;8;16;4;3;5;3;0;1;0;0;1;0;0;0
11;1;1401048;2020;8;11;2;3;5;2;0;1;0;0;0;0;1;0
11;8;8200730;2020;8;12;3;2;1;5;0;1;1;0;0;0;0;1
11;12;12100205;2020;8;16;1;3;6;4;0;0;1;1;0;0;0;0
11;3;3500932;2020;8;14;6;3;5;2;0;1;1;0;0;0;0;0
11;11;11300722;2020;8;13;4;3;5;2;0;1;1;0;0;0;0;1
11;12;12200310;2020;8;13;3;3;5;2;0;1;1;0;0;0;0;0
11;4;4300414;2020;8;1;7;3;0;1;2;0;0;0;0;0;1;0
11;7;7200409;2020;8;17;5;3;2;6;0;1;1;0;0;0;0;0
11;9;9200715;2020;8;11;4;3;5;3;0;0;1;0;0;0;0;1
11;3;3400722;2020;8;7;3;3;5;3;0;1;1;0;0;0;0;0
11;2;2200207;2020;8;8;5;3;5;3;0;1;0;0;0;0;1;0
11;2;2200213;2020;8;8;2;3;3;6;0;0;0;0;0;0;1;0
11;8;8200832;2020;8;22;2;3;5;3;2;0;1;0;1;0;0;0
11;2;2400625;2020;8;17;4;3;5;2;0;1;1;0;0;0;0;1
11;10;10400940;2020;8;17;3;3;5;3;0;0;1;0;0;0;0;0
11;7;7601443;2020;8;7;2;3;2;2;0;0;1;0;0;0;0;0
11;4;4300623;2020;8;10;5;3;5;2;0;0;1;0;0;0;0;0
11;11;11200514;2020;8;7;2;3;2;2;0;0;1;0;0;0;0;0
11;1;1300836;2020;8;14;4;3;1;5;0;0;1;0;1;0;0;1
11;8;8100105;2020;8;12;2;3;6;4;0;0;1;1;0;0;0;0
11;5;5200632;2020;8;15;4;3;0;7;0;0;0;0;0;1;0;0
11;3;3501038;2020;8;5;2;3;2;6;1;0;1;0;0;1;0;0
11;12;12500928;2020;8;6;1;3;1;1;0;0;1;0;0;0;0;0
11;1;1100313;2020;8;8;6;3;5;5;0;0;1;0;1;0;0;0
11;6;6400735;2020;8;7;4;3;1;5;0;1;1;0;0;0;0;0
11;7;7100205;2020;8;21;3;2;6;4;1;0;1;1;0;0;0;1
11;1;1401048;2020;8;15;3;3;5;3;0;0;1;0;0;0;1;0
11;9;9100202;2020;8;19;7;3;0;1;0;1;1;0;0;0;0;1
11;6;6300634;2020;8;20;5;2;5;2;0;1;1;0;0;0;0;0
11;12;12601235;2020;8;12;4;3;5;3;0;0;1;0;0;0;1;1
11;4;4400830;2020;8;7;3;3;6;4;0;0;1;1;0;0;0;0
11;6;6300632;2020;8;13;5;3;1;5;0;0;1;0;0;1;0;0
11;7;7200410;2020;8;0;2;3;5;3;2;0;1;0;0;0;0;0
11;7;7100103;2020;8;19;2;3;0;1;0;1;1;0;0;0;0;0
11;2;2500834;2020;8;12;4;3;0;1;0;1;0;0;0;0;0;0
11;11;11300617;2020;8;13;2;3;3;6;0;0;1;0;1;0;0;0
11;7;7501134;2020;8;10;7;2;3;6;0;0;0;0;0;0;1;1
11;1;1401044;2020;8;11;6;3;5;3;0;1;1;0;0;0;0;0
11;2;2200211;2020;8;13;3;3;6;4;0;1;0;1;0;0;0;0
11;5;5300838;2020;8;15;4;3;2;6;0;0;1;0;1;0;0;0
11;10;10100311;2020;8;12;2;3;5;3;0;0;1;0;1;0;0;0
11;2;2300315;2020;8;15;1;3;6;7;0;1;0;1;0;0;0;0
11;1;1401046;2020;8;6;6;3;2;3;0;1;0;0;0;0;0;0
11;1;1100309;2020;8;12;3;3;0;1;0;1;0;0;0;0;0;0
11;12;12200412;2020;8;20;3;3;1;5;1;0;1;0;0;0;0;1
11;7;7601238;2020;8;13;3;3;2;6;0;0;1;0;0;0;0;0
11;12;12601134;2020;8;20;6;3;1;5;2;0;1;0;0;0;0;0
11;12;12200308;2020;8;16;5;3;6;7;0;0;1;1;0;0;0;0
11;1;1100311;2020;8;10;4;3;2;6;0;0;1;0;0;0;0;1
11;1;1100102;2020;8;9;2;3;1;5;0;1;1;0;0;0;0;0
11;6;6100102;2020;8;20;4;2;5;3;0;1;1;0;0;0;0;0
11;4;4501150;2020;8;12;2;3;0;4;0;0;1;1;0;0;0;0
11;9;9200510;2020;8;18;2;3;2;6;0;0;1;0;0;0;0;0
11;5;5100316;2020;8;9;4;3;5;2;0;0;1;0;0;0;0;0
11;11;11401136;2020;8;11;2;3;5;2;0;1;1;0;0;0;0;0
11;11;11300620;2020;8;18;7;3;5;2;0;1;1;0;0;0;0;1
11;9;9200717;2020;8;10;6;3;2;6;0;0;1;0;0;0;0;0
11;1;1100309;2020;8;18;3;3;3;6;0;1;0;0;1;0;0;0
11;12;12400721;2020;8;8;5;3;5;3;0;1;1;0;0;0;0;0
11;12;12500930;2020;8;7;4;3;5;3;0;1;1;0;0;0;0;1
11;2;2400623;2020;8;17;2;3;5;2;0;1;1;0;0;0;0;1
11;12;12500824;2020;8;20;3;3;0;1;1;1;0;0;0;0;0;1
11;3;3601141;2020;8;15;5;3;5;2;0;1;1;0;0;0;0;0
11;4;4501153;2020;8;9;4;3;5;2;0;1;1;0;0;0;0;1
11;4;4501042;2020;8;15;2;3;6;7;0;0;1;1;0;0;0;0
11;2;2100102;2020;8;18;4;3;3;6;0;0;1;0;1;0;0;0
11;1;1300733;2020;8;11;2;2;5;2;0;1;1;0;0;0;0;0
11;1;1100310;2020;8;12;3;2;5;2;0;1;0;0;0;1;0;0
11;11;11400928;2020;8;9;2;3;0;7;0;0;0;0;1;0;0;0
11;4;4501045;2020;8;19;6;2;5;5;0;1;1;0;0;0;0;0
11;4;4200309;2020;8;10;4;3;2;6;0;0;1;0;0;0;1;0
11;4;4300415;2020;8;8;3;3;2;6;0;0;1;0;0;0;0;1
11;11;11300721;2020;8;14;7;3;1;5;0;0;1;0;0;0;1;0
11;11;11200513;2020;8;15;5;2;5;3;0;1;1;0;0;0;0;0
11;7;7200413;2020;8;18;4;3;0;6;0;0;1;0;1;0;0;1
11;11;11501238;2020;8;17;3;3;5;3;0;1;1;0;0;0;0;0
11;7;7300516;2020;8;7;3;3;5;2;0;1;1;0;0;0;0;1
11;8;8200832;2020;8;11;5;3;1;5;0;1;1;0;0;0;0;0
11;2;2300315;2020;8;15;4;3;5;3;0;1;0;0;0;0;0;1
11;8;8200726;2020;8;13;2;3;5;3;0;0;1;0;1;0;0;0
11;3;3200309;2020;8;16;4;3;5;2;0;0;1;0;1;0;0;0
11;3;3100101;2020;8;11;2;3;2;2;0;0;1;0;0;0;0;0
11;4;4300619;2020;8;11;1;3;2;6;0;0;1;0;0;0;0;0
11;2;2200213;2020;8;12;6;3;9;7;0;0;0;0;1;0;0;0
11;4;4501045;2020;8;13;4;3;6;4;0;1;0;1;0;0;0;1
11;1;1100102;2020;8;22;3;3;0;1;2;0;0;0;1;0;0;1
11;2;2100104;2020;8;16;3;3;5;3;0;1;1;0;0;0;0;0
11;1;1100206;2020;9;1;1;3;2;6;2;1;0;0;0;0;0;0
11;12;12100205;2020;9;18;4;3;0;1;0;0;0;0;1;0;0;1
11;8;8200832;2020;9;7;3;3;3;6;0;0;1;0;0;0;1;0
11;6;6400839;2020;9;17;3;3;5;3;0;0;1;0;1;0;0;0
11;5;5300735;2020;8;16;2;3;0;1;0;0;0;0;1;0;0;1
11;3;3200207;2020;8;16;2;3;2;2;0;0;1;0;1;0;0;1
11;9;9200819;2020;9;13;7;3;5;3;0;0;1;0;0;0;0;0
11;3;3601244;2020;8;15;2;3;6;4;0;0;1;1;0;0;0;0
11;8;8100417;2020;9;15;6;3;2;6;0;0;1;0;0;0;0;0
11;8;8200730;2020;8;8;2;3;6;4;0;0;1;1;0;0;0;0
11;10;10100311;2020;9;5;3;3;0;1;2;1;0;0;0;0;0;1
11;7;7100205;2020;9;17;1;3;0;3;0;0;1;0;1;0;0;0
11;5;5200524;2020;9;15;5;3;5;2;0;0;1;0;0;0;0;0
11;2;2400625;2020;9;5;3;3;4;6;2;0;1;0;0;1;0;0
11;9;9200715;2020;8;8;2;3;5;3;0;0;1;0;0;0;0;1
11;7;7601544;2020;9;20;7;3;5;2;2;0;1;0;0;0;0;0
11;11;11300617;2020;9;22;4;3;5;3;2;1;1;0;0;0;0;1
11;1;1200517;2020;9;13;3;3;3;6;0;0;1;0;0;0;0;0
11;2;2200210;2020;8;7;2;3;5;2;0;0;1;0;1;0;0;0
11;12;12200412;2020;8;7;2;3;0;2;0;0;1;0;1;0;0;1
11;11;11300617;2020;9;13;6;3;2;6;0;0;1;0;0;0;0;0
11;2;2200210;2020;8;7;2;3;5;3;0;1;1;0;0;0;0;0
11;1;1100102;2020;8;7;2;3;0;1;0;1;0;0;0;0;0;1
11;4;4300412;2020;9;15;2;3;0;1;0;0;0;0;1;0;0;0
11;2;2400623;2020;9;19;5;3;5;3;0;1;1;0;0;0;0;0
11;8;8200831;2020;8;7;2;3;0;6;0;0;1;0;1;0;0;1
11;8;8100520;2020;8;6;2;3;5;3;0;0;1;0;1;0;0;1
11;6;6200311;2020;9;16;2;2;5;3;0;0;1;0;0;0;0;0
11;3;3501037;2020;9;22;5;3;5;7;2;1;1;0;0;0;0;1
11;3;3500934;2020;8;4;2;2;5;3;2;0;1;0;1;0;0;1
11;12;12500930;2020;9;16;1;3;5;2;0;0;1;0;0;0;0;0
11;9;9501939;2020;9;13;5;3;5;2;0;1;1;0;0;0;0;0
11;4;4300416;2020;9;13;3;3;5;2;0;1;1;0;0;0;0;0
11;5;5200525;2020;8;10;2;2;2;6;0;0;1;0;0;0;1;0
11;3;3500936;2020;9;21;7;3;5;2;2;0;1;0;0;0;0;0
11;12;12200412;2020;9;14;4;3;2;6;0;0;1;0;0;1;0;1
11;4;4300622;2020;9;0;3;3;2;6;2;0;1;0;0;0;0;0
11;3;3300411;2020;8;10;2;3;6;2;0;0;0;1;0;1;0;0
11;11;11300721;2020;8;9;2;3;3;6;0;0;1;0;0;0;0;0
11;2;2500726;2020;9;11;6;3;5;2;0;1;1;0;0;0;0;1
11;6;6300631;2020;8;9;2;3;5;3;0;0;1;0;1;0;0;0
11;1;1200628;2020;9;13;2;3;0;3;0;0;1;0;0;0;1;0
11;3;3200205;2020;9;18;5;3;2;6;0;0;1;0;1;0;0;0
11;2;2300315;2020;8;9;2;2;5;2;0;1;1;0;0;0;0;0
11;4;4400832;2020;9;12;1;3;5;2;0;1;1;0;0;0;0;0
11;3;3701554;2020;9;8;5;3;5;2;0;1;1;0;0;0;0;0
11;9;9100408;2020;9;0;3;3;1;7;2;0;1;0;0;0;0;0
11;2;2500830;2020;9;17;3;3;0;1;0;1;0;0;0;0;0;0
11;1;1100312;2020;8;9;2;3;5;2;0;1;1;0;0;0;0;0
11;1;1200520;2020;9;5;7;3;5;3;1;0;1;0;0;0;0;1
11;6;6200421;2020;9;7;4;3;0;1;0;1;0;0;0;0;0;1
11;5;5200633;2020;9;12;3;3;5;2;0;0;1;0;1;0;0;0
11;2;2500830;2020;9;14;1;3;0;1;0;0;0;0;1;0;0;0
11;1;1100309;2020;9;11;5;2;5;7;0;0;1;0;1;0;0;0
11;6;6200312;2020;9;11;3;2;5;7;0;0;1;0;1;0;0;0
11;9;9502043;2020;8;9;2;2;0;3;0;1;0;0;0;0;0;0
11;11;11300721;2020;9;15;7;3;0;2;0;0;0;0;0;0;1;0
11;4;4500938;2020;9;9;4;3;5;2;0;1;1;0;0;0;0;0
11;3;3601244;2020;9;14;3;3;8;1;0;1;0;0;0;0;0;0
11;1;1100312;2020;8;8;2;3;6;4;0;0;1;1;0;0;0;0
11;4;4500938;2020;9;9;6;3;3;6;0;1;1;0;0;0;0;1
11;4;4501041;2020;8;8;2;3;0;2;0;1;1;0;0;0;0;1
11;5;5200524;2020;9;12;2;3;2;2;0;0;1;0;0;0;0;0
11;1;1100415;2020;9;16;5;3;5;5;0;1;1;0;0;0;0;0
11;8;8100207;2020;8;18;1;3;4;6;1;0;1;0;0;0;0;1
11;1;1100308;2020;9;18;4;2;0;2;0;1;0;0;0;0;1;0
11;8;8200622;2020;9;11;3;3;2;6;0;0;1;0;0;1;0;0
11;5;5100104;2020;9;16;3;3;2;6;0;0;1;0;0;0;0;0
11;4;4300624;2020;8;17;1;3;0;3;1;0;1;0;0;0;1;1
11;9;9200613;2020;9;15;7;3;5;3;0;1;1;0;0;0;0;0
11;11;11400927;2020;8;17;1;2;2;6;0;0;1;0;0;0;0;1
11;4;4200207;2020;9;21;6;2;8;1;2;0;0;0;1;0;0;0
11;10;10300731;2020;8;17;1;2;5;2;1;1;1;0;0;0;0;1
11;3;3601142;2020;9;10;3;2;5;2;0;1;0;0;0;0;1;0
11;3;3400830;2020;8;16;1;3;0;6;0;1;1;0;0;0;0;1
11;12;12200411;2020;9;7;6;3;2;6;0;0;1;0;0;0;1;1
11;8;8100104;2020;8;14;1;3;2;7;0;1;1;0;0;0;0;0
11;1;1400937;2020;9;8;2;3;2;2;0;0;1;0;0;0;0;0
11;1;1100308;2020;9;15;5;3;6;7;0;1;0;1;0;0;0;0
11;9;9501838;2020;8;14;1;3;5;3;0;0;1;0;0;0;0;0
11;8;2300418;2020;9;10;1;3;0;2;0;1;0;0;1;0;0;0
11;2;2400521;2020;9;17;4;3;0;7;0;0;1;0;0;0;1;1
11;9;9200715;2020;9;9;3;3;2;6;0;0;1;0;0;1;0;0
11;4;4300624;2020;9;16;3;3;0;2;0;1;1;0;0;0;0;0
11;7;7501134;2020;8;13;1;3;6;4;0;0;1;1;0;0;0;0
11;12;12400616;2020;8;12;1;2;8;1;0;0;1;0;0;0;0;0
11;3;3601142;2020;9;21;6;3;6;4;2;1;0;1;0;0;0;0
11;4;4400835;2020;8;20;1;3;5;3;2;0;1;0;0;0;0;1
11;1;1100312;2020;9;18;2;3;5;7;0;1;1;0;0;0;0;0
11;4;4300623;2020;9;15;5;3;5;2;0;1;1;0;0;0;0;0
11;7;7400826;2020;8;11;1;3;2;6;0;1;1;0;0;0;0;0
11;4;4300622;2020;9;8;3;3;5;2;0;1;1;0;0;0;0;0
11;5;5200423;2020;9;18;1;3;2;7;0;0;1;0;0;0;0;1
11;9;9501736;2020;9;15;5;3;2;3;0;1;1;0;0;0;0;0
11;4;4300416;2020;9;8;3;3;2;6;0;1;1;0;0;0;0;0
11;1;1100102;2020;8;20;1;3;9;1;2;0;1;0;0;0;0;1
11;5;5400942;2020;9;23;7;2;1;5;2;0;1;0;0;0;0;0
11;11;11200411;2020;9;20;4;3;2;6;2;0;1;0;0;0;0;0
11;7;7501031;2020;9;8;3;2;5;2;0;0;1;0;0;0;0;0
11;6;6100205;2020;8;19;1;3;6;4;2;0;1;1;0;0;0;1
11;5;5300737;2020;9;12;2;3;0;7;0;1;0;0;0;0;0;0
11;3;3601243;2020;9;7;5;3;0;1;1;1;0;0;0;0;0;1
11;3;3701659;2020;9;7;3;3;1;5;0;1;1;0;0;0;0;0
11;12;12500930;2020;8;19;1;3;4;6;1;0;1;0;0;0;0;1
11;2;2400521;2020;9;18;1;3;5;2;0;0;1;0;0;0;0;0
11;4;4501151;2020;9;15;4;3;5;3;0;0;1;0;0;0;0;1
11;1;1401045;2020;9;7;3;3;1;5;0;0;1;0;0;0;0;0
11;1;1100101;2020;8;10;1;3;0;7;0;0;0;0;0;0;1;0
11;9;9502043;2020;8;2;1;2;8;1;2;0;1;0;0;0;0;0
11;3;3400620;2020;9;14;6;3;5;3;0;1;0;0;1;0;0;0
11;8;8100415;2020;8;10;7;2;1;5;0;1;0;0;0;0;1;0
11;1;1100205;2020;8;15;7;3;2;6;0;0;1;0;0;0;0;0
11;1;1200629;2020;9;19;2;3;5;2;1;1;1;0;0;0;0;0
11;2;2200209;2020;9;21;5;3;5;2;2;1;1;0;0;0;0;1
11;2;2500834;2020;8;15;7;3;5;2;0;0;1;0;0;0;1;0
11;8;8200622;2020;9;15;1;3;2;6;0;0;1;0;0;0;0;0
11;2;2400623;2020;9;13;5;3;5;3;0;1;0;0;0;0;0;0
11;2;2300418;2020;9;20;3;3;1;5;2;0;1;0;1;0;0;0
11;5;5100209;2020;8;14;7;3;5;2;0;0;1;0;0;0;0;0
11;7;7400823;2020;9;19;7;3;5;3;1;0;1;0;0;0;0;0
11;7;7200308;2020;9;13;4;3;6;4;0;0;1;1;0;0;0;1
11;3;3601243;2020;9;20;3;3;5;3;1;1;1;0;0;0;0;0
11;8;8100206;2020;8;14;7;3;5;7;0;0;1;0;1;0;0;0
11;5;5100316;2020;8;14;7;3;0;3;0;0;1;0;1;0;0;0
11;1;1200626;2020;9;11;6;3;6;7;0;0;1;1;0;0;0;1
11;4;4400835;2020;8;14;7;3;1;5;0;1;1;0;0;0;0;0
11;5;5200423;2020;9;14;2;2;6;4;0;0;1;1;0;0;0;0
11;2;2100105;2020;9;17;5;3;5;3;0;0;1;0;0;0;1;0
11;9;9200717;2020;8;11;7;3;2;6;0;0;1;0;0;0;0;0
11;3;3601449;2020;9;12;6;2;0;7;0;1;0;0;0;0;0;0
11;8;8401243;2020;8;10;7;3;1;5;0;1;1;0;0;0;0;0
11;7;7601544;2020;8;9;7;3;0;5;0;0;1;0;0;0;1;0
11;11;11501341;2020;9;15;2;3;2;6;0;0;1;0;0;0;0;0
11;3;3601141;2020;9;18;5;3;2;7;0;0;1;0;0;0;0;0
11;3;3601243;2020;8;7;7;2;5;3;0;0;1;0;0;0;0;0
11;1;1100101;2020;9;13;1;3;5;2;0;1;1;0;0;0;0;0
11;2;2200209;2020;9;10;5;3;1;5;0;1;1;0;0;0;0;0
11;6;6400842;2020;9;19;3;3;2;7;0;1;1;0;0;0;0;0
11;2;2200210;2020;8;7;7;3;5;3;1;0;1;0;0;0;0;0
11;1;1400938;2020;9;12;7;3;2;6;0;0;1;0;0;0;0;0
11;3;3200207;2020;9;12;4;3;5;3;0;1;1;0;0;0;0;0
11;1;1300834;2020;9;18;3;3;5;3;0;1;1;0;0;0;0;0
11;8;8100103;2020;8;22;7;3;1;5;2;1;1;0;0;0;0;0
11;5;5200629;2020;9;9;6;3;5;2;0;1;1;0;0;0;0;1
11;2;2100106;2020;8;22;7;2;5;3;2;0;1;0;1;0;0;0
11;4;4501040;2020;9;11;2;3;2;2;0;0;1;0;0;0;0;0
11;11;11300620;2020;9;16;5;3;3;6;0;0;1;0;1;0;0;0
11;9;9401534;2020;8;6;7;2;5;4;0;0;0;1;0;0;1;0
11;2;2200210;2020;9;19;4;3;5;2;1;1;1;0;0;0;0;1
11;7;7400823;2020;8;18;2;3;3;2;0;0;1;0;0;0;0;0
11;3;3601142;2020;9;16;3;3;5;3;0;1;1;0;0;0;0;0
11;8;8401243;2020;8;21;7;3;0;7;2;0;0;0;1;0;0;0
11;12;12601235;2020;8;20;7;3;5;7;2;0;1;0;0;0;0;0
11;1;1100415;2020;9;12;1;2;5;2;0;1;0;0;0;0;1;0
11;9;9501939;2020;9;9;4;3;0;7;0;1;0;0;0;0;0;0
11;1;1100103;2020;8;18;2;2;1;5;2;1;1;0;0;0;0;0
11;4;4500939;2020;9;15;3;3;0;7;0;0;1;0;0;0;0;0
11;2;2200212;2020;8;20;7;3;1;5;2;1;1;0;0;0;0;0
11;9;9501736;2020;9;0;7;3;6;4;2;0;1;1;0;0;0;0
11;8;8401243;2020;9;7;4;3;2;6;0;0;1;0;1;0;0;0
11;10;10100205;2020;8;20;7;3;0;1;2;0;0;0;1;0;0;0