LAND;BEZ;LOR_ab_2021;UJAHR;UMONAT;USTUNDE;UWOCHENTAG;UKATEGORIE;UART;UTYP1;ULICHTVERH;IstRad;IstPKW;IstFuss;IstKrad;IstGkfz;IstSonstige;USTRZUSTAND
11;8;8200624;2020;9;16;5;2;0;7;0;1;0;0;0;0;0;1
11;2;2100101;2020;9;8;4;3;0;1;0;1;0;0;0;0;0;0
11;5;5200630;2020;9;13;2;3;1;5;0;0;1;0;0;0;1;0
11;11;11501340;2020;9;6;4;3;5;2;0;1;1;0;0;0;0;0
11;1;1100309;2020;9;20;7;3;2;2;1;1;1;0;0;0;0;0
11;10;10100312;2020;9;15;2;3;0;2;0;1;0;0;0;0;1;0
11;1;1100308;2020;9;12;6;3;5;7;0;1;1;0;0;0;0;0
11;3;3500934;2020;9;14;2;3;5;3;0;1;1;0;0;0;0;0
11;3;3200310;2020;9;14;5;3;5;2;0;1;1;0;0;0;0;0
11;11;11300617;2020;9;5;4;2;6;4;1;0;0;1;1;0;0;0
11;7;7300516;2020;9;18;5;3;1;5;0;1;1;0;0;0;0;0
11;1;1100309;2020;9;20;1;3;5;7;2;0;1;0;0;0;1;0
11;1;1100207;2020;9;16;2;3;2;6;0;0;1;0;0;0;0;0
11;9;9200715;2020;9;6;5;2;5;2;0;0;1;0;1;0;0;0
11;5;5300736;2020;9;14;3;2;1;7;0;0;1;0;0;0;1;0
11;1;1200518;2020;9;18;5;3;2;6;0;0;1;0;0;0;1;0
11;2;2200209;2020;9;19;1;3;5;3;0;1;0;0;0;0;1;0
11;4;4501041;2020;9;18;7;3;5;2;0;1;1;0;0;0;0;0
11;4;4501042;2020;9;10;5;3;1;5;0;1;1;0;0;0;0;0
11;2;2300316;2020;9;21;2;3;1;5;2;1;1;0;0;0;0;0
11;2;2400521;2020;9;11;6;3;5;2;0;1;1;0;0;0;0;0
11;5;5400943;2020;9;8;2;3;5;3;0;1;1;0;0;0;0;0
11;5;5100316;2020;9;12;5;3;0;1;0;0;0;0;1;0;0;0
11;11;11300721;2020;9;12;3;3;5;2;0;1;1;0;0;0;0;0
11;5;5100316;2020;9;18;5;3;3;6;1;0;1;0;1;0;0;0
11;1;1100309;2020;9;15;1;2;0;6;0;1;1;0;0;0;0;0
11;3;3701556;2020;9;9;5;3;5;3;0;0;1;0;1;0;0;0
11;1;1100310;2020;9;12;3;2;5;3;0;0;1;0;0;0;1;0
11;10;10100316;2020;9;8;7;2;6;4;0;0;0;1;0;0;1;0
11;6;6300524;2020;9;10;5;3;6;3;0;0;1;1;0;0;0;0
11;8;8100417;2020;9;9;3;3;2;2;0;0;1;0;1;0;0;0
11;8;8401241;2020;9;14;7;3;2;2;0;0;1;0;0;0;0;0
11;12;12400720;2020;9;12;3;3;1;5;0;1;0;0;0;0;1;0
11;5;5300737;2020;9;10;6;3;0;6;0;0;1;0;0;0;1;0
11;1;1100205;2020;9;12;3;3;2;6;0;1;0;0;0;0;0;0
11;3;3300517;2020;9;9;2;3;5;3;0;1;1;0;0;0;0;0
11;1;1200522;2020;9;10;5;3;5;2;0;0;1;0;0;0;0;0
11;7;7400822;2020;9;11;3;2;2;6;0;0;0;0;1;0;1;0
11;4;4200310;2020;9;13;1;3;6;4;0;0;1;1;0;0;0;0
11;7;7601544;2020;9;9;5;3;5;2;0;0;1;0;0;0;0;0
11;2;2100104;2020;9;19;3;3;1;5;0;1;1;0;0;0;0;0
11;9;9501737;2020;9;21;6;2;7;7;2;0;0;0;1;0;0;0
11;3;3701555;2020;9;17;2;2;5;2;0;1;1;0;0;0;0;0
11;4;4300517;2020;9;23;6;3;5;3;2;1;1;0;0;0;0;0
11;3;3400620;2020;9;11;3;3;3;2;0;1;1;0;0;0;0;0
11;5;5200420;2020;9;14;2;3;5;3;0;1;1;0;0;0;0;0
11;2;2100101;2020;9;20;2;2;1;5;2;1;1;0;0;0;0;0
11;1;1100309;2020;9;9;6;3;0;1;0;1;0;0;0;0;0;0
11;7;7200409;2020;9;10;3;3;2;7;0;1;1;0;0;0;0;0
11;4;4300517;2020;9;7;2;3;2;2;0;0;1;0;0;0;0;0
11;12;12500926;2020;9;10;3;3;5;2;0;0;1;0;0;0;0;0
11;5;5200629;2020;9;9;1;3;5;3;0;1;0;0;0;0;0;0
11;2;2400521;2020;9;9;5;3;5;2;0;1;1;0;0;0;0;0
11;7;7601544;2020;9;17;3;2;5;2;0;0;1;0;0;0;0;0
11;5;5400942;2020;9;18;6;3;0;2;0;1;1;0;0;0;0;0
11;5;5200633;2020;9;16;2;3;2;6;0;0;1;0;1;0;0;0
11;11;11300724;2020;9;8;5;3;5;3;0;1;1;0;0;0;0;0
11;5;5200420;2020;9;9;3;3;5;3;0;0;1;0;0;0;0;0
11;2;2400521;2020;9;17;5;3;5;2;0;1;1;0;0;0;0;0
11;4;4200310;2020;9;12;2;3;0;6;0;0;0;0;1;0;0;0
11;1;1401046;2020;9;9;3;3;0;6;0;0;1;0;1;0;0;0
11;4;4501042;2020;9;19;7;2;5;3;1;0;1;0;0;0;1;0
11;3;3200207;2020;9;10;2;3;5;3;0;0;1;0;0;0;0;0
11;3;3701554;2020;9;9;3;3;5;2;0;1;1;0;0;0;0;0
11;9;9200715;2020;9;15;7;2;4;6;0;1;0;0;0;0;0;0
11;9;9401432;2020;9;15;3;3;2;2;0;0;1;0;0;0;0;0
11;7;7100102;2020;9;17;6;3;5;2;0;0;1;0;0;0;0;0
11;12;12200515;2020;9;15;2;3;2;6;0;0;1;0;0;0;0;0
11;9;9401534;2020;9;15;5;3;5;3;0;1;1;0;0;0;0;0
11;6;6400840;2020;9;8;3;3;5;2;0;0;1;0;0;0;0;0
11;4;4300517;2020;9;17;5;3;5;2;0;0;1;0;0;0;0;0
11;6;6100103;2020;9;22;1;2;2;6;2;0;1;0;0;0;1;0
11;1;1200628;2020;9;9;5;3;6;4;0;1;0;1;0;0;0;0
11;1;1100206;2020;9;9;3;3;2;6;0;1;1;0;0;0;0;0
11;1;1100311;2020;9;15;7;3;2;1;0;1;0;0;0;0;0;0
11;4;4501042;2020;9;8;5;3;5;7;0;1;1;0;0;0;0;0
11;1;1100312;2020;9;10;6;2;3;6;0;1;1;0;0;0;0;0
11;1;1400937;2020;9;10;2;3;2;2;0;0;1;0;0;0;1;0
11;10;10300731;2020;9;12;5;3;3;6;0;0;1;0;0;0;1;0
11;10;10200423;2020;9;15;6;3;2;2;0;0;1;0;0;0;0;0
11;10;10100206;2020;9;14;2;3;6;4;0;0;1;1;0;0;0;0
11;2;2500726;2020;9;13;5;3;6;2;0;0;1;1;0;0;0;0
11;5;5200528;2020;9;8;3;3;5;3;0;0;1;0;0;0;0;0
11;5;5100211;2020;9;17;5;3;2;6;0;1;1;0;0;0;0;0
11;6;6300526;2020;9;17;1;3;5;3;0;0;1;0;1;0;0;0
11;1;1200629;2020;9;10;3;3;5;2;0;0;1;0;0;0;0;0
11;4;4300518;2020;9;14;7;3;5;2;0;1;1;0;0;0;0;0
11;1;1400938;2020;9;8;3;3;6;6;0;1;0;1;0;0;0;0
11;8;8100102;2020;9;10;6;3;3;6;0;1;1;0;0;0;0;0
11;5;5100316;2020;9;6;3;3;0;2;0;0;1;0;0;0;1;0
11;9;9200715;2020;9;8;2;3;5;2;0;1;1;0;0;0;0;0
11;2;2500729;2020;9;2;3;2;0;1;2;0;0;0;0;0;1;0
11;4;4400833;2020;9;12;1;3;6;7;0;0;1;1;0;0;0;0
11;2;2500835;2020;9;8;5;3;8;1;0;0;0;0;1;0;0;0
11;9;9501737;2020;9;18;3;3;5;2;0;1;1;0;0;0;0;0
11;7;7100205;2020;9;20;3;2;3;6;1;0;1;0;1;0;0;0
11;12;12200309;2020;9;13;1;3;3;6;0;0;1;0;0;0;1;0
11;12;12100205;2020;9;12;3;3;0;1;0;0;0;0;1;0;0;0
11;9;9200819;2020;9;16;6;3;5;2;0;1;1;0;0;0;0;0
11;2;2400623;2020;9;18;2;3;5;3;0;0;1;0;0;0;1;0
11;11;11300722;2020;9;3;6;3;0;1;2;1;0;0;0;0;0;0
11;4;4300619;2020;9;20;3;3;6;4;1;1;0;1;0;0;0;0
11;1;1200522;2020;9;10;2;3;5;3;0;1;1;0;0;0;0;0
11;2;2400623;2020;9;18;3;3;0;1;0;0;0;0;1;0;0;0
11;1;1200521;2020;9;0;1;3;0;5;2;0;1;0;0;0;1;0
11;1;1401045;2020;9;16;3;3;5;3;0;0;1;0;0;0;0;0
11;4;4500937;2020;9;17;6;3;2;7;0;0;1;0;0;0;0;0
11;2;2100102;2020;9;16;2;3;2;6;0;0;1;0;0;0;0;0
11;10;10100311;2020;9;16;5;2;5;2;0;1;1;0;0;0;0;0
11;6;6100206;2020;9;18;3;3;5;3;0;1;0;0;0;0;0;0
11;1;1100206;2020;9;21;6;3;0;2;2;1;0;0;1;0;0;0
11;1;1100313;2020;9;16;2;3;5;3;0;1;1;0;0;0;0;0
11;2;2100105;2020;9;1;6;3;5;2;2;0;1;0;1;0;0;0
11;12;12200309;2020;9;0;3;3;5;2;2;0;0;0;0;0;1;0
11;5;5100208;2020;9;13;2;3;5;3;0;0;1;0;0;0;0;0
11;1;1100313;2020;9;17;3;3;3;6;0;1;0;0;0;0;0;0
11;9;9301126;2020;9;23;7;2;5;2;2;1;1;0;0;0;0;0
11;4;4200311;2020;9;8;5;2;2;6;0;0;1;0;1;0;0;0
11;1;1100102;2020;9;23;2;3;2;6;2;0;1;0;0;1;0;0
11;9;9401534;2020;9;13;6;3;2;7;0;1;0;0;0;0;1;0
11;1;1100206;2020;9;15;2;3;2;2;0;1;1;0;0;0;0;0
11;5;5200634;2020;9;15;5;3;0;2;0;1;1;0;0;0;0;0
11;3;3300413;2020;9;17;3;3;2;6;0;0;1;0;0;0;0;0
11;12;12200411;2020;9;16;5;2;5;2;0;0;1;0;0;0;0;0
11;9;9100304;2020;9;20;1;3;2;6;2;0;1;0;0;1;0;0
11;11;11200514;2020;9;9;3;3;6;2;0;0;1;1;0;0;0;0
11;4;4500938;2020;9;15;7;2;5;7;0;0;1;0;1;0;0;0
11;11;11100203;2020;9;16;5;3;5;2;0;1;1;0;0;0;0;0
11;1;1400940;2020;9;13;1;3;5;2;0;0;1;0;1;0;0;0
11;2;2300315;2020;9;18;7;3;5;3;0;0;1;0;0;0;1;0
11;1;1100102;2020;9;22;2;3;3;6;2;0;1;0;1;0;0;0
11;1;1300836;2020;9;11;6;3;5;7;0;1;1;0;0;0;0;0
11;4;4400727;2020;9;7;2;3;1;7;0;1;1;0;0;0;0;0
11;4;4200311;2020;9;10;5;3;5;2;0;1;1;0;0;0;0;0
11;11;11100307;2020;9;16;3;3;2;6;0;0;1;0;0;0;0;0
11;1;1200519;2020;9;18;4;3;2;7;0;1;1;0;0;0;0;0
11;4;4501042;2020;9;15;1;3;5;2;0;1;1;0;0;0;0;0
11;4;4200308;2020;9;12;3;3;2;6;0;0;1;0;1;0;0;0
11;9;9100408;2020;9;10;7;3;5;2;0;1;1;0;0;0;0;0
11;1;1100206;2020;9;14;6;3;5;3;0;1;1;0;0;0;0;0
11;9;9200715;2020;9;16;3;3;5;2;0;1;1;0;0;0;0;0
11;12;12601133;2020;9;15;3;3;7;7;0;0;0;0;1;0;0;0
11;6;6200317;2020;9;11;6;3;5;3;0;0;1;0;0;0;0;0
11;10;10100101;2020;9;15;3;3;2;6;0;0;1;0;0;0;0;0
11;3;3400619;2020;9;9;2;3;1;5;0;0;1;0;1;0;0;0
11;6;6100102;2020;9;11;5;3;5;2;0;1;1;0;0;0;0;0
11;1;1401046;2020;9;2;3;3;1;5;2;0;1;0;0;0;1;0
11;6;6400838;2020;9;13;1;3;6;4;0;1;0;1;0;0;0;0
11;4;4501148;2020;9;13;3;2;5;2;0;0;1;0;1;0;0;0
11;9;9301126;2020;9;10;6;3;5;3;0;1;1;0;0;0;0;0
11;4;4501153;2020;9;17;2;3;5;3;0;1;1;0;0;0;0;0
11;10;10400940;2020;9;14;6;3;5;3;0;0;1;0;1;0;0;0
11;1;1100205;2020;9;18;2;3;4;6;0;1;0;0;0;0;1;0
11;2;2100106;2020;9;14;2;3;5;7;0;0;1;0;0;0;1;0
11;5;5200632;2020;9;17;2;3;5;2;0;0;1;0;0;0;1;0
11;5;5200633;2020;9;12;7;3;2;6;0;0;1;0;0;0;1;0
11;12;12400619;2020;9;7;2;3;0;7;0;0;1;0;0;0;0;0
11;2;2300316;2020;9;16;2;3;1;5;0;1;1;0;0;0;0;0
11;4;4200308;2020;9;11;1;2;0;7;0;1;0;0;0;0;0;0
11;8;8200623;2020;9;17;3;3;2;6;0;0;0;0;1;0;1;0
11;8;8100312;2020;9;18;6;3;2;6;0;0;1;0;1;0;0;0
11;2;2400521;2020;9;17;2;3;5;2;0;1;1;0;0;0;0;0
11;5;5200632;2020;9;15;5;3;0;1;0;1;0;0;0;0;0;0
11;11;11200512;2020;9;17;2;3;5;3;0;1;1;0;0;0;0;0
11;3;3400619;2020;9;13;2;2;6;4;0;0;1;1;0;0;0;0
11;4;4501153;2020;9;17;2;3;5;2;0;1;1;0;0;0;0;0
11;4;4300413;2020;9;20;7;3;6;6;1;0;1;1;0;0;0;0
11;7;7200411;2020;9;18;2;3;2;6;1;0;1;0;0;0;0;0
11;2;2200212;2020;9;12;6;3;5;2;0;1;1;0;0;0;0;0
11;12;12500824;2020;9;14;2;3;0;1;0;1;1;0;0;0;0;0
11;8;8100520;2020;9;15;3;3;6;7;0;0;0;1;0;0;1;0
11;7;7200412;2020;9;13;6;3;5;2;0;0;1;0;1;0;0;0
11;12;12500926;2020;9;15;2;2;0;4;0;0;0;1;0;0;1;0
11;3;3601453;2020;9;15;5;2;6;4;0;1;0;1;0;0;0;0
11;7;7300619;2020;9;17;2;2;0;6;0;0;1;0;1;0;0;0
11;1;1100205;2020;9;18;4;3;5;2;0;1;0;0;0;0;1;0
11;2;2300314;2020;9;13;1;3;3;6;0;1;0;0;0;0;0;0
11;2;2500830;2020;9;6;5;3;0;1;1;0;0;0;1;0;0;1
11;7;7501031;2020;9;15;7;3;2;6;0;0;1;0;0;0;0;0
11;3;3601348;2020;9;0;5;3;1;5;2;1;1;0;0;0;0;1
11;7;7200412;2020;9;14;6;3;6;7;0;1;0;1;0;0;0;0
11;1;1400938;2020;9;10;2;3;2;7;0;0;1;0;0;0;0;0
11;3;3601142;2020;9;12;5;3;1;5;0;1;1;0;0;0;0;0
11;7;7400721;2020;9;17;2;3;5;3;0;0;1;0;0;0;1;0
11;11;11100102;2020;9;14;1;3;8;1;0;1;0;0;0;0;0;0
11;1;1100102;2020;9;18;1;3;5;2;0;0;1;0;1;0;0;0
11;2;2500833;2020;9;19;4;3;0;1;1;1;1;0;0;0;0;0
11;9;9100203;2020;9;9;1;3;5;2;0;0;1;0;0;0;0;0
11;1;1300834;2020;9;17;1;3;7;7;0;0;0;0;1;0;0;0
11;5;5400943;2020;9;11;2;3;5;3;0;0;1;0;0;0;1;0
11;9;9200819;2020;9;17;1;3;2;7;0;0;1;0;1;0;0;0
11;1;1100416;2020;9;18;4;3;0;5;0;1;1;0;0;0;0;0
11;12;12500930;2020;9;17;1;3;5;2;0;1;1;0;0;0;0;0
11;3;3601245;2020;9;15;4;3;3;6;0;0;0;0;1;0;0;0
11;6;6300528;2020;9;17;1;3;5;3;0;0;1;0;0;0;0;0
11;12;12100204;2020;9;3;4;3;1;5;2;0;1;0;0;0;0;0
11;6;6200421;2020;9;17;7;3;3;6;0;1;1;0;0;0;0;0
11;12;12500824;2020;9;15;2;3;2;6;0;0;1;0;1;0;0;0
11;1;1100310;2020;9;23;7;3;8;1;2;1;0;0;0;0;0;0
11;12;12200411;2020;9;22;7;3;3;6;2;0;1;0;0;0;0;0
11;10;10100314;2020;9;15;2;3;0;1;0;0;0;0;1;0;0;0
11;12;12601134;2020;9;19;7;3;0;1;2;1;1;0;0;0;0;0
11;4;4300416;2020;9;18;7;3;5;3;0;1;0;0;0;0;0;0
11;2;2300314;2020;9;17;7;3;2;6;0;1;1;0;0;0;0;0
11;1;1200520;2020;9;9;4;3;5;2;0;0;1;0;1;0;0;0
11;3;3400723;2020;9;17;7;3;5;3;0;0;1;0;0;0;0;0
11;4;4100101;2020;9;8;4;3;1;5;0;0;1;0;0;0;0;0
11;2;2200212;2020;9;15;7;3;5;2;0;1;1;0;0;0;0;0
11;9;9200510;2020;9;14;2;3;5;3;0;0;1;0;0;0;0;0
11;12;12200310;2020;9;15;7;3;2;6;0;0;1;0;0;0;0;0
11;12;12200309;2020;9;14;7;3;1;5;0;1;1;0;0;0;0;0
11;1;1100308;2020;9;13;7;3;6;4;0;1;0;1;0;0;0;0
11;3;3200206;2020;9;8;4;3;5;3;0;0;1;0;0;0;0;0
11;12;12200515;2020;9;13;1;3;2;7;0;1;0;0;0;0;0;0
11;1;1200629;2020;9;13;7;3;5;3;0;0;1;0;0;0;1;0
11;3;3200206;2020;9;7;2;3;0;6;0;1;0;0;0;0;1;0
11;12;12601235;2020;9;8;4;3;0;3;0;0;1;0;0;0;1;0
11;3;3300514;2020;9;11;7;3;2;6;0;0;1;0;1;0;0;0
11;1;1100312;2020;9;8;4;2;6;4;0;1;0;1;0;0;0;0
11;12;12601031;2020;9;11;7;3;8;1;0;0;0;0;1;0;0;0
11;10;10100102;2020;9;6;3;3;5;2;0;0;1;0;0;0;0;0
11;5;5100317;2020;9;8;4;3;5;5;0;0;1;0;1;0;0;0
11;3;3701555;2020;9;11;7;2;5;2;0;1;1;0;0;0;0;0
11;1;1100206;2020;9;13;2;3;2;6;0;1;1;0;0;0;0;0
11;2;2300417;2020;9;10;7;3;5;3;0;1;1;0;0;0;0;0
11;1;1100416;2020;9;10;7;3;5;3;0;0;1;0;0;0;0;0
11;11;11200513;2020;9;9;7;3;5;3;0;0;1;0;0;0;0;0
11;2;2200212;2020;9;8;4;3;5;3;0;1;1;0;0;0;0;0
11;1;1100309;2020;9;13;1;3;1;7;0;0;1;0;1;0;0;0
11;7;7200308;2020;9;3;7;3;0;1;2;0;0;0;0;0;1;0
11;5;5100210;2020;9;12;2;3;5;3;0;0;1;0;0;0;0;0
11;5;5100316;2020;9;23;7;3;0;6;2;0;1;0;0;0;1;0
11;6;6200313;2020;9;7;4;2;5;2;0;1;1;0;0;0;0;0
11;6;6200312;2020;9;8;6;3;1;5;0;1;1;0;0;0;0;0
11;12;12200411;2020;9;16;6;3;5;2;0;0;1;0;0;0;0;0
11;4;4300414;2020;9;18;2;3;5;2;0;1;1;0;0;0;0;0
11;6;6100206;2020;9;16;6;3;5;3;0;1;1;0;0;0;0;0
11;3;3601243;2020;9;20;6;2;0;1;2;1;0;0;0;0;0;0
11;1;1100313;2020;9;18;6;3;6;4;1;1;0;1;0;0;0;0
11;7;7100206;2020;9;6;4;3;5;3;0;1;1;0;0;0;0;0
11;1;1400939;2020;9;12;1;3;5;3;0;0;1;0;0;0;0;0
11;3;3500934;2020;9;10;6;2;5;2;0;1;1;0;0;0;0;0
11;6;6400735;2020;9;12;2;2;0;1;0;1;0;0;0;0;0;0
11;9;9200715;2020;9;9;6;3;6;4;0;0;0;1;0;1;0;0
11;7;7400927;2020;9;4;4;3;8;7;2;0;1;0;0;0;0;0
11;9;9301025;2020;9;8;6;3;5;3;0;1;1;0;0;0;0;0
11;12;12200412;2020;9;14;4;3;5;3;0;1;0;0;0;0;0;0
11;2;2300315;2020;9;8;6;3;5;3;0;1;1;0;0;0;0;0
11;2;2500726;2020;9;13;4;3;5;2;0;0;1;0;0;0;1;0
11;9;9200717;2020;9;13;4;3;2;3;0;0;1;0;0;1;0;0
11;9;9100304;2020;9;7;6;3;0;1;0;1;0;0;0;0;0;0
11;5;5100316;2020;9;7;6;3;5;5;0;0;1;0;1;0;0;0
11;2;2100102;2020;9;15;4;2;5;3;0;1;1;0;0;0;0;0
11;10;10200627;2020;9;7;6;3;0;6;0;0;1;0;0;0;1;0
11;7;7501133;2020;9;16;2;3;5;2;0;1;1;0;0;0;0;0
11;2;2200209;2020;9;8;6;3;2;6;0;0;1;0;0;0;0;0
11;5;5200629;2020;9;17;6;3;5;2;0;1;1;0;0;0;0;0
11;12;12400723;2020;9;22;6;3;5;3;2;0;1;0;0;0;0;0
11;4;4500936;2020;9;13;4;3;3;6;0;0;1;0;1;0;0;0
11;8;8100310;2020;9;21;6;3;6;4;2;0;1;1;0;0;0;0
11;4;4501153;2020;9;13;4;3;5;2;0;1;0;0;0;0;0;0
11;10;10100208;2020;9;22;6;3;5;3;2;1;1;0;0;0;0;0
11;7;7400826;2020;9;14;2;3;5;2;0;0;1;0;1;0;0;0
11;11;11100203;2020;9;1;6;3;8;1;2;0;1;0;0;0;0;0
11;4;4501040;2020;9;18;6;3;0;5;0;1;0;0;0;0;1;0
11;5;5200630;2020;9;15;2;3;2;6;0;0;1;0;0;0;0;0
11;5;5200632;2020;9;7;6;2;5;3;0;1;1;0;0;0;0;0
11;3;3601449;2020;9;1;6;3;8;1;2;0;1;0;0;0;0;0
11;3;3701556;2020;9;0;6;2;0;1;2;1;0;0;0;0;0;0
11;4;4501041;2020;9;14;4;3;3;6;0;1;1;0;0;0;0;0
11;11;11501339;2020;9;14;6;2;2;6;0;0;1;0;0;0;0;0
11;3;3601450;2020;9;2;3;3;8;1;2;0;1;0;0;0;0;0
11;3;3400831;2020;9;12;4;2;5;2;0;1;1;0;0;0;0;0
11;7;7200409;2020;9;13;6;3;1;5;0;1;1;0;0;0;1;0
11;2;2100106;2020;9;20;2;3;5;3;1;1;1;0;0;0;0;0
11;5;5100316;2020;9;14;6;3;5;3;0;0;1;0;1;0;0;0
11;2;2200210;2020;9;13;6;3;5;3;0;1;0;0;0;0;0;0
11;12;12100205;2020;9;13;6;2;6;4;0;0;1;1;0;0;0;0
11;11;11501339;2020;9;12;4;2;5;3;0;1;1;0;0;0;0;0
11;9;9300922;2020;9;16;1;2;5;3;0;0;1;0;1;0;0;0
11;12;12400617;2020;9;13;6;2;5;2;0;1;1;0;0;0;0;0
11;7;7100102;2020;9;13;6;3;2;6;0;0;1;0;0;0;0;0
11;1;1401047;2020;9;12;6;3;5;3;0;1;1;0;0;0;0;0
11;10;10300731;2020;9;11;4;3;5;3;0;1;1;0;0;0;0;0
11;1;1100101;2020;9;15;1;2;5;2;0;1;1;0;0;0;0;0
11;6;6200420;2020;9;12;6;3;5;3;0;0;1;0;0;0;0;0
11;11;11200513;2020;9;13;2;3;0;3;0;0;1;0;0;0;0;0
11;5;5100314;2020;9;12;6;2;6;4;0;0;1;1;0;0;0;0
11;8;8100520;2020;9;17;2;3;5;2;0;1;1;0;0;0;0;0
11;9;9200511;2020;9;17;2;3;2;4;0;0;1;1;0;0;0;0
11;1;1100206;2020;9;11;6;3;5;2;0;1;1;0;0;0;0;0
11;1;1401044;2020;9;11;6;3;5;3;0;0;1;0;1;0;0;0
11;1;1100310;2020;9;11;6;3;5;2;0;1;0;0;0;0;1;0
11;1;1100311;2020;9;6;4;3;5;2;0;1;1;0;0;0;0;0
11;5;5200528;2020;9;13;1;3;2;6;0;0;1;0;1;0;0;0
11;12;12400723;2020;9;10;6;2;5;3;0;0;1;0;0;0;1;0
11;2;2200209;2020;9;6;2;3;5;2;2;1;1;0;0;0;0;0
11;11;11401034;2020;9;16;2;2;1;5;0;0;1;0;0;0;0;0
11;11;11300721;2020;9;10;6;3;5;2;0;0;1;0;0;0;1;0
11;3;3601142;2020;9;12;2;3;0;1;0;1;0;0;0;0;0;0
11;6;6100101;2020;9;16;2;2;1;5;0;1;1;0;0;0;0;0
11;4;4300619;2020;9;15;6;3;5;3;0;1;1;0;0;0;0;0
11;9;9200613;2020;9;15;4;2;6;4;0;0;1;1;0;0;0;0
11;5;5200423;2020;9;15;6;3;5;3;0;1;1;0;0;0;0;0
11;6;6100102;2020;9;17;4;3;0;4;0;0;0;1;0;0;1;0
11;1;1401047;2020;9;15;6;3;5;2;0;0;1;0;0;0;0;0
11;3;3400620;2020;9;15;6;2;0;6;0;1;0;0;0;0;1;0
11;4;4100101;2020;9;17;4;3;5;7;0;0;1;0;1;0;0;0
11;9;9100407;2020;9;16;6;3;2;6;0;1;1;0;0;0;0;0
11;3;3701657;2020;9;15;2;3;5;3;0;1;1;0;0;0;0;0
11;1;1200626;2020;9;23;2;3;5;2;2;1;0;0;1;0;0;0
11;1;1300733;2020;9;16;6;3;3;6;0;1;0;0;0;0;1;0
11;12;12100204;2020;9;15;6;3;5;2;0;0;1;0;1;0;0;0
11;1;1100206;2020;9;16;6;3;1;5;0;1;1;0;0;0;0;0
11;9;9200716;2020;9;16;4;3;5;2;0;1;1;0;0;0;0;0
11;4;4200309;2020;9;17;6;3;2;6;0;0;1;0;0;0;0;0
11;1;1100104;2020;9;15;6;3;5;2;0;0;1;0;0;0;1;0
11;2;2200213;2020;9;17;6;3;5;2;0;1;0;0;1;0;0;0
11;1;1100207;2020;9;16;4;3;0;2;0;1;1;0;0;0;0;0
11;11;11300619;2020;9;17;6;3;5;2;0;1;1;0;0;0;0;0
11;4;4501041;2020;9;15;4;3;5;2;0;0;1;0;0;0;1;0
11;5;5200423;2020;9;17;6;2;5;3;0;0;1;0;1;0;0;0
11;1;1100309;2020;9;14;2;2;6;4;0;1;0;1;0;0;0;0
11;9;9501941;2020;9;9;2;2;5;3;0;1;1;0;0;0;0;0
11;1;1200520;2020;9;14;6;3;3;6;0;1;1;0;0;0;0;0
11;4;4300620;2020;9;14;6;2;6;4;0;0;1;1;0;0;0;0
11;1;1100312;2020;9;19;6;3;6;7;2;0;1;1;0;0;0;0
11;11;11300618;2020;9;15;4;3;5;2;0;1;1;0;0;0;0;0
11;12;12200309;2020;9;12;1;3;5;2;0;1;1;0;0;0;0;0
11;4;4500937;2020;9;19;6;3;5;3;0;1;1;0;0;0;0;0
11;1;1100310;2020;9;21;2;2;6;4;2;0;1;1;0;0;0;0
11;3;3200206;2020;9;14;3;3;6;7;0;1;0;1;0;0;0;0
11;11;11501339;2020;9;18;6;3;5;3;0;1;1;0;0;0;0;0
11;1;1100104;2020;9;19;2;3;5;3;1;1;0;0;1;0;0;0
11;1;1400942;2020;9;7;3;2;0;1;0;0;0;0;1;0;0;0
11;2;2200213;2020;9;18;3;3;2;6;1;0;1;0;0;0;0;0
11;4;4400835;2020;9;8;6;3;0;3;0;1;0;0;0;0;0;0
11;10;10200629;2020;9;13;2;3;5;2;0;0;1;0;0;0;0;0
11;1;1100308;2020;9;18;6;3;5;3;0;1;1;0;0;0;0;0
11;1;1100207;2020;9;18;6;3;0;3;0;1;1;0;0;0;0;0
11;6;6200421;2020;9;17;6;2;5;3;0;0;1;0;1;0;0;0
11;12;12500928;2020;9;13;3;3;2;6;0;1;1;0;0;0;0;0
11;4;4501152;2020;9;1;1;2;9;1;2;1;0;0;0;0;0;0
11;5;5400944;2020;9;17;6;2;1;5;0;1;1;0;0;0;0;0
11;9;9200819;2020;9;12;2;3;2;6;0;1;1;0;0;0;0;0
11;4;4300620;2020;9;9;2;3;5;2;0;1;1;0;0;0;0;0
11;11;11300826;2020;9;9;5;3;0;6;0;1;0;0;0;0;1;0
11;9;9200512;2020;9;9;2;3;5;2;0;0;0;0;0;1;1;0
11;4;4100101;2020;9;12;5;3;5;3;0;1;1;0;0;0;0;0
11;10;10300731;2020;9;15;5;3;3;6;0;1;1;0;0;0;0;0
11;2;2100105;2020;9;15;5;3;5;3;0;1;1;0;0;0;0;0
11;3;3400725;2020;9;17;5;3;5;3;0;1;1;0;0;0;0;0
11;3;3500936;2020;9;13;5;3;4;5;0;0;0;0;0;0;1;0
11;8;8100314;2020;9;19;5;3;5;2;1;1;0;0;0;0;1;0
11;9;9200715;2020;9;10;3;3;0;2;0;1;1;0;0;0;0;0
11;9;9401329;2020;9;23;1;2;8;1;2;1;0;0;0;0;0;0
11;12;12500926;2020;9;23;5;3;1;5;2;0;1;0;0;0;0;0