LAND;BEZ;LOR_ab_2021;UJAHR;UMONAT;USTUNDE;UWOCHENTAG;UKATEGORIE;UART;UTYP1;ULICHTVERH;IstRad;IstPKW;IstFuss;IstKrad;IstGkfz;IstSonstige;USTRZUSTAND
11;4;4501042;2020;9;12;2;3;2;6;0;0;1;0;0;0;0;0
11;4;4300622;2020;9;13;4;3;3;6;0;1;1;0;0;0;0;0
11;9;9301126;2020;9;16;5;3;5;2;0;0;1;0;0;0;0;0
11;1;1200522;2020;9;23;7;3;6;2;2;0;1;1;0;0;0;1
11;5;5100317;2020;9;14;3;3;2;6;0;0;1;0;0;0;0;0
11;11;11300617;2020;9;17;6;3;5;3;0;0;1;0;0;0;0;0
11;10;10200418;2020;9;15;2;3;5;7;0;0;1;0;0;0;1;0
11;6;6400844;2020;9;16;3;3;2;6;0;1;0;0;0;0;1;0
11;6;6200421;2020;9;13;6;3;2;6;0;0;1;0;0;0;1;0
11;12;12601235;2020;9;12;4;3;2;6;0;0;1;0;0;0;1;0
11;9;9100409;2020;9;20;2;3;9;1;2;0;0;0;1;0;0;0
11;7;7100103;2020;9;8;4;3;3;5;0;1;1;0;0;0;0;0
11;11;11100204;2020;9;18;5;3;5;3;0;1;1;0;0;0;0;0
11;1;1100311;2020;9;18;7;3;3;6;1;0;1;0;1;0;0;1
11;5;5200629;2020;9;12;3;3;6;2;0;0;1;1;0;0;0;0
11;8;8200831;2020;9;16;3;3;5;2;0;1;1;0;0;0;0;0
11;1;1100416;2020;9;10;6;3;2;6;0;0;1;0;0;0;0;1
11;10;10100209;2020;9;11;2;3;5;5;0;0;1;0;0;0;0;0
11;4;4300517;2020;9;19;7;3;5;3;2;0;1;0;0;0;0;1
11;1;1200520;2020;9;8;3;3;0;6;0;1;0;0;0;0;0;0
11;1;1100207;2020;9;16;3;3;0;3;0;1;1;0;0;0;0;0
11;2;2200208;2020;9;14;3;3;5;2;0;1;1;0;0;0;0;0
11;2;2100106;2020;9;14;6;3;3;6;0;1;0;0;0;0;0;1
11;11;11200513;2020;9;7;2;3;6;4;0;0;1;1;0;0;0;0
11;2;2300419;2020;9;16;3;3;5;7;0;0;1;0;0;0;0;0
11;12;12100102;2020;9;12;6;2;5;3;0;0;1;0;1;0;0;1
11;4;4501042;2020;9;17;2;3;5;2;0;0;1;0;1;0;0;0
11;1;1401045;2020;9;20;3;3;5;7;2;0;1;0;0;0;0;0
11;2;2500830;2020;9;12;5;3;0;1;0;1;1;0;0;0;0;0
11;8;8100314;2020;9;15;7;3;2;6;0;0;1;0;0;0;0;1
11;1;1100311;2020;9;9;3;2;2;2;0;0;1;0;0;0;0;0
11;9;9200512;2020;9;16;3;3;2;6;0;0;1;0;0;0;0;0
11;3;3400828;2020;9;9;6;3;5;3;0;0;1;0;1;0;0;1
11;7;7601443;2020;9;6;4;3;5;3;0;0;1;0;0;0;0;0
11;1;1100102;2020;9;18;3;3;2;6;0;0;1;0;0;0;0;0
11;2;2400623;2020;9;17;5;3;6;4;0;0;1;1;0;0;0;0
11;6;6300526;2020;9;14;4;3;0;4;0;0;0;1;0;0;1;0
11;1;1300733;2020;9;18;3;3;5;3;0;0;1;0;1;0;0;0
11;4;4300622;2020;9;18;5;3;3;6;0;1;1;0;0;0;0;0
11;8;8200832;2020;9;13;1;3;0;5;0;1;0;0;0;0;1;0
11;8;8100415;2020;9;17;3;3;2;6;0;0;1;0;1;0;0;0
11;1;1300834;2020;9;13;5;3;5;7;0;0;0;0;1;0;1;0
11;1;1401049;2020;9;13;7;3;2;6;0;0;1;0;0;0;0;1
11;8;8401243;2020;9;17;3;3;1;5;0;1;1;0;0;0;0;0
11;6;6400840;2020;9;15;3;3;5;2;0;0;1;0;0;0;0;0
11;1;1300836;2020;9;7;6;3;2;6;0;0;1;0;0;0;0;1
11;1;1300733;2020;9;13;2;2;6;4;0;0;0;1;0;0;1;0
11;4;4300623;2020;9;2;4;3;5;3;2;1;1;0;0;0;0;0
11;8;8200624;2020;9;18;3;3;2;2;0;0;1;0;1;0;0;0
11;2;2200209;2020;9;16;5;3;2;6;0;0;1;0;0;0;0;0
11;6;6300633;2020;9;10;1;3;5;3;0;1;1;0;0;0;0;0
11;2;2300316;2020;9;15;3;3;5;3;0;1;0;0;0;0;0;0
11;1;1100102;2020;9;19;6;3;2;6;2;0;1;0;0;0;0;1
11;4;4300518;2020;9;8;3;3;5;2;0;1;0;0;0;1;0;0
11;1;1100102;2020;9;18;1;3;5;2;1;1;1;0;0;0;0;1
11;9;9100101;2020;9;16;3;3;5;2;0;1;1;0;0;0;0;0
11;4;4200311;2020;9;9;6;3;5;2;0;1;0;0;0;1;0;1
11;7;7300517;2020;9;8;3;3;2;6;0;0;1;0;0;1;0;0
11;9;9200613;2020;9;18;3;2;0;1;0;0;0;0;1;0;0;0
11;1;1200629;2020;9;6;6;3;5;3;1;0;1;0;0;0;0;1
11;1;1100206;2020;9;21;4;2;2;2;2;1;0;0;0;0;0;0
11;12;12200309;2020;9;12;2;2;5;7;0;0;1;0;1;0;0;0
11;1;1300834;2020;9;12;4;3;3;6;0;0;0;0;1;0;1;0
11;7;7100102;2020;9;15;4;3;2;6;0;0;1;0;1;0;0;0
11;4;4501043;2020;9;12;5;3;5;3;0;1;1;0;0;0;0;0
11;1;1100101;2020;9;21;7;3;2;5;2;0;1;0;0;0;0;1
11;8;8200726;2020;9;15;3;3;5;3;0;1;1;0;0;0;0;0
11;1;1300835;2020;9;15;4;3;2;7;0;1;1;0;0;0;0;0
11;2;2500831;2020;9;16;6;2;6;4;0;0;1;1;0;0;0;0
11;5;5300841;2020;9;20;2;3;0;7;2;1;0;0;0;0;0;0
11;4;4300412;2020;9;17;3;3;1;5;0;1;1;0;0;0;0;0
11;1;1400938;2020;9;13;6;3;5;2;0;1;1;0;0;0;0;1
11;4;4501042;2020;9;18;2;3;1;5;1;1;1;0;0;0;0;0
11;3;3500934;2020;9;7;3;3;0;7;0;1;0;1;0;0;0;0
11;6;6100208;2020;10;21;6;3;5;7;2;0;1;0;0;0;0;0
11;11;11400929;2020;10;16;4;3;0;1;0;1;0;0;0;0;0;1
11;1;1400942;2020;10;18;3;2;5;2;0;0;1;0;0;0;1;0
11;8;8100314;2020;10;18;3;3;5;3;2;0;1;0;0;0;1;1
11;2;2100101;2020;10;16;6;3;2;6;0;0;1;0;0;0;0;0
11;10;10200418;2020;10;17;4;3;1;5;0;0;1;0;0;0;1;0
11;6;6100101;2020;10;16;6;3;4;6;0;0;1;0;1;0;0;0
11;1;1100308;2020;10;13;3;2;5;3;0;0;0;0;1;0;0;0
11;1;1100101;2020;10;19;7;3;0;1;2;0;0;0;0;0;1;0
11;3;3100101;2020;10;17;3;3;5;2;1;1;1;0;0;0;0;0
11;9;9100409;2020;10;20;6;2;0;1;2;1;0;0;0;0;0;0
11;7;7501134;2020;10;13;6;3;6;4;0;0;1;1;0;0;0;0
11;3;3400725;2020;10;12;4;3;6;4;0;0;1;1;0;0;0;0
11;3;3701554;2020;10;13;3;3;5;7;0;1;1;0;0;0;0;0
11;3;3501037;2020;10;15;6;3;5;3;0;1;1;0;0;0;0;0
11;9;9502043;2020;10;7;4;3;5;3;0;0;1;0;1;0;0;0
11;12;12100205;2020;10;14;6;3;5;3;0;1;1;0;0;0;0;0
11;8;8100105;2020;10;7;4;3;2;6;0;0;1;0;0;0;1;1
11;8;8100314;2020;10;9;6;3;5;3;0;0;1;0;0;0;1;0
11;4;4200309;2020;10;14;7;2;2;6;0;1;0;0;1;0;0;0
11;8;8200624;2020;10;13;3;3;5;3;0;1;1;0;0;0;0;0
11;1;1401048;2020;10;2;6;3;0;7;2;0;1;0;0;0;0;0
11;8;8200832;2020;10;6;6;3;5;2;0;0;1;0;0;0;0;0
11;7;7501031;2020;10;11;4;3;1;7;0;0;1;0;0;0;0;0
11;9;9200717;2020;10;17;3;2;3;6;0;0;1;0;1;0;0;0
11;1;1100207;2020;10;8;6;3;5;2;0;1;1;0;0;0;0;0
11;1;1400937;2020;10;0;4;3;9;1;2;0;0;0;0;0;1;1
11;7;7100102;2020;10;7;6;3;0;1;0;0;0;0;1;0;0;0
11;3;3100101;2020;10;9;7;2;5;3;0;0;1;0;0;0;0;0
11;8;8300934;2020;10;19;5;3;8;1;1;0;1;0;0;0;0;1
11;1;1300731;2020;10;14;3;2;6;4;0;0;1;1;0;0;0;0
11;4;4500936;2020;10;18;3;3;1;5;1;1;1;0;0;0;0;0
11;11;11100102;2020;10;10;6;3;5;2;0;1;1;0;0;0;0;0
11;6;6100209;2020;10;19;4;3;2;2;2;0;1;0;0;0;1;1
11;2;2200210;2020;10;17;3;3;6;4;0;0;1;1;0;0;0;0
11;12;12100102;2020;10;13;7;3;5;3;0;0;1;0;1;0;0;0
11;11;11401032;2020;10;21;5;2;0;4;2;0;0;1;1;0;0;1
11;10;10100311;2020;10;6;3;3;0;2;0;1;1;0;0;0;0;0
11;5;5200632;2020;10;14;6;3;2;6;0;0;1;0;0;0;0;0
11;12;12100102;2020;10;8;4;3;1;5;0;1;1;0;0;0;0;0
11;4;4200206;2020;10;14;3;3;2;6;0;0;1;0;1;0;0;0
11;5;5300840;2020;10;14;6;3;5;2;0;0;1;0;0;0;0;0
11;8;8100313;2020;10;16;4;3;3;6;0;1;1;0;0;0;0;1
11;2;2400521;2020;10;19;1;3;6;4;2;0;1;1;0;0;0;0
11;7;7300517;2020;10;14;6;3;5;3;0;1;1;0;0;0;0;0
11;1;1300733;2020;10;20;6;3;1;5;2;1;1;0;0;0;0;0
11;6;6200311;2020;10;18;5;2;5;3;2;1;1;0;0;0;0;1
11;9;9502042;2020;10;17;3;3;0;1;0;1;0;0;0;0;0;1
11;11;11200513;2020;10;20;3;2;6;4;2;0;1;1;0;0;0;0
11;3;3500936;2020;10;14;6;3;5;2;0;1;1;0;0;0;0;0
11;7;7100101;2020;10;17;4;3;2;6;0;1;1;0;0;0;0;1
11;2;2400623;2020;10;14;6;3;2;6;0;0;1;0;0;0;1;0
11;8;8100418;2020;10;6;3;3;4;2;0;1;0;0;0;0;1;0
11;4;4300620;2020;10;4;1;3;5;3;2;0;1;0;0;0;0;0
11;2;2500833;2020;10;1;1;3;0;1;2;0;0;0;0;0;1;0
11;3;3400722;2020;10;13;6;3;0;3;0;1;1;0;0;0;0;0
11;3;3200205;2020;10;15;4;3;2;6;0;1;1;0;0;0;0;0
11;2;2300417;2020;10;13;1;3;0;1;0;0;0;0;1;0;0;0
11;2;2300419;2020;10;17;1;3;6;4;1;0;0;1;1;0;0;0
11;8;8100102;2020;10;13;6;3;5;7;0;0;1;0;0;0;0;0
11;1;1200623;2020;10;20;6;3;2;7;2;1;1;0;0;0;0;0
11;1;1200522;2020;10;16;4;3;3;6;0;0;1;0;1;0;0;1
11;9;9200819;2020;10;6;3;3;2;6;2;0;1;0;0;0;0;1
11;1;1100102;2020;10;9;3;3;3;6;0;0;1;0;1;0;0;0
11;11;11300721;2020;10;13;6;3;5;3;0;1;1;0;0;0;0;0
11;5;5100105;2020;10;17;4;2;2;6;1;0;1;0;0;0;0;1
11;7;7400824;2020;10;13;6;2;0;7;0;0;1;0;1;0;0;0
11;3;3601244;2020;10;17;3;3;3;6;0;1;1;0;0;0;0;0
11;4;4501148;2020;10;17;7;3;5;2;1;1;1;0;0;0;0;0
11;4;4300416;2020;10;16;3;3;4;2;1;1;1;0;0;0;0;0
11;11;11300721;2020;10;13;6;3;2;6;0;0;1;0;0;0;0;0
11;11;11501341;2020;10;16;6;3;0;7;0;1;0;0;0;0;0;0
11;6;6400844;2020;10;8;4;3;3;6;0;1;1;0;0;0;0;0
11;1;1400942;2020;10;15;3;3;5;3;0;1;1;0;0;0;0;0
11;2;2200208;2020;10;23;2;3;5;3;2;1;0;0;0;0;0;0
11;10;10400836;2020;10;12;6;3;1;7;0;0;1;0;0;0;0;0
11;1;1100102;2020;10;16;6;3;2;6;0;0;1;0;0;0;0;0
11;2;2200207;2020;10;14;4;3;0;6;0;0;0;0;1;1;0;1
11;5;5300736;2020;10;11;2;2;5;2;0;0;0;0;1;0;1;0
11;1;1100205;2020;10;12;6;3;0;1;0;0;0;1;1;0;0;0
11;1;1400937;2020;10;8;4;3;5;7;0;1;1;0;0;0;0;1
11;12;12500926;2020;10;11;6;3;1;5;0;0;1;0;0;0;0;0
11;2;2100106;2020;10;14;7;3;3;6;0;1;0;0;0;0;0;0
11;7;7200409;2020;10;7;5;3;0;7;0;1;1;0;0;0;0;0
11;1;1200522;2020;10;0;2;3;5;2;2;1;1;0;0;0;0;0
11;4;4200308;2020;10;11;6;3;5;2;0;1;1;0;0;0;0;0
11;2;2300314;2020;10;9;4;3;5;2;0;1;1;0;0;0;0;0
11;1;1300733;2020;10;18;2;3;5;2;1;1;1;0;0;0;0;1
11;7;7100204;2020;10;21;5;3;5;3;2;1;0;0;0;0;0;0
11;3;3601449;2020;10;16;4;2;6;4;0;0;1;1;0;0;0;1
11;6;6100101;2020;10;8;5;3;0;1;0;0;0;0;1;0;0;0
11;11;11200411;2020;10;6;4;3;5;2;1;0;1;0;0;0;0;1
11;1;1400938;2020;10;13;5;3;6;7;0;0;1;1;0;0;0;0
11;2;2200210;2020;10;15;7;3;5;3;0;1;1;0;0;0;0;0
11;8;8100105;2020;10;20;5;3;2;6;2;0;1;0;0;0;0;1
11;9;9200717;2020;10;19;2;3;0;4;2;0;0;1;1;0;0;1
11;3;3500936;2020;10;17;5;3;5;3;0;1;1;0;0;0;0;0
11;1;1401049;2020;10;20;4;3;5;3;2;0;1;0;0;0;0;1
11;2;2400521;2020;10;16;2;3;5;2;0;1;0;0;0;0;1;1
11;9;9100409;2020;10;17;5;2;5;3;0;0;1;0;1;0;0;0
11;4;4300414;2020;10;15;4;3;1;5;0;1;1;0;0;0;0;0
11;6;6400840;2020;10;17;1;3;1;1;0;1;1;0;0;0;0;0
11;2;2300419;2020;10;17;5;3;1;5;0;1;1;0;0;0;0;0
11;4;4501042;2020;10;10;6;3;0;6;0;0;1;0;0;0;1;0
11;9;9401432;2020;10;9;5;1;5;2;0;1;0;0;0;1;0;0
11;8;8301036;2020;10;8;2;3;5;2;0;1;0;0;0;0;1;0
11;2;2400624;2020;10;9;3;3;1;5;0;1;1;0;0;0;0;0
11;5;5300737;2020;10;17;5;3;6;7;0;0;1;1;0;0;0;0
11;8;8100415;2020;10;22;7;3;5;3;2;1;1;0;0;0;0;0
11;2;2500832;2020;10;18;5;3;0;1;2;0;0;0;1;0;0;1
11;7;7200412;2020;10;15;2;3;0;7;0;1;0;0;0;0;0;1
11;9;9501939;2020;10;11;3;3;2;2;0;0;1;0;0;0;0;0
11;12;12500930;2020;10;16;5;2;5;2;0;0;1;0;1;0;0;0
11;5;5300737;2020;10;18;4;3;0;6;1;0;0;0;1;0;1;1
11;2;2500835;2020;10;15;5;3;6;7;0;0;0;1;0;0;1;0
11;1;1100102;2020;10;19;3;3;5;2;2;1;1;0;0;0;0;1
11;1;1100309;2020;10;7;3;3;2;6;0;1;1;0;0;0;0;0
11;2;2100102;2020;10;11;1;3;5;3;0;1;1;0;0;0;0;0
11;1;1100102;2020;10;16;1;3;5;2;0;1;1;0;0;0;0;0
11;5;5200632;2020;10;15;5;3;5;3;0;0;1;0;1;0;0;0
11;5;5100312;2020;10;19;6;3;0;2;1;0;1;0;0;0;1;0
11;2;2500835;2020;10;15;4;3;0;2;0;0;1;0;0;0;0;0
11;9;9401432;2020;10;14;2;3;0;5;0;1;1;0;0;0;0;0
11;1;1100205;2020;10;9;3;3;5;2;0;1;1;0;0;0;0;0
11;7;7200409;2020;10;15;5;3;5;2;0;1;1;0;0;0;0;0
11;6;6100102;2020;10;13;4;2;0;1;0;1;0;0;0;0;0;1
11;8;8200624;2020;10;8;3;3;2;6;0;0;1;0;0;1;0;0
11;12;12100204;2020;10;14;5;3;5;3;0;0;1;0;1;0;0;0
11;3;3400723;2020;10;14;5;3;2;6;0;0;1;0;0;0;0;0
11;7;7200410;2020;10;17;4;3;6;4;0;0;1;1;0;0;0;0
11;8;8100105;2020;10;22;3;3;1;5;2;0;1;0;1;0;0;1
11;3;3200204;2020;10;14;5;3;5;2;0;1;1;0;0;0;0;0
11;7;7200307;2020;10;16;2;3;5;2;0;1;1;0;0;0;0;1
11;11;11200513;2020;10;20;1;3;0;1;2;1;0;0;0;0;0;0
11;1;1401049;2020;10;2;7;3;5;2;2;1;1;0;0;0;0;0
11;9;9501939;2020;10;19;2;3;0;3;2;0;1;0;1;0;0;1
11;9;9401432;2020;10;14;5;3;5;3;0;0;1;0;0;0;0;0
11;5;5200423;2020;10;19;6;2;5;2;2;0;1;0;1;0;0;0
11;1;1300836;2020;10;12;4;3;5;2;0;1;1;0;0;0;0;1
11;7;7501030;2020;10;16;2;3;4;2;0;0;1;0;0;0;0;1
11;11;11401137;2020;10;14;5;3;5;3;0;1;1;0;0;0;0;0
11;3;3601245;2020;10;8;4;2;5;2;0;1;1;0;0;0;0;0
11;1;2100104;2020;10;23;3;3;5;5;2;0;1;0;1;0;0;1
11;8;8200832;2020;10;13;5;3;6;2;0;0;1;1;0;0;0;0
11;3;3400826;2020;10;17;7;2;0;7;0;1;0;0;0;0;0;0
11;12;12200309;2020;10;22;5;3;0;3;2;0;1;0;1;0;0;1
11;3;3300517;2020;10;14;2;3;5;3;0;0;1;0;0;0;1;0
11;5;5200524;2020;10;15;7;2;5;3;0;0;1;0;0;0;0;0
11;11;11200513;2020;10;19;2;3;1;5;2;1;1;0;0;0;0;1
11;6;6100101;2020;10;11;5;2;0;1;0;1;0;0;0;0;0;0
11;4;4500937;2020;10;12;5;3;5;3;0;0;1;0;1;0;0;0
11;7;7601442;2020;10;11;4;3;5;2;0;1;0;0;0;1;0;0
11;1;3701556;2020;10;16;2;3;5;3;1;1;1;0;0;0;0;1
11;10;10100104;2020;10;12;5;3;5;3;0;1;1;0;0;0;0;0
11;6;6300528;2020;10;6;4;3;2;6;2;0;1;0;0;0;0;1
11;1;1300732;2020;10;21;3;3;1;5;2;0;1;0;0;0;0;1
11;4;4501153;2020;10;15;5;3;5;2;0;1;1;0;0;0;0;0
11;1;1200628;2020;10;9;7;3;2;6;0;0;1;0;0;0;1;0
11;1;1200623;2020;10;19;5;2;6;4;1;0;0;1;0;0;1;0
11;4;4400835;2020;10;15;2;3;5;2;0;1;1;0;0;0;0;0
11;1;1100416;2020;10;11;3;3;2;6;0;0;1;0;0;0;0;0
11;8;8100312;2020;10;10;5;3;5;2;0;1;0;0;0;0;0;0
11;12;12500824;2020;10;20;4;3;1;5;2;1;1;0;0;0;0;1
11;4;4300623;2020;10;16;2;2;0;6;0;1;1;0;0;0;0;1
11;9;9501736;2020;10;7;5;3;5;3;1;1;1;0;0;0;0;1
11;3;3400721;2020;10;15;4;3;0;3;0;1;1;0;0;0;0;1
11;7;7501029;2020;10;11;5;3;9;1;0;0;1;0;0;0;0;0
11;11;11501238;2020;10;9;4;2;5;2;0;1;0;0;0;1;0;0
11;6;6100209;2020;10;18;2;3;5;3;2;0;1;0;0;0;0;1
11;7;7601548;2020;10;10;5;2;1;5;0;0;1;0;0;0;0;0
11;10;10200629;2020;10;16;4;3;5;3;0;0;1;0;0;0;1;1
11;3;3400725;2020;10;10;5;3;5;2;0;0;1;0;1;0;0;0
11;1;1300835;2020;10;20;7;3;2;6;2;0;1;0;0;0;0;0
11;12;12100205;2020;10;18;5;2;2;6;0;0;1;0;0;0;0;1
11;6;6300526;2020;10;12;2;3;5;3;0;1;1;0;0;0;0;0
11;2;2100103;2020;10;9;3;2;5;2;0;1;0;0;0;1;0;0
11;1;1200517;2020;10;9;5;3;1;5;0;1;1;0;0;0;0;0
11;9;9501838;2020;10;17;4;2;1;5;1;0;1;0;0;0;0;1
11;2;2300315;2020;10;19;3;3;5;2;2;1;1;0;0;0;0;1
11;11;11400931;2020;10;9;5;3;0;7;0;1;0;0;0;0;1;0
11;4;4501042;2020;10;19;3;3;5;3;2;0;1;0;1;0;0;1
11;5;5300737;2020;10;7;1;3;5;2;0;0;1;0;0;0;0;0
11;12;12200310;2020;10;2;1;3;5;3;2;0;1;0;0;0;0;1
11;3;3701657;2020;10;23;5;3;0;4;2;0;0;1;0;0;1;0
11;2;2100102;2020;10;17;6;3;3;6;0;1;1;0;0;0;0;0
11;4;4200203;2020;10;13;1;3;2;6;0;0;1;0;1;0;0;0
11;2;2200211;2020;10;18;1;3;0;1;1;1;0;0;0;0;0;0
11;1;1200623;2020;10;22;5;3;1;7;2;0;1;0;0;0;0;0
11;12;12200310;2020;10;20;6;3;5;2;2;0;1;0;1;0;0;0
11;7;7200414;2020;10;6;4;3;0;6;2;0;1;0;1;0;0;1
11;10;10400941;2020;10;18;2;3;4;5;1;1;1;0;0;0;0;1
11;3;3601245;2020;10;9;3;3;5;3;0;0;1;0;0;0;1;0
11;12;12200307;2020;10;20;5;3;3;6;2;0;1;0;0;0;0;0
11;2;2100102;2020;10;16;4;3;2;6;0;0;1;0;1;0;0;1
11;1;1100205;2020;10;19;5;2;5;2;2;1;1;0;0;0;0;0
11;8;8200727;2020;10;17;2;3;0;7;0;0;1;0;1;0;0;1
11;2;2100102;2020;10;18;7;3;5;2;1;1;1;0;0;0;0;0
11;2;2500726;2020;10;17;2;3;5;2;1;0;1;0;0;0;1;1
11;4;4200308;2020;10;18;5;2;5;3;1;1;1;0;0;0;0;0
11;11;11400927;2020;10;16;6;3;0;6;0;0;0;0;1;0;0;0
11;1;1100207;2020;10;12;4;3;5;3;0;1;1;0;0;0;0;1
11;7;7300619;2020;10;17;2;3;2;6;0;0;1;0;1;0;0;1
11;1;1200628;2020;10;8;5;3;1;5;0;1;1;0;0;0;0;0
11;9;9200715;2020;10;6;4;3;5;3;1;1;1;0;0;0;0;0
11;3;3200308;2020;10;20;3;3;2;6;2;0;1;0;0;0;0;1
11;12;12100103;2020;10;14;4;2;0;2;0;1;0;0;0;1;0;1
11;7;7400826;2020;10;17;2;3;1;7;0;1;1;0;0;0;0;0
11;2;2500834;2020;10;18;5;3;5;3;0;1;1;0;0;0;0;0
11;3;3501037;2020;10;8;4;3;5;3;0;0;1;0;1;0;0;0
11;3;3400721;2020;10;7;5;3;5;3;0;1;0;0;0;0;0;0
11;7;7501134;2020;10;14;7;3;2;6;0;0;1;0;0;0;0;0
11;12;12200309;2020;10;7;5;3;5;2;0;1;1;0;0;0;0;0
11;6;6300527;2020;10;17;2;3;0;2;0;0;1;0;1;0;0;1
11;11;11100203;2020;10;7;5;2;6;4;0;0;0;1;0;0;1;1
11;5;5300840;2020;10;17;5;3;2;6;0;0;1;0;0;0;0;0
11;10;10100315;2020;10;9;4;2;5;2;0;1;1;0;0;0;0;0
11;6;6200312;2020;10;11;2;3;5;3;0;1;1;0;0;0;0;0
11;12;12100103;2020;9;19;4;3;1;5;1;1;1;0;0;0;0;0
11;9;9200511;2020;10;16;4;2;6;4;0;0;1;1;0;0;0;1
11;1;1401046;2020;9;13;4;3;5;2;0;1;1;0;0;0;0;0
11;2;2300417;2020;10;19;7;3;0;7;2;1;0;0;0;0;0;0
11;9;9100407;2020;10;18;5;3;5;2;2;1;1;0;0;0;0;1
11;2;2300418;2020;10;9;2;3;5;3;0;1;0;0;0;0;0;0
11;4;4400728;2020;9;14;4;3;3;6;0;1;1;0;0;0;0;0
11;6;6300528;2020;10;11;7;3;5;2;0;1;1;0;0;0;0;0
11;6;6400838;2020;10;20;5;3;1;5;2;0;1;0;0;0;0;1
11;1;1100310;2020;10;9;2;3;6;7;0;0;1;1;0;0;0;0
11;4;4300620;2020;9;7;4;3;0;2;0;1;1;0;0;0;0;0
11;5;5300736;2020;10;21;4;2;1;5;2;0;1;0;0;0;0;0
11;2;2200209;2020;10;8;2;3;5;2;0;1;1;0;0;0;0;0
11;2;2300316;2020;9;6;4;3;5;7;1;1;1;0;0;0;0;0
11;3;3200206;2020;10;15;4;3;2;6;0;1;0;0;0;0;0;1
11;4;4400835;2020;10;19;3;3;0;5;2;1;1;0;0;0;0;1
11;11;11300722;2020;10;19;1;3;2;3;2;0;1;0;0;0;0;0
11;12;12500825;2020;9;7;4;3;7;7;0;1;0;0;0;0;0;0
11;1;1100310;2020;10;14;6;3;0;2;0;1;0;0;0;0;1;0
11;7;7400824;2020;10;18;5;3;6;2;0;0;1;1;0;0;0;1
11;7;7200308;2020;10;8;2;3;5;2;0;1;0;0;0;0;0;0
11;1;1100205;2020;10;9;3;3;0;1;0;0;0;0;1;0;0;0
11;1;1100311;2020;9;17;4;3;3;6;0;1;1;0;0;0;0;0
11;12;12400722;2020;10;17;4;3;5;7;1;0;1;0;1;0;0;0
11;5;5100316;2020;10;12;3;3;3;6;0;0;1;0;0;0;1;0
11;4;4501044;2020;9;14;4;3;5;2;0;1;1;0;0;0;0;0
11;11;11100204;2020;10;18;4;3;0;3;2;0;1;0;0;0;0;1
11;1;1100101;2020;9;21;4;3;0;6;2;0;1;0;1;0;0;0
11;6;6400844;2020;10;7;3;2;5;3;0;1;1;0;0;0;0;0
11;6;6200422;2020;10;13;1;3;4;6;0;1;1;0;0;0;0;0
11;4;4200308;2020;10;17;1;3;1;5;0;1;1;0;0;0;0;0
11;4;4300623;2020;9;20;4;3;5;7;2;0;1;0;1;0;0;0
11;1;1100308;2020;10;20;6;3;3;6;2;1;0;0;0;0;0;0
11;3;3501038;2020;10;16;4;3;0;3;0;0;1;0;1;0;0;1
11;4;4300415;2020;10;8;2;3;0;7;0;1;0;0;0;0;0;0
11;4;4500937;2020;10;12;3;3;6;4;0;0;0;1;1;0;0;0
11;11;11300618;2020;9;20;4;2;6;4;1;1;1;1;0;0;0;0
11;5;5100317;2020;10;15;4;3;5;3;0;0;1;0;0;0;1;1
11;2;2200213;2020;9;19;4;3;6;4;2;1;0;1;0;0;0;0
11;3;3501038;2020;10;17;7;3;2;2;0;1;1;0;0;0;0;0
11;4;4400835;2020;10;7;2;3;5;2;0;1;1;0;0;0;0;0
11;9;9200512;2020;9;19;4;3;6;7;1;0;1;1;0;0;0;0
11;3;3701659;2020;9;19;4;3;1;5;1;0;1;0;1;0;0;0
11;2;2500833;2020;10;7;2;3;0;1;0;1;0;0;0;0;0;0
11;4;4400727;2020;10;13;1;3;5;2;0;1;1;0;0;0;0;0
11;1;1300836;2020;10;21;7;3;6;4;2;1;0;1;0;0;0;0
11;11;11501340;2020;10;6;2;3;5;3;0;0;1;0;0;0;0;0
11;7;7501029;2020;9;18;4;3;0;3;1;1;1;0;0;0;0;0
11;6;6100208;2020;10;17;6;3;0;3;0;1;1;0;0;0;0;0
11;2;2400623;2020;10;13;4;3;2;6;0;0;1;0;0;0;0;1
11;6;6200420;2020;10;2;2;3;1;5;2;0;1;0;0;0;0;0
11;4;4200206;2020;9;18;4;3;2;2;0;1;1;0;0;0;0;0
11;1;1100311;2020;10;8;4;3;5;2;0;1;1;0;0;0;0;0
11;6;6400844;2020;9;18;4;2;6;4;0;0;1;1;0;0;0;0
11;4;4400729;2020;10;14;7;3;2;6;0;0;1;0;0;0;0;0
11;7;7601544;2020;10;6;5;3;5;2;0;0;1;0;0;0;0;0
11;3;3601141;2020;10;0;2;3;0;7;2;1;1;0;0;0;0;0
11;12;12100101;2020;9;18;4;3;2;6;0;0;1;0;1;0;0;0
11;1;1300730;2020;10;9;4;2;6;4;0;0;1;1;0;0;0;0
11;7;7501029;2020;10;15;1;2;2;6;0;0;1;0;0;0;0;0
11;8;8100105;2020;9;17;4;3;1;5;0;0;1;0;0;0;1;0