LAND;BEZ;LOR_ab_2021;UJAHR;UMONAT;USTUNDE;UWOCHENTAG;UKATEGORIE;UART;UTYP1;ULICHTVERH;IstRad;IstPKW;IstFuss;IstKrad;IstGkfz;IstSonstige;USTRZUSTAND
11;12;12200309;2020;10;8;5;3;5;2;0;1;0;0;0;0;1;1
11;2;2100102;2020;10;14;1;3;5;3;0;0;1;0;0;0;0;1
11;4;4200311;2020;10;0;1;2;5;3;2;0;1;0;0;0;1;0
11;10;10100316;2020;10;17;4;3;2;6;2;0;1;0;0;0;0;1
11;8;8200832;2020;10;10;5;3;5;7;0;1;1;0;0;0;0;0
11;1;1200521;2020;10;14;6;3;5;5;0;0;1;0;1;0;0;0
11;3;3701554;2020;10;19;3;3;6;2;2;0;1;1;0;0;0;0
11;1;1200522;2020;10;9;5;3;5;2;0;1;1;0;0;0;0;0
11;1;1100207;2020;10;15;5;3;5;2;0;1;0;0;0;0;1;1
11;8;8200833;2020;10;14;2;3;3;6;0;0;1;0;0;0;1;0
11;1;1401048;2020;10;15;2;3;5;2;0;1;0;0;0;0;1;0
11;3;3601450;2020;10;11;4;3;6;4;0;0;1;1;0;0;0;1
11;9;9100203;2020;10;19;7;3;2;6;2;0;1;0;1;0;0;0
11;2;2200210;2020;10;12;7;3;2;6;0;0;1;0;1;0;0;0
11;6;6300632;2020;10;16;2;3;1;5;0;1;1;0;0;0;0;0
11;8;8100209;2020;10;13;7;3;5;3;0;0;1;0;0;0;0;0
11;5;5100211;2020;10;16;7;3;0;1;0;0;0;0;0;0;1;0
11;1;1300836;2020;10;18;4;3;2;6;1;0;1;0;0;0;0;1
11;9;9301126;2020;10;9;5;3;5;2;0;1;1;0;0;0;0;0
11;2;2100104;2020;10;11;6;3;3;6;0;0;1;0;1;0;0;0
11;7;7400826;2020;10;23;6;3;1;5;2;1;1;0;0;0;0;1
11;11;11200514;2020;10;15;3;3;5;2;0;1;1;0;0;0;0;0
11;2;2100102;2020;10;18;6;3;5;3;1;1;1;0;0;0;0;1
11;8;8100103;2020;10;23;5;3;2;6;2;0;1;0;0;0;0;1
11;11;11100205;2020;10;17;2;3;2;6;0;0;1;0;0;0;0;0
11;7;7601236;2020;10;8;2;3;6;4;0;0;1;1;0;0;0;0
11;4;4300412;2020;10;18;6;3;5;3;1;1;1;0;0;0;0;1
11;11;11200514;2020;10;6;5;3;5;3;2;1;1;0;0;0;0;1
11;3;3701554;2020;10;9;4;3;0;2;0;1;0;0;1;0;0;1
11;9;9100304;2020;10;18;7;3;2;6;1;0;0;0;1;0;1;0
11;1;1100205;2020;10;17;7;3;3;6;0;0;1;0;1;0;0;0
11;1;1100309;2020;10;7;4;2;6;4;0;1;0;1;0;0;0;0
11;1;1100311;2020;10;9;5;3;5;3;0;1;0;0;0;0;1;0
11;1;1200626;2020;10;8;6;3;5;2;0;1;1;0;0;0;0;0
11;7;7400823;2020;10;11;3;3;3;6;0;0;1;0;0;0;0;0
11;9;9200715;2020;10;8;2;3;5;2;0;1;1;0;0;0;0;1
11;8;8300934;2020;10;10;4;3;0;5;0;1;1;0;0;0;0;1
11;3;3500934;2020;10;7;4;3;5;2;0;1;1;0;0;0;0;0
11;6;6200311;2020;10;17;2;3;6;2;2;0;1;1;0;0;0;0
11;6;6300524;2020;10;17;6;3;6;4;2;0;1;1;0;0;0;1
11;11;11300617;2020;10;8;2;3;5;3;0;0;1;0;1;0;0;1
11;1;1100308;2020;10;14;5;3;3;6;0;1;1;0;0;0;0;1
11;1;1100312;2020;10;17;2;3;5;2;1;1;1;0;0;0;0;1
11;2;2400520;2020;10;10;4;3;2;6;0;1;1;0;0;0;0;1
11;4;4300416;2020;10;17;2;3;2;6;1;0;1;0;0;0;0;0
11;1;1100309;2020;10;9;4;3;0;5;0;0;1;0;1;0;0;1
11;6;6400839;2020;10;19;4;3;1;5;2;1;1;0;0;0;0;1
11;1;1100102;2020;10;17;2;3;2;6;1;0;1;0;1;0;0;1
11;2;2500835;2020;10;17;2;3;6;2;1;0;1;1;0;0;0;1
11;4;4400728;2020;10;7;4;3;5;7;0;0;1;0;0;0;1;1
11;1;1300732;2020;10;12;3;3;6;4;0;0;1;1;0;0;0;0
11;7;7501029;2020;10;20;6;3;0;3;2;0;1;0;1;0;0;1
11;1;1400938;2020;10;17;2;3;5;2;1;1;1;0;0;0;0;1
11;8;8100103;2020;10;13;5;3;6;4;0;1;0;1;0;0;0;1
11;4;4501148;2020;10;15;5;3;5;2;0;0;1;0;0;0;0;0
11;5;5100208;2020;10;17;2;3;5;2;1;0;1;0;0;0;0;1
11;9;9100306;2020;10;13;5;3;0;1;0;0;0;0;1;0;0;0
11;8;8200832;2020;10;14;2;3;5;2;0;0;1;0;0;0;0;0
11;10;10200421;2020;10;14;2;2;6;4;0;0;1;1;0;0;0;0
11;4;4501043;2020;10;7;4;3;6;2;0;0;1;1;0;0;0;1
11;2;2100101;2020;10;12;4;3;1;5;0;1;1;0;0;0;0;0
11;6;6200313;2020;10;14;2;3;5;2;0;0;1;0;0;0;1;0
11;9;9501941;2020;10;14;2;3;5;2;0;1;1;0;0;0;0;0
11;1;1401045;2020;10;7;4;3;2;6;1;0;1;0;0;0;0;1
11;1;1100206;2020;10;17;3;3;6;2;2;0;1;1;0;0;0;0
11;2;2400625;2020;10;6;6;3;6;2;1;0;0;1;0;0;1;1
11;3;3500934;2020;10;13;2;3;3;6;0;0;1;0;0;0;1;0
11;1;1100308;2020;10;10;5;3;1;5;0;1;1;0;0;0;0;1
11;1;1100104;2020;10;8;5;3;5;2;0;1;1;0;0;0;0;1
11;2;2100106;2020;10;15;2;3;5;7;0;0;1;0;0;0;0;0
11;4;4501151;2020;10;12;2;3;2;6;0;0;0;0;1;0;1;1
11;8;8100520;2020;10;6;4;3;9;1;2;0;1;0;0;0;0;1
11;8;8100102;2020;10;14;4;3;5;3;0;1;1;0;0;0;0;0
11;11;11100307;2020;10;13;2;2;6;4;0;0;1;1;0;0;0;0
11;5;5200528;2020;10;5;6;3;0;1;2;0;0;0;1;0;0;1
11;5;5100316;2020;10;11;2;3;3;2;0;0;1;0;1;0;0;0
11;8;8100209;2020;10;22;3;3;0;3;2;1;1;0;0;0;0;1
11;1;1400938;2020;10;20;3;3;2;2;2;0;1;0;0;0;0;0
11;3;3400620;2020;10;7;2;3;5;3;0;1;1;0;0;0;0;0
11;12;12601032;2020;10;8;3;3;6;4;0;0;1;1;0;0;0;0
11;9;9100407;2020;10;8;4;3;2;6;0;1;1;0;0;0;0;1
11;3;3601244;2020;10;7;2;3;5;3;0;1;1;0;0;0;0;1
11;1;1200628;2020;10;20;3;3;6;4;2;1;0;1;0;0;0;1
11;11;11200514;2020;10;16;3;3;5;2;1;1;1;0;0;0;0;0
11;4;4200310;2020;10;13;6;3;5;3;0;0;1;0;0;0;1;1
11;6;6300629;2020;10;13;1;3;1;5;0;1;1;0;0;0;0;1
11;3;3400723;2020;10;15;5;3;6;4;0;0;1;1;0;0;0;1
11;1;1100101;2020;10;17;1;3;6;7;1;1;0;1;0;0;0;0
11;4;4500937;2020;10;7;5;3;5;2;0;0;1;0;0;0;0;1
11;4;4400728;2020;10;14;1;3;1;5;0;1;1;0;0;0;0;0
11;2;2200208;2020;10;18;1;3;5;2;2;1;1;0;0;0;0;0
11;1;1401045;2020;10;19;3;3;2;2;2;1;1;0;0;0;0;0
11;4;4300517;2020;10;18;4;3;6;4;1;0;1;1;0;0;0;0
11;3;3300412;2020;10;12;2;3;5;3;0;0;1;0;0;0;0;1
11;4;4300412;2020;10;17;6;3;5;2;1;0;1;0;0;0;0;1
11;11;11100204;2020;10;15;1;2;5;3;0;0;1;0;0;0;0;0
11;4;4300416;2020;10;15;5;3;0;2;1;1;1;0;0;0;0;1
11;6;6200316;2020;10;16;1;3;5;2;0;1;0;0;0;0;1;0
11;2;2100101;2020;10;19;3;3;2;2;2;1;0;0;0;0;0;1
11;5;5200420;2020;10;15;1;3;1;5;0;0;1;0;0;0;0;0
11;12;12601235;2020;10;15;1;3;5;2;0;0;1;0;1;0;0;0
11;2;2300315;2020;10;16;6;3;0;1;1;0;0;0;1;0;0;1
11;8;8100312;2020;10;14;1;3;5;2;0;1;1;0;0;0;0;0
11;7;7601238;2020;10;12;1;3;3;6;0;1;1;0;0;0;0;0
11;4;4100101;2020;10;10;1;3;0;1;0;0;0;0;1;0;0;0
11;9;9100407;2020;10;17;4;3;5;2;1;1;1;0;0;0;0;0
11;5;5300735;2020;10;10;1;3;5;2;0;0;1;0;1;0;0;0
11;2;2100106;2020;10;9;1;3;5;3;0;0;1;0;0;0;0;0
11;7;7100101;2020;10;19;3;3;2;6;2;0;1;0;0;0;0;1
11;2;2300316;2020;10;6;4;3;0;1;1;0;0;0;1;0;0;1
11;10;10400837;2020;10;9;2;3;5;3;0;0;1;0;0;0;1;1
11;3;3601346;2020;10;10;6;3;0;1;0;1;0;0;0;0;0;1
11;5;5200423;2020;10;9;1;3;5;2;0;1;1;0;0;0;0;0
11;6;6300632;2020;10;14;5;3;5;3;0;1;1;0;0;0;0;0
11;7;7100101;2020;10;11;7;3;0;3;0;0;0;0;1;0;1;1
11;1;1100103;2020;10;19;3;3;6;2;2;0;1;1;0;0;0;1
11;10;10300731;2020;10;13;7;2;0;3;0;1;1;0;0;0;0;1
11;7;7200413;2020;10;19;3;3;0;1;2;1;0;0;0;0;0;1
11;12;12500926;2020;10;10;4;3;5;3;0;0;1;0;0;0;0;0
11;1;1100103;2020;10;0;7;3;2;2;2;0;1;0;0;0;0;1
11;7;7400825;2020;10;23;7;3;1;5;2;0;1;0;0;0;0;0
11;7;7100102;2020;10;18;3;3;5;2;2;0;1;0;0;0;1;0
11;11;11200512;2020;10;19;3;3;0;6;2;1;0;0;0;0;0;0
11;4;4500937;2020;10;11;3;3;1;5;0;1;1;0;0;0;0;0
11;8;8100314;2020;10;11;4;3;6;2;0;0;1;1;0;0;0;1
11;4;4300623;2020;10;23;7;3;8;1;2;0;0;0;1;0;0;0
11;11;11200514;2020;10;14;7;3;2;6;0;0;1;0;0;0;0;0
11;1;1100102;2020;10;18;3;3;2;6;2;0;1;0;0;0;0;0
11;4;4400835;2020;10;13;3;3;3;6;0;1;0;0;0;0;1;0
11;10;10400940;2020;10;19;6;3;0;1;2;0;0;0;1;0;0;1
11;1;1100205;2020;10;13;7;3;2;7;0;0;1;0;0;0;0;0
11;8;8100312;2020;10;23;5;3;0;7;2;1;0;0;0;0;0;0
11;10;10300731;2020;10;10;7;3;3;2;0;0;1;0;0;0;1;0
11;2;2200210;2020;10;6;7;3;5;3;2;0;1;0;0;0;0;1
11;10;10300734;2020;10;10;3;3;0;2;0;0;0;0;0;0;1;0
11;1;1300836;2020;10;13;4;3;5;2;0;1;1;0;0;0;0;0
11;1;1401048;2020;10;1;7;3;0;1;2;0;0;0;1;0;0;1
11;12;12200515;2020;10;8;3;3;5;2;0;1;1;0;0;0;0;0
11;4;4501042;2020;10;10;3;2;5;2;0;0;1;0;1;0;0;0
11;11;11100309;2020;10;10;6;3;6;2;0;0;1;1;0;0;0;1
11;1;1300834;2020;10;21;7;3;3;6;2;0;1;0;0;0;0;0
11;3;3601245;2020;10;10;5;3;0;2;0;1;1;0;0;0;0;1
11;1;1100310;2020;10;8;5;3;0;2;0;1;1;0;0;0;0;1
11;6;6100101;2020;10;9;6;3;5;2;0;1;0;0;0;1;0;1
11;4;4300619;2020;10;19;7;2;1;5;2;0;1;0;0;0;0;0
11;5;5100316;2020;10;12;5;3;1;5;0;1;1;0;0;0;0;1
11;5;5300737;2020;10;14;5;3;5;2;0;1;1;0;0;0;0;1
11;4;4501041;2020;10;18;7;3;5;3;1;0;1;0;0;0;0;0
11;1;1100310;2020;10;18;7;3;1;5;2;1;1;0;0;0;0;0
11;11;11300618;2020;10;18;3;2;6;4;2;0;1;1;0;0;0;1
11;4;4100101;2020;10;8;4;3;5;2;0;1;1;0;0;0;0;1
11;11;11100205;2020;10;5;6;3;5;3;2;0;1;0;0;0;1;1
11;1;1300733;2020;10;15;7;3;6;4;0;1;0;1;0;0;0;0
11;1;1100207;2020;10;9;3;3;5;2;0;1;1;0;0;0;0;0
11;7;7400824;2020;10;10;3;3;1;7;0;0;1;0;0;0;0;0
11;9;9200715;2020;10;14;6;3;5;3;0;0;0;0;1;0;1;1
11;3;3200204;2020;10;15;7;3;2;2;0;0;1;0;1;0;0;0
11;4;4300621;2020;10;15;7;3;1;5;0;1;1;0;0;0;0;0
11;9;9501939;2020;10;7;5;3;2;6;0;0;1;0;0;0;1;1
11;7;7300517;2020;10;15;7;3;3;3;0;1;1;0;0;0;0;0
11;1;1100308;2020;10;16;7;3;6;4;0;0;1;1;0;0;0;0
11;4;4400835;2020;10;18;3;3;2;6;2;0;1;0;0;0;0;0
11;6;6300528;2020;10;7;4;3;2;6;0;0;1;0;1;0;0;1
11;4;4100102;2020;10;11;2;3;0;1;0;0;0;0;1;0;0;1
11;7;7400825;2020;10;17;6;3;5;7;1;0;1;0;0;0;0;1
11;6;4200207;2020;10;17;7;2;0;6;1;1;1;0;0;0;0;0
11;9;9501939;2020;10;16;7;2;6;4;0;0;1;1;0;0;0;0
11;3;3601451;2020;10;8;3;3;5;3;0;0;1;0;0;0;0;0
11;4;4501153;2020;10;16;4;2;5;3;0;0;1;0;1;0;0;0
11;2;2200208;2020;10;11;2;3;2;6;0;0;1;0;0;0;0;1
11;11;11501339;2020;10;16;6;3;5;2;1;1;1;0;0;0;0;1
11;1;1300733;2020;10;15;7;2;0;1;0;0;0;0;1;0;0;0
11;3;3601140;2020;10;14;3;3;6;7;0;0;1;1;0;0;0;0
11;4;4300412;2020;10;8;5;3;0;3;1;1;1;0;0;0;0;1
11;12;12200413;2020;10;14;7;3;5;5;0;0;1;0;0;0;0;0
11;4;4501040;2020;10;9;3;3;0;7;0;1;1;0;0;0;0;1
11;9;9100306;2020;10;18;7;1;3;6;2;0;1;0;1;0;0;0
11;6;6300631;2020;10;9;6;3;5;2;0;1;1;0;0;0;0;0
11;4;4300412;2020;10;8;4;3;5;2;0;1;1;0;0;0;0;1
11;7;7400823;2020;10;18;6;2;6;4;2;0;1;1;0;0;0;1
11;7;7400822;2020;10;16;6;3;2;6;0;0;1;0;0;0;0;1
11;1;1100313;2020;10;8;3;2;5;3;0;1;1;0;0;0;0;0
11;4;4501042;2020;10;12;3;2;6;2;0;0;0;1;0;0;1;0
11;2;2200208;2020;10;11;2;3;2;7;0;0;0;0;1;0;1;1
11;1;1401044;2020;10;6;6;3;5;2;1;1;1;0;0;0;0;1
11;1;1100103;2020;10;23;6;3;0;1;2;0;0;0;1;0;0;1
11;3;3300413;2020;10;22;3;3;5;2;2;0;1;0;0;0;0;0
11;1;1100309;2020;10;13;5;3;0;3;0;1;0;0;1;0;0;1
11;2;2200213;2020;10;22;6;3;2;5;2;0;1;0;1;0;0;1
11;8;8100415;2020;10;22;6;3;0;3;2;0;1;0;1;0;0;1
11;2;2400520;2020;10;6;3;2;4;6;2;1;1;0;0;0;0;1
11;10;10300734;2020;10;15;5;2;3;6;0;1;0;0;0;0;0;0
11;4;4501146;2020;10;21;6;3;2;6;2;0;1;0;0;0;0;1
11;9;9200819;2020;10;7;3;3;1;5;0;1;0;0;0;0;1;0
11;4;4501042;2020;10;20;6;3;9;1;2;0;1;1;0;0;0;1
11;1;1100309;2020;10;20;6;3;0;1;2;1;0;0;0;0;0;1
11;12;12200515;2020;10;17;3;3;5;3;0;0;1;0;0;0;1;0
11;11;11100204;2020;10;21;4;3;5;3;2;0;1;0;0;0;0;0
11;6;6200314;2020;10;19;6;3;6;2;2;0;1;1;0;0;0;1
11;7;7200413;2020;10;19;6;3;6;2;2;0;1;1;0;0;0;1
11;10;10200422;2020;10;17;3;3;0;2;0;0;1;0;0;0;1;0
11;5;5100313;2020;10;13;3;3;0;4;0;0;0;1;0;0;1;0
11;2;2500727;2020;10;9;6;3;5;7;0;0;1;0;1;0;0;1
11;1;1100206;2020;10;19;6;3;5;3;2;1;1;0;0;0;0;1
11;11;11200513;2020;10;19;3;3;5;2;2;1;0;0;1;0;0;0
11;8;8200727;2020;10;19;5;3;5;3;2;1;1;0;0;0;0;0
11;7;7200409;2020;10;15;5;3;1;5;0;1;1;0;0;0;0;0
11;11;11501341;2020;10;14;6;3;6;2;0;0;1;1;0;0;0;1
11;1;1100311;2020;10;14;6;3;2;6;0;0;1;0;0;0;0;1
11;7;7400823;2020;10;16;3;3;1;5;0;1;1;0;0;0;0;0
11;4;4300412;2020;10;14;4;3;0;1;0;0;0;0;1;0;0;1
11;4;4100101;2020;10;13;6;3;4;6;0;0;1;0;0;0;0;0
11;11;11501340;2020;10;16;3;3;3;6;0;0;1;0;0;1;0;0
11;10;10200629;2020;10;11;4;3;0;7;0;1;0;0;0;0;0;1
11;10;10300731;2020;10;11;6;3;0;6;0;0;1;0;0;0;1;0
11;6;6300632;2020;10;10;6;3;3;6;0;1;1;0;0;0;0;0
11;1;1300836;2020;10;16;3;3;5;3;0;0;1;0;0;0;0;0
11;3;3300411;2020;10;18;3;3;5;3;2;0;1;0;1;0;0;0
11;7;7400825;2020;10;7;6;3;5;7;0;0;1;0;0;0;1;1
11;8;8200730;2020;10;9;6;3;0;6;0;0;1;0;0;0;0;1
11;1;1300835;2020;10;7;3;3;5;3;0;1;1;0;0;0;0;0
11;2;2400521;2020;10;10;5;3;0;2;0;1;1;0;0;0;0;1
11;11;11100204;2020;10;9;5;2;5;3;0;0;1;0;0;0;0;1
11;2;2500831;2020;10;9;6;3;2;7;0;1;1;0;0;1;0;1
11;4;4501045;2020;10;9;6;3;1;5;0;1;1;0;0;0;0;0
11;12;12500824;2020;10;16;3;3;0;1;0;1;0;0;0;0;0;0
11;7;7400927;2020;10;7;4;3;1;5;0;1;0;0;0;1;0;0
11;5;5100315;2020;10;10;2;3;5;2;0;0;1;0;0;0;0;0
11;3;3300516;2020;10;19;6;3;5;2;2;0;1;0;0;0;0;1
11;1;1200522;2020;10;7;6;2;0;7;0;1;0;0;0;0;0;1
11;4;4300624;2020;10;15;3;3;2;6;0;0;1;0;0;0;0;0
11;5;5400942;2020;10;15;3;2;4;6;0;0;1;0;0;0;0;0
11;5;5100315;2020;10;14;6;3;2;6;0;0;1;0;0;0;0;1
11;4;4300415;2020;10;7;6;3;0;2;1;1;0;0;0;0;1;1
11;2;2100105;2020;10;6;6;3;2;6;1;0;1;0;0;0;0;0
11;8;8100521;2020;10;14;3;3;2;2;0;0;1;0;0;0;0;0
11;9;9100407;2020;10;17;3;3;0;3;2;1;0;0;0;0;1;0
11;5;5300735;2020;10;12;6;3;5;2;0;0;1;0;0;0;0;1
11;6;6100209;2020;10;5;6;3;0;7;2;0;0;0;1;0;0;1
11;8;8200623;2020;10;17;5;3;5;3;2;1;1;0;0;0;0;0
11;3;3200205;2020;10;7;5;3;5;3;0;1;1;0;0;0;0;1
11;7;7501031;2020;10;0;6;3;2;7;2;0;1;0;0;0;0;1
11;3;3500934;2020;10;11;6;3;1;5;0;0;1;0;0;0;0;0
11;7;7200308;2020;10;14;3;3;6;4;0;0;1;1;0;0;0;0
11;1;1100206;2020;10;17;4;3;6;2;1;0;1;1;0;0;0;0
11;12;12100205;2020;10;9;2;3;5;2;0;1;0;0;0;1;0;1
11;2;2300314;2020;10;18;6;2;5;3;2;1;1;0;0;0;0;1
11;10;10200420;2020;10;11;6;3;2;6;0;0;0;0;1;0;1;0
11;2;2400522;2020;10;6;3;3;2;3;0;0;1;0;0;0;0;0
11;1;1100312;2020;10;8;5;3;5;2;0;1;1;0;0;0;0;1
11;3;3500936;2020;10;12;6;3;0;3;0;1;0;0;0;0;1;0
11;12;12500824;2020;10;18;2;3;2;6;2;0;1;0;0;0;0;1
11;1;1200626;2020;10;13;6;3;2;6;0;0;1;0;0;0;0;0
11;12;12601236;2020;10;14;6;2;5;3;0;0;1;0;0;0;1;1
11;12;12200310;2020;10;16;4;3;2;6;1;0;1;0;1;0;0;0
11;1;1200628;2020;10;14;6;3;5;2;0;0;1;0;1;0;0;1
11;8;8200832;2020;10;14;6;3;2;2;0;0;1;0;0;0;1;1
11;5;5100316;2020;10;15;6;3;2;6;0;0;1;0;0;0;0;0
11;2;2300314;2020;10;15;6;3;0;5;1;0;1;0;1;0;0;1
11;12;12500927;2020;10;6;5;3;5;2;1;0;1;0;0;1;0;1
11;5;5300841;2020;10;16;6;3;2;7;0;0;1;0;1;0;0;1
11;8;8100521;2020;10;16;6;3;5;3;0;0;1;0;1;0;0;1
11;5;5300737;2020;10;13;3;3;6;2;0;0;1;1;0;0;0;0
11;9;9200511;2020;10;6;4;3;1;5;0;1;1;0;0;0;0;1
11;2;2500833;2020;10;9;2;3;5;3;0;1;1;0;0;0;0;1
11;2;2400522;2020;10;17;6;3;5;7;2;1;0;0;0;0;1;1
11;4;4400832;2020;10;17;6;3;0;3;1;1;1;0;0;0;0;1
11;10;10200629;2020;10;13;5;3;1;5;0;0;1;0;0;0;0;1
11;3;3300516;2020;10;17;6;2;4;1;0;0;1;0;0;0;0;1
11;2;2100102;2020;10;12;3;3;1;5;0;1;1;0;0;0;0;0
11;1;1100415;2020;10;15;5;3;6;7;0;0;0;1;0;0;1;0
11;8;8100209;2020;10;23;3;3;5;3;2;0;1;0;0;0;0;1
11;1;1100310;2020;10;7;4;3;5;2;1;1;1;0;0;0;0;0
11;7;7601339;2020;10;18;5;3;1;5;1;1;1;0;0;0;0;0
11;4;4300416;2020;10;12;5;3;2;6;0;0;1;0;0;0;0;0
11;9;9501737;2020;10;21;3;2;0;1;2;0;0;0;1;0;0;1
11;4;4501043;2020;10;11;3;3;5;2;0;1;1;0;0;0;0;0
11;2;2100102;2020;10;20;6;2;6;2;2;0;1;1;0;0;0;1
11;1;1300834;2020;10;19;5;3;3;5;2;0;1;0;1;0;0;0
11;6;6200312;2020;10;23;2;3;3;6;2;1;1;0;0;0;0;0
11;9;9200717;2020;10;20;3;3;9;1;2;0;1;0;0;0;0;1
11;3;3601245;2020;10;11;3;3;2;6;0;0;1;0;0;0;0;0
11;7;7200307;2020;10;9;6;3;5;3;0;1;1;0;0;0;0;1
11;3;3400826;2020;10;13;5;3;0;7;0;0;1;0;0;0;0;0
11;3;3400620;2020;10;13;5;2;4;6;0;0;1;0;0;0;0;1
11;7;7300515;2020;10;13;5;3;5;3;0;1;0;0;0;0;0;0
11;4;4300622;2020;10;12;5;3;5;3;0;0;1;0;0;0;0;0
11;11;11401032;2020;10;18;2;3;5;3;2;0;1;0;0;0;0;0
11;1;1100205;2020;10;13;4;3;2;2;0;1;1;0;0;0;0;0
11;9;9200613;2020;10;12;5;3;2;2;0;0;1;0;0;0;0;0
11;10;10100205;2020;10;12;5;3;5;3;0;0;1;0;1;0;0;0
11;12;12200310;2020;10;23;2;3;5;3;2;0;1;0;0;0;0;0
11;4;4300623;2020;10;10;3;3;5;7;0;1;1;0;0;0;0;1
11;7;7400721;2020;10;6;6;3;5;2;2;0;1;0;0;0;0;1
11;1;1100102;2020;10;12;5;3;0;2;0;1;0;0;1;0;0;0
11;5;5100317;2020;10;10;5;3;2;7;0;0;1;0;0;0;0;1
11;1;1100308;2020;10;8;5;3;3;6;0;1;1;0;0;0;0;1
11;11;11200514;2020;10;12;5;2;5;2;0;1;1;0;0;0;0;0
11;2;2200210;2020;10;12;5;3;5;3;0;0;1;0;0;0;0;0
11;8;8100314;2020;10;22;2;3;5;2;2;1;1;0;0;0;0;0
11;3;3601451;2020;10;15;4;3;2;6;0;0;1;0;0;0;0;1
11;9;9200715;2020;10;18;5;3;5;3;2;1;1;0;0;0;0;0
11;8;8100416;2020;10;15;5;2;0;7;0;1;0;0;0;0;0;1
11;7;7601237;2020;10;10;5;2;2;2;0;0;1;0;1;0;0;0
11;4;4300416;2020;10;10;5;3;5;7;0;1;1;0;0;0;0;0
11;10;10400837;2020;10;17;2;3;5;3;1;1;1;0;0;0;0;0
11;6;6200316;2020;10;14;4;3;5;2;0;0;1;0;1;0;0;0
11;5;5100313;2020;10;15;6;3;2;6;0;0;1;0;0;0;0;1
11;3;3701554;2020;10;10;5;3;1;5;0;1;1;0;0;0;0;0
11;4;4300413;2020;10;8;2;3;6;7;0;1;0;1;0;0;0;1
11;2;2100105;2020;10;21;3;3;5;3;2;1;1;0;0;0;0;0
11;4;4200311;2020;10;14;6;3;2;6;0;0;1;0;0;0;0;1
11;6;6100206;2020;10;9;5;3;1;6;0;0;1;0;0;0;0;0
11;7;7300619;2020;10;18;2;3;5;2;1;0;1;0;0;0;0;1
11;6;6300633;2020;10;15;5;2;0;7;0;1;1;0;0;0;0;1
11;7;7400823;2020;10;8;5;3;1;5;0;1;1;0;0;0;0;0
11;5;5200629;2020;10;7;5;3;5;2;0;1;1;0;0;0;0;1
11;8;8200622;2020;10;23;5;3;1;5;2;0;1;0;1;0;0;0
11;1;1300733;2020;10;22;5;3;2;6;2;0;1;0;0;0;0;0
11;2;2100102;2020;10;11;2;3;5;2;0;1;0;0;0;0;1;0
11;3;3601245;2020;10;18;4;2;5;2;2;1;1;0;0;0;0;0
11;1;1300834;2020;10;9;2;3;2;6;0;0;0;0;0;0;1;1
11;1;1100101;2020;10;17;6;3;0;2;1;1;0;0;1;0;0;1
11;8;8100209;2020;10;20;5;3;5;3;2;0;0;0;1;0;1;0
11;6;6400839;2020;10;15;5;3;6;7;0;1;0;1;0;0;0;0
11;2;2500832;2020;10;9;2;3;2;6;0;0;1;0;0;0;0;0
11;5;5400942;2020;10;19;6;2;2;6;2;0;1;0;0;0;0;1
11;1;1300834;2020;10;19;5;3;0;1;2;1;0;0;0;0;0;0
11;4;4300622;2020;10;15;3;3;3;6;0;0;1;0;0;0;0;0
11;3;3300412;2020;10;16;6;3;5;3;0;0;1;0;0;0;0;1
11;9;9100306;2020;10;20;5;3;3;6;2;1;1;0;0;0;0;0
11;6;6300528;2020;10;19;5;2;5;2;2;1;0;0;0;0;0;0
11;2;2200209;2020;10;10;5;2;6;4;0;1;1;1;0;0;0;0
11;1;1100309;2020;10;11;4;3;5;2;0;1;1;0;0;0;0;0
11;11;11300826;2020;10;19;5;3;4;6;2;0;1;0;0;0;1;0
11;2;2300316;2020;10;17;5;3;2;6;0;0;1;0;0;0;0;0
11;4;4200311;2020;10;11;2;2;0;6;0;0;1;0;1;0;0;0
11;9;9502043;2020;10;6;4;3;2;6;2;0;1;0;0;0;0;1
11;1;1200517;2020;10;9;2;3;5;3;0;0;1;0;1;0;0;1
11;12;12100103;2020;10;9;6;3;5;3;0;1;1;0;0;0;0;1
11;3;3500932;2020;10;16;5;3;5;3;0;1;1;0;0;0;0;0
11;4;4300619;2020;10;13;5;3;0;6;0;1;1;0;0;0;0;0
11;11;11501340;2020;10;15;5;3;5;3;0;1;1;0;0;0;0;0
11;9;9100304;2020;10;16;5;3;5;2;0;1;1;0;0;0;0;0
11;12;12601235;2020;10;11;2;3;5;3;0;1;1;0;0;0;0;0
11;2;2100105;2020;10;11;4;3;2;7;0;1;1;0;0;0;0;0
11;7;7200308;2020;10;16;5;3;5;5;0;1;1;0;0;0;0;0
11;4;4501153;2020;10;15;5;3;1;5;0;1;1;0;0;0;0;0
11;7;7300619;2020;10;9;2;3;0;7;0;0;1;0;0;1;0;1
11;11;11400931;2020;10;15;5;3;6;3;0;0;1;1;0;0;0;0