LAND;BEZ;LOR_ab_2021;UJAHR;UMONAT;USTUNDE;UWOCHENTAG;UKATEGORIE;UART;UTYP1;ULICHTVERH;IstRad;IstPKW;IstFuss;IstKrad;IstGkfz;IstSonstige;USTRZUSTAND
11;3;3300517;2020;11;15;3;3;2;2;0;0;1;0;0;0;0;0
11;9;9301126;2020;11;15;6;2;5;3;0;0;1;0;1;0;0;0
11;6;6200422;2020;10;10;7;3;5;3;0;0;1;0;0;0;0;1
11;12;12500825;2020;11;10;3;3;0;1;0;0;0;0;1;0;0;0
11;3;3300514;2020;11;10;2;3;2;6;0;0;1;0;0;1;0;1
11;4;4100102;2020;11;7;7;3;1;5;0;0;0;0;0;1;1;1
11;1;1100206;2020;11;18;5;3;6;6;2;1;0;1;0;0;0;0
11;6;6400737;2020;11;17;2;3;5;2;1;1;1;0;0;0;0;0
11;3;3601243;2020;11;7;4;3;5;3;0;1;1;0;0;0;0;0
11;2;2200209;2020;11;10;2;3;2;6;0;0;1;0;0;0;1;1
11;1;1401049;2020;11;23;7;3;1;5;2;1;1;0;0;0;0;0
11;4;4500937;2020;11;15;5;3;1;5;0;0;1;0;0;0;0;0
11;11;11501341;2020;11;2;2;3;4;6;2;0;1;0;0;0;0;0
11;1;1100207;2020;11;18;6;3;2;3;2;1;1;0;0;0;0;0
11;10;10200629;2020;11;11;4;3;6;4;0;0;1;1;0;0;0;0
11;1;1100205;2020;11;14;1;3;5;2;0;1;1;0;0;0;0;0
11;11;11501340;2020;11;15;7;3;5;3;0;0;1;0;0;0;0;1
11;5;5200528;2020;11;15;5;2;0;7;1;1;0;0;0;0;0;1
11;2;2300316;2020;11;16;3;3;5;2;2;1;0;0;0;0;1;0
11;8;8301036;2020;11;8;6;3;6;4;0;1;0;1;0;0;0;0
11;4;4500939;2020;10;10;7;3;5;3;0;0;1;0;0;0;0;1
11;9;9200510;2020;11;8;3;3;5;3;0;1;1;0;0;0;0;1
11;12;12100101;2020;11;4;2;3;5;3;2;0;1;0;0;0;0;1
11;1;1200520;2020;11;11;7;3;5;3;0;1;1;0;0;0;0;1
11;10;10100311;2020;11;14;5;3;5;2;0;0;1;0;1;0;0;0
11;7;7400927;2020;11;15;2;3;6;4;1;1;0;1;0;0;0;0
11;4;4200207;2020;11;0;6;2;0;1;2;1;0;0;0;0;0;1
11;12;12200309;2020;11;11;3;3;5;3;0;0;1;0;0;0;0;0
11;10;10200524;2020;11;10;7;3;5;2;0;0;1;0;0;0;1;0
11;7;7400822;2020;10;10;7;2;6;2;0;0;1;1;0;0;0;1
11;2;2100101;2020;11;16;4;3;8;1;1;0;1;0;0;0;0;0
11;12;12200515;2020;11;9;2;3;5;2;0;1;1;0;0;0;0;1
11;5;5200629;2020;11;15;6;3;0;1;0;0;0;0;0;0;1;0
11;8;8100312;2020;11;8;3;3;2;6;0;1;1;0;0;0;0;0
11;12;12400723;2020;10;10;7;3;5;2;0;1;1;0;0;0;0;1
11;12;12601235;2020;11;12;1;3;5;3;0;0;1;0;0;0;0;0
11;9;9502043;2020;11;13;7;2;6;4;0;1;0;1;0;0;0;0
11;1;2400520;2020;10;9;7;3;6;4;0;0;1;1;0;0;0;1
11;5;5100211;2020;11;12;5;3;5;3;0;0;1;0;0;0;0;0
11;6;6100102;2020;11;7;3;3;2;7;0;1;1;0;0;0;0;0
11;7;7300517;2020;11;13;6;3;6;4;0;1;0;1;0;0;0;0
11;1;1100205;2020;10;11;7;3;0;1;0;0;0;0;1;0;0;1
11;2;2200212;2020;11;9;3;3;1;5;0;1;1;0;0;0;0;0
11;2;2400522;2020;11;13;7;3;6;4;0;0;1;1;0;0;0;0
11;2;2300314;2020;11;16;5;3;3;6;1;1;0;0;0;0;1;0
11;1;1100414;2020;11;13;2;3;2;7;0;0;0;0;1;0;1;0
11;4;4500938;2020;11;18;5;3;2;6;2;0;1;0;1;0;0;0
11;2;2300316;2020;11;9;3;3;2;6;0;1;0;1;0;0;0;0
11;12;12100101;2020;11;8;7;3;5;3;0;0;1;0;0;0;1;0
11;2;2500833;2020;10;11;7;3;1;5;0;1;1;0;0;0;0;1
11;5;5100211;2020;11;13;4;2;1;5;0;0;1;0;0;0;1;0
11;1;1100309;2020;11;2;6;3;9;1;2;0;0;0;0;0;1;0
11;7;7601341;2020;10;12;7;3;5;2;0;0;1;0;0;0;0;1
11;5;5200632;2020;11;14;3;3;2;2;0;0;1;0;0;0;0;0
11;1;1200624;2020;11;9;6;3;5;2;0;1;1;0;0;0;0;0
11;11;11100102;2020;10;0;7;2;9;1;2;0;1;0;0;0;0;1
11;12;12200515;2020;11;12;3;3;6;2;0;0;0;1;0;0;1;0
11;10;10400938;2020;11;13;6;3;5;3;0;0;1;0;0;0;0;0
11;6;6200312;2020;11;16;4;3;5;3;2;0;1;0;0;0;0;0
11;3;3501038;2020;11;0;1;3;9;1;2;0;1;0;0;0;0;0
11;7;7300619;2020;11;16;5;2;0;6;1;0;1;0;1;0;0;0
11;5;5100316;2020;11;22;3;3;5;3;2;1;1;0;0;0;0;0
11;2;2200211;2020;11;21;6;3;5;2;2;1;1;0;0;0;0;0
11;7;7601236;2020;10;0;7;3;1;5;2;0;1;0;0;0;0;1
11;1;1300732;2020;11;9;4;3;2;6;0;0;1;0;0;0;0;0
11;9;9200818;2020;11;11;1;3;2;2;0;1;1;0;0;0;0;0
11;2;2300315;2020;11;14;5;3;5;2;0;1;1;0;0;0;0;0
11;4;4501041;2020;10;14;6;3;5;3;0;1;1;0;0;0;0;1
11;12;12500927;2020;11;15;3;3;5;3;0;0;1;0;0;0;0;0
11;1;1200624;2020;11;7;6;3;5;2;1;1;1;0;0;0;0;1
11;2;2400624;2020;11;7;4;3;5;3;0;1;1;0;0;0;0;0
11;7;7300516;2020;11;19;7;3;0;2;0;1;1;0;0;0;0;0
11;4;4400728;2020;11;12;5;3;0;2;0;1;1;0;0;0;0;0
11;10;10300732;2020;11;15;3;3;5;3;0;1;1;0;0;0;0;1
11;5;5200527;2020;11;8;6;3;1;5;0;0;1;0;0;0;0;0
11;9;9200819;2020;11;14;4;2;5;2;0;1;1;0;0;0;0;0
11;3;3400725;2020;11;15;5;3;6;4;0;0;1;1;0;0;0;0
11;7;7400720;2020;11;16;3;3;3;1;0;0;1;0;1;0;0;1
11;12;12100205;2020;11;19;6;2;1;7;2;0;1;0;0;0;0;0
11;2;2500727;2020;10;16;6;3;2;6;0;1;1;0;0;0;0;1
11;9;9100407;2020;11;7;4;3;8;1;0;0;1;0;0;0;0;0
11;6;6100102;2020;11;6;2;2;5;2;2;0;1;0;0;0;1;1
11;12;12200308;2020;11;12;7;3;5;3;0;0;1;0;0;0;0;1
11;1;1300732;2020;11;20;5;2;1;5;2;0;1;0;0;0;0;0
11;3;3701659;2020;11;12;2;3;1;5;0;1;1;0;0;0;0;1
11;2;2100104;2020;11;17;2;3;6;4;2;0;1;1;0;0;0;0
11;6;6100209;2020;11;17;6;3;6;7;2;0;1;1;0;0;0;0
11;1;1100308;2020;11;10;4;2;0;1;0;1;0;0;0;0;0;0
11;2;2400623;2020;11;12;2;3;2;6;0;0;1;0;0;0;0;1
11;8;8100416;2020;11;13;1;3;1;5;0;1;1;0;0;0;0;0
11;11;11100203;2020;11;13;7;3;5;2;0;1;1;0;0;0;0;0
11;7;7300619;2020;11;9;5;3;2;6;0;0;1;0;0;0;0;0
11;7;7100103;2020;11;8;3;2;5;2;0;1;1;0;0;0;0;0
11;12;12400723;2020;11;14;6;3;5;2;0;1;0;0;0;0;1;0
11;9;9501737;2020;10;9;6;2;5;7;0;0;1;0;0;0;1;1
11;4;4501150;2020;11;8;3;3;0;6;0;0;1;0;1;0;0;0
11;9;9301126;2020;11;11;7;3;5;2;0;1;1;0;0;0;0;0
11;4;4501044;2020;11;14;5;2;5;2;0;0;1;0;1;0;0;0
11;2;2300418;2020;12;17;3;3;6;4;2;1;0;1;0;0;0;0
11;9;9300920;2020;11;20;6;3;0;7;2;0;1;0;0;0;1;1
11;1;1100310;2020;11;3;3;3;2;6;2;0;1;0;0;0;0;0
11;1;1100207;2020;11;9;3;3;0;3;0;1;0;0;0;0;1;0
11;2;2300417;2020;11;22;5;3;5;2;2;1;0;0;0;0;1;1
11;7;7501031;2020;11;8;2;3;2;6;0;0;1;0;0;0;0;0
11;11;11300723;2020;11;10;6;1;5;2;0;1;0;0;0;1;0;0
11;10;10400837;2020;11;17;4;3;5;3;2;1;1;0;0;0;0;0
11;7;7400822;2020;11;13;7;3;2;6;0;0;1;0;0;0;1;0
11;11;11100204;2020;11;16;6;3;5;3;0;1;1;0;0;0;0;0
11;2;2100101;2020;11;12;3;3;0;1;0;1;0;0;0;0;0;0
11;6;6200311;2020;11;17;6;3;5;2;2;1;1;0;0;0;0;0
11;3;3100101;2020;11;17;2;3;5;2;2;0;1;0;0;0;0;0
11;2;2400522;2020;11;9;6;3;0;5;0;1;1;0;0;0;0;1
11;4;4100101;2020;11;17;6;3;5;2;2;0;1;0;1;0;0;0
11;8;8100209;2020;12;13;3;3;1;5;0;1;0;0;0;0;1;0
11;11;11200513;2020;11;15;6;2;6;4;0;0;1;1;0;0;0;1
11;11;11200410;2020;11;5;2;2;6;7;2;0;1;1;0;0;0;1
11;10;10100314;2020;11;11;5;2;6;4;0;0;1;1;0;0;0;1
11;4;4300619;2020;11;11;1;3;5;3;0;0;1;0;0;0;0;0
11;2;2300419;2020;11;20;6;3;2;6;2;1;1;0;0;0;0;0
11;3;3400826;2020;11;13;4;2;5;3;0;0;1;0;0;0;0;0
11;2;2200211;2020;11;14;6;3;2;7;0;1;1;0;0;0;0;0
11;1;1100312;2020;12;17;4;3;5;3;2;1;1;0;0;0;0;0
11;4;4400832;2020;11;14;4;3;6;7;0;0;1;1;0;0;0;0
11;11;11300721;2020;11;16;7;3;5;3;1;1;1;0;0;0;0;0
11;4;4500936;2020;11;14;6;2;2;6;0;0;1;0;0;0;0;0
11;5;5200527;2020;11;13;6;3;3;6;0;0;1;0;0;0;0;0
11;2;2100106;2020;11;18;2;3;5;2;2;1;1;0;0;0;0;0
11;12;12100205;2020;11;6;6;3;5;2;2;0;1;0;0;0;1;1
11;6;6400844;2020;11;13;6;3;2;6;0;0;1;0;0;0;0;0
11;1;1300733;2020;12;10;3;3;2;6;0;0;1;0;1;0;0;0
11;4;4200310;2020;11;12;6;3;1;5;0;0;1;0;0;0;0;0
11;1;1100101;2020;11;8;2;3;0;1;1;1;0;0;0;0;0;0
11;3;3500934;2020;11;10;5;3;6;4;0;0;1;1;0;0;0;0
11;4;4200308;2020;11;4;1;3;0;1;2;0;1;0;0;0;1;1
11;5;5300737;2020;11;11;6;3;2;6;0;0;1;0;0;0;0;0
11;2;2500835;2020;11;11;4;3;0;1;0;0;0;0;1;0;0;0
11;2;2300315;2020;11;10;5;3;5;2;0;1;1;0;0;0;0;0
11;3;3601243;2020;11;15;5;3;0;1;0;1;0;0;0;0;0;1
11;1;1401045;2020;11;8;2;3;5;3;0;1;0;0;0;0;1;0
11;7;7400823;2020;11;16;3;3;3;6;1;1;1;0;0;0;0;0
11;5;5400943;2020;11;14;6;2;6;4;0;0;1;1;0;0;0;0
11;11;11400929;2020;11;11;2;3;6;4;0;1;0;1;0;0;0;0
11;7;7100205;2020;11;22;5;3;5;2;2;0;1;0;0;0;0;1
11;2;2200209;2020;11;13;2;3;5;2;0;1;1;0;0;0;0;0
11;1;1100310;2020;11;12;5;3;5;2;0;0;1;0;0;0;0;1
11;5;5100313;2020;11;12;2;3;0;5;0;0;1;0;1;0;0;0
11;2;2500834;2020;11;14;6;2;0;1;0;1;0;0;0;0;0;0
11;1;1200628;2020;11;0;2;3;6;4;2;0;1;1;0;0;0;0
11;2;2200210;2020;11;8;5;3;0;1;0;1;0;0;0;0;0;1
11;3;3500932;2020;11;12;2;3;5;3;0;1;1;0;0;0;0;0
11;11;11401032;2020;11;9;4;3;2;6;0;0;1;0;0;0;0;1
11;7;7601236;2020;11;4;7;3;1;5;2;0;1;0;0;0;1;1
11;3;3500934;2020;11;7;5;3;5;2;0;1;1;0;0;0;0;0
11;9;9200819;2020;11;16;5;3;2;6;1;0;1;0;0;0;1;0
11;3;3601245;2020;11;18;5;3;6;7;2;1;0;1;0;0;0;1
11;9;9200717;2020;11;21;5;3;5;3;2;0;1;0;1;0;0;0
11;1;1100416;2020;11;10;2;3;1;5;0;0;1;0;1;0;0;1
11;1;2100101;2020;11;9;3;3;5;3;0;1;1;0;0;0;0;0
11;12;12200309;2020;11;16;6;3;6;4;0;1;0;1;0;0;0;0
11;7;7400826;2020;11;14;2;2;6;4;0;0;1;1;0;0;0;0
11;1;1300834;2020;11;21;5;3;6;2;2;0;0;1;0;0;1;1
11;2;2400625;2020;11;20;4;3;5;3;2;0;1;0;0;0;0;0
11;5;5100208;2020;11;11;7;2;5;3;0;0;1;0;0;0;0;0
11;4;4300414;2020;11;20;5;3;5;2;2;0;1;0;0;0;0;1
11;1;1300733;2020;11;11;2;3;5;2;0;0;1;0;0;0;0;0
11;11;11300721;2020;11;18;5;2;4;7;2;0;1;0;0;0;0;0
11;9;9100202;2020;11;18;5;3;2;6;2;0;1;0;0;0;0;1
11;9;9100407;2020;11;8;4;3;2;6;0;0;1;0;0;0;0;1
11;4;4200310;2020;11;21;7;3;2;6;2;0;1;0;0;0;0;0
11;5;5100208;2020;11;17;5;3;3;6;2;0;1;0;0;0;0;1
11;4;4500937;2020;11;8;5;3;2;6;0;1;1;0;0;0;0;0
11;8;8100311;2020;11;17;5;3;3;6;2;1;0;0;0;1;0;1
11;3;3601244;2020;11;8;5;3;0;1;0;1;0;0;0;0;0;0
11;7;7200308;2020;12;16;3;3;1;5;2;1;1;0;0;0;0;0
11;10;10100311;2020;11;17;5;3;5;3;2;0;1;0;0;0;0;1
11;3;3601142;2020;11;19;2;3;5;2;2;1;1;0;0;0;0;0
11;3;3501038;2020;11;9;3;3;9;1;0;0;1;0;0;0;0;0
11;6;6400841;2020;11;18;5;3;5;3;2;0;0;0;0;0;1;1
11;11;11300721;2020;11;7;2;2;2;7;0;0;1;0;0;1;0;0
11;1;1200517;2020;11;7;5;3;5;3;0;0;1;0;0;0;0;0
11;2;3601452;2020;11;15;4;3;2;6;0;0;1;0;0;0;0;0
11;5;5200633;2020;11;12;7;2;5;2;0;0;1;0;0;0;0;0
11;12;12100204;2020;11;6;5;3;2;2;2;0;1;0;1;0;0;0
11;7;7400927;2020;11;17;2;3;5;3;2;0;1;0;0;0;0;0
11;8;8200730;2020;11;0;5;2;9;1;2;0;1;0;0;0;0;0
11;5;5100317;2020;11;16;2;3;2;2;1;0;1;0;0;0;0;0
11;5;5100315;2020;11;15;6;3;1;5;0;0;1;0;0;0;0;1
11;3;3400828;2020;11;17;5;3;6;4;1;0;1;1;0;0;0;1
11;12;12400618;2020;12;19;3;3;1;5;2;0;1;0;0;0;0;0
11;3;3200309;2020;11;16;5;3;3;6;2;1;0;0;0;1;0;1
11;5;5300737;2020;11;16;2;3;5;2;0;1;1;0;0;0;0;0
11;3;3100102;2020;11;7;5;2;1;1;0;0;1;0;0;0;0;1
11;5;5200631;2020;11;10;2;3;5;3;0;1;1;0;0;0;0;0
11;1;1300835;2020;11;9;6;3;6;7;0;0;1;1;0;0;0;0
11;5;5100209;2020;11;16;5;3;0;2;2;0;1;1;0;0;0;1
11;4;4501040;2020;12;14;3;3;1;5;0;1;1;0;0;0;0;0
11;5;5100208;2020;11;16;5;3;0;1;2;1;0;0;0;0;0;1
11;12;12200412;2020;11;9;2;3;2;6;0;0;1;0;0;0;0;1
11;1;1300733;2020;11;15;5;3;6;4;1;1;0;1;0;0;0;1
11;2;2500832;2020;11;19;2;3;4;7;2;1;1;0;0;0;0;0
11;5;5100315;2020;11;15;5;3;5;3;1;0;1;0;1;0;0;0
11;5;5100316;2020;11;15;4;3;3;6;0;0;1;0;0;0;0;0
11;4;4200206;2020;11;14;7;3;0;1;0;1;0;0;0;0;0;0
11;7;7601442;2020;11;14;5;3;5;2;0;0;1;0;0;0;0;0
11;8;8100521;2020;12;13;4;3;5;3;0;0;1;0;0;0;0;0
11;6;6100207;2020;11;14;5;3;3;6;0;0;1;0;0;0;0;1
11;8;8401242;2020;11;9;2;3;5;3;0;0;1;0;0;0;0;0
11;9;9200613;2020;11;7;6;2;6;4;1;0;1;1;0;0;0;1
11;5;5400943;2020;12;8;3;3;6;4;0;0;1;1;0;0;0;0
11;1;1100312;2020;11;8;5;3;1;5;0;1;1;0;0;0;0;1
11;2;2200210;2020;11;16;2;3;1;5;1;1;1;0;0;0;0;1
11;8;8401241;2020;11;15;4;3;6;6;0;0;0;1;0;0;1;0
11;1;1300733;2020;11;16;1;3;0;5;2;0;1;0;1;0;0;0
11;1;1100206;2020;11;9;5;3;6;2;0;0;0;1;0;0;1;0
11;3;3601141;2020;11;9;1;3;5;3;0;0;1;0;0;0;0;1
11;8;8100209;2020;11;10;5;3;0;7;0;0;1;1;0;0;0;0
11;5;5300840;2020;11;12;4;3;5;7;0;0;1;0;0;0;1;1
11;1;1100310;2020;11;12;5;2;0;4;0;1;0;1;0;0;0;0
11;8;8100521;2020;12;8;4;3;5;3;0;0;1;0;0;0;1;0
11;1;1400942;2020;11;12;5;3;0;3;0;0;1;0;1;0;0;1
11;6;6300634;2020;11;9;2;3;6;4;0;1;0;1;0;0;0;0
11;10;10200418;2020;11;16;6;3;5;3;2;1;1;0;0;0;0;0
11;5;5200524;2020;11;11;2;3;2;6;0;0;1;0;0;0;0;0
11;1;1300835;2020;11;10;5;3;0;1;0;0;0;0;1;0;0;1
11;2;2300419;2020;11;9;2;3;5;3;0;1;0;0;0;0;0;0
11;1;1100416;2020;11;8;4;2;0;1;0;1;0;0;0;0;0;0
11;8;8100312;2020;11;12;7;3;0;5;0;1;1;0;0;0;0;0
11;1;1100101;2020;11;13;5;3;0;7;0;1;0;0;0;0;0;0
11;4;4500938;2020;11;19;4;3;5;2;2;1;1;0;0;0;0;0
11;1;1100103;2020;11;7;4;3;2;2;1;1;1;0;0;0;0;0
11;2;2300315;2020;12;17;3;2;7;7;2;0;0;0;1;0;0;0
11;3;3200205;2020;11;6;4;2;5;2;2;0;1;0;0;0;0;1
11;10;10200420;2020;11;13;2;3;6;4;0;0;1;1;0;0;0;0
11;4;4200308;2020;11;15;3;3;5;3;0;0;1;0;0;0;0;0
11;6;6100102;2020;11;18;6;3;6;4;2;0;1;1;0;0;0;0
11;9;9501941;2020;11;15;4;3;5;2;0;1;1;0;0;0;0;0
11;1;1100313;2020;11;11;4;3;5;3;0;1;1;0;0;0;0;0
11;3;3400721;2020;11;8;2;3;4;6;0;0;1;0;0;0;1;0
11;3;3701554;2020;11;8;3;3;3;6;0;1;0;0;0;0;0;0
11;2;2200208;2020;11;20;6;3;5;2;2;1;1;0;0;0;0;0
11;4;4400729;2020;11;15;2;2;0;7;1;1;0;0;0;0;0;0
11;1;1200628;2020;11;13;4;3;3;6;0;0;1;0;1;0;0;0
11;4;4300619;2020;11;12;4;3;2;3;0;1;1;0;0;0;0;0
11;1;1100207;2020;11;17;7;3;5;3;2;0;1;0;0;0;1;1
11;8;8401241;2020;11;12;4;3;5;3;0;0;1;0;0;0;0;0
11;1;1401047;2020;11;10;4;3;6;7;0;0;1;1;0;0;0;0
11;3;3501038;2020;11;12;4;2;1;5;0;0;1;0;0;0;0;1
11;5;5100317;2020;11;12;4;3;3;6;0;1;1;0;0;0;0;0
11;4;4300412;2020;11;11;4;3;6;7;0;1;0;1;0;0;0;0
11;9;9300920;2020;12;15;3;2;6;7;0;0;0;1;0;0;1;0
11;12;12200307;2020;11;11;4;2;4;6;0;0;1;0;0;0;1;1
11;11;11300722;2020;11;8;2;3;5;2;0;1;1;0;0;0;0;0
11;4;4501152;2020;11;15;3;3;6;4;0;0;1;1;0;0;0;0
11;8;8200623;2020;11;16;5;3;5;7;2;0;1;0;0;0;0;1
11;11;11501339;2020;11;7;2;3;2;6;0;0;1;0;0;0;0;0
11;1;1100102;2020;11;10;4;3;6;4;0;0;1;1;0;0;0;0
11;2;2200213;2020;11;10;4;3;5;3;0;1;1;0;0;0;0;0
11;8;8100417;2020;11;14;4;3;5;2;0;1;1;0;0;0;0;0
11;12;12601031;2020;11;17;7;3;6;2;2;0;1;1;0;0;0;0
11;4;4200308;2020;11;19;4;3;5;2;2;0;1;0;1;1;0;0
11;10;10100312;2020;11;6;2;3;2;2;2;0;0;0;1;1;0;0
11;5;5200629;2020;11;21;4;3;2;6;2;0;1;0;0;0;1;0
11;5;5100316;2020;11;14;3;3;5;2;0;0;1;0;0;0;1;0
11;2;2300315;2020;11;17;4;3;5;2;2;1;1;0;0;0;0;1
11;4;4300414;2020;11;14;7;3;5;2;0;1;1;0;0;0;0;0
11;1;1100206;2020;11;22;4;3;5;2;2;1;1;0;0;0;0;0
11;3;3601245;2020;11;6;2;3;5;2;1;1;1;0;0;0;0;1
11;1;1100206;2020;11;9;4;3;6;4;0;0;0;1;0;0;1;0
11;4;4300624;2020;11;18;4;3;0;1;2;1;0;0;0;0;0;0
11;3;3400830;2020;11;7;2;3;5;3;0;0;1;0;0;0;0;0
11;12;12400722;2020;11;12;6;3;0;6;0;0;1;0;1;0;0;1
11;9;9300920;2020;11;8;4;3;0;1;0;0;0;0;1;0;0;1
11;12;12400721;2020;12;13;3;3;5;3;0;1;1;0;0;0;0;0
11;3;3601451;2020;11;18;4;3;6;7;2;1;0;1;0;0;0;0
11;11;11300721;2020;11;0;2;3;9;1;2;0;1;0;0;0;0;1
11;5;5300736;2020;11;12;5;3;2;6;0;0;1;0;0;0;0;1
11;1;1100308;2020;11;10;2;3;2;6;0;1;1;0;0;0;0;0
11;12;12200307;2020;11;17;4;3;6;2;2;0;1;1;0;0;0;0
11;4;4400833;2020;11;19;3;3;6;2;2;0;0;1;0;0;1;0
11;12;12200515;2020;11;13;4;2;6;2;0;0;0;1;0;0;1;0
11;7;7300619;2020;11;8;4;2;5;3;0;0;1;0;1;0;0;0
11;5;5300735;2020;12;12;4;2;5;2;0;0;1;0;0;0;0;0
11;5;5400943;2020;11;7;4;3;5;3;0;0;1;0;0;1;0;0
11;8;8100415;2020;11;20;1;3;5;3;2;0;1;0;0;0;0;1
11;3;3500934;2020;11;0;6;2;5;3;2;0;1;0;0;0;0;1
11;3;3400721;2020;11;7;4;3;5;3;0;1;1;0;0;0;0;1
11;8;8401242;2020;11;17;1;3;5;3;2;0;1;0;0;0;0;0
11;3;3601245;2020;11;8;6;2;5;3;1;0;1;0;1;0;0;1
11;6;6300528;2020;11;17;4;3;5;3;2;1;1;0;0;0;0;0
11;5;5300839;2020;12;13;3;3;5;7;0;1;1;0;0;0;0;0
11;3;3501037;2020;11;16;4;3;5;2;2;0;1;0;0;0;0;0
11;8;8100314;2020;11;17;1;3;5;2;2;1;1;0;0;0;0;1
11;12;12601236;2020;11;7;5;2;6;2;2;0;1;1;0;0;0;0
11;4;4300622;2020;11;22;1;3;2;6;2;0;1;0;0;0;0;0
11;11;11200513;2020;11;15;4;3;1;5;0;1;1;0;0;0;0;0
11;9;9200715;2020;11;18;3;3;5;3;2;0;1;0;0;0;0;0
11;1;1100310;2020;11;12;4;3;1;5;0;0;1;0;0;1;0;0
11;4;4501041;2020;11;15;4;3;5;3;0;0;1;0;0;0;0;0
11;8;8100521;2020;11;14;4;3;1;5;0;1;1;0;0;0;0;0
11;7;7200307;2020;11;20;1;3;1;5;2;0;1;0;0;0;0;1
11;12;12400722;2020;11;8;3;2;5;3;0;0;1;0;1;0;0;1
11;12;12100204;2020;11;15;6;3;4;6;0;1;1;0;0;0;0;0
11;8;8100105;2020;11;10;2;3;3;6;0;1;1;0;0;0;0;0
11;4;4300518;2020;11;19;3;1;3;6;2;1;1;0;0;0;0;1
11;1;1300730;2020;11;20;1;3;6;2;2;0;1;1;0;0;0;1
11;8;8100314;2020;11;8;4;3;2;6;0;0;1;0;0;0;0;1
11;11;11300618;2020;11;17;7;3;2;6;2;0;1;0;0;0;0;0
11;1;1300730;2020;11;17;3;3;4;6;2;1;0;0;0;0;0;1
11;2;2100102;2020;11;18;2;3;1;5;2;1;1;0;0;0;0;1
11;5;5100314;2020;11;13;3;3;6;7;0;0;0;1;0;0;1;0
11;1;1200628;2020;11;15;1;3;3;6;0;0;1;0;0;0;0;0
11;11;11300721;2020;11;10;4;3;2;6;0;0;1;0;0;0;0;0
11;3;3601245;2020;11;14;1;3;5;2;0;1;1;0;0;0;0;0
11;6;6300631;2020;11;17;3;3;2;2;2;0;1;0;0;0;1;1
11;1;1100207;2020;11;23;3;3;1;1;2;0;1;0;0;0;0;1
11;6;6100102;2020;11;19;3;3;5;2;2;1;1;0;0;0;0;1
11;1;1100311;2020;11;17;1;3;5;2;2;1;1;0;0;0;0;1
11;2;2200213;2020;11;14;3;3;0;6;0;0;1;0;0;0;1;0
11;8;8100311;2020;11;20;6;3;0;3;2;0;0;0;0;0;1;0
11;3;3400618;2020;11;14;2;3;5;3;0;0;1;0;1;0;0;0
11;3;3400828;2020;11;18;3;3;1;5;2;0;1;0;1;0;0;1
11;6;6400843;2020;11;17;3;3;2;6;2;0;1;0;0;0;0;0
11;8;8301037;2020;11;22;4;2;8;1;2;0;1;0;0;0;0;0
11;2;2500834;2020;11;2;7;2;1;5;2;1;1;0;0;0;0;0
11;6;6200421;2020;11;18;3;3;2;6;2;0;1;0;0;0;0;1
11;5;5100211;2020;11;14;3;3;9;1;0;0;1;0;0;0;0;0
11;7;7100102;2020;11;18;3;3;0;1;2;0;0;0;1;0;0;1
11;8;8200832;2020;11;16;3;3;0;2;2;0;1;0;1;0;0;1
11;1;1200522;2020;11;16;3;3;6;2;2;0;1;1;0;0;0;1
11;8;8100313;2020;12;14;3;2;5;3;0;0;1;0;0;0;0;0
11;4;4400728;2020;11;16;3;3;6;2;2;0;1;1;0;0;0;1
11;4;4400831;2020;11;16;3;3;5;3;2;0;1;0;0;0;0;1
11;3;3400721;2020;11;16;3;3;5;2;0;1;1;0;0;0;0;1
11;10;10100312;2020;11;15;3;3;0;6;0;0;1;0;1;0;0;1
11;5;5100314;2020;12;16;3;3;5;3;2;0;1;0;0;0;0;0
11;8;8300934;2020;11;14;3;3;5;3;0;0;1;0;0;0;1;1
11;5;5400943;2020;11;16;1;2;5;3;2;0;1;0;0;0;0;1
11;10;10100313;2020;11;7;3;3;5;2;0;1;1;0;0;0;0;0
11;12;12200412;2020;11;21;5;3;0;5;2;1;1;0;0;0;0;0
11;12;12400723;2020;11;7;2;2;5;3;0;1;0;0;1;0;0;0
11;11;11200513;2020;11;13;3;3;0;1;0;0;0;0;1;0;0;1
11;8;8200730;2020;11;17;4;3;6;2;2;0;1;1;0;0;0;0
11;2;2200210;2020;11;0;7;3;0;7;2;0;0;0;0;0;1;0
11;6;6100103;2020;11;13;3;3;0;7;0;0;0;0;1;0;0;1
11;10;10100205;2020;11;15;1;3;6;7;1;0;1;1;0;0;0;0
11;7;7300619;2020;11;8;3;3;2;6;0;0;1;0;0;0;1;0
11;6;6300632;2020;11;15;1;3;5;3;0;1;1;0;0;0;0;0
11;7;7601544;2020;11;16;6;3;5;2;2;0;1;0;0;0;0;0
11;9;9501736;2020;11;12;3;3;5;3;0;1;1;0;0;0;0;1
11;10;10100316;2020;12;13;3;3;5;3;0;0;1;0;0;0;0;0