LAND;BEZ;LOR_ab_2021;UJAHR;UMONAT;USTUNDE;UWOCHENTAG;UKATEGORIE;UART;UTYP1;ULICHTVERH;IstRad;IstPKW;IstFuss;IstKrad;IstGkfz;IstSonstige;USTRZUSTAND
11;2;2100105;2020;11;11;3;3;5;3;0;1;1;0;0;0;0;1
11;3;3601243;2020;11;13;1;3;5;3;0;0;1;0;0;0;0;1
11;2;2200211;2020;11;9;5;3;5;3;0;1;1;0;0;0;0;0
11;6;6100103;2020;11;11;1;3;2;7;0;0;1;0;0;0;0;0
11;10;10400940;2020;11;10;3;3;0;7;0;0;1;0;0;0;0;0
11;10;10100312;2020;11;17;3;2;4;6;2;1;1;0;0;0;0;0
11;6;6400841;2020;11;12;4;3;2;6;0;0;1;0;0;0;0;0
11;7;7400825;2020;11;23;7;3;5;2;2;0;1;0;0;0;0;0
11;6;6200314;2020;11;14;5;3;0;5;0;1;0;0;0;0;1;0
11;3;3300516;2020;11;20;2;3;5;3;2;0;1;0;0;0;1;0
11;8;8100418;2020;11;10;3;3;1;5;0;1;1;0;0;0;0;0
11;4;4200311;2020;11;15;4;3;5;3;0;1;0;0;0;0;1;0
11;1;1100206;2020;11;15;7;3;0;1;0;1;0;0;0;0;0;0
11;1;1200626;2020;11;10;3;3;5;2;0;1;0;0;0;0;1;0
11;5;5300736;2020;11;10;3;3;5;7;0;0;1;0;0;0;0;0
11;8;8200726;2020;11;20;7;2;0;1;2;0;1;0;1;0;0;0
11;11;11300617;2020;11;8;6;3;5;2;0;1;1;0;0;0;0;0
11;1;1200517;2020;11;8;3;3;5;2;0;1;1;0;0;0;0;0
11;9;9502043;2020;12;16;3;3;2;6;2;0;1;0;0;0;0;0
11;12;12100102;2020;11;8;3;3;5;3;0;1;1;0;0;0;0;0
11;2;2400623;2020;11;20;7;3;0;6;2;0;1;0;1;0;0;0
11;1;1100313;2020;11;8;4;3;7;7;0;1;0;0;0;0;0;0
11;5;5200420;2020;11;18;1;2;5;2;2;0;1;0;1;0;0;0
11;12;12200515;2020;11;7;3;3;5;2;0;0;1;0;0;0;0;0
11;6;6300524;2020;11;16;3;3;5;2;1;1;1;0;0;0;0;1
11;5;5100317;2020;11;7;3;3;5;3;0;0;1;0;1;0;0;1
11;12;12500930;2020;11;16;7;3;5;2;1;1;1;0;0;0;0;0
11;7;7400823;2020;11;6;3;3;5;3;1;0;0;0;0;1;1;1
11;9;9200716;2020;12;11;4;3;0;3;0;0;1;0;0;0;1;0
11;8;8100314;2020;11;18;2;3;1;5;2;1;1;0;0;0;0;0
11;12;12200413;2020;11;14;7;3;1;5;0;1;1;0;0;0;0;0
11;4;4501151;2020;11;17;6;3;2;6;2;0;1;0;1;0;0;0
11;3;3500934;2020;11;11;2;2;5;2;0;1;1;0;0;0;0;0
11;2;2300315;2020;11;13;2;3;5;3;0;1;1;0;0;0;0;0
11;5;5100316;2020;11;13;7;3;0;3;0;0;1;0;0;0;1;0
11;7;7501031;2020;11;9;4;3;2;6;0;0;1;0;0;0;0;0
11;10;10400835;2020;11;12;7;3;5;3;0;0;1;0;0;0;0;0
11;4;4300622;2020;11;10;2;3;1;5;0;1;1;0;0;0;0;1
11;1;1400937;2020;11;12;3;3;2;2;0;0;1;0;0;0;0;0
11;2;2200212;2020;11;14;2;3;1;5;0;1;0;0;0;0;1;0
11;7;7601236;2020;11;18;2;3;5;3;2;1;0;0;0;0;1;1
11;4;4501040;2020;11;16;2;3;0;1;2;0;0;0;1;0;0;1
11;4;4100102;2020;11;11;7;3;6;4;0;0;1;1;0;0;0;0
11;1;1100205;2020;11;13;3;3;5;2;0;1;1;0;0;0;0;0
11;2;2200211;2020;11;18;6;3;0;3;2;0;1;0;1;0;0;0
11;6;6400839;2020;11;14;2;3;5;3;0;1;1;0;0;0;0;0
11;2;2500831;2020;11;16;2;3;4;2;1;1;1;0;0;0;0;0
11;2;2400623;2020;11;17;4;3;5;2;2;1;1;0;0;0;0;0
11;10;10200524;2020;11;7;3;2;5;3;2;1;1;0;0;0;0;0
11;2;2300417;2020;11;12;6;3;2;6;0;1;1;0;0;0;1;0
11;7;7200308;2020;11;15;2;3;2;6;1;1;1;0;0;0;0;0
11;11;11501238;2020;11;15;2;3;5;2;0;1;0;0;0;0;1;0
11;5;5100317;2020;11;8;4;3;5;3;0;1;1;0;0;0;0;0
11;7;7200307;2020;11;21;7;3;0;3;2;0;1;0;0;0;0;0
11;1;1300834;2020;11;23;2;2;0;1;2;1;0;0;0;0;0;1
11;5;5200629;2020;11;15;2;3;2;6;0;0;1;0;0;0;0;0
11;4;4100101;2020;11;14;2;3;5;2;0;0;1;0;0;0;1;0
11;3;3200310;2020;11;14;2;3;5;3;0;1;1;0;0;0;0;0
11;7;7400721;2020;12;16;3;2;1;5;2;1;1;0;0;0;0;0
11;12;12500824;2020;11;12;2;3;5;7;0;0;1;0;0;0;0;1
11;9;9100407;2020;11;11;7;3;6;2;0;0;1;1;0;0;0;0
11;5;5300736;2020;11;6;3;3;6;2;2;0;1;1;0;0;0;0
11;7;7601544;2020;11;17;5;3;5;3;2;0;1;0;0;0;0;1
11;3;3100103;2020;11;7;2;3;5;3;0;1;0;0;0;0;1;0
11;4;7300515;2020;11;12;2;3;2;6;0;0;1;0;0;0;0;0
11;1;1400942;2020;11;15;4;3;5;2;0;0;1;0;1;0;0;0
11;12;12200515;2020;11;12;7;3;2;7;0;0;1;0;0;0;0;0
11;4;4501042;2020;11;12;2;3;5;2;0;1;1;0;0;0;0;0
11;7;7501030;2020;11;12;2;3;4;2;0;0;1;0;0;0;1;0
11;5;5100103;2020;11;17;6;1;6;4;2;0;1;1;0;0;0;0
11;1;1100207;2020;11;13;6;3;5;3;0;0;1;0;0;0;0;0
11;1;1401046;2020;11;11;2;3;0;2;0;1;1;0;0;0;0;1
11;5;5200528;2020;11;10;7;2;4;6;0;0;1;0;0;0;0;0
11;3;11300618;2020;11;11;2;3;2;6;0;0;1;0;0;0;0;0
11;8;8100416;2020;11;17;6;3;5;3;2;1;1;0;0;0;0;0
11;12;12200515;2020;11;7;2;3;0;2;0;1;1;0;0;0;0;1
11;8;8100417;2020;11;7;2;3;6;2;1;0;0;1;0;0;1;1
11;4;4300623;2020;11;18;6;3;2;3;2;0;1;0;0;0;0;0
11;11;11400929;2020;11;12;6;3;5;3;0;0;1;0;0;0;0;0
11;12;12500928;2020;11;7;2;3;2;2;1;0;1;0;0;0;0;1
11;4;4500939;2020;12;14;3;3;5;2;0;0;1;0;1;0;0;0
11;3;3200205;2020;11;7;2;2;0;3;2;0;1;0;1;0;0;1
11;10;10100104;2020;11;9;6;2;5;2;0;1;1;0;0;0;0;0
11;3;3601142;2020;11;14;5;3;0;3;0;1;1;0;0;0;0;1
11;2;2300315;2020;11;18;2;3;5;3;1;1;1;0;0;0;0;0
11;5;5200631;2020;11;6;2;3;5;3;2;0;1;0;1;0;1;1
11;12;12100204;2020;11;13;4;2;6;4;0;0;0;1;0;1;0;0
11;9;9200819;2020;11;9;2;3;4;7;0;1;0;0;0;0;0;1
11;1;1401046;2020;12;17;4;3;6;7;2;0;1;1;0;0;0;0
11;12;12601031;2020;11;9;2;3;5;3;0;0;1;0;0;0;0;0
11;10;10200418;2020;11;11;6;2;6;2;0;0;1;1;0;0;0;0
11;8;8200832;2020;11;7;6;3;6;2;2;0;1;1;0;0;0;1
11;12;12400618;2020;11;6;2;3;0;6;2;1;1;0;0;0;0;1
11;1;1200626;2020;11;9;2;3;0;1;0;0;0;0;1;0;0;1
11;4;4200310;2020;11;7;6;3;5;7;1;1;1;0;0;0;0;0
11;1;1100207;2020;11;8;4;3;5;3;0;0;1;0;0;0;0;0
11;7;7501031;2020;12;19;3;2;1;5;2;0;1;0;0;0;0;0
11;8;8100312;2020;11;9;2;3;2;6;0;0;1;0;1;0;0;1
11;4;4300412;2020;11;9;6;3;5;3;0;1;1;0;0;0;0;1
11;4;4300416;2020;11;7;5;3;5;3;2;1;1;0;0;0;0;0
11;11;11300725;2020;11;1;1;3;6;4;2;0;1;1;0;0;0;1
11;1;1100207;2020;11;8;2;3;1;5;0;1;1;0;0;0;0;1
11;9;9200819;2020;11;12;4;3;5;2;0;1;1;0;0;0;0;0
11;3;3400618;2020;11;8;2;3;5;2;0;0;1;0;1;0;0;1
11;5;5200524;2020;12;18;3;2;2;6;2;0;1;0;0;0;0;0
11;6;6100207;2020;11;8;2;3;0;1;0;0;0;0;1;0;0;1
11;3;3601141;2020;11;8;6;3;2;2;0;1;1;0;0;0;0;0
11;1;1401045;2020;11;16;6;3;0;2;1;0;1;0;0;0;1;0
11;12;12100204;2020;11;10;2;3;5;2;0;1;1;0;0;0;0;0
11;1;1300733;2020;11;4;2;3;5;3;2;0;1;0;0;0;0;1
11;12;12100102;2020;11;8;6;3;1;5;0;0;1;0;0;0;0;0
11;1;1100308;2020;11;8;4;3;1;5;0;1;1;0;0;0;0;0
11;5;5100101;2020;11;10;7;3;5;3;0;1;1;0;0;0;0;1
11;1;1100310;2020;11;6;2;2;0;1;2;0;0;0;0;0;1;1
11;2;2500830;2020;11;9;2;3;0;1;0;1;1;0;0;0;0;1
11;10;10400941;2020;11;10;2;3;5;3;0;1;1;0;0;0;0;0
11;3;3601142;2020;11;14;1;3;5;2;0;1;1;0;0;0;0;0
11;1;1100416;2020;11;10;2;3;0;3;0;1;1;0;0;0;0;1
11;4;4300622;2020;11;11;2;3;2;6;0;0;1;0;0;1;0;1
11;6;6100208;2020;11;11;2;3;2;6;0;0;1;0;0;0;0;0
11;4;4300624;2020;11;7;6;3;5;2;0;1;1;0;0;0;0;1
11;3;3400721;2020;11;13;3;3;5;2;0;1;1;0;0;0;0;0
11;5;5100316;2020;11;13;6;3;2;6;0;0;1;0;0;0;0;0
11;5;5200420;2020;11;15;2;3;1;5;0;0;1;0;1;0;0;0
11;4;4300622;2020;11;11;2;3;3;6;0;0;0;0;1;0;1;0
11;1;1100205;2020;11;12;3;2;6;4;0;1;0;1;0;0;0;0
11;4;4501150;2020;11;8;4;2;5;3;0;1;1;0;0;0;0;0
11;9;9300920;2020;11;13;7;2;1;5;0;0;1;0;0;1;0;0
11;1;1401049;2020;11;11;2;2;8;1;0;0;1;0;0;0;0;0
11;4;4300619;2020;11;11;3;3;6;7;0;0;1;1;0;0;0;0
11;7;7200409;2020;11;11;2;3;0;3;0;0;1;0;1;0;0;1
11;2;2500833;2020;11;16;1;3;0;6;0;1;1;0;0;0;0;0
11;11;11400929;2020;11;14;1;2;6;4;0;0;1;1;0;0;0;0
11;9;9100305;2020;12;15;3;3;5;2;1;1;1;0;0;0;0;0
11;2;2500834;2020;11;16;1;3;5;2;1;1;1;0;0;0;0;0
11;11;11300721;2020;11;1;6;2;4;6;2;0;1;0;0;0;0;0
11;2;2300316;2020;11;16;5;3;5;3;0;1;1;0;0;0;0;1
11;5;5200633;2020;11;11;4;2;0;1;0;0;0;0;1;0;0;0
11;11;11300620;2020;11;6;2;3;0;2;1;1;1;0;0;0;0;0
11;3;3400723;2020;12;10;4;2;0;7;0;0;0;0;1;0;1;1
11;11;11300722;2020;12;11;7;3;5;3;0;0;1;0;0;0;1;0
11;1;1300733;2020;12;5;5;3;0;7;2;0;0;0;0;1;0;0
11;1;1200517;2020;12;18;3;3;2;6;2;0;0;0;1;0;1;0
11;9;9100101;2020;12;13;1;3;0;1;0;0;0;0;1;0;0;1
11;5;5100103;2020;12;13;3;3;2;6;0;0;1;0;0;0;0;0
11;4;4501044;2020;12;6;2;3;6;2;2;0;1;1;0;0;0;0
11;6;4400729;2020;12;16;7;3;2;6;0;0;1;0;0;0;0;0
11;3;3400827;2020;12;8;7;2;1;5;0;0;1;0;0;0;0;0
11;9;9100304;2020;12;6;7;3;9;1;1;0;1;0;0;0;0;2
11;7;7300516;2020;12;11;7;3;5;2;0;1;1;0;0;0;0;0
11;11;11200410;2020;12;19;3;3;1;5;2;0;1;0;0;0;0;0
11;1;1300836;2020;12;17;5;3;5;2;2;1;1;0;0;0;0;1
11;9;9501838;2020;12;9;6;3;6;4;0;0;1;1;0;0;0;0
11;3;3601449;2020;12;19;3;2;5;3;2;1;0;0;0;0;1;0
11;1;1100101;2020;12;17;2;3;2;6;2;0;1;0;0;0;0;0
11;2;2200210;2020;12;16;3;3;5;3;2;1;1;0;0;0;0;0
11;6;6200419;2020;12;10;7;2;5;3;0;1;1;0;0;0;0;0
11;10;10100311;2020;12;12;4;3;2;6;0;0;1;0;0;0;1;1
11;1;1100308;2020;12;19;3;3;0;3;2;1;0;0;0;0;1;0
11;4;4400830;2020;12;15;7;3;5;3;1;0;1;0;1;0;0;1
11;8;8100521;2020;12;16;2;3;5;2;1;0;1;0;1;0;0;0
11;3;3300516;2020;12;10;7;3;0;1;0;0;0;0;1;0;0;0
11;2;2200210;2020;12;9;6;3;5;2;0;1;1;0;0;0;0;1
11;4;4400729;2020;12;12;7;3;2;6;0;0;1;0;0;0;0;0
11;2;2400521;2020;12;7;5;3;5;3;1;1;1;0;0;0;0;0
11;6;6300528;2020;12;9;6;3;5;2;0;1;1;0;0;0;0;1
11;4;4300622;2020;12;16;7;3;2;6;1;0;1;0;0;0;1;0
11;10;10100313;2020;12;10;7;2;3;6;0;0;1;0;0;0;0;1
11;4;4300619;2020;12;14;5;3;6;2;0;0;0;1;0;0;1;0
11;11;11100102;2020;12;19;5;3;3;6;2;1;0;0;0;0;1;0
11;2;2200209;2020;12;20;3;3;5;2;2;1;0;0;0;0;1;0
11;9;9401329;2020;12;6;2;3;5;2;1;1;1;0;0;0;0;1
11;3;3501037;2020;12;15;3;3;5;3;0;1;1;0;0;0;0;0
11;1;1300836;2020;12;14;7;3;5;3;0;0;1;0;0;0;0;0
11;8;8100206;2020;12;10;4;3;6;4;0;0;1;1;0;0;0;1
11;8;8100521;2020;12;21;3;3;5;3;2;0;1;0;0;0;1;0
11;4;4500938;2020;12;9;7;3;0;1;0;1;0;0;0;0;0;1
11;10;10200524;2020;12;11;2;3;6;4;0;1;0;1;0;0;0;1
11;9;9200819;2020;12;13;7;3;5;3;0;1;0;0;0;0;0;0
11;8;8100418;2020;12;19;6;3;5;2;2;1;1;0;0;0;0;0
11;7;7300517;2020;12;9;7;3;0;1;0;0;0;0;1;0;0;2
11;1;1100415;2020;12;8;4;3;0;1;1;1;0;0;0;0;0;1
11;6;6200423;2020;12;11;5;2;5;2;0;1;0;0;0;1;0;0
11;6;6100206;2020;12;7;2;2;0;5;2;1;1;0;0;0;0;0
11;5;5200632;2020;12;11;2;3;2;6;0;0;1;0;0;0;0;0
11;12;12601031;2020;12;12;3;2;6;2;0;0;1;1;0;0;0;0
11;11;11100205;2020;12;6;3;3;0;3;2;0;0;0;1;0;1;1
11;10;10400836;2020;12;12;7;3;0;1;0;1;0;0;0;0;0;2
11;12;12500824;2020;12;18;4;3;3;6;2;0;1;0;0;0;0;1
11;10;10100311;2020;12;12;2;3;2;7;0;0;1;0;0;0;1;0
11;5;5100210;2020;12;13;7;3;1;5;0;1;1;0;0;0;0;0
11;8;8100314;2020;12;18;5;3;6;4;2;0;1;1;0;0;0;0
11;11;11501238;2020;12;17;2;3;5;2;2;1;1;0;0;0;0;0
11;10;10100312;2020;12;12;2;3;2;2;0;0;1;0;0;0;0;1
11;10;10400837;2020;12;12;3;2;5;3;0;0;1;0;0;0;0;0
11;4;4300518;2020;12;12;7;3;5;7;0;0;1;0;1;0;0;0
11;10;10100205;2020;12;7;4;3;2;6;2;0;1;0;0;0;0;1
11;1;1100311;2020;12;22;2;3;5;3;2;1;1;0;0;0;0;1
11;3;3200308;2020;12;18;7;3;0;1;2;1;0;0;0;0;0;0
11;4;5300840;2020;12;7;2;3;2;6;0;0;1;0;0;0;0;0
11;4;4501041;2020;12;12;7;3;1;5;0;1;1;0;0;0;0;0
11;6;6400841;2020;12;14;6;3;1;7;0;0;1;0;0;0;0;0
11;2;2400623;2020;12;20;6;3;2;6;2;1;0;0;0;0;1;0
11;3;3300516;2020;12;14;4;3;5;3;0;0;1;0;0;0;0;0
11;11;11200512;2020;12;10;5;3;5;2;0;0;1;0;0;0;0;0
11;11;11501238;2020;12;15;2;3;2;6;1;0;1;0;0;0;0;1
11;6;6400844;2020;12;10;2;3;5;3;0;1;1;0;0;0;0;1
11;8;8100102;2020;12;12;3;3;5;2;0;1;1;0;0;0;0;0
11;8;8300935;2020;12;18;2;3;0;1;2;1;0;0;0;0;0;1
11;6;6200312;2020;12;15;6;3;5;3;0;0;1;0;0;0;0;0
11;8;8200729;2020;12;10;7;3;0;1;0;1;0;0;0;0;0;2
11;12;12601031;2020;12;16;1;3;2;6;1;0;1;0;0;0;0;0
11;7;7400927;2020;12;5;6;3;6;2;1;0;1;1;0;0;0;0
11;3;3400828;2020;12;14;2;3;5;3;0;1;1;0;0;0;0;1
11;1;1100310;2020;12;18;5;3;4;2;2;1;1;0;0;0;0;1
11;10;10100311;2020;12;12;1;3;5;3;0;0;1;0;0;0;0;1
11;2;2300315;2020;12;22;6;3;6;4;2;0;0;1;0;0;1;0
11;2;2500728;2020;12;10;5;3;1;5;0;1;1;0;0;0;0;0
11;5;5300735;2020;12;5;6;2;6;2;2;0;1;1;0;0;0;0
11;10;10100315;2020;12;12;4;3;2;6;0;0;1;0;0;0;1;0
11;4;4300622;2020;12;9;4;3;0;3;0;0;1;0;1;0;0;0
11;9;9300920;2020;12;22;6;3;5;3;2;1;1;0;0;0;0;0
11;1;1100207;2020;12;1;5;3;5;3;2;0;1;0;0;0;0;1
11;10;10400941;2020;12;14;2;3;9;1;0;0;1;0;0;0;0;1
11;3;3601346;2020;12;23;1;3;0;1;2;0;0;0;1;0;0;1
11;2;2300314;2020;12;11;3;3;5;2;0;1;1;0;0;0;0;0
11;4;4500936;2020;12;20;2;3;1;5;2;1;1;0;0;0;0;0
11;3;3400725;2020;12;7;6;3;2;2;0;0;1;0;0;0;0;0
11;7;7300618;2020;12;17;6;2;5;3;2;0;1;0;1;0;0;0
11;2;2200213;2020;12;20;7;3;1;5;2;1;1;0;0;0;0;0
11;1;1401045;2020;12;16;6;3;0;3;2;0;0;0;0;0;1;0
11;12;12500824;2020;12;7;2;3;2;2;1;0;1;0;0;0;1;0
11;10;10200524;2020;12;16;5;3;2;6;0;0;1;0;0;0;0;0
11;1;1300732;2020;12;11;6;3;0;6;0;0;1;0;0;0;1;0
11;3;3701660;2020;12;7;2;3;5;2;0;1;1;0;0;0;0;1
11;12;12500926;2020;12;16;2;3;5;2;2;1;1;0;0;0;0;1
11;9;9200717;2020;12;16;3;3;1;5;2;1;1;0;0;0;0;0
11;12;12100206;2020;12;12;6;3;0;1;0;0;0;0;1;0;0;1
11;1;1200624;2020;12;11;4;3;5;2;0;1;1;0;0;0;0;1
11;9;9200715;2020;12;7;2;3;5;3;0;0;1;0;0;0;0;1
11;9;9501939;2020;12;12;7;3;1;5;0;0;1;0;0;0;1;0
11;3;3601141;2020;12;8;6;3;5;2;0;1;1;0;0;0;0;0
11;6;6300634;2020;12;12;2;3;5;2;0;1;1;0;0;0;0;1
11;7;7601238;2020;12;15;3;3;2;6;1;0;1;0;0;0;0;1
11;3;3100102;2020;12;19;3;3;2;2;2;0;1;0;0;0;0;0
11;4;4501042;2020;12;9;6;3;2;2;0;0;1;0;0;0;0;0
11;4;4501150;2020;12;12;4;3;5;2;0;1;1;0;0;0;0;0
11;12;12500926;2020;12;11;2;3;5;7;0;1;1;0;0;0;0;0
11;1;1100312;2020;12;13;1;3;0;6;0;1;0;0;0;0;0;0
11;3;3500934;2020;12;17;2;3;5;3;2;0;1;0;0;0;0;0
11;7;7100103;2020;12;9;6;3;1;5;0;1;1;0;0;0;0;0
11;3;3601450;2020;12;11;6;3;5;2;0;0;1;0;0;0;0;0
11;1;1300836;2020;12;14;7;3;5;3;0;1;1;0;0;0;0;0
11;9;9501939;2020;12;8;6;2;2;6;0;0;1;0;0;0;1;0
11;4;4400830;2020;12;13;5;3;1;5;0;1;1;0;0;0;0;0
11;2;2200212;2020;12;4;5;3;9;1;2;0;1;0;0;0;0;0
11;3;3500933;2020;12;11;2;3;5;3;0;0;1;0;0;0;0;0
11;7;7200308;2020;12;15;2;2;6;2;0;0;1;1;0;0;0;1
11;4;4501041;2020;12;14;3;3;5;3;0;1;1;0;0;0;0;0
11;1;1200517;2020;12;7;6;3;2;2;0;0;1;0;0;0;0;0
11;9;9300923;2020;12;7;4;3;5;3;0;1;1;0;0;0;0;1
11;5;5100317;2020;12;7;2;3;6;2;2;0;1;1;0;0;0;1
11;8;8100311;2020;12;20;7;3;1;5;2;1;1;0;0;0;0;0
11;11;11200410;2020;12;10;2;3;6;7;0;0;1;1;0;0;0;1
11;6;6300633;2020;12;7;6;3;6;4;0;0;1;1;0;0;0;0
11;7;7100101;2020;12;17;6;2;6;4;2;1;0;1;0;0;0;1
11;3;3400723;2020;12;7;7;3;6;2;2;0;1;1;0;0;0;1
11;7;7400826;2020;12;15;2;2;5;3;1;1;1;0;0;0;0;0
11;12;12200310;2020;12;2;6;3;5;3;2;0;1;0;0;0;1;0
11;8;8200832;2020;12;7;6;3;5;3;1;0;1;0;1;0;0;1
11;1;1200522;2020;12;11;7;3;2;2;0;0;1;0;0;0;0;0
11;8;8100312;2020;12;6;4;3;2;1;2;1;1;0;0;0;0;0
11;12;12601031;2020;12;16;5;3;3;2;2;1;1;0;0;0;0;0
11;8;8100415;2020;12;10;2;3;1;5;0;1;1;0;0;0;0;1
11;9;9200715;2020;12;11;2;3;2;6;0;0;1;0;0;1;0;1
11;1;1200626;2020;12;12;3;3;5;5;0;0;1;0;0;0;0;0
11;1;1100416;2020;12;15;6;3;0;1;1;1;0;0;0;0;0;1
11;2;2100104;2020;12;21;4;3;6;4;2;0;0;1;0;0;1;0
11;11;11200514;2020;12;10;2;3;3;6;0;1;1;0;0;0;0;0
11;12;12601236;2020;12;15;7;2;5;3;0;0;1;0;0;0;0;1
11;8;8100418;2020;12;22;1;2;0;1;2;1;0;0;0;0;0;1
11;10;10400939;2020;12;15;6;3;6;7;0;0;1;1;0;0;0;0
11;2;2500834;2020;12;16;5;3;6;2;2;0;1;1;0;0;0;0
11;7;7601236;2020;12;15;6;2;5;2;1;0;1;0;0;0;0;0
11;4;4400830;2020;12;13;4;3;2;7;0;1;1;0;0;0;0;1
11;8;8200833;2020;12;14;6;3;5;2;0;1;1;0;0;0;0;0
11;6;6100205;2020;12;7;5;2;2;6;1;0;1;0;1;0;0;1
11;7;7300619;2020;12;10;2;2;5;3;0;0;1;0;0;1;0;1
11;4;4300414;2020;12;19;1;3;5;3;2;1;1;0;0;0;0;1
11;12;12200412;2020;12;10;3;3;2;6;0;0;1;0;0;0;0;0
11;9;9401329;2020;12;21;4;2;8;1;2;0;1;0;0;0;0;1
11;4;4400830;2020;12;8;5;3;5;3;0;1;1;0;0;0;0;0
11;8;8100415;2020;12;9;2;3;2;7;0;0;1;0;1;0;0;0
11;1;1300732;2020;12;19;2;3;5;3;2;1;1;0;0;0;0;0
11;6;6300633;2020;12;15;3;3;5;3;1;1;0;0;0;0;0;0
11;2;2300315;2020;12;1;3;2;0;1;2;0;0;0;0;0;1;1
11;3;3601245;2020;12;14;6;3;5;2;0;1;1;0;0;0;0;0
11;1;1200628;2020;12;17;4;3;6;4;1;1;0;1;0;0;0;1
11;12;12500929;2020;12;12;7;2;1;1;0;0;0;0;1;0;1;0
11;1;1401048;2020;12;19;1;3;2;6;2;0;1;0;0;0;1;0
11;5;5200420;2020;12;12;6;3;5;2;0;0;1;0;0;0;0;0
11;1;1401046;2020;12;9;5;3;5;2;0;1;1;0;0;0;0;0
11;2;2300418;2020;12;15;4;3;2;7;0;1;1;0;0;0;1;1
11;7;7300517;2020;12;14;6;3;6;4;0;0;0;1;0;0;1;0
11;10;10300731;2020;12;17;3;2;5;3;2;0;1;0;1;0;0;1
11;1;1401045;2020;12;12;6;3;2;6;0;0;1;0;0;0;0;0
11;6;6400840;2020;12;15;5;3;0;1;1;1;0;0;0;0;0;0
11;8;8100521;2020;12;9;2;3;6;7;0;0;0;1;0;0;1;0
11;1;1300733;2020;12;17;1;3;6;2;2;0;1;1;0;0;0;0
11;4;4501044;2020;12;6;3;3;2;6;2;0;1;0;0;0;0;1
11;4;4501043;2020;12;18;2;3;2;6;2;0;1;0;0;0;0;0
11;6;6200421;2020;12;21;6;2;0;1;2;0;0;0;1;0;0;0
11;10;10100103;2020;12;16;6;3;5;3;2;0;1;0;0;0;0;0
11;12;12200515;2020;12;14;4;3;6;2;0;0;1;1;0;0;0;1
11;1;1100312;2020;12;16;7;3;1;6;2;0;1;0;0;0;0;0
11;2;2100102;2020;12;20;6;3;6;2;2;0;1;1;0;0;0;0
11;10;10100315;2020;12;10;2;3;2;6;0;0;1;0;0;0;0;1
11;9;9200715;2020;12;19;6;3;5;2;2;0;1;0;0;0;0;0
11;6;6300526;2020;12;8;7;3;5;2;0;1;1;0;0;0;0;2
11;11;11400929;2020;12;14;4;3;1;7;0;0;1;1;0;0;0;1
11;4;4500937;2020;12;13;7;3;5;3;0;0;1;0;0;0;0;0
11;5;5300736;2020;12;19;6;3;2;6;2;0;1;0;0;0;0;0
11;3;3601245;2020;12;8;2;3;3;6;1;1;1;0;0;0;0;1
11;5;5100313;2020;12;17;5;3;2;6;2;0;1;0;1;0;0;1
11;1;1100312;2020;12;9;6;3;0;1;0;1;0;0;0;0;0;0
11;1;1200628;2020;12;8;2;3;5;3;0;1;1;0;0;0;0;1
11;6;6200312;2020;12;17;2;3;2;2;2;0;1;0;0;0;0;1
11;7;7601547;2020;12;17;3;2;5;2;2;1;0;0;0;1;0;0
11;4;4501045;2020;12;19;6;3;6;2;2;0;1;1;0;0;0;0
11;1;1100415;2020;12;14;4;3;4;6;0;0;1;0;1;0;0;1
11;1;1401043;2020;12;19;2;3;5;7;2;0;1;0;0;0;1;0
11;9;9301024;2020;12;15;7;3;5;3;0;0;1;0;0;0;0;0
11;11;11300618;2020;12;13;2;2;1;1;0;0;1;1;0;0;1;0
11;2;2500830;2020;12;19;6;3;1;5;2;1;1;0;0;0;0;0
11;4;4300517;2020;12;10;6;3;0;3;0;0;1;0;0;0;1;1
11;9;9501737;2020;12;7;4;3;6;4;2;0;1;1;0;0;0;1
11;4;4300412;2020;12;13;7;3;6;4;0;0;1;1;0;0;0;0
11;8;8100415;2020;12;13;5;3;5;2;0;1;1;0;0;0;0;0
11;11;11300721;2020;12;21;5;2;5;3;2;0;1;0;0;0;0;0
11;3;3601141;2020;12;18;2;3;2;6;2;0;1;0;0;0;0;0
11;10;10100315;2020;12;13;2;3;2;6;0;0;1;0;0;0;1;0
11;5;5100102;2020;12;13;3;3;1;5;0;1;0;0;0;0;1;0
11;6;6300526;2020;12;14;5;3;5;2;0;0;1;0;0;0;0;0
11;2;2100104;2020;12;12;6;3;5;7;0;0;1;0;0;0;0;0
11;1;1401045;2020;12;17;2;3;3;6;2;0;1;0;0;0;0;1
11;8;8100105;2020;12;16;2;3;5;3;2;0;1;0;0;0;0;1
11;12;12601133;2020;12;15;3;2;6;7;1;0;1;1;0;0;0;0
11;7;7400823;2020;12;18;6;3;2;6;2;0;1;0;0;0;0;0
11;1;1401046;2020;12;11;4;3;2;6;0;0;1;0;0;0;0;1
11;1;1400942;2020;12;17;2;3;0;2;2;0;0;1;0;0;1;0