LAND;BEZ;LOR_ab_2021;UJAHR;UMONAT;USTUNDE;UWOCHENTAG;UKATEGORIE;UART;UTYP1;ULICHTVERH;IstRad;IstPKW;IstFuss;IstKrad;IstGkfz;IstSonstige;USTRZUSTAND
11;1;1200517;2020;12;11;7;3;2;6;0;0;1;0;0;0;0;1
11;12;12500825;2020;12;11;2;3;5;2;0;1;1;0;0;0;0;0
11;4;4200308;2020;12;9;5;3;9;7;0;0;1;0;0;0;0;0
11;7;7601442;2020;12;21;6;3;2;2;2;0;1;0;0;0;0;0
11;4;4501041;2020;12;18;3;2;6;4;2;0;0;1;0;0;1;0
11;9;9100203;2020;12;10;7;3;5;2;0;1;1;0;0;0;0;1
11;7;7501032;2020;12;8;4;3;5;3;0;0;1;0;0;0;0;0
11;5;5100104;2020;12;14;5;3;5;3;0;1;1;0;0;0;0;1
11;2;2500830;2020;12;17;2;3;0;3;2;1;0;0;0;0;0;1
11;5;5400943;2020;12;11;2;3;5;3;0;1;1;0;0;0;0;1
11;8;8100311;2020;12;16;3;3;3;6;1;1;1;0;0;0;0;0
11;12;12500930;2020;12;7;3;3;5;2;0;0;1;0;0;1;0;0
11;4;4500936;2020;12;18;5;3;0;7;2;0;0;0;1;0;1;0
11;7;7200307;2020;12;19;4;3;5;3;2;0;1;0;0;0;0;1
11;1;1100310;2020;12;14;2;3;5;2;0;0;1;0;0;0;0;1
11;2;2200210;2020;12;13;7;2;6;2;0;0;1;1;0;0;0;0
11;7;7601544;2020;12;13;1;3;6;7;0;0;1;1;0;0;0;1
11;5;5100210;2020;12;16;5;3;2;6;2;0;1;0;0;0;0;0
11;2;2100102;2020;12;17;5;3;1;5;2;1;1;0;0;0;0;1
11;1;1401045;2020;12;10;5;3;6;7;0;1;0;0;0;0;1;0
11;9;9200715;2020;12;7;4;3;6;2;2;0;0;1;0;0;1;1
11;4;4501042;2020;12;22;1;3;2;6;2;0;1;0;1;0;0;1
11;7;7601236;2020;12;18;7;3;1;1;2;0;1;0;0;0;1;1
11;12;12200411;2020;12;14;2;3;0;6;0;0;1;0;0;0;1;0
11;2;2400625;2020;12;22;5;2;0;7;2;1;0;0;0;0;0;0
11;7;7501135;2020;12;14;6;3;3;7;0;0;1;0;0;0;1;1
11;6;6300632;2020;12;11;6;3;2;6;0;0;1;0;0;1;0;0
11;8;8100312;2020;12;18;4;3;1;5;2;1;1;0;0;0;0;0
11;1;1100310;2020;12;19;5;3;0;3;2;0;1;0;1;0;0;0
11;11;11300826;2020;12;21;1;3;5;3;2;0;1;0;0;0;0;1
11;12;12500929;2020;12;10;2;3;1;5;0;1;1;0;0;0;0;1
11;1;1100308;2020;12;6;3;3;5;3;2;1;1;0;0;0;0;1
11;1;1100309;2020;12;13;2;3;5;3;0;1;0;0;0;0;1;0
11;9;9200512;2020;12;22;5;3;0;1;2;0;0;0;1;0;0;0
11;2;2500835;2020;12;12;7;3;2;6;0;0;1;0;0;0;0;0
11;6;6100208;2020;12;18;3;3;2;6;2;0;1;0;0;0;0;0
11;7;7400927;2020;12;15;1;3;5;2;1;0;1;0;0;0;0;0
11;2;2100106;2020;12;21;5;3;5;3;2;0;1;0;0;0;0;0
11;5;5200423;2020;12;18;5;3;6;4;2;0;0;1;0;0;1;1
11;3;3601245;2020;12;15;3;3;5;3;0;0;1;0;1;0;0;0
11;9;9100409;2020;12;12;6;3;5;3;0;0;1;0;0;0;1;0
11;11;11401032;2020;12;21;3;3;1;7;2;0;1;0;0;0;0;1
11;8;8401241;2020;12;19;5;2;5;2;2;0;1;0;1;0;0;0
11;11;11400929;2020;12;15;6;3;5;7;2;1;1;0;0;0;0;0
11;7;7501134;2020;12;10;4;3;0;1;0;1;0;0;0;0;0;1
11;5;5100211;2020;12;13;4;3;5;3;0;1;1;0;0;0;0;0
11;4;4300621;2020;12;9;5;3;0;1;0;0;1;0;1;0;0;0
11;3;3400620;2020;12;5;5;2;5;2;2;0;1;0;1;0;0;0
11;8;8301037;2020;12;14;1;3;5;3;0;0;1;0;0;0;0;0
11;11;11400929;2020;12;4;1;3;1;5;2;0;1;0;0;0;1;1
11;9;9100407;2020;12;16;3;3;5;2;2;1;1;0;0;0;0;0
11;3;3500935;2020;12;5;2;3;5;3;2;0;1;0;0;0;1;1
11;8;8100417;2020;12;19;5;3;1;5;2;1;1;0;0;0;0;0
11;8;8100209;2020;12;2;7;3;1;5;2;0;1;0;0;0;1;1
11;1;1100102;2020;12;20;7;3;5;2;2;1;1;0;0;0;0;0
11;4;4501041;2020;12;18;5;3;5;3;2;0;1;0;0;0;0;0
11;12;12400720;2020;12;16;1;3;1;5;1;0;1;0;0;0;0;0
11;1;1100308;2020;12;16;5;2;6;4;1;0;1;1;0;0;0;1
11;3;3601140;2020;12;10;6;3;6;2;0;0;1;1;0;0;0;0
11;7;7400823;2020;12;15;1;3;6;2;0;0;1;1;0;0;0;0
11;1;1300733;2020;12;17;2;3;1;5;2;0;1;0;0;0;1;1
11;12;12400723;2020;12;16;3;3;0;5;2;0;1;0;0;0;1;0
11;6;6100205;2020;12;17;5;2;6;4;2;0;1;1;0;0;0;0
11;11;2500832;2020;12;12;4;3;2;6;0;0;1;0;0;0;0;1
11;4;4501042;2020;12;14;1;3;0;6;0;0;1;0;0;0;1;0
11;10;10100101;2020;12;9;7;3;0;1;0;0;0;0;1;0;0;2
11;7;7300619;2020;12;12;2;3;5;2;0;1;0;0;0;0;1;1
11;5;5100103;2020;12;16;5;3;5;3;1;1;1;0;0;0;0;0
11;11;11200515;2020;12;8;6;3;2;6;0;0;1;0;0;0;1;1
11;7;7200308;2020;12;14;3;3;2;6;0;0;1;0;0;0;0;0
11;10;10200629;2020;12;16;5;3;6;2;0;0;1;1;0;0;0;0
11;10;10100102;2020;12;14;1;3;2;6;0;0;1;0;0;0;0;0
11;2;2200210;2020;12;13;1;3;6;7;0;0;0;1;0;0;1;0
11;2;2300316;2020;12;13;2;3;5;3;0;0;1;0;1;0;0;0
11;2;2200211;2020;12;15;5;2;1;5;1;1;1;0;0;0;0;0
11;2;2400625;2020;12;12;6;2;3;6;0;1;0;0;0;0;1;1
11;4;4501041;2020;12;15;7;3;6;7;1;0;0;1;0;0;1;0
11;3;3400829;2020;12;14;5;3;2;6;0;1;1;0;0;0;0;0
11;5;5100208;2020;12;14;5;3;6;7;0;0;0;1;0;0;1;0
11;9;9200511;2020;12;15;5;3;6;4;0;0;1;1;0;0;0;0
11;12;12200515;2020;12;12;1;3;5;3;0;0;1;0;0;0;0;1
11;6;6300527;2020;12;15;2;3;2;6;1;0;1;0;0;0;0;1
11;4;4501045;2020;12;14;3;3;5;2;1;1;1;0;0;0;0;0
11;4;4300622;2020;12;14;5;3;6;4;0;0;1;1;0;0;0;0
11;2;2200209;2020;12;10;4;3;0;1;0;1;0;0;0;0;0;1
11;11;11200514;2020;12;12;1;3;5;2;0;1;0;0;0;0;1;0
11;1;1401045;2020;12;10;7;3;5;2;0;0;1;0;0;0;0;1
11;9;9200715;2020;12;15;2;3;5;2;1;1;1;0;0;0;0;0
11;12;12400722;2020;12;13;5;3;6;7;0;0;1;1;0;0;0;0
11;6;6200422;2020;12;18;6;3;3;6;2;0;1;0;0;0;0;0
11;7;7501030;2020;12;8;7;3;0;1;0;0;0;0;1;0;0;2
11;6;6200317;2020;12;7;4;3;5;3;1;0;1;0;0;0;0;1
11;12;12500927;2020;12;10;5;3;5;3;0;1;0;0;0;0;1;0
11;5;5100103;2020;12;9;1;2;6;2;0;0;1;1;0;0;0;0
11;11;11501339;2020;12;11;2;3;2;6;0;0;1;0;0;0;0;1
11;3;3400619;2020;12;12;7;3;2;7;0;0;1;0;0;0;0;0
11;2;2100102;2020;12;11;4;3;5;7;0;0;1;0;0;0;0;0
11;4;4300415;2020;12;17;5;3;0;7;2;1;1;0;0;0;0;0
11;12;12500824;2020;12;9;1;3;5;3;0;0;1;0;0;0;0;1
11;8;8100415;2020;12;11;2;2;6;2;0;0;1;1;0;0;0;0
11;12;12100204;2020;12;12;3;3;6;4;0;0;1;1;0;0;0;1
11;1;1300834;2020;12;12;5;3;5;2;0;1;1;0;0;0;0;0
11;2;2300316;2020;12;6;4;3;6;2;2;0;1;1;0;0;0;1
11;9;9100306;2020;12;7;1;3;6;7;2;0;1;1;0;0;0;1
11;8;8100312;2020;12;16;7;3;6;7;1;0;1;1;0;0;0;0
11;10;10300733;2020;12;23;1;3;8;1;2;0;1;0;0;0;0;1
11;7;7400927;2020;12;12;5;2;5;2;0;1;0;0;0;1;0;0
11;1;1100310;2020;12;14;6;3;1;5;0;1;1;0;0;0;0;0
11;3;3701657;2020;12;14;3;3;0;1;0;1;0;0;0;0;0;0
11;4;4300622;2020;12;19;6;3;5;7;2;0;1;0;0;0;0;0
11;2;2500726;2020;12;14;4;3;5;2;0;0;1;0;0;0;1;0
11;7;7400824;2020;12;8;5;3;1;5;0;1;1;0;0;0;0;0
11;12;12200309;2020;12;20;7;3;6;7;2;0;1;1;0;0;0;0
11;5;5100312;2020;12;23;2;3;1;1;2;0;1;0;0;0;1;1
11;7;7601341;2020;12;17;3;3;2;6;2;0;1;0;0;1;0;1
11;8;8100311;2020;12;11;2;3;0;2;0;0;1;0;0;0;1;0
11;4;4500937;2020;12;11;5;3;6;2;0;0;1;1;0;0;0;0
11;5;5200632;2020;12;9;7;3;0;7;0;1;0;0;0;0;0;2
11;1;1100206;2020;12;17;3;3;5;2;2;1;1;0;0;0;0;0
11;5;5100105;2020;12;3;3;3;1;7;2;0;1;0;0;0;1;1
11;3;3701659;2020;12;10;5;3;0;3;0;0;1;0;1;0;0;1
11;1;1100207;2020;12;17;4;2;5;3;1;1;1;0;0;0;0;0
11;3;3500934;2020;12;13;7;3;5;3;0;0;1;0;1;0;0;0
11;2;2500832;2020;12;20;1;3;2;6;2;0;1;0;0;0;0;1
11;8;8100208;2020;12;9;5;3;5;3;0;0;1;0;0;0;0;0
11;7;7200414;2020;12;10;5;3;2;6;0;0;1;0;0;0;0;0
11;12;12500930;2020;12;14;6;3;5;2;0;0;1;0;0;0;0;0
11;3;3400830;2020;12;11;4;3;1;5;0;1;1;0;0;0;0;1
11;5;5100101;2020;12;21;3;2;9;1;2;0;1;0;0;0;0;1
11;7;7601339;2020;12;12;5;3;5;3;0;1;1;0;0;0;0;0
11;6;6100205;2020;12;15;5;2;0;7;1;0;1;0;0;0;0;0
11;2;2200210;2020;12;19;7;3;2;7;2;0;1;0;0;0;0;0
11;6;6200313;2020;12;13;1;3;5;2;0;1;0;0;0;0;1;0
11;4;4501153;2020;12;17;3;3;2;6;2;0;1;0;0;0;0;0
11;3;3400619;2020;12;19;2;3;2;6;2;0;1;0;0;0;0;1
11;9;11501341;2020;12;7;5;3;5;3;0;1;1;0;0;0;0;0
11;11;11401136;2020;12;22;6;3;1;5;2;0;1;0;0;0;0;1
11;1;1100102;2020;12;16;7;3;5;3;2;0;1;0;0;0;0;0
11;6;6100205;2020;12;14;4;3;6;3;0;0;1;1;0;0;0;0
11;4;4400831;2020;12;15;5;3;6;7;1;0;1;1;0;0;0;0
11;2;2100104;2020;12;12;6;3;0;1;0;1;0;0;0;0;0;0
11;8;8100314;2020;12;15;7;3;2;7;0;1;1;0;0;0;1;0
11;2;2200208;2020;12;16;2;3;6;4;2;0;1;1;0;0;0;0
11;10;10400941;2020;12;12;7;3;5;3;0;0;1;0;0;0;0;1
11;4;4501153;2020;12;18;4;3;5;2;2;1;1;0;0;0;0;0
11;4;4200308;2020;12;0;7;3;2;6;2;0;1;0;0;0;0;0
11;1;1100415;2020;12;17;5;3;1;5;2;1;1;0;0;0;0;1
11;5;5100312;2020;12;7;6;3;6;4;1;0;1;1;0;0;0;0
11;8;8401139;2020;12;19;7;3;5;3;2;0;1;0;0;0;0;0
11;11;11400930;2020;12;22;2;3;5;3;2;0;1;0;1;0;0;1
11;4;4501042;2020;12;18;3;3;2;6;2;0;1;0;0;0;0;0
11;10;10300734;2020;12;15;4;3;6;4;1;0;1;1;0;0;0;0
11;10;10400941;2020;12;7;4;3;5;3;0;1;1;0;0;0;0;0
11;12;12200412;2020;12;19;7;2;5;3;2;0;1;0;1;0;0;0
11;9;9501737;2020;12;13;7;3;0;1;0;1;0;0;0;0;0;1
11;3;11300618;2020;12;17;2;3;6;2;2;0;1;1;0;0;0;0
11;4;4500937;2020;12;23;4;3;2;6;2;0;1;0;0;0;0;0
11;10;10400837;2020;12;11;6;3;2;2;0;0;1;0;0;1;0;1
11;5;4200308;2020;12;13;7;3;2;6;0;0;1;0;0;0;0;0
11;1;1100310;2020;12;13;5;3;5;2;0;1;1;0;0;0;0;0
11;7;7200308;2020;12;22;5;3;5;3;2;1;1;0;0;0;0;0
11;1;1100103;2020;12;18;7;3;5;3;2;0;1;0;0;0;0;0
11;10;10100312;2020;12;13;2;3;5;2;0;0;1;0;0;0;1;1
11;8;8200833;2020;12;14;3;3;0;6;0;0;0;0;0;0;1;0
11;12;12200310;2020;12;20;4;3;5;2;2;0;1;0;0;0;0;0
11;5;5100313;2020;12;7;4;2;6;4;1;0;0;1;0;0;1;1
11;3;3100102;2020;12;12;7;2;5;2;0;1;1;0;0;0;0;1
11;9;9200715;2020;12;19;7;3;5;3;2;0;1;0;0;0;1;0
11;7;7400823;2020;12;8;2;3;5;3;0;0;1;0;0;0;0;1
11;11;11100205;2020;12;15;3;3;8;1;0;0;1;0;0;0;0;0
11;12;12400619;2020;12;18;4;3;2;2;2;1;1;0;0;0;0;0
11;8;8100314;2020;12;11;4;3;5;2;0;1;1;0;0;0;0;0
11;8;8401245;2020;12;12;7;3;5;7;0;0;1;0;0;0;1;0
11;4;4300619;2020;12;11;7;3;2;6;0;0;1;0;0;0;0;0
11;12;12200515;2020;12;12;2;3;6;7;0;0;1;1;0;0;0;0
11;5;5300737;2020;12;17;4;3;2;6;2;0;1;0;0;0;0;0
11;1;1100310;2020;12;6;6;3;5;2;2;0;1;0;0;0;1;1
11;8;8401243;2020;12;11;7;3;2;6;0;0;1;0;0;0;0;1
11;2;2300315;2020;12;9;4;3;5;3;0;1;0;0;1;0;0;1
11;10;10400836;2020;12;16;5;3;1;5;2;0;1;0;0;0;0;0
11;5;5200632;2020;12;17;7;3;5;2;2;1;0;0;0;0;1;0
11;11;11300721;2020;12;11;2;3;2;6;0;0;1;0;0;0;0;1
11;8;8200726;2020;12;9;3;3;6;3;1;0;1;1;0;0;0;0
11;5;5100101;2020;12;13;4;3;8;1;0;0;1;1;0;0;0;0
11;10;10100206;2020;12;21;4;2;5;3;2;0;1;0;0;0;1;0
11;3;3501037;2020;12;17;7;3;2;6;1;0;1;0;0;0;0;0
11;2;3601453;2020;12;14;7;2;6;7;0;0;1;1;0;0;0;0
11;4;4501042;2020;12;14;1;3;2;6;0;0;1;0;0;0;0;0
11;9;9401635;2020;12;16;4;2;5;2;0;0;1;0;1;0;0;0
11;4;4501152;2020;12;15;5;3;5;2;1;1;1;0;0;0;0;0
11;7;7200307;2020;12;15;6;3;5;3;1;1;1;0;0;0;0;0
11;1;1200519;2020;12;1;4;2;9;1;2;0;1;0;0;0;0;0
11;1;1100102;2020;12;17;4;3;5;2;2;1;1;0;0;0;0;0
11;5;5100315;2020;12;16;6;3;5;3;2;0;1;0;0;0;1;1
11;4;4200311;2020;12;15;6;3;5;3;0;0;1;0;1;0;0;0
11;2;2200208;2020;12;19;4;3;0;2;2;1;1;0;0;0;0;0
11;1;1100207;2020;12;19;5;3;5;2;2;1;1;0;0;0;0;0
11;12;12400618;2020;12;11;7;3;5;3;0;0;1;0;0;0;0;0
11;3;3601451;2020;12;10;2;3;0;1;0;0;0;0;1;0;0;1
11;9;9300923;2020;12;18;3;3;0;3;2;1;1;0;0;0;0;0
11;2;2400522;2020;12;0;3;2;0;1;2;1;0;0;0;0;0;0
11;7;7601339;2020;12;7;4;3;6;2;1;0;1;1;0;0;0;0
11;3;3601245;2020;12;15;4;2;5;2;1;1;1;0;0;0;0;1
11;12;12500926;2020;12;12;7;3;6;2;0;0;1;1;0;0;0;1
11;10;10100206;2020;12;13;3;2;2;3;0;0;1;0;1;0;0;0
11;5;5400942;2020;12;16;1;3;8;1;2;0;0;0;1;0;0;0
11;5;5100208;2020;12;14;4;2;3;6;0;0;1;0;0;0;0;0
11;3;3601245;2020;12;13;5;3;6;7;0;0;1;1;0;0;0;0
11;4;4200308;2020;12;15;3;2;2;6;0;0;0;0;1;1;0;0
11;3;3601244;2020;12;14;6;3;5;3;0;0;1;0;0;0;0;0
11;5;5300736;2020;12;20;3;3;5;3;2;0;1;0;0;0;0;1
11;10;10200524;2020;12;11;4;3;6;4;0;0;1;1;0;0;0;0
11;11;11501341;2020;12;16;5;3;0;3;2;0;1;0;0;0;1;0
11;12;12100204;2020;12;11;7;3;6;4;0;0;1;1;0;0;0;0
11;5;5200629;2020;12;13;1;3;2;6;1;0;1;0;0;0;0;0
11;6;6100206;2020;12;17;2;3;0;6;2;0;0;0;0;0;1;1
11;6;6400737;2020;12;13;4;2;6;7;0;0;1;1;0;0;0;0
11;7;7501031;2020;12;19;1;3;9;1;2;0;1;0;0;0;0;0
11;6;6200423;2020;12;14;3;3;3;6;0;0;1;0;0;0;0;0
11;6;6200315;2020;12;6;4;3;5;2;2;1;0;0;0;0;0;0
11;8;8401241;2020;12;19;1;3;5;3;2;0;1;0;0;0;0;0
11;2;2400522;2020;12;18;1;3;0;1;2;0;0;0;1;0;0;0
11;6;6100205;2020;12;13;5;3;5;3;0;0;1;0;0;0;0;0
11;3;3200204;2020;12;15;1;3;0;1;0;0;0;0;1;0;0;1
11;4;4200206;2020;12;12;1;2;0;1;0;1;0;0;0;0;0;0
11;8;8401139;2020;12;13;5;3;5;3;0;0;1;0;0;0;0;0
11;3;3400723;2020;12;11;1;3;1;5;0;1;1;0;0;0;0;0
11;8;8300935;2020;12;11;7;2;5;2;0;0;1;0;0;0;0;1
11;9;9301228;2020;12;14;3;2;5;2;0;1;1;0;0;0;0;1
11;8;8100104;2020;12;11;4;3;2;6;0;0;1;0;0;0;1;1
11;7;7100103;2020;12;19;7;3;1;7;2;0;1;0;0;0;0;1
11;3;3100103;2020;12;16;7;2;4;6;2;0;1;0;0;0;0;1
11;2;2300316;2020;12;14;4;3;2;6;0;0;1;0;0;0;0;1
11;2;2200209;2020;12;17;7;3;0;2;2;0;1;0;1;0;0;1
11;9;9200510;2020;12;11;7;2;5;3;0;1;1;0;0;0;0;0
11;4;4400834;2020;12;8;3;3;0;1;0;1;0;0;0;0;0;1
11;8;8100314;2020;12;16;4;3;5;7;1;0;1;0;1;0;0;1
11;3;3400619;2020;12;21;6;3;2;6;2;0;1;0;0;0;1;0
11;12;12601133;2020;12;13;6;3;5;3;0;0;1;0;0;0;0;1
11;7;7501134;2020;12;11;3;3;2;6;0;0;1;0;0;0;0;1
11;9;9100304;2020;12;17;4;3;5;3;2;0;1;0;0;0;0;1
11;7;7501029;2020;12;13;6;3;5;3;0;0;1;0;0;0;0;1
11;4;4100101;2020;12;20;5;3;6;7;2;0;1;0;0;0;1;1
11;1;1200628;2020;12;14;5;2;5;3;0;0;1;0;1;0;0;0
11;2;2200210;2020;12;23;5;3;6;2;2;0;1;1;0;0;0;1
11;1;1401049;2020;12;15;5;3;5;2;1;0;1;0;0;0;0;1
11;6;6200421;2020;12;19;5;2;6;4;2;0;1;1;0;0;0;1
11;6;6100102;2020;12;14;5;3;2;6;1;0;1;0;0;0;0;1
11;6;6200422;2020;12;12;4;2;0;7;0;0;1;0;0;0;1;0
11;9;9200510;2020;12;11;5;3;2;6;0;1;1;0;0;0;0;1
11;2;2200210;2020;12;11;5;3;5;3;0;0;1;0;0;0;0;1
11;8;8200730;2020;12;10;5;3;6;7;0;0;1;1;0;0;0;0
11;5;5300736;2020;12;9;5;3;5;2;1;0;1;0;0;0;0;1
11;8;8401242;2020;12;11;4;3;5;3;0;0;1;0;0;0;0;1
11;1;1400942;2020;12;6;5;3;2;6;2;0;1;0;0;0;1;1
11;12;12200515;2020;12;14;4;3;1;5;0;0;1;0;0;0;1;1
11;7;7200307;2020;12;8;3;2;0;1;0;1;0;0;0;0;0;1
11;8;8401244;2020;12;17;4;3;6;2;2;0;1;1;0;0;0;1
11;2;2200213;2020;12;18;2;3;2;3;2;1;1;0;0;0;0;1
11;4;4300416;2020;12;9;4;3;1;5;0;1;1;0;0;0;0;0
11;9;9100305;2020;12;9;3;3;6;2;0;0;1;1;0;0;0;1
11;4;4300622;2020;12;17;4;2;6;4;2;0;0;1;0;0;1;1
11;8;8100312;2020;12;17;2;3;2;7;2;1;1;0;0;0;0;1
11;9;9200510;2020;12;14;4;3;5;3;0;1;1;0;0;0;0;0
11;6;6200317;2020;12;8;3;3;0;1;0;1;0;0;0;0;0;2
11;4;4300518;2020;12;16;4;3;5;3;2;1;1;0;0;0;0;1
11;11;11401135;2020;12;9;3;2;0;1;0;1;0;0;0;0;0;2
11;12;12200309;2020;12;17;4;3;0;7;2;1;0;0;0;0;0;1
11;2;2200207;2020;12;17;4;3;1;5;2;1;1;0;0;0;0;1
11;10;10100209;2020;12;19;5;3;4;6;2;0;1;0;0;0;0;1
11;4;4300517;2020;12;12;4;3;1;5;0;0;1;0;1;0;0;0
11;9;9502042;2020;12;9;3;3;1;1;0;1;1;0;0;0;0;2
11;8;8301037;2020;12;12;4;3;6;7;0;0;0;1;0;0;1;0
11;9;9501941;2020;12;13;4;3;5;3;0;0;1;0;0;0;0;0
11;4;4100101;2020;12;13;5;3;0;5;0;0;1;0;1;0;0;1
11;1;1401045;2020;12;20;4;3;6;4;2;0;1;1;0;0;0;1
11;6;6100101;2020;12;8;3;3;0;1;0;1;0;0;0;0;0;2
11;3;3400723;2020;12;11;4;3;2;6;0;0;1;0;0;0;1;0
11;11;11300722;2020;12;14;2;3;2;6;0;0;1;0;0;0;0;0
11;5;5100315;2020;12;11;4;2;5;2;0;1;1;0;0;0;0;0
11;7;7300517;2020;12;19;4;3;6;2;2;0;1;1;0;0;0;1
11;8;8100415;2020;12;0;5;2;1;5;2;0;1;0;0;0;1;1
11;3;3400724;2020;12;11;4;3;0;3;0;1;0;0;1;0;0;0
11;6;6100102;2020;12;19;4;3;5;3;2;1;1;0;0;0;0;1
11;9;9401635;2020;12;10;2;3;3;6;0;1;1;0;0;0;0;1
11;9;9100203;2020;12;15;4;2;6;7;0;0;1;1;0;0;0;0
11;3;3300514;2020;12;8;3;3;5;2;0;1;1;0;0;0;0;1
11;7;7601238;2020;12;1;3;3;0;7;2;0;1;0;0;0;0;1
11;1;1401045;2020;12;9;4;3;3;6;0;1;0;0;0;0;0;0
11;1;1200623;2020;12;19;2;3;6;2;2;0;1;1;0;0;0;1
11;8;8200624;2020;12;17;4;3;6;4;2;0;1;1;0;0;0;1
11;11;11300620;2020;12;18;4;3;6;2;2;0;1;1;0;0;0;1
11;2;2200211;2020;12;17;4;3;6;4;2;0;1;1;0;0;0;1
11;7;7400720;2020;12;18;5;3;5;2;2;0;1;0;0;0;0;0
11;11;11300617;2020;12;17;4;3;2;6;2;0;1;0;0;0;0;1
11;7;7100102;2020;12;22;3;3;0;2;2;0;1;0;1;0;0;0
11;7;7100101;2020;12;17;4;3;5;2;2;0;1;0;0;0;0;1
11;9;9200717;2020;12;13;4;3;5;3;0;0;1;0;1;0;0;0
11;2;2400625;2020;12;16;3;2;7;7;2;0;0;0;1;0;0;1
11;1;1400937;2020;12;12;5;3;5;3;0;0;1;0;0;0;0;0
11;10;10100102;2020;12;13;3;3;3;2;0;0;1;0;0;0;0;1
11;4;4200310;2020;12;14;3;3;5;2;0;1;1;0;0;0;0;0
11;5;5100316;2020;12;11;3;3;2;6;0;0;1;0;0;0;0;1
11;12;12601134;2020;12;16;4;3;6;4;2;0;1;1;0;0;0;0
11;9;9100306;2020;12;11;3;3;2;2;0;0;1;0;0;0;1;1
11;8;8100520;2020;12;18;3;3;6;2;2;0;1;1;0;0;0;1
11;2;2100101;2020;12;10;3;3;5;3;0;0;1;0;1;0;0;1
11;9;9501838;2020;12;17;2;3;0;7;2;0;1;0;0;0;0;1
11;1;1100312;2020;12;16;4;3;5;3;2;1;1;0;0;0;0;1
11;10;10400837;2020;12;13;2;3;0;1;0;1;0;0;0;0;0;0
11;1;1300836;2020;12;11;4;2;5;3;0;1;1;0;0;0;0;1
11;1;1401045;2020;12;9;3;3;2;6;0;0;1;0;0;0;0;1
11;9;9100409;2020;12;1;2;3;9;1;2;0;1;0;0;0;0;1
11;6;6300527;2020;12;17;4;3;5;2;2;1;0;0;0;0;1;0
11;6;6400844;2020;12;8;3;2;6;2;2;0;1;1;0;0;0;1
11;8;8401241;2020;12;2;3;3;0;1;2;0;0;0;1;0;0;1
11;3;3300516;2020;12;19;3;3;6;4;2;0;1;1;0;0;0;1
11;1;1100206;2020;12;22;5;3;1;5;2;1;0;0;0;0;1;1
11;11;11300620;2020;12;19;3;2;2;6;2;0;1;0;0;0;0;1
11;4;4501041;2020;12;11;3;3;2;6;0;1;1;0;0;0;0;1
11;6;6200317;2020;12;17;3;3;0;6;2;0;1;0;1;0;0;0
11;3;3300413;2020;12;9;5;3;5;2;0;1;1;0;0;0;0;1
11;7;7100205;2020;12;17;3;3;5;3;2;0;1;0;0;0;0;1
11;3;3501038;2020;12;13;5;3;5;3;0;1;1;0;0;0;0;0
11;3;3200308;2020;12;17;3;3;6;2;2;0;1;1;0;0;0;1
11;10;10200422;2020;12;16;3;2;0;7;2;0;1;0;0;0;0;1
11;7;7400823;2020;12;11;4;3;5;2;0;0;1;0;0;0;1;1
11;1;3701556;2020;12;16;3;3;2;6;2;0;1;0;0;0;0;1
11;2;2100106;2020;12;16;3;3;6;4;2;0;1;1;0;0;0;1
11;2;2200209;2020;12;3;1;3;5;2;2;0;1;0;0;0;0;0
11;7;7400823;2020;12;7;4;3;6;2;1;0;1;1;0;0;0;1
11;12;12400722;2020;12;17;3;3;5;3;2;0;1;0;0;0;0;1
11;1;1100313;2020;12;14;3;3;5;3;0;0;1;0;0;0;1;0
11;1;1100207;2020;12;16;3;3;6;2;2;0;1;1;0;0;0;1
11;1;1300732;2020;12;14;4;3;2;2;0;0;1;0;0;1;0;0
11;12;12301203;2019;1;13;6;3;5;3;0;1;1;0;0;0;0;1
11;3;3040818;2019;1;9;5;3;5;3;0;1;1;0;0;0;0;0
11;12;12103115;2019;3;21;6;3;0;1;2;1;0;0;0;0;0;0
11;6;6040703;2019;1;7;6;2;6;4;1;0;1;1;0;0;0;1
11;7;7030303;2019;2;15;3;3;2;6;0;0;1;0;0;0;0;0
11;5;5020629;2019;1;7;5;3;2;6;2;0;1;0;0;0;0;1
11;5;5020524;2019;1;8;3;3;6;6;0;0;1;1;0;0;0;0
11;2;2050602;2019;1;7;5;3;6;2;0;0;1;1;0;0;0;1
11;5;5020524;2019;2;18;1;3;5;2;2;0;1;0;0;0;0;0
11;7;7050502;2019;1;17;5;3;3;2;2;0;1;0;0;0;1;0
11;7;7040402;2019;1;18;5;3;2;6;2;0;1;0;0;0;1;0
11;4;4051551;2019;1;16;5;2;0;1;2;0;0;0;1;0;0;0
11;4;4010101;2019;2;12;6;3;2;6;0;0;0;0;0;1;1;0
11;1;1011204;2019;3;13;5;3;2;6;0;0;1;0;0;0;0;0