LAND;BEZ;LOR_ab_2021;UJAHR;UMONAT;USTUNDE;UWOCHENTAG;UKATEGORIE;UART;UTYP1;ULICHTVERH;IstRad;IstPKW;IstFuss;IstKrad;IstGkfz;IstSonstige;USTRZUSTAND
11;4;4041133;2019;1;17;4;3;2;6;2;0;1;0;0;0;0;1
11;1;1011202;2019;1;12;4;3;2;6;0;0;1;0;0;0;0;1
11;3;3020209;2019;1;13;4;3;5;3;0;0;1;0;0;1;0;0
11;12;12103219;2019;1;17;4;3;6;2;2;0;1;1;0;0;0;1
11;9;9020601;2019;1;6;4;3;3;6;2;0;1;0;1;0;0;1
11;1;1033203;2019;2;6;7;2;5;2;2;0;1;0;1;0;0;0
11;9;9010302;2019;1;5;4;3;3;6;2;0;1;0;0;1;0;1
11;1;1011202;2019;1;11;1;3;5;3;0;1;0;0;0;0;0;1
11;2;2050602;2019;1;8;4;3;5;3;1;1;1;0;0;0;0;1
11;12;12301203;2019;2;15;6;3;5;3;0;0;1;0;0;0;1;0
11;3;3061429;2019;1;7;4;3;6;4;2;0;1;1;0;0;0;1
11;4;4010103;2019;1;7;4;3;2;6;2;0;1;0;0;0;0;1
11;6;6040703;2019;1;7;4;2;6;2;2;0;1;1;0;0;0;1
11;6;6030605;2019;2;18;3;3;2;6;2;0;1;0;0;0;0;0
11;6;6040702;2019;1;9;3;3;2;6;0;0;1;0;0;0;0;1
11;7;7050501;2019;2;10;7;3;2;6;0;0;1;0;0;0;0;0
11;1;1011105;2019;1;19;3;3;2;6;2;0;1;0;0;0;0;1
11;2;2050802;2019;1;19;3;3;2;6;2;1;0;0;0;0;0;1
11;7;7050502;2019;1;17;3;3;5;3;2;0;1;0;0;0;0;1
11;10;10010309;2019;2;10;4;2;5;3;0;1;1;0;0;0;0;0
11;4;4041239;2019;3;14;4;3;2;6;0;0;1;0;0;0;0;0
11;3;3051017;2019;1;12;3;3;4;1;0;0;1;0;0;0;0;1
11;7;7040401;2019;1;19;2;3;6;4;2;0;0;1;0;0;1;1
11;6;6040701;2019;1;17;4;2;0;1;2;0;0;0;1;0;0;1
11;7;7050501;2019;1;12;1;3;6;2;0;0;1;1;0;0;0;0
11;4;4041134;2019;2;5;6;3;0;1;1;0;0;0;1;0;0;1
11;2;2050602;2019;1;11;7;3;5;2;0;0;1;0;0;0;0;0
11;1;1011202;2019;1;11;1;3;5;3;0;1;0;0;0;0;0;1
11;12;12103218;2019;1;7;6;3;2;2;1;0;1;0;0;0;0;1
11;9;9010302;2019;1;19;6;3;2;6;2;0;1;0;0;0;0;0
11;7;7070701;2019;2;12;6;3;5;2;0;1;1;0;0;0;0;0
11;3;3040818;2019;1;18;6;3;5;3;2;1;1;0;0;0;0;1
11;3;3040513;2019;1;20;4;3;5;3;2;1;0;0;0;0;1;0
11;7;7020203;2019;1;18;6;3;1;5;2;1;1;0;0;0;0;1
11;6;6010101;2019;1;18;5;3;5;2;2;1;1;0;0;0;0;0
11;4;4030417;2019;2;2;7;2;0;1;2;0;1;0;0;0;0;1
11;1;1011303;2019;3;17;7;3;2;7;1;1;1;0;0;0;0;0
11;10;10010206;2019;1;18;4;3;2;6;2;0;1;0;0;0;0;1
11;1;1022202;2019;2;16;5;3;0;6;0;1;1;0;0;0;0;0
11;7;7030303;2019;1;13;4;3;5;3;0;0;1;0;0;1;0;0
11;3;3061126;2019;1;14;2;3;0;2;1;1;1;0;0;0;0;0
11;10;10040933;2019;3;16;3;3;5;2;0;0;1;0;0;0;0;0
11;8;8020619;2019;1;3;4;3;3;6;2;0;1;0;0;1;0;1
11;2;2010101;2019;1;4;3;3;2;6;2;0;1;0;0;0;0;1
11;6;6010209;2019;1;11;3;2;5;2;0;0;1;0;0;0;0;1
11;4;4020314;2019;1;5;3;3;9;1;2;0;1;0;0;0;0;1
11;1;1011303;2019;2;10;4;1;5;2;0;1;0;0;0;1;0;0
11;2;2020202;2019;1;2;3;3;2;6;2;0;1;0;0;0;0;1
11;7;7040403;2019;1;21;7;3;2;6;2;0;1;0;0;0;0;1
11;7;7050502;2019;1;14;6;3;5;2;0;1;1;0;0;0;0;0
11;9;9010102;2019;1;2;3;3;2;4;2;0;1;1;0;0;0;1
11;3;3071633;2019;2;18;5;3;2;6;2;0;1;0;0;0;0;0
11;3;3061429;2019;2;15;6;3;6;2;0;0;1;1;0;0;0;0
11;4;4030623;2019;3;12;6;3;5;2;0;0;0;0;1;0;1;0
11;2;2050602;2019;2;20;4;3;2;6;2;1;0;0;0;0;0;0
11;7;7040405;2019;1;23;7;2;9;1;2;0;1;0;0;0;0;1
11;7;7040403;2019;2;6;2;3;2;6;0;0;1;0;0;0;1;0
11;1;1044201;2019;2;16;2;3;5;7;0;0;1;0;0;0;0;0
11;3;3061131;2019;2;18;4;3;6;4;1;1;0;1;0;0;0;0
11;4;4041133;2019;1;13;6;3;2;6;0;0;1;0;0;0;0;0
11;3;3071633;2019;2;19;3;3;1;5;2;1;1;0;0;0;0;0
11;1;1011201;2019;3;14;7;3;4;6;0;1;1;0;0;0;0;1
11;6;6040701;2019;1;19;5;2;6;4;2;0;1;1;0;0;0;1
11;2;2040703;2019;2;13;5;3;5;3;0;1;0;0;0;0;0;0
11;7;7030303;2019;2;16;3;3;2;6;0;0;1;0;0;0;0;0
11;3;3061429;2019;1;12;3;3;5;2;0;1;0;0;0;1;0;0
11;1;1011202;2019;2;22;7;3;2;6;2;0;1;0;0;0;0;0
11;7;7030303;2019;2;8;5;2;6;2;0;0;1;1;0;0;0;0
11;1;1011303;2019;3;22;5;3;2;2;2;1;0;0;0;0;1;0
11;4;4020310;2019;1;7;4;3;3;6;1;0;1;0;0;0;0;1
11;3;3050925;2019;2;14;7;3;5;3;0;1;1;0;0;0;0;0
11;2;2020203;2019;3;7;6;3;1;1;0;0;1;0;0;0;0;0
11;6;6040703;2019;1;12;4;2;2;6;0;0;1;0;0;0;0;1
11;4;4010102;2019;2;18;1;3;2;6;2;0;1;0;0;0;0;0
11;7;7070701;2019;1;7;2;3;2;6;2;0;1;0;0;0;0;1
11;4;4020311;2019;2;14;7;3;3;6;0;0;1;0;0;0;1;0
11;4;4030622;2019;2;19;4;3;2;6;2;0;1;0;0;0;0;0
11;4;4020313;2019;3;12;4;3;2;6;0;0;1;0;0;0;0;0
11;1;1011303;2019;1;12;3;3;3;6;0;1;1;0;0;0;0;0
11;4;4030622;2019;2;9;5;3;5;7;0;0;1;0;1;0;0;0
11;4;4030622;2019;1;6;7;3;5;2;1;0;1;0;0;0;1;0
11;12;12214125;2019;1;10;6;3;2;6;0;0;1;0;0;0;1;1
11;3;3040818;2019;2;12;6;2;5;2;0;0;1;0;0;0;1;0
11;3;3061126;2019;1;0;1;3;3;6;2;0;1;0;0;0;0;1
11;3;3061228;2019;2;17;6;3;3;6;1;1;1;0;0;0;0;0
11;4;4030416;2019;2;10;2;3;2;6;0;0;1;0;0;1;0;0
11;4;4020314;2019;3;8;2;3;3;6;0;0;1;0;0;1;0;0
11;1;1011102;2019;1;10;3;3;5;2;0;0;1;0;0;0;0;1
11;12;12103115;2019;2;11;4;3;2;2;0;0;1;0;0;0;0;0
11;1;1011303;2019;1;6;5;3;6;2;2;0;1;1;0;0;0;1
11;12;12103117;2019;2;16;5;3;2;6;0;0;1;0;0;0;0;0
11;12;12103219;2019;1;17;5;3;3;6;2;0;1;0;0;0;0;0
11;3;3061332;2019;3;23;6;3;5;2;2;0;1;0;0;0;0;0
11;1;1011303;2019;2;18;4;3;2;2;2;1;1;0;0;0;0;0
11;3;3071639;2019;2;18;6;3;1;5;2;1;0;0;0;0;1;0
11;6;6040701;2019;3;12;7;3;1;1;0;0;1;0;0;0;0;0
11;2;2050801;2019;2;15;4;3;3;6;0;1;1;0;0;0;0;0
11;4;4010101;2019;1;11;2;3;3;6;0;0;1;0;0;0;0;0
11;3;3051017;2019;2;15;3;3;5;3;0;1;1;0;0;0;0;0
11;7;7020203;2019;2;15;3;3;2;6;0;0;1;0;0;0;0;0
11;12;12224230;2019;3;14;6;3;0;7;0;0;1;0;0;0;0;0
11;2;2050802;2019;1;16;5;3;5;2;0;1;1;0;0;0;0;0
11;2;2050602;2019;2;15;5;3;6;7;0;1;0;1;0;0;0;0
11;4;4020313;2019;2;9;2;3;5;7;0;1;1;0;0;0;0;0
11;6;6030503;2019;1;19;3;3;0;6;2;0;0;0;1;0;1;1
11;4;4010101;2019;2;14;7;3;2;6;0;0;1;0;0;0;0;0
11;3;3071638;2019;1;8;3;3;3;6;0;0;1;0;0;1;0;0
11;7;7030303;2019;2;15;2;3;2;6;0;0;1;0;0;0;1;0
11;7;7070701;2019;2;7;6;3;3;6;1;0;1;0;0;0;0;1
11;1;1011303;2019;3;7;5;3;0;5;0;1;1;0;0;0;0;1
11;3;3040818;2019;1;14;4;3;1;5;0;1;1;0;0;0;0;0
11;3;3061126;2019;2;15;7;3;5;2;0;1;1;0;0;0;0;0
11;3;3061429;2019;1;15;2;2;6;4;0;0;1;1;0;0;0;0
11;1;1044203;2019;2;15;6;3;1;5;0;0;1;0;0;0;0;0
11;3;3020209;2019;2;17;4;3;5;7;2;1;0;0;0;0;1;0
11;4;4020310;2019;3;9;3;2;2;6;0;0;1;0;0;1;0;0
11;3;3020209;2019;1;17;3;3;5;3;1;1;1;0;0;0;0;1
11;3;3061131;2019;2;15;4;3;4;6;0;1;0;0;0;0;0;0
11;4;4020208;2019;3;10;4;3;0;6;0;1;1;0;0;0;0;1
11;7;7060601;2019;1;12;4;2;5;3;0;0;1;0;0;0;1;0
11;8;8020619;2019;2;18;6;3;3;6;1;0;1;0;0;1;0;0
11;6;6010209;2019;1;2;1;3;9;1;2;0;1;0;0;0;0;2
11;3;3061332;2019;1;21;5;2;0;5;2;0;1;0;1;0;0;1
11;3;3020209;2019;2;11;6;3;5;3;0;1;1;0;0;0;0;0
11;2;2020203;2019;2;19;1;3;2;6;2;0;1;0;0;0;0;1
11;3;3061434;2019;3;17;1;3;2;6;0;0;1;0;0;0;0;0
11;4;4030623;2019;1;16;2;3;2;6;0;0;1;0;0;0;0;0
11;6;6030503;2019;2;16;4;3;2;6;0;0;1;0;0;0;0;0
11;7;7050502;2019;1;19;5;3;2;6;2;0;1;0;0;0;0;1
11;5;5020629;2019;2;18;5;3;2;6;2;0;1;0;0;0;0;1
11;12;12301204;2019;1;21;7;3;3;6;2;0;1;0;1;0;0;0
11;7;7020202;2019;1;18;5;2;6;4;2;0;1;1;0;0;0;1
11;9;9020601;2019;2;18;5;3;5;2;2;1;1;0;0;0;0;0
11;3;3061429;2019;2;5;6;3;6;2;2;0;1;1;0;0;0;0
11;1;1011105;2019;3;22;7;3;2;2;2;0;1;0;0;0;0;0
11;1;1044102;2019;2;6;4;2;5;3;1;0;1;0;0;0;1;0
11;1;1011303;2019;1;2;1;2;6;4;2;0;1;1;0;0;0;1
11;1;1011201;2019;2;11;2;3;3;6;0;1;0;0;0;1;0;0
11;4;4051551;2019;2;23;2;3;3;6;2;0;1;0;0;0;0;0
11;10;10040933;2019;3;11;6;3;5;3;0;1;1;0;0;0;0;1
11;1;1011105;2019;1;14;4;3;2;6;0;0;1;0;0;0;0;0
11;7;7040403;2019;2;18;4;3;6;7;1;1;0;1;0;0;0;0
11;4;4041134;2019;3;10;7;3;2;6;0;0;1;0;0;0;0;1
11;2;2050602;2019;1;7;5;3;1;5;0;0;1;1;0;0;0;0
11;6;6010102;2019;2;14;5;3;2;6;0;0;1;0;0;0;0;0
11;4;4020208;2019;2;14;3;3;5;3;0;0;1;0;0;0;0;0
11;4;4010101;2019;1;13;3;3;2;6;0;0;1;0;0;1;0;0
11;7;7020203;2019;2;18;1;3;2;6;2;0;1;0;0;0;0;0
11;12;12231101;2019;2;11;5;3;2;2;0;0;1;0;0;0;0;0
11;9;9010401;2019;3;6;5;3;2;6;0;0;0;0;0;1;0;1
11;7;7060601;2019;1;13;4;3;2;6;0;0;1;0;0;0;0;0
11;7;7030303;2019;2;14;7;3;0;1;0;0;0;0;1;0;0;0
11;1;1033203;2019;1;16;1;3;2;6;2;0;1;0;0;0;0;0
11;2;2050602;2019;2;15;6;2;0;1;0;1;0;0;0;0;0;0
11;3;3061434;2019;2;8;1;3;0;7;0;0;1;0;0;0;0;0
11;10;10040933;2019;1;14;2;3;2;6;0;0;1;0;0;0;0;1
11;3;3061126;2019;2;10;7;2;9;1;0;0;1;0;0;0;0;0
11;6;6030503;2019;2;8;4;3;2;6;0;0;1;0;0;1;0;0
11;2;2050602;2019;3;13;4;3;5;2;0;1;1;0;0;0;0;0
11;7;7040405;2019;1;16;4;3;2;6;1;0;1;0;0;0;0;0
11;1;1011102;2019;2;16;6;3;3;6;0;0;1;0;1;0;0;0
11;10;10010309;2019;1;10;7;1;6;4;0;0;1;1;0;0;0;1
11;4;4041134;2019;1;22;5;3;9;1;2;0;1;0;0;0;0;1
11;12;12301203;2019;2;14;6;3;5;3;0;1;1;0;0;0;0;0
11;2;2050602;2019;2;19;6;3;5;7;2;0;1;0;0;0;0;0
11;1;1011303;2019;3;12;7;3;0;6;0;0;1;0;0;0;1;0
11;7;7050502;2019;2;13;2;3;5;7;0;0;0;0;0;0;1;0
11;1;1044201;2019;3;13;2;3;2;6;0;0;1;0;0;0;0;0
11;7;7050502;2019;1;11;3;3;5;3;0;0;0;0;1;0;1;1
11;12;12103218;2019;2;8;4;3;5;2;0;1;0;0;0;0;1;0
11;4;4020311;2019;1;21;7;3;3;6;2;0;1;0;0;0;0;0
11;1;1011105;2019;1;15;5;3;3;6;0;0;1;0;0;0;0;0
11;3;3061131;2019;2;17;5;3;2;2;1;1;1;0;0;0;0;0
11;2;2050602;2019;2;14;6;3;5;3;0;1;1;0;0;0;0;0
11;1;1044203;2019;3;13;6;3;1;5;0;1;1;0;0;0;0;0
11;1;1011204;2019;2;19;4;2;6;4;2;0;1;1;0;0;0;0
11;4;4020314;2019;1;13;5;3;3;6;0;0;1;0;0;1;0;0
11;4;4020310;2019;2;6;2;3;2;6;1;0;1;0;0;0;0;1
11;4;4041134;2019;2;6;5;3;3;6;1;0;1;0;0;1;0;0
11;7;7050501;2019;1;20;2;3;6;2;2;0;1;1;0;0;0;1
11;2;2040703;2019;2;23;4;3;6;4;2;0;0;1;0;0;1;0
11;4;4010102;2019;1;15;4;3;2;6;0;0;1;0;0;0;0;1
11;9;9010202;2019;1;15;5;3;5;3;0;1;1;0;0;0;0;0
11;2;2010101;2019;2;15;3;3;3;6;0;1;1;0;0;0;0;0
11;12;12214125;2019;3;20;7;2;8;1;2;0;1;0;0;0;0;1
11;2;2050602;2019;1;16;5;2;6;4;1;0;1;1;0;0;0;0
11;3;3040513;2019;2;14;5;3;2;2;0;1;1;0;0;0;0;0
11;9;9010202;2019;2;16;3;3;6;4;0;0;1;1;0;0;0;0
11;2;2050602;2019;1;11;3;2;5;3;0;1;1;0;0;0;0;1
11;7;7050502;2019;1;11;3;2;6;4;0;0;1;1;0;0;0;0
11;6;6040701;2019;2;23;7;2;5;2;2;1;1;0;0;0;0;0
11;10;10010308;2019;2;8;5;3;2;6;0;0;1;0;0;0;0;0
11;10;10040933;2019;3;7;4;3;0;2;0;1;0;0;0;0;1;0
11;2;2020202;2019;1;17;3;3;6;4;1;1;0;1;0;0;0;1
11;9;9010201;2019;2;11;2;3;6;4;0;0;1;1;0;0;0;1
11;7;7040405;2019;3;20;5;2;3;6;2;0;1;0;0;0;1;0
11;4;4051655;2019;1;15;4;3;2;6;0;0;1;0;0;1;0;0
11;7;7020202;2019;2;14;1;3;5;2;0;1;1;0;0;0;0;0
11;1;1011105;2019;1;17;2;3;2;6;2;0;1;0;0;0;0;0
11;7;7070701;2019;1;17;2;3;2;6;1;0;1;0;0;0;0;0
11;3;3071639;2019;2;8;6;2;5;2;0;1;0;0;0;0;0;0
11;1;1011303;2019;1;17;2;3;2;7;2;1;1;0;0;0;1;1
11;4;4030622;2019;2;18;4;3;5;2;2;1;1;0;0;0;0;0
11;5;5020524;2019;3;12;4;2;2;6;0;0;1;0;0;1;0;0
11;4;4041134;2019;1;9;2;3;2;6;0;0;1;0;0;0;0;1
11;7;7020202;2019;1;17;3;3;2;6;1;0;1;0;0;0;0;0
11;1;1011303;2019;2;22;5;3;5;3;2;1;1;0;0;0;0;1
11;7;7040403;2019;1;16;1;3;8;1;2;0;1;0;0;0;0;1
11;3;3061429;2019;1;23;7;3;2;6;2;0;1;0;0;0;0;0
11;1;1044102;2019;1;5;1;3;5;3;2;0;1;0;0;0;0;1
11;4;4041134;2019;1;8;1;2;9;1;0;0;1;0;0;0;0;1
11;4;4020310;2019;1;10;4;2;3;6;0;0;1;0;0;1;1;1
11;7;7030303;2019;2;13;7;3;0;1;0;0;0;0;1;0;0;0
11;4;4020208;2019;1;19;7;3;5;2;2;1;1;0;0;0;0;1
11;12;12103117;2019;1;13;1;3;2;4;0;0;1;1;0;0;0;0
11;3;3061332;2019;1;19;7;3;6;2;2;0;1;1;0;0;0;1
11;2;2010101;2019;1;16;5;3;5;2;1;1;1;0;0;0;0;0
11;7;7050501;2019;2;9;6;3;5;2;0;1;1;0;0;0;0;0
11;7;7020203;2019;1;18;7;3;2;6;2;0;1;0;0;0;0;1
11;3;3050925;2019;2;16;1;2;6;4;1;0;1;1;0;0;0;0
11;7;7050506;2019;3;10;2;3;5;2;0;0;1;0;0;1;0;0
11;12;12231101;2019;1;17;2;3;2;6;2;0;1;0;0;0;0;1
11;4;4030417;2019;2;16;4;3;2;6;0;0;1;0;0;0;0;0
11;3;3061435;2019;1;17;5;3;4;6;1;1;0;0;0;0;0;0
11;10;10040933;2019;2;7;5;3;5;3;1;1;1;0;0;0;0;0
11;2;2050602;2019;1;8;4;3;5;3;1;0;1;0;0;0;0;1
11;4;4020313;2019;2;12;6;2;5;3;0;0;1;0;0;1;0;0
11;12;12301205;2019;2;17;6;3;6;4;2;0;1;1;0;0;0;0
11;4;4041133;2019;3;18;7;3;2;6;2;0;1;0;0;0;1;0
11;4;4020311;2019;2;15;4;3;3;6;0;0;1;0;0;0;0;0
11;12;12304314;2019;1;2;1;3;9;1;2;0;1;0;0;0;0;1
11;12;12214125;2019;2;13;3;3;2;6;0;0;1;0;0;0;1;0
11;3;3030716;2019;1;15;7;3;5;3;1;1;1;0;0;0;0;1
11;2;2050602;2019;2;7;2;3;0;2;0;1;1;0;0;0;0;0
11;12;12103115;2019;3;8;6;3;6;7;0;1;0;1;0;0;0;0
11;12;12103218;2019;1;15;4;3;2;6;0;0;1;0;0;0;0;0
11;3;3061332;2019;2;7;2;3;5;3;0;1;1;0;0;0;0;0
11;3;3040513;2019;1;16;6;3;0;6;2;0;1;0;0;0;1;1
11;4;4051551;2019;1;17;3;3;2;6;0;0;1;0;0;0;0;0
11;7;7010104;2019;10;16;3;2;6;4;0;0;1;1;0;0;0;1
11;1;1011105;2019;6;18;5;3;2;6;0;0;1;0;0;0;0;0
11;11;11030721;2019;9;7;2;3;9;1;0;0;1;0;0;0;0;0
11;4;4041133;2019;12;23;5;3;8;1;2;0;1;0;0;0;0;1
11;7;7040403;2019;6;1;7;3;5;3;2;1;1;0;0;0;0;0
11;1;1044201;2019;5;17;4;3;2;7;0;0;1;0;0;0;0;0
11;4;4010103;2019;11;2;1;3;9;1;2;0;1;0;0;0;0;1
11;3;3061228;2019;6;8;6;3;6;4;0;1;0;1;0;0;0;0
11;7;7020202;2019;11;14;5;2;5;2;0;1;1;0;0;0;0;0
11;2;2050602;2019;8;16;5;3;4;6;0;1;0;0;0;0;1;0
11;6;6040701;2019;5;13;4;2;0;7;0;0;1;0;0;0;0;0
11;4;4020313;2019;10;8;1;2;1;1;0;0;1;0;0;0;0;0
11;4;4030623;2019;9;16;2;3;5;2;0;0;1;0;1;0;0;0
11;4;4020313;2019;6;14;6;2;6;7;0;0;1;1;0;0;0;0
11;2;2020201;2019;8;16;5;3;3;6;0;0;0;0;0;0;1;0
11;4;4030417;2019;5;13;4;3;2;6;0;0;1;0;0;0;0;0
11;7;7040405;2019;6;16;7;3;5;3;0;0;1;0;0;0;0;0
11;7;7050502;2019;9;10;2;2;5;2;0;0;1;0;1;0;0;0
11;6;6030605;2019;12;16;1;3;5;3;2;0;1;0;0;0;0;1
11;5;5020524;2019;6;13;6;3;2;6;0;0;0;0;1;1;0;0
11;6;6040703;2019;8;15;5;3;0;3;0;1;1;0;0;0;0;0
11;3;3061429;2019;11;16;2;3;5;2;0;0;1;0;0;0;0;0
11;4;4030417;2019;8;16;5;3;0;3;0;1;1;0;0;0;0;0
11;4;4030623;2019;5;12;4;3;2;6;0;0;1;0;1;0;0;0
11;11;11030721;2019;10;13;1;3;3;6;0;0;1;0;1;0;0;0
11;7;7010104;2019;9;17;7;3;3;6;0;0;1;0;0;0;0;0
11;12;12214125;2019;6;14;6;3;2;6;0;0;1;0;0;0;1;0
11;2;2050602;2019;8;14;5;3;0;1;0;1;1;0;0;0;0;0
11;2;2050601;2019;5;11;4;3;0;6;0;0;1;0;1;0;0;0
11;4;4030417;2019;11;15;3;3;3;6;0;0;1;0;0;1;0;0
11;7;7070701;2019;6;9;4;3;2;6;0;0;1;0;0;0;0;0
11;4;4020208;2019;9;17;7;3;0;1;0;1;0;0;0;0;0;0
11;5;5020524;2019;12;23;7;3;5;2;2;0;1;0;0;0;0;1
11;4;4030417;2019;8;12;5;3;2;6;0;0;1;0;0;0;1;0
11;3;3061126;2019;10;17;3;3;2;6;2;0;1;0;0;0;0;0
11;2;2040703;2019;9;19;7;2;0;7;2;1;0;0;0;0;0;0
11;6;6030501;2019;8;9;5;3;0;7;0;1;0;0;0;0;0;0
11;7;7040401;2019;5;9;4;3;2;6;0;0;1;0;1;0;0;0
11;1;1011303;2019;10;13;2;2;6;7;0;0;0;1;0;0;1;0
11;3;3020209;2019;6;11;2;3;5;3;0;1;1;0;0;0;0;0
11;3;3061434;2019;9;9;7;3;5;3;0;1;1;0;0;0;0;0
11;2;2020201;2019;6;16;6;3;5;3;0;1;1;0;0;0;0;0
11;4;4030622;2019;8;19;4;2;5;2;0;0;1;0;1;0;0;0
11;3;3020209;2019;5;8;4;2;0;5;0;0;0;0;1;0;1;0
11;4;4041239;2019;11;8;5;3;2;6;0;0;1;0;0;0;0;0
11;1;1044203;2019;6;7;6;3;1;5;0;1;1;0;0;0;0;0
11;12;12214125;2019;12;13;3;3;2;6;0;0;1;0;0;0;1;1
11;1;1011303;2019;8;21;4;3;0;1;2;1;0;0;0;0;0;0
11;12;12301205;2019;5;7;4;3;5;2;0;0;1;0;0;0;0;0
11;1;1011104;2019;10;8;5;3;2;6;0;0;1;0;0;0;0;1
11;2;2050602;2019;9;8;7;3;8;1;0;1;1;0;0;0;0;0
11;4;4041133;2019;8;15;4;3;2;6;0;0;1;0;0;0;0;0
11;2;2040701;2019;5;16;3;2;0;1;0;1;0;0;0;0;0;0
11;2;2020201;2019;9;6;2;2;0;2;1;0;1;0;1;0;0;1
11;1;1011102;2019;6;0;4;3;0;7;2;1;0;0;0;0;0;0
11;1;1011102;2019;9;16;7;3;6;7;0;1;0;1;0;0;0;0
11;7;7010104;2019;12;19;6;2;6;4;2;0;1;1;0;0;0;1
11;4;4010101;2019;6;14;6;3;2;6;0;0;1;0;0;0;0;0
11;2;2040701;2019;8;15;4;3;2;6;0;0;1;0;0;1;0;0
11;11;11041022;2019;5;18;3;3;3;2;0;1;0;0;0;0;1;0
11;12;12103218;2019;11;13;6;2;2;2;0;0;1;0;0;1;0;0
11;1;1011102;2019;9;1;7;3;0;1;2;0;1;0;0;0;0;0
11;1;1033203;2019;11;16;3;3;5;3;1;0;1;0;1;0;0;0
11;7;7010104;2019;8;10;4;3;3;6;0;0;1;0;0;0;0;0
11;1;1011104;2019;5;21;3;3;0;3;2;1;0;0;1;0;0;0
11;9;9010202;2019;10;16;5;3;3;6;0;0;0;0;0;1;1;0
11;7;7050502;2019;9;16;6;3;5;2;0;1;0;0;0;0;1;0
11;7;7040405;2019;6;0;6;2;3;6;2;0;1;0;0;0;0;0
11;7;7030303;2019;8;9;4;3;0;2;0;0;1;0;0;0;1;0
11;3;3061131;2019;5;16;3;3;1;5;0;1;0;0;0;0;1;0
11;1;1011303;2019;6;20;6;3;2;6;0;0;1;0;1;0;0;0
11;1;1011303;2019;9;15;6;3;2;6;0;0;1;0;1;0;0;0
11;1;1011102;2019;12;12;6;3;2;6;0;0;1;0;0;0;0;0
11;7;7050502;2019;6;13;6;3;2;6;0;0;1;0;0;0;0;0
11;4;4041134;2019;8;14;4;3;2;6;0;0;1;0;0;0;0;0
11;1;1011303;2019;11;17;7;3;5;2;2;0;1;0;0;0;0;1
11;1;1011303;2019;8;12;4;3;0;1;0;0;1;0;1;0;0;0
11;5;5020629;2019;5;17;3;3;2;6;0;0;1;0;0;0;0;0
11;2;2050802;2019;10;17;6;3;3;6;0;1;1;0;0;0;0;1
11;9;9010101;2019;9;14;6;3;2;6;0;0;1;0;0;0;0;0
11;12;12214125;2019;6;15;6;3;2;6;0;0;1;0;0;0;0;0
11;7;7050502;2019;8;7;4;3;6;4;0;0;1;1;0;0;0;0
11;7;7050502;2019;5;17;3;3;2;6;0;0;1;0;0;0;1;0
11;2;2050602;2019;11;23;2;3;0;1;2;0;0;0;1;0;0;1
11;3;3071639;2019;6;16;2;2;2;7;0;1;1;0;0;0;0;0
11;3;3061434;2019;9;13;6;2;5;2;0;0;1;0;0;0;0;0
11;11;11010101;2019;12;15;6;2;5;3;1;0;1;0;0;0;0;1
11;4;4030622;2019;8;18;3;3;6;6;0;1;0;1;0;0;0;0
11;7;7050502;2019;5;15;3;3;5;2;0;0;1;0;1;0;0;0
11;12;12304314;2019;10;11;2;3;2;6;1;0;1;0;0;0;1;0
11;2;2050602;2019;9;7;6;3;3;6;0;1;0;0;0;0;0;0
11;3;3061435;2019;8;10;3;3;5;3;0;1;0;0;0;0;0;0
11;3;3040818;2019;5;9;3;3;2;6;0;0;1;0;1;0;0;0
11;3;3061434;2019;10;17;7;3;0;3;0;1;1;0;0;0;0;0
11;3;3061435;2019;6;19;6;3;0;1;0;1;0;0;0;0;0;0
11;1;1011303;2019;9;12;6;3;5;2;0;1;0;0;0;0;1;0
11;2;2050602;2019;6;11;6;3;5;2;0;1;0;0;0;0;0;0
11;2;2050602;2019;8;14;3;3;5;3;0;1;1;0;0;0;0;0
11;9;9010201;2019;5;8;3;3;3;6;0;0;1;0;1;0;0;0
11;10;10010204;2019;10;7;7;3;5;3;0;0;1;0;0;0;0;0
11;3;3061126;2019;9;13;6;3;2;6;0;0;1;0;1;0;0;0
11;4;4041133;2019;6;11;6;2;3;6;0;0;1;0;0;0;1;0
11;2;2040701;2019;8;7;3;3;5;2;0;1;1;0;0;0;0;0
11;4;4030621;2019;5;8;3;3;3;6;0;1;1;0;0;0;0;0
11;3;3061332;2019;11;18;2;3;6;2;2;0;1;1;0;0;0;0
11;7;7050501;2019;6;11;3;3;5;3;0;1;1;0;0;0;0;0
11;7;7040405;2019;9;9;6;3;2;6;0;0;1;0;0;0;0;0
11;1;1011303;2019;12;17;6;3;5;3;2;1;1;0;0;0;0;1
11;3;3020209;2019;8;6;3;3;5;3;0;1;1;0;0;0;0;0
11;3;3050925;2019;10;8;3;3;5;2;0;1;1;0;0;0;0;0
11;11;11030721;2019;9;17;5;2;5;3;0;1;1;0;0;0;0;0
11;4;4041239;2019;8;9;3;3;2;6;0;0;1;0;0;0;0;0
11;3;3061131;2019;5;16;2;3;5;3;0;1;0;0;0;0;1;0
11;10;10010204;2019;10;10;1;3;9;1;0;0;1;0;0;0;0;0
11;3;3020209;2019;6;12;1;3;4;6;0;0;1;0;0;0;0;0
11;4;4041137;2019;9;16;5;3;2;6;0;0;1;0;0;0;0;0
11;1;1011304;2019;6;15;6;2;0;6;0;1;0;0;0;0;0;0
11;1;1011102;2019;5;22;2;3;5;2;2;0;1;0;0;0;0;0
11;7;7040402;2019;11;17;4;3;2;6;2;0;1;0;0;0;0;0