LAND;BEZ;LOR_ab_2021;UJAHR;UMONAT;USTUNDE;UWOCHENTAG;UKATEGORIE;UART;UTYP1;ULICHTVERH;IstRad;IstPKW;IstFuss;IstKrad;IstGkfz;IstSonstige;USTRZUSTAND
11;4;4031032;2019;1;18;7;3;1;5;2;1;1;0;0;0;1;0
11;6;6030504;2019;1;14;5;2;2;3;0;1;1;0;0;0;0;0
11;1;1022102;2019;1;15;5;3;1;5;0;1;1;0;0;0;0;1
11;7;7040404;2019;1;15;5;3;5;2;0;0;1;0;1;0;0;0
11;7;7070705;2019;1;14;1;2;6;2;0;0;1;1;0;0;0;0
11;4;4051654;2019;1;16;5;2;6;2;0;0;1;1;0;0;0;0
11;7;7060601;2019;1;16;5;3;0;2;1;0;1;0;0;0;1;0
11;4;4051448;2019;1;17;5;3;2;1;1;0;1;0;0;0;0;1
11;4;4041136;2019;1;17;5;3;1;5;1;0;1;0;0;0;0;1
11;9;9020701;2019;1;17;5;2;2;6;1;0;1;0;1;0;0;1
11;8;8020619;2019;1;17;5;3;8;1;1;0;1;0;0;0;0;1
11;11;11010103;2019;1;10;5;2;9;1;0;0;1;0;0;0;0;0
11;8;8041036;2019;1;22;4;2;1;1;2;0;1;0;0;0;1;0
11;1;1033203;2019;1;21;4;2;6;4;2;1;0;1;0;0;0;0
11;1;1011302;2019;1;21;4;3;1;5;2;1;1;0;0;0;0;0
11;3;3061227;2019;1;21;4;3;5;3;2;1;1;0;0;0;0;0
11;1;1022206;2019;1;17;4;3;2;6;2;0;1;0;0;0;0;0
11;5;5010339;2019;1;14;4;3;2;6;0;0;1;0;0;0;1;0
11;11;11030721;2019;1;15;4;3;5;2;0;0;1;0;0;0;0;0
11;12;12224230;2019;1;14;4;3;2;3;0;1;1;0;0;0;0;0
11;4;4020313;2019;1;13;4;3;5;3;0;0;1;0;0;0;0;0
11;5;5020626;2019;1;13;4;3;5;3;0;0;1;0;0;0;1;0
11;4;4030623;2019;1;11;4;3;6;4;0;0;1;1;0;0;0;1
11;8;8010118;2019;1;10;4;3;6;4;0;0;1;1;0;0;0;1
11;3;3061227;2019;1;7;4;3;5;3;1;1;1;0;0;0;0;1
11;7;7060601;2019;1;12;4;3;6;2;0;0;1;1;0;0;0;0
11;6;6030503;2019;1;9;4;3;6;2;0;0;0;1;1;0;0;1
11;11;11020412;2019;1;7;4;3;5;2;1;0;1;0;0;1;0;1
11;7;7070701;2019;1;17;7;3;5;2;2;1;0;0;0;0;1;0
11;3;3061228;2019;1;7;4;3;6;4;1;0;1;1;0;0;0;1
11;10;10020517;2019;1;7;4;3;5;3;1;1;1;0;0;0;0;1
11;12;12103115;2019;1;8;4;3;5;2;0;0;1;0;0;0;0;1
11;4;4041344;2019;1;9;4;3;5;3;0;0;1;0;0;0;0;1
11;8;8010301;2019;1;15;4;3;6;2;0;0;0;1;0;0;1;0
11;1;1033102;2019;1;12;3;3;5;2;0;1;1;0;0;0;0;0
11;1;1011202;2019;1;22;3;2;0;1;2;0;0;0;1;0;0;1
11;5;5010101;2019;1;18;3;3;6;2;2;0;1;1;0;0;0;1
11;5;5020523;2019;1;17;3;3;9;1;2;0;1;0;0;0;0;1
11;10;10010308;2019;1;12;3;3;2;2;0;0;1;0;0;0;0;1
11;4;4020311;2019;1;20;3;3;0;3;2;0;0;0;1;0;1;1
11;7;7050502;2019;1;17;7;3;5;2;1;0;1;0;0;0;0;0
11;7;7050502;2019;1;20;3;3;5;3;2;0;1;0;0;0;1;0
11;4;4020207;2019;1;16;3;3;0;1;2;0;0;0;1;0;0;1
11;10;10010310;2019;1;16;3;2;6;2;2;0;1;1;0;0;0;1
11;12;12214125;2019;1;16;3;3;0;5;0;0;1;0;1;0;0;1
11;4;4030931;2019;1;14;3;3;2;2;0;0;0;0;0;1;1;1
11;5;5030832;2019;1;14;3;3;0;2;0;0;1;0;0;0;1;1
11;12;12214527;2019;1;14;3;3;1;5;0;0;1;0;0;0;0;1
11;3;3061435;2019;1;13;3;3;5;3;0;0;1;0;0;0;0;1
11;8;8010303;2019;1;10;3;3;0;7;0;0;1;0;0;0;0;1
11;2;2050801;2019;1;10;3;3;5;3;1;1;1;0;0;0;0;1
11;3;3050923;2019;1;10;3;3;1;5;0;1;1;0;0;0;0;1
11;3;3040614;2019;1;9;3;3;5;3;0;0;1;0;0;0;0;1
11;1;1011303;2019;1;5;3;3;5;2;2;0;0;0;0;0;1;0
11;2;2040703;2019;1;22;3;3;6;3;2;0;1;1;0;0;0;1
11;3;3061228;2019;1;17;3;3;2;2;1;0;1;0;0;1;0;1
11;6;6020409;2019;1;17;3;3;6;4;1;0;1;1;0;0;0;1
11;12;12302110;2019;1;17;3;2;6;4;1;0;1;1;0;0;0;1
11;8;8010404;2019;1;15;3;3;6;4;0;0;1;1;0;0;0;1
11;4;4020313;2019;1;17;3;2;5;2;1;0;1;0;0;0;0;1
11;5;5010206;2019;1;17;3;3;6;2;2;0;1;1;0;0;0;1
11;1;1011204;2019;1;18;3;3;6;7;1;0;1;1;0;0;0;1
11;4;4030931;2019;1;18;3;3;6;7;1;0;1;1;0;0;0;1
11;5;5030730;2019;1;19;3;3;4;1;2;0;1;0;0;0;0;1
11;1;1011201;2019;1;22;3;3;6;2;2;0;1;1;0;0;0;1
11;8;8010303;2019;1;23;3;3;6;4;2;0;1;1;0;0;0;1
11;9;9020701;2019;1;23;3;3;5;2;2;1;1;0;0;0;0;1
11;1;1022104;2019;1;22;2;3;0;7;2;0;1;0;0;0;0;0
11;1;1011101;2019;1;21;2;3;5;2;2;1;1;0;0;0;0;0
11;4;4030726;2019;1;17;2;3;6;7;2;0;1;1;0;0;0;0
11;8;8041036;2019;1;6;2;3;5;3;2;0;1;0;0;0;0;1
11;12;12301203;2019;1;7;2;3;5;3;0;0;1;0;0;0;1;1
11;7;7060603;2019;1;8;2;3;6;4;0;0;0;1;0;1;0;1
11;1;1011102;2019;1;9;2;3;6;4;0;1;0;1;0;0;0;1
11;7;7070701;2019;1;9;2;2;5;2;0;0;1;0;0;0;1;0
11;6;6020305;2019;1;18;2;2;6;2;2;0;1;1;0;0;0;0
11;4;4051448;2019;1;17;2;3;2;6;2;0;1;0;0;0;0;1
11;7;7050501;2019;1;17;2;3;5;3;2;0;1;0;0;0;0;0
11;3;3061228;2019;1;17;2;3;6;4;2;0;1;1;0;0;0;1
11;1;1011303;2019;1;20;2;3;6;7;2;0;1;1;0;0;0;0
11;8;8010404;2019;1;17;2;3;6;4;2;0;1;1;0;0;0;1
11;7;7040403;2019;1;16;2;3;6;4;2;0;1;1;0;0;0;1
11;4;4030417;2019;1;16;7;2;5;2;1;0;1;0;0;0;0;0
11;9;9051901;2019;1;16;2;3;6;4;0;0;1;1;0;0;0;2
11;9;9020702;2019;1;16;2;3;5;3;0;0;1;0;0;0;0;1
11;7;7050501;2019;1;16;2;2;6;4;2;0;1;1;0;0;0;0
11;10;10010310;2019;1;14;2;3;5;3;0;0;1;0;0;0;0;1
11;4;4020209;2019;1;15;2;3;6;4;0;0;1;1;0;0;0;0
11;3;3010102;2019;1;14;2;3;5;2;0;0;1;0;0;0;0;1
11;2;2030302;2019;1;13;2;3;0;6;0;0;1;0;1;0;0;1
11;5;5010313;2019;1;13;2;3;5;2;0;0;1;0;0;0;0;0
11;1;1011303;2019;1;14;7;2;0;3;0;0;1;0;0;0;1;0
11;8;8010212;2019;1;13;2;2;5;3;0;0;1;0;1;0;0;0
11;7;7070703;2019;1;11;2;3;5;2;0;1;1;0;0;0;0;0
11;6;6020305;2019;1;13;7;3;2;1;0;0;1;0;0;0;0;0
11;7;7030303;2019;1;11;2;3;5;2;0;0;1;0;0;0;1;0
11;5;5020626;2019;1;7;2;3;0;5;1;0;1;0;0;0;0;0
11;3;3050925;2019;1;10;2;3;6;4;0;0;1;1;0;0;0;1
11;12;12302212;2019;1;15;1;3;5;3;1;0;1;0;0;0;0;1
11;1;1011304;2019;1;22;1;3;5;3;2;1;0;0;0;0;1;1
11;11;11030721;2019;1;20;1;2;5;2;2;0;1;0;0;0;0;1
11;3;3040512;2019;1;19;1;3;5;3;2;0;1;0;0;0;1;1
11;8;8010404;2019;1;18;1;2;6;4;2;0;1;1;0;0;1;1
11;4;4030726;2019;1;17;1;3;6;2;2;0;1;1;0;0;0;1
11;10;10020622;2019;1;17;1;3;2;6;2;0;1;0;0;0;0;1
11;12;12301203;2019;1;16;1;2;6;2;2;0;1;1;0;0;0;1
11;5;5010206;2019;1;13;1;3;2;6;0;0;1;0;0;0;0;1
11;1;1011105;2019;1;14;1;3;5;5;0;1;1;0;0;0;0;1
11;2;2020204;2019;1;3;1;3;5;3;2;0;1;0;0;0;0;1
11;8;8041035;2019;1;3;1;3;5;7;2;0;1;0;0;0;0;1
11;6;6030608;2019;1;7;1;3;6;2;2;0;1;1;0;0;0;1
11;1;1044202;2019;1;7;1;3;2;2;2;0;1;0;0;0;0;1
11;5;5010339;2019;1;11;1;2;1;1;0;0;1;0;1;0;0;1
11;11;11051330;2019;1;12;1;3;5;3;0;0;1;0;0;0;0;1
11;4;4051445;2019;1;1;1;3;5;3;2;0;1;0;0;0;1;1
11;9;9020601;2019;1;9;7;3;6;2;0;0;1;1;0;0;0;0
11;7;7010102;2019;1;11;7;3;2;2;0;0;1;0;0;0;0;1
11;8;8020727;2019;1;17;7;3;6;2;1;0;1;1;0;0;0;1
11;7;7040405;2019;1;18;7;3;5;3;2;0;1;0;0;0;0;1
11;10;10020415;2019;1;18;7;3;6;2;2;0;1;1;0;0;0;1
11;7;7010102;2019;1;18;7;3;6;2;2;0;1;1;0;0;0;1
11;7;7060604;2019;1;17;7;3;3;5;2;0;1;0;0;0;0;1
11;4;4030828;2019;1;17;7;3;6;2;2;0;1;1;0;0;0;1
11;7;7010102;2019;1;17;7;3;6;2;2;0;1;1;0;0;0;1
11;5;5020625;2019;1;16;7;3;2;6;1;0;1;0;0;0;0;1
11;1;1033102;2019;1;15;7;3;2;6;1;0;1;0;0;0;0;1
11;1;1011204;2019;1;14;7;3;5;3;0;0;1;0;0;0;0;1
11;3;3020209;2019;1;11;7;3;5;3;0;0;1;0;0;0;0;1
11;5;5020625;2019;1;11;7;3;2;6;0;0;1;0;0;0;1;1
11;8;8030829;2019;1;20;7;3;6;4;2;0;1;1;0;0;0;1
11;1;3040614;2019;1;21;7;3;2;1;2;0;1;0;0;0;0;1
11;11;11051331;2019;1;23;7;3;6;4;2;0;1;1;0;0;0;1
11;1;1022106;2019;1;23;7;2;0;4;2;0;0;1;1;0;0;1
11;9;9041501;2019;1;13;6;3;0;3;0;0;1;0;0;0;1;0
11;10;10010310;2019;1;19;7;3;6;2;2;0;1;1;0;0;0;1
11;1;1011304;2019;1;19;7;3;8;1;2;0;0;0;1;0;0;1
11;11;11020412;2019;1;17;7;2;0;7;2;1;0;0;0;0;0;1
11;4;4041135;2019;1;13;7;3;0;1;0;0;0;0;1;0;0;1
11;6;6030504;2019;1;18;7;1;6;4;2;0;1;1;0;0;1;1
11;6;6010210;2019;1;17;6;3;0;7;1;0;1;0;1;0;0;1
11;5;5020626;2019;1;18;6;3;5;5;2;0;1;0;1;0;0;1
11;6;6020305;2019;1;17;6;3;0;4;1;0;1;1;0;0;0;1
11;2;2040503;2019;1;15;6;3;4;6;0;1;1;0;0;0;0;1
11;4;4030623;2019;1;20;6;2;5;3;2;0;1;0;0;0;0;1
11;3;3061228;2019;1;18;7;3;0;1;2;0;0;0;1;0;0;1
11;8;8010301;2019;1;19;6;3;5;3;2;0;1;0;0;0;0;1
11;2;2010102;2019;1;19;6;3;1;5;2;1;1;0;0;0;0;1
11;4;4041241;2019;1;17;6;2;6;2;2;0;1;1;0;0;0;1
11;4;4030726;2019;1;17;6;3;6;2;2;0;0;1;0;0;1;1
11;10;10040830;2019;1;16;6;3;6;2;2;0;1;1;0;0;0;1
11;1;1011202;2019;1;15;6;3;5;3;1;1;1;0;0;0;0;1
11;12;12214527;2019;1;15;6;3;2;6;0;0;1;0;0;0;0;1
11;2;2050801;2019;1;14;6;2;6;4;0;1;0;1;0;0;0;1
11;4;4030929;2019;1;14;6;3;5;2;0;1;1;0;0;0;0;1
11;9;9020701;2019;1;14;6;3;5;3;0;0;1;0;0;0;0;1
11;12;12304314;2019;1;9;1;3;1;5;0;0;1;0;0;0;1;0
11;2;2010103;2019;1;14;6;3;5;7;0;1;1;0;0;0;0;1
11;11;11051331;2019;1;2;7;2;5;3;2;0;1;0;0;0;1;0
11;4;4020311;2019;1;13;6;3;6;3;0;0;1;1;0;0;0;1
11;11;11041128;2019;1;13;6;3;5;3;0;1;1;0;0;0;0;1
11;7;7020202;2019;1;11;6;3;6;4;0;0;1;1;0;0;0;1
11;5;5010312;2019;1;13;1;3;5;2;0;0;1;0;0;0;0;0
11;7;7010104;2019;1;11;6;3;5;3;0;0;1;0;0;0;0;1
11;7;7040403;2019;1;10;6;3;5;2;0;0;1;0;0;0;0;1
11;11;11041128;2019;1;13;7;3;2;6;0;0;1;0;0;0;0;1
11;7;7010104;2019;1;10;6;3;5;3;0;1;1;0;0;0;0;1
11;12;12214527;2019;1;10;6;2;5;7;0;0;1;1;0;0;0;1
11;4;4030415;2019;1;9;6;3;2;6;0;0;1;0;0;0;0;1
11;3;3061430;2019;1;8;6;3;0;7;0;1;0;0;0;0;0;1
11;10;10040933;2019;1;8;6;3;6;4;0;0;1;1;0;0;0;1
11;9;9030901;2019;1;8;6;3;1;5;1;0;1;0;0;0;0;1
11;2;2030401;2019;1;14;6;2;0;3;0;0;1;0;0;0;1;1
11;12;12103220;2019;1;0;7;3;6;4;2;0;1;1;0;0;0;2
11;9;9051901;2019;1;7;6;3;5;2;2;1;1;0;0;0;0;1
11;9;9041501;2019;1;13;6;3;2;7;0;0;1;0;0;0;1;1
11;7;7060604;2019;1;17;5;3;1;7;1;0;1;0;0;0;0;0
11;7;7070703;2019;1;15;5;3;1;5;0;1;1;0;0;0;0;1
11;5;5020626;2019;1;9;5;2;4;7;0;0;1;0;0;0;1;0
11;5;5040935;2019;1;8;5;3;5;3;0;1;1;0;0;0;0;0
11;8;8010211;2019;1;8;5;2;0;7;0;0;1;0;0;0;1;1
11;7;7030301;2019;1;7;5;2;6;4;0;0;1;1;0;0;0;1
11;5;5020626;2019;1;7;7;3;2;6;1;0;1;0;0;0;0;0
11;11;11010309;2019;1;7;5;2;6;4;1;0;1;1;0;0;0;1
11;7;7050505;2019;1;7;5;3;6;2;2;0;1;1;0;0;0;1
11;1;1044201;2019;1;7;5;2;6;4;2;0;1;1;0;0;0;1
11;1;1011203;2019;1;13;7;3;0;7;0;0;1;0;0;0;1;0
11;11;11010207;2019;1;16;5;2;0;6;2;0;1;0;0;0;1;0
11;8;8020620;2019;1;19;5;3;5;3;2;0;1;0;0;0;0;0
11;9;9051901;2019;1;15;7;2;6;2;0;0;1;1;0;0;0;0
11;11;11030721;2019;1;19;5;3;4;5;2;0;1;0;0;0;0;0
11;2;2050802;2019;1;13;7;3;5;2;0;1;1;0;0;0;0;0
11;7;7070704;2019;1;10;7;2;5;3;0;0;1;0;0;0;0;0
11;3;3030715;2019;1;16;5;3;2;6;1;0;1;0;0;0;1;0
11;2;2040703;2019;1;16;5;3;5;3;2;1;1;0;0;0;0;0
11;8;8041040;2019;1;14;5;3;1;5;0;0;1;0;0;0;0;0
11;12;12214424;2019;1;9;7;3;2;6;0;0;1;0;0;1;0;1
11;4;4030931;2019;1;14;5;3;1;5;0;1;1;0;0;0;0;1
11;11;11051330;2019;1;9;7;3;4;6;0;1;1;0;0;0;1;0
11;1;1044201;2019;1;14;5;3;2;6;0;0;1;0;0;0;0;0
11;7;7020202;2019;1;14;5;3;6;4;0;1;0;1;0;0;0;0
11;12;12301203;2019;1;20;7;2;6;2;2;0;1;1;0;0;0;0
11;8;8010213;2019;1;13;5;3;5;3;0;1;1;0;0;0;0;0
11;8;8020622;2019;1;13;5;3;5;3;0;0;1;0;0;0;0;0
11;2;2050602;2019;1;12;5;3;1;5;0;1;1;0;0;0;0;0
11;12;12103220;2019;1;12;5;3;2;2;0;0;1;0;0;0;0;0
11;7;7020201;2019;1;10;5;3;5;2;0;0;1;0;0;0;0;0
11;3;3061227;2019;1;16;5;3;6;7;2;1;0;1;0;0;0;0
11;12;12214125;2019;1;21;6;3;2;6;2;0;1;0;0;0;0;1
11;10;10010310;2019;1;14;5;2;6;4;0;0;0;1;0;0;1;0
11;10;10040828;2019;1;16;5;2;5;2;1;1;1;0;0;0;0;0
11;12;12214125;2019;1;20;6;2;6;2;2;0;1;1;0;0;0;1
11;2;2020206;2019;1;22;5;2;6;4;2;0;1;1;0;0;0;0
11;3;3040818;2019;1;20;5;3;5;3;2;1;1;0;0;0;0;0
11;8;8020619;2019;1;11;4;3;2;6;0;0;0;0;0;1;1;1
11;6;6010205;2019;1;17;4;3;2;6;1;0;1;0;0;0;0;1
11;2;2020204;2019;1;20;4;3;5;3;2;0;1;0;1;0;0;1
11;1;1011303;2019;1;20;4;3;2;6;2;0;1;0;0;0;0;1
11;6;6020302;2019;1;19;4;3;5;3;2;1;1;0;0;0;0;1
11;4;4030931;2019;1;10;4;3;1;5;1;1;1;0;0;0;0;1
11;1;1044201;2019;1;20;7;3;2;6;2;0;1;0;0;0;0;0
11;2;2050801;2019;1;8;4;3;3;6;0;1;0;0;0;0;1;1
11;6;6030501;2019;1;16;4;3;5;3;2;1;1;0;0;0;0;1
11;5;5010313;2019;1;16;4;3;0;2;1;1;1;0;0;0;0;1
11;2;2040701;2019;1;18;4;3;5;3;2;0;1;0;0;0;0;1
11;3;3040818;2019;1;10;1;3;5;3;0;0;1;0;0;0;0;0
11;7;7040404;2019;1;13;4;3;1;5;0;1;1;0;0;0;0;0
11;3;3050925;2019;1;18;4;3;2;2;2;0;1;0;0;0;0;0
11;11;11030720;2019;1;18;4;3;2;6;2;0;1;0;0;0;0;0
11;1;1033101;2019;1;18;4;3;6;4;2;0;1;1;0;0;0;0
11;11;11051330;2019;1;7;4;3;2;6;0;0;1;0;0;0;0;2
11;6;6010209;2019;1;17;4;2;6;4;0;0;1;1;0;0;0;0
11;3;3071537;2019;1;18;5;3;2;2;1;0;1;0;0;0;0;0
11;12;12103117;2019;1;7;4;3;6;4;0;0;1;1;0;0;0;0
11;1;1044202;2019;1;6;4;3;5;2;1;1;1;0;0;0;0;0
11;4;4051445;2019;1;8;4;3;6;4;0;0;1;1;0;0;0;0
11;4;4051652;2019;1;8;4;3;6;4;0;0;1;1;0;0;0;0
11;1;1033101;2019;1;8;4;3;1;5;0;1;1;0;0;0;0;0
11;3;3020307;2019;1;9;4;3;6;2;0;0;1;1;0;0;0;0
11;7;7020201;2019;1;11;4;3;5;2;0;1;1;0;0;0;0;1
11;1;1011303;2019;1;11;4;3;5;2;0;1;1;0;0;0;0;0
11;2;2010103;2019;1;11;4;3;0;3;0;0;1;0;0;0;1;0
11;7;7010101;2019;1;15;5;3;5;2;0;1;1;0;0;0;0;0
11;10;10010207;2019;1;12;4;3;6;4;0;0;1;1;0;0;0;0
11;8;8020727;2019;1;12;4;3;6;3;0;0;1;1;0;0;0;0
11;10;10040933;2019;1;17;4;3;6;2;2;0;1;1;0;0;0;0
11;9;9020501;2019;1;12;4;3;5;7;0;0;1;0;0;0;1;0
11;5;5010206;2019;1;18;5;3;6;2;2;0;0;1;0;0;1;0
11;1;1044203;2019;1;17;4;3;6;4;2;1;0;1;0;0;0;1
11;12;12103219;2019;1;15;4;3;2;6;0;0;1;0;0;0;0;0
11;3;3071537;2019;1;8;4;3;5;3;0;0;1;0;1;0;0;0
11;2;2030302;2019;1;19;3;2;6;4;2;0;1;1;0;0;0;0
11;9;9051801;2019;1;17;3;3;4;3;2;0;1;0;0;0;0;0
11;1;1022104;2019;2;11;6;1;6;2;0;0;0;1;0;0;1;1
11;5;5010208;2019;1;18;3;3;2;6;2;0;1;0;0;0;0;1
11;8;8010118;2019;1;18;3;3;2;6;2;0;1;0;0;0;0;0
11;11;11030721;2019;1;16;3;2;6;4;0;0;1;1;0;0;0;1
11;1;1022106;2019;1;16;4;3;6;4;0;1;0;1;0;0;0;0
11;8;8030829;2019;1;17;3;3;3;6;2;0;1;0;0;0;0;1
11;6;6010102;2019;1;16;3;2;6;4;1;0;1;1;0;0;0;0
11;2;2050801;2019;1;16;3;3;1;5;2;1;1;0;0;0;0;0
11;1;1011305;2019;1;16;3;3;2;6;2;1;1;0;0;0;0;0
11;1;1033203;2019;1;16;3;3;5;2;2;0;1;0;0;0;0;1
11;6;6030610;2019;1;16;3;2;6;4;0;0;1;1;0;0;0;0
11;1;1011204;2019;1;16;3;3;5;3;1;1;1;0;0;0;0;1
11;7;7040403;2019;1;9;5;3;5;3;0;0;1;0;0;0;0;1
11;2;2010102;2019;1;16;3;3;6;4;0;0;1;1;0;0;0;1
11;6;6020303;2019;1;15;3;3;5;7;0;0;1;0;0;0;0;1
11;4;4051655;2019;1;18;4;3;2;2;2;0;1;0;0;0;0;0
11;1;1022104;2019;1;7;3;3;0;5;0;1;0;0;0;0;0;2
11;11;11020514;2019;1;20;3;2;0;1;2;1;0;0;0;0;0;1
11;1;1044203;2019;1;15;3;3;5;3;1;1;1;0;0;0;0;0
11;4;4020310;2019;1;14;3;3;2;6;0;0;1;0;0;0;0;0
11;12;12304314;2019;1;13;3;3;2;6;0;0;1;0;0;0;0;0
11;5;5030731;2019;1;13;3;3;6;4;0;0;1;1;0;0;0;0
11;12;12214125;2019;1;6;5;3;3;6;2;0;1;0;0;0;1;0
11;4;4030620;2019;1;13;3;3;0;3;0;0;1;0;1;0;0;0
11;2;2010102;2019;1;22;3;3;5;7;2;0;1;0;0;0;0;0
11;6;6030610;2019;1;22;3;3;5;2;2;0;1;0;0;0;0;0
11;12;12231101;2019;1;11;5;3;6;2;0;0;0;1;0;1;0;0
11;4;4051652;2019;1;10;3;3;2;6;0;1;1;0;0;0;0;1
11;1;1044101;2019;1;8;3;3;1;5;0;1;0;0;0;1;0;1
11;1;1011304;2019;1;8;3;3;5;2;0;1;0;0;0;0;1;1
11;8;8030830;2019;1;13;4;3;5;3;0;1;1;0;0;0;0;0
11;8;8010404;2019;1;7;3;3;6;2;0;0;1;1;0;0;0;1
11;10;10010311;2019;1;6;3;2;6;4;1;0;1;1;0;0;0;1
11;11;11010310;2019;1;2;3;3;6;4;2;0;1;1;0;0;0;1
11;1;1011306;2019;1;9;3;3;1;5;0;1;1;0;0;0;0;0
11;4;4030623;2019;1;21;2;3;5;3;2;0;1;0;0;0;0;0
11;7;7030303;2019;1;11;2;3;5;2;0;1;1;0;0;0;0;1
11;6;6030606;2019;1;18;5;3;1;5;2;1;1;0;0;0;0;0
11;5;5030832;2019;1;20;2;3;6;7;2;0;1;1;0;0;0;1
11;3;3010102;2019;1;17;2;3;2;6;1;1;0;0;0;0;1;1
11;10;10040931;2019;1;20;2;2;5;3;2;0;1;0;0;0;0;1
11;8;8010301;2019;1;18;2;2;6;2;2;0;1;1;0;0;0;1
11;7;8020726;2019;1;17;2;3;6;2;2;0;1;1;0;0;0;1
11;6;6010209;2019;1;17;2;2;6;4;2;0;1;1;0;0;0;1
11;6;6030610;2019;1;17;2;3;2;2;2;0;1;0;0;0;0;1
11;7;7050502;2019;1;16;2;2;5;3;1;0;1;0;1;0;0;1
11;7;7010104;2019;1;8;2;3;0;1;0;1;0;0;0;0;0;2
11;8;8020625;2019;1;15;2;3;5;3;1;1;1;0;0;0;0;1
11;4;4010102;2019;1;8;2;3;2;6;0;0;1;0;0;0;0;1
11;5;5010101;2019;1;15;2;2;5;3;0;0;1;0;0;0;0;1
11;8;8041035;2019;1;16;5;3;5;3;1;1;1;0;0;0;0;0
11;6;6040805;2019;1;9;2;3;1;1;0;0;1;0;0;0;1;2
11;10;10020412;2019;1;20;2;3;5;3;2;0;1;0;0;0;0;1
11;6;6020303;2019;1;15;2;3;5;2;0;0;1;0;1;0;0;0
11;9;9020502;2019;1;13;2;3;5;3;0;1;1;0;0;0;0;1
11;6;6040804;2019;1;8;2;3;0;1;0;1;0;0;0;0;0;2
11;8;8041037;2019;1;8;5;3;3;6;0;0;1;0;0;1;0;0
11;1;1033203;2019;1;13;2;3;2;6;0;0;1;0;0;0;1;0
11;4;4020314;2019;1;8;2;3;0;1;0;1;0;0;0;0;0;2
11;4;4030415;2019;1;6;2;2;6;2;2;0;1;1;0;0;0;1
11;6;6020302;2019;2;13;6;3;2;6;0;0;1;0;0;0;0;0
11;9;9020702;2019;1;6;2;2;6;2;2;0;1;1;0;0;0;1
11;1;1044103;2019;1;19;2;3;6;2;2;0;1;1;0;0;0;0
11;10;10040933;2019;1;13;2;3;5;2;0;0;1;0;0;0;0;0
11;4;4051549;2019;1;9;4;3;5;2;0;0;1;0;0;0;0;0
11;5;5030833;2019;1;6;2;2;5;3;2;1;1;0;0;0;0;1
11;10;10010309;2019;1;19;2;2;6;4;2;0;1;1;0;0;0;1
11;10;10030727;2019;1;12;2;2;5;2;0;0;1;0;1;0;0;0
11;8;8010510;2019;1;5;2;3;5;7;2;1;0;0;0;0;1;1
11;4;4030725;2019;1;19;2;3;5;3;2;0;1;0;0;0;0;1
11;4;4010101;2019;1;9;5;3;0;2;0;1;1;0;0;0;0;1
11;1;1044101;2019;1;5;2;3;6;2;2;0;1;1;0;0;0;1
11;12;12103218;2019;1;19;2;3;6;2;2;0;1;1;0;0;0;1
11;4;4030929;2019;1;14;4;3;5;7;0;0;1;0;0;0;1;1
11;1;1044101;2019;1;10;2;3;1;5;0;0;1;0;0;0;0;1
11;11;11040925;2019;1;18;2;3;2;2;2;0;1;0;0;0;0;1
11;3;3040818;2019;1;10;2;3;5;3;0;1;1;0;0;0;0;1
11;8;8010211;2019;1;22;4;3;5;7;2;0;1;0;0;0;1;0
11;6;6030504;2019;1;10;2;3;0;3;0;1;1;0;0;0;0;2
11;6;6010206;2019;1;18;2;2;6;2;2;0;1;1;0;0;0;1
11;5;5030832;2019;1;9;2;3;0;5;0;1;1;0;0;0;0;2
11;7;7050501;2019;1;9;2;3;2;2;0;0;1;0;0;0;0;1
11;1;1033202;2019;1;18;2;2;5;3;2;1;1;0;0;0;0;1
11;12;12231102;2019;1;8;2;3;0;1;0;1;0;0;0;0;0;2
11;7;7030301;2019;1;13;5;3;1;5;0;1;1;0;0;0;0;0
11;9;9051801;2019;1;9;2;2;0;1;0;1;0;0;0;0;0;2
11;4;4030726;2019;1;11;2;3;6;2;0;0;0;1;0;0;1;0
11;1;1022203;2019;1;2;1;3;1;7;2;0;1;0;0;0;0;1
11;1;1011302;2019;1;11;1;3;6;7;0;0;1;1;0;0;0;1
11;5;5010101;2019;1;19;1;3;6;2;2;0;1;1;0;0;0;1
11;5;5030730;2019;1;19;1;3;2;6;2;0;1;0;0;0;0;1
11;5;5010314;2019;1;20;1;3;6;4;2;0;1;1;0;0;0;0
11;8;8010212;2019;1;11;1;3;5;3;0;0;1;0;0;0;0;1
11;4;4030726;2019;1;8;1;2;1;1;0;0;1;0;0;0;0;1
11;1;1044201;2019;1;4;1;3;5;3;2;0;1;0;0;0;1;0
11;8;8010301;2019;1;18;1;3;2;6;2;0;1;0;0;0;0;1
11;4;4030620;2019;1;18;1;2;6;2;2;0;1;1;0;0;0;1
11;3;3020307;2019;1;5;5;3;0;6;2;0;1;0;0;0;1;1
11;1;1011102;2019;1;18;1;3;2;6;2;0;1;0;0;0;0;1
11;7;7050505;2019;1;18;1;2;6;4;2;0;1;1;0;0;0;1
11;5;5010103;2019;1;17;1;3;5;3;2;0;1;0;0;0;0;1
11;6;6030504;2019;1;16;1;3;5;2;2;1;1;0;0;0;0;1
11;6;6030608;2019;1;15;1;3;4;6;0;1;1;0;0;0;0;1
11;12;12214528;2019;1;21;7;3;4;6;2;0;1;0;0;0;0;1
11;4;4051446;2019;1;22;7;2;6;4;2;0;1;1;0;0;0;1