LAND;BEZ;LOR_ab_2021;UJAHR;UMONAT;USTUNDE;UWOCHENTAG;UKATEGORIE;UART;UTYP1;ULICHTVERH;IstRad;IstPKW;IstFuss;IstKrad;IstGkfz;IstSonstige;USTRZUSTAND
11;7;7070701;2019;1;14;7;2;0;7;0;0;1;0;0;0;0;1
11;11;11010310;2019;1;13;7;3;6;4;0;0;0;1;0;0;1;2
11;1;1011305;2019;1;15;5;3;5;7;0;1;0;0;0;0;1;0
11;12;12103117;2019;1;13;7;3;5;3;0;0;1;0;0;0;0;1
11;8;8020727;2019;1;12;7;3;6;4;0;0;1;1;0;0;0;1
11;9;9010202;2019;1;11;7;2;4;6;0;0;1;0;0;0;0;1
11;1;1011302;2019;1;19;5;3;1;5;2;1;1;0;0;0;0;0
11;3;3040818;2019;1;11;7;3;5;3;0;0;1;0;0;0;0;1
11;7;7050503;2019;1;10;7;2;1;5;0;0;1;0;0;0;0;1
11;1;1044201;2019;1;8;7;3;2;6;0;0;1;0;0;0;0;1
11;5;5010208;2019;1;22;7;3;6;7;2;0;1;1;0;0;0;1
11;2;2040703;2019;1;21;7;3;5;7;2;0;1;0;0;0;0;1
11;4;4030726;2019;1;20;7;3;6;7;2;0;1;1;0;0;0;1
11;8;8010117;2019;2;22;6;3;4;5;2;1;0;0;0;0;1;0
11;6;6040810;2019;1;20;7;3;6;2;2;0;1;1;0;0;0;1
11;4;4031032;2019;1;17;7;3;0;3;1;1;1;0;0;0;0;1
11;3;3010104;2019;1;4;7;3;9;1;2;0;1;0;0;0;0;2
11;2;2020202;2019;1;12;4;3;5;3;0;1;1;0;0;0;0;0
11;9;9010402;2019;1;18;7;3;6;2;2;0;1;1;0;0;0;1
11;3;3040614;2019;1;17;7;3;5;3;1;0;1;0;0;0;0;1
11;1;1011204;2019;1;17;7;3;5;2;1;0;1;0;0;0;0;1
11;7;7040403;2019;1;17;7;2;5;3;1;1;1;0;0;0;0;1
11;6;6020304;2019;1;0;7;3;1;5;2;0;0;0;1;1;0;1
11;4;4030931;2019;1;12;5;3;5;3;0;0;1;0;0;0;0;0
11;9;9041501;2019;1;17;7;3;6;4;1;0;1;1;0;0;0;1
11;4;4010101;2019;1;16;7;3;2;2;1;0;1;0;0;0;0;1
11;10;10010308;2019;1;13;5;3;2;6;0;0;1;0;0;0;0;0
11;7;7030301;2019;1;16;7;3;3;6;1;1;0;0;0;0;1;1
11;1;1011103;2019;1;18;6;3;2;6;2;0;1;0;0;0;0;1
11;7;7030303;2019;1;20;4;3;2;6;2;0;1;0;0;0;0;0
11;8;8010303;2019;1;22;6;3;5;2;2;1;1;0;0;0;0;1
11;3;3020307;2019;1;21;6;2;0;7;2;0;1;0;0;0;1;0
11;10;10010203;2019;1;12;6;3;9;1;0;0;1;0;0;0;0;2
11;8;8010117;2019;1;19;6;3;0;5;2;1;1;0;0;0;0;1
11;6;6040809;2019;1;7;6;3;0;1;1;1;0;0;0;0;0;1
11;1;2040701;2019;1;7;6;2;5;2;1;1;1;0;0;0;0;1
11;6;6020302;2019;1;6;5;3;2;6;2;0;1;0;0;0;1;0
11;1;1011102;2019;1;8;6;3;2;6;0;0;1;0;0;0;0;2
11;1;1011306;2019;1;10;6;3;6;2;0;0;0;1;0;0;1;1
11;4;4020313;2019;1;11;6;3;5;2;0;0;1;0;0;0;1;0
11;7;7040401;2019;1;11;6;3;2;7;0;0;1;0;0;0;0;1
11;11;11051229;2019;1;13;6;3;6;4;0;0;1;1;0;0;0;1
11;11;11051229;2019;1;13;6;2;2;2;0;1;0;0;0;1;0;0
11;9;9041401;2019;1;14;6;3;5;3;0;0;1;0;0;0;0;0
11;12;12301204;2019;1;6;6;3;5;2;1;0;1;0;0;0;0;1
11;2;2050801;2019;1;18;6;3;5;2;2;0;1;0;1;0;0;1
11;9;9051702;2019;1;10;6;3;0;7;0;0;1;0;0;0;0;1
11;8;8030831;2019;1;18;6;2;6;4;2;0;1;1;0;0;0;1
11;9;9020701;2019;1;17;6;3;5;2;2;0;1;0;0;0;0;1
11;7;7040405;2019;1;18;5;3;6;2;2;0;1;1;0;0;0;0
11;4;4051448;2019;1;16;6;3;5;3;1;0;1;0;0;0;0;0
11;4;4030828;2019;1;19;5;3;3;6;2;1;1;0;0;0;0;0
11;11;11030619;2019;1;18;5;3;2;6;2;0;1;0;0;0;0;0
11;8;8020619;2019;1;17;5;2;5;3;2;0;1;0;0;0;1;0
11;6;6040703;2019;1;16;5;3;5;3;2;1;1;0;0;0;0;0
11;10;10010102;2019;1;15;5;2;6;4;0;0;1;1;0;0;0;0
11;6;6040701;2019;2;15;6;3;5;3;0;0;1;0;0;0;0;0
11;10;10010204;2019;1;15;5;3;5;3;0;0;1;0;0;1;0;0
11;8;8010118;2019;1;14;5;3;6;7;0;1;0;1;0;0;0;0
11;9;9020701;2019;1;9;5;3;6;4;0;0;1;1;0;0;0;0
11;9;9030901;2019;1;7;5;3;1;5;0;0;1;0;0;0;0;0
11;7;7020204;2019;1;12;4;3;2;6;0;0;1;0;0;0;0;0
11;5;5020522;2019;1;15;4;2;6;4;0;0;1;1;0;0;0;0
11;8;8041037;2019;1;16;4;3;5;2;2;0;1;0;0;0;0;0
11;9;9010101;2019;1;17;5;3;2;2;1;0;1;0;0;0;0;0
11;1;1011203;2019;1;15;4;3;5;2;0;1;1;0;0;0;0;0
11;7;7010104;2019;1;15;4;3;2;6;0;0;0;0;1;0;0;0
11;3;3050925;2019;1;15;4;3;1;5;0;1;1;0;0;0;0;0
11;3;3061126;2019;1;14;4;3;1;5;0;0;1;0;0;0;0;0
11;4;4030726;2019;1;12;4;2;5;2;0;0;1;0;1;0;0;0
11;3;3030716;2019;1;7;5;3;2;6;0;0;1;0;0;0;0;0
11;9;9010401;2019;1;6;4;3;2;6;2;0;1;0;0;0;0;1
11;9;9010401;2019;1;6;4;3;0;6;2;0;1;0;0;0;1;0
11;2;2040701;2019;1;22;4;3;5;3;2;0;1;0;0;0;0;0
11;3;3020307;2019;1;7;4;3;6;4;0;0;1;1;0;0;0;0
11;4;4051448;2019;1;7;4;3;3;6;0;1;1;0;0;0;0;0
11;1;1011301;2019;1;8;4;3;2;6;0;1;1;0;0;0;0;1
11;9;9010301;2019;1;17;4;3;5;2;2;1;1;0;0;0;0;0
11;4;4030415;2019;1;8;4;3;2;6;0;0;1;0;0;0;0;0
11;4;4030519;2019;1;8;4;3;5;2;0;1;1;0;0;0;0;0
11;5;5010208;2019;1;9;4;3;6;2;0;0;1;1;0;0;0;0
11;7;7070701;2019;1;11;4;2;6;2;0;0;1;1;0;0;0;0
11;12;12302108;2019;1;6;4;3;2;6;2;0;1;0;0;0;0;0
11;8;8010301;2019;1;9;5;3;0;3;0;0;1;0;1;0;0;0
11;6;6030610;2019;1;19;4;2;5;3;2;0;1;0;0;0;0;2
11;2;2020204;2019;1;18;4;3;5;2;2;1;1;0;0;0;0;0
11;4;4030623;2019;1;14;4;3;6;4;0;1;0;1;0;0;0;0
11;4;4051550;2019;1;12;4;3;6;4;0;0;1;1;0;0;0;0
11;8;8010301;2019;1;18;4;3;2;6;2;0;1;0;0;0;0;0
11;6;6010209;2019;1;18;4;3;5;3;2;1;1;0;0;0;0;0
11;3;3040818;2019;1;12;4;2;5;3;0;1;1;0;0;0;0;0
11;2;2020206;2019;1;4;4;2;8;1;2;0;1;0;0;0;0;0
11;4;4030931;2019;1;17;4;3;6;4;2;1;0;1;0;0;0;0
11;7;7040405;2019;1;17;4;3;5;2;2;1;1;0;0;0;0;0
11;2;2040503;2019;1;17;4;3;2;6;2;0;1;0;0;0;0;0
11;2;2030302;2019;1;13;4;3;1;5;0;1;0;0;0;0;1;0
11;6;6020409;2019;1;13;5;3;5;2;0;1;1;0;0;0;0;0
11;8;8020622;2019;1;7;3;3;2;6;0;0;1;0;0;0;0;0
11;3;3061126;2019;1;10;3;2;5;7;0;0;1;0;0;0;1;0
11;1;1033201;2019;1;16;3;3;6;4;0;1;0;1;0;0;0;0
11;4;4030623;2019;1;13;4;2;5;3;0;1;1;0;0;0;0;0
11;11;11020515;2019;1;14;3;3;5;3;0;0;1;0;0;0;0;0
11;3;3061429;2019;1;14;3;3;5;2;0;1;1;0;0;0;0;0
11;6;6040810;2019;1;13;3;3;2;2;0;0;1;0;0;1;0;0
11;6;6010208;2019;1;13;3;3;2;2;0;1;1;0;0;0;0;0
11;8;8020621;2019;1;13;3;3;4;6;0;0;1;0;0;0;0;0
11;10;10040933;2019;1;12;3;3;5;2;0;0;1;0;0;0;1;0
11;12;12302110;2019;1;18;5;2;6;2;2;0;1;1;0;0;0;0
11;3;3040512;2019;1;12;3;2;5;3;0;1;1;0;0;0;0;0
11;8;8020619;2019;1;12;3;3;6;7;0;0;1;1;0;0;0;0
11;8;8041036;2019;1;18;3;3;6;4;1;0;1;1;0;0;0;0
11;8;8010405;2019;1;10;3;3;5;3;0;0;1;0;0;0;1;0
11;8;8030829;2019;1;18;5;2;6;2;1;0;1;1;0;0;0;0
11;11;11030720;2019;1;9;3;3;2;6;0;0;1;0;0;0;1;0
11;4;4030930;2019;1;9;3;2;3;3;0;0;1;0;0;0;1;0
11;3;3071537;2019;1;22;3;2;5;2;2;1;1;0;0;0;0;0
11;4;4020310;2019;1;20;3;3;5;2;2;0;1;0;0;0;0;0
11;12;12214527;2019;1;19;3;3;6;7;2;0;1;1;0;0;0;0
11;6;6040810;2019;1;8;3;3;2;2;0;1;1;0;0;0;0;0
11;2;2010104;2019;1;18;3;3;6;4;1;1;0;1;0;0;0;0
11;10;10010310;2019;1;20;2;3;2;6;2;0;1;0;0;0;0;1
11;10;10020413;2019;1;16;5;3;6;4;0;0;1;1;0;0;0;0
11;9;9010301;2019;1;19;2;3;5;3;2;0;1;0;0;0;0;0
11;1;1044202;2019;1;18;2;3;2;6;2;0;1;0;0;0;0;0
11;4;4030620;2019;1;17;2;2;6;2;2;0;1;1;0;0;0;0
11;11;11041023;2019;1;17;2;2;6;4;2;0;1;1;0;0;0;0
11;9;9020501;2019;1;17;2;3;2;6;2;0;1;0;0;0;0;1
11;4;4031032;2019;1;14;2;3;2;3;0;0;1;0;0;0;0;0
11;7;7040403;2019;1;7;2;3;2;6;0;0;1;0;0;0;0;1
11;7;7040406;2019;1;7;2;3;5;2;0;1;1;0;0;0;0;0
11;3;3040512;2019;1;7;2;3;3;6;2;0;1;0;0;1;0;0
11;12;12302110;2019;2;12;6;3;5;2;0;1;0;0;0;1;0;0
11;6;6040804;2019;1;6;2;3;6;2;2;0;1;1;0;0;0;1
11;9;9030901;2019;1;5;2;3;5;2;2;0;1;0;0;0;0;0
11;8;8020728;2019;1;17;2;3;2;2;1;0;1;0;1;0;0;0
11;1;1011401;2019;1;13;4;3;6;4;0;0;0;1;0;0;1;0
11;9;9052001;2019;1;17;2;2;6;2;1;0;1;1;0;0;0;0
11;7;7020204;2019;1;15;2;3;6;4;0;1;0;1;0;0;0;0
11;10;10040829;2019;1;15;2;3;2;2;0;0;1;0;0;0;0;0
11;4;4020313;2019;1;13;2;3;2;2;0;0;1;0;0;0;0;0
11;8;8020622;2019;1;13;2;3;0;3;0;0;1;0;0;0;1;0
11;2;2030301;2019;1;9;5;3;3;6;0;0;1;0;0;0;1;0
11;2;2020206;2019;1;12;2;3;6;7;0;0;1;1;0;0;0;0
11;8;8020619;2019;1;11;2;3;2;6;0;0;1;0;0;0;0;0
11;4;4030827;2019;1;8;5;3;0;2;0;1;1;0;0;0;0;0
11;1;1011301;2019;1;11;2;3;6;4;0;0;1;1;0;0;0;0
11;6;6040810;2019;1;10;2;3;5;3;0;1;1;0;0;0;0;0
11;1;1022103;2019;1;9;2;3;2;6;0;0;1;0;0;0;0;0
11;1;1011303;2019;1;21;4;3;2;6;2;0;1;0;0;0;0;0
11;5;5020415;2019;1;8;2;3;6;4;0;0;1;1;0;0;0;0
11;4;4030416;2019;1;10;2;3;0;1;0;0;0;0;1;0;0;2
11;1;1033102;2019;1;15;1;3;1;5;0;1;1;0;0;0;1;1
11;1;1033203;2019;1;23;1;2;5;3;2;1;1;0;0;0;0;0
11;6;6010210;2019;1;17;1;3;6;2;2;0;1;1;0;0;0;0
11;4;4010101;2019;1;17;1;3;5;2;2;0;1;0;0;0;0;1
11;4;4030622;2019;1;10;5;3;5;2;0;0;1;0;0;0;0;0
11;1;1033202;2019;1;15;1;3;2;1;0;1;1;0;0;0;0;0
11;8;8030831;2019;1;14;1;3;5;2;0;0;1;0;0;0;0;1
11;12;12103117;2019;1;1;1;2;1;1;2;0;1;0;0;0;1;1
11;1;1044102;2019;2;15;3;3;5;3;0;0;1;0;0;0;0;0
11;12;12214424;2019;2;13;3;3;3;6;0;1;1;0;0;0;0;0
11;1;1022104;2019;2;14;3;3;5;3;0;1;1;0;0;0;0;0
11;3;3061228;2019;2;17;5;3;5;3;2;1;1;0;0;0;0;0
11;9;9051701;2019;2;14;3;2;2;7;0;0;1;0;0;0;0;0
11;9;9041301;2019;2;15;3;2;6;4;0;0;1;1;0;0;0;0
11;6;6010206;2019;2;14;3;3;5;2;0;1;1;1;0;0;0;0
11;4;4020310;2019;2;14;5;2;5;2;0;0;1;0;0;0;0;0
11;4;4031032;2019;2;14;3;3;6;7;0;0;1;1;0;0;0;0
11;5;5020521;2019;2;11;3;3;2;2;0;0;1;0;0;0;0;0
11;5;5010209;2019;2;11;3;2;5;3;0;0;1;0;0;0;0;0
11;6;6020306;2019;2;7;3;3;3;6;0;1;0;0;0;0;1;0
11;2;2020204;2019;2;17;3;3;8;1;2;0;1;0;0;0;0;0
11;4;4031032;2019;2;18;3;3;2;6;2;0;1;0;0;0;0;0
11;8;8030831;2019;2;20;3;3;5;3;2;1;1;0;0;0;0;0
11;8;8010117;2019;2;17;3;3;2;6;2;1;1;0;0;0;0;0
11;1;1011305;2019;2;17;3;3;1;5;2;1;1;0;0;0;0;0
11;2;2030302;2019;2;13;5;2;6;4;0;1;0;1;0;0;0;0
11;7;7050501;2019;2;17;3;3;1;7;2;0;1;0;0;0;1;0
11;2;2020206;2019;2;15;5;3;3;6;0;1;1;0;0;0;0;0
11;8;8041037;2019;2;16;3;3;6;4;1;0;1;1;0;0;0;0
11;1;1033203;2019;2;16;3;3;6;4;0;0;0;1;1;0;0;0
11;12;12301203;2019;2;16;3;3;5;2;0;0;1;0;0;0;0;0
11;5;5030731;2019;2;13;5;3;2;6;0;0;1;0;0;0;0;0
11;5;5020523;2019;2;15;3;3;5;3;0;1;1;0;0;0;0;0
11;4;4051446;2019;2;17;3;2;5;2;2;1;1;0;0;0;0;0
11;12;12214125;2019;2;10;3;3;2;2;0;1;0;0;0;0;0;0
11;1;1011303;2019;2;14;6;3;5;2;0;1;0;0;0;0;1;0
11;6;6020303;2019;2;10;3;3;3;6;0;0;1;0;0;0;1;0
11;5;5020626;2019;2;7;3;3;2;7;0;0;1;0;0;0;0;0
11;1;1011101;2019;2;13;5;3;2;6;0;0;1;0;0;0;0;0
11;2;2040701;2019;2;7;3;3;5;3;1;1;1;0;0;0;0;0
11;2;2030402;2019;2;17;2;3;2;6;2;0;1;0;0;0;0;0
11;2;2030402;2019;2;17;2;3;2;6;2;0;1;0;0;0;0;0
11;11;11030721;2019;2;9;5;3;4;6;0;0;1;0;0;0;0;0
11;4;4030931;2019;2;15;2;3;2;6;0;0;1;0;0;0;0;0
11;3;3020209;2019;2;9;2;3;5;2;0;0;1;0;0;1;0;1
11;9;9020802;2019;2;8;2;3;2;2;0;0;1;0;0;0;0;1
11;1;1011302;2019;2;9;5;3;5;2;0;1;1;0;0;0;0;0
11;9;9031202;2019;2;11;2;3;2;6;0;0;1;0;0;0;0;1
11;1;1022205;2019;2;21;2;3;6;7;2;0;1;1;0;0;0;0
11;4;4041241;2019;2;14;6;3;0;1;0;1;0;0;0;0;0;0
11;9;9031101;2019;2;21;2;3;6;7;2;0;0;1;0;0;1;0
11;5;5020419;2019;2;5;2;3;3;6;2;1;0;0;0;0;1;1
11;10;10010204;2019;2;11;5;3;5;3;0;0;1;0;0;0;0;0
11;12;12103219;2019;2;7;2;3;6;2;0;0;1;1;0;0;0;1
11;8;8010406;2019;2;5;2;2;5;3;2;0;0;0;1;0;1;1
11;8;8010404;2019;2;11;5;3;2;6;0;0;1;0;0;0;1;0
11;5;5020626;2019;2;19;2;3;6;2;2;0;1;1;0;0;0;0
11;1;1022207;2019;2;7;2;2;6;7;1;1;0;1;0;0;0;1
11;8;8020727;2019;2;18;2;3;6;2;1;0;1;1;0;0;0;0
11;1;1011202;2019;2;19;5;3;0;2;2;1;0;0;0;0;1;0
11;7;7010101;2019;2;16;2;3;6;7;0;1;0;1;0;0;0;0
11;11;11020514;2019;2;16;2;2;5;3;0;1;1;0;0;0;0;0
11;8;8020622;2019;2;15;2;3;6;4;0;0;1;1;0;0;0;0
11;4;4051445;2019;2;7;5;3;5;2;0;1;1;0;0;0;0;1
11;9;9031101;2019;2;15;2;2;0;1;0;1;1;0;0;0;0;0
11;1;1033201;2019;2;14;2;3;2;6;0;0;1;0;0;0;0;1
11;10;10040932;2019;2;12;2;3;2;6;0;0;1;0;1;0;0;0
11;6;6030609;2019;2;7;5;3;5;3;0;0;1;0;0;0;0;0
11;4;4020313;2019;2;12;2;3;6;2;0;0;1;1;0;0;0;1
11;3;3061332;2019;2;8;2;3;5;7;0;0;1;0;0;0;1;1
11;12;12304313;2019;2;8;2;3;5;7;0;0;1;0;0;0;1;1
11;8;8020619;2019;2;7;5;3;5;2;0;0;1;0;0;0;1;1
11;9;9010202;2019;2;18;2;3;6;4;1;0;1;1;0;0;0;0
11;8;8010301;2019;2;16;1;3;2;2;2;0;1;0;0;0;0;1
11;9;9020702;2019;2;21;1;3;2;7;2;0;1;0;1;0;0;1
11;12;12301203;2019;2;16;5;3;5;2;0;1;1;0;0;0;0;0
11;10;10020413;2019;2;15;1;3;5;2;0;0;1;0;0;0;0;1
11;5;5010314;2019;2;1;1;3;8;1;1;0;1;0;0;0;0;1
11;2;2030301;2019;2;18;1;2;2;6;2;1;1;0;0;0;0;1
11;8;8041040;2019;2;7;5;3;0;3;0;0;1;0;1;0;0;0
11;4;4031032;2019;2;19;1;2;6;2;2;0;1;1;0;0;0;1
11;6;6020409;2019;2;18;1;2;8;1;2;0;1;0;0;0;1;1
11;1;1044202;2019;2;9;1;3;2;6;0;0;1;0;0;0;0;1
11;2;2010102;2019;2;2;1;3;5;3;2;0;1;0;0;0;1;0
11;11;11020412;2019;2;10;6;3;5;2;0;1;1;0;0;0;0;0
11;2;2030302;2019;2;3;7;3;0;1;2;1;0;0;0;0;0;0
11;1;1044101;2019;2;1;7;2;8;1;2;0;1;0;0;0;0;0
11;12;12302110;2019;2;23;7;3;0;3;2;0;1;0;1;0;0;1
11;8;8030831;2019;2;23;7;3;2;6;2;0;1;0;0;0;1;1
11;8;8010404;2019;2;21;7;3;6;4;2;0;1;1;0;0;0;0
11;10;10010102;2019;2;14;5;3;6;4;0;0;1;1;0;0;0;0
11;1;1022206;2019;2;14;7;3;0;7;0;0;1;0;0;0;1;0
11;11;11010309;2019;2;20;7;3;5;2;2;0;1;0;0;0;0;1
11;9;9051901;2019;2;18;7;3;2;6;2;0;1;0;0;0;0;1
11;6;6010205;2019;2;5;5;3;3;6;2;0;1;0;0;0;0;0
11;1;1011305;2019;2;17;7;3;9;1;2;0;0;0;0;0;1;0
11;4;4010102;2019;2;15;7;3;5;2;0;0;1;0;0;0;0;0
11;4;4010102;2019;2;15;7;3;5;2;0;0;1;0;0;0;0;0
11;1;1033203;2019;2;11;6;2;6;2;0;0;0;1;0;1;0;0
11;4;4051655;2019;2;14;7;3;3;6;0;1;1;0;0;0;0;0
11;5;5030731;2019;2;14;7;3;0;2;0;1;1;0;0;0;0;0
11;8;8040933;2019;2;9;5;3;0;1;0;1;0;0;0;0;0;1
11;7;7040403;2019;2;20;7;2;5;3;2;0;1;0;0;0;0;1
11;5;5010313;2019;2;20;7;2;6;4;2;0;1;1;0;0;0;1
11;4;4051448;2019;2;13;7;3;2;6;0;0;1;0;0;0;1;0
11;1;1044202;2019;2;14;4;3;5;2;0;1;1;0;0;0;0;0
11;3;3061126;2019;2;13;7;3;5;3;0;0;1;0;0;0;0;0
11;9;9051901;2019;2;13;7;3;2;6;0;0;1;0;0;0;0;0
11;1;1022104;2019;2;12;7;3;5;2;0;1;1;0;0;0;0;1
11;2;2050802;2019;2;7;4;3;2;2;0;1;1;0;0;0;0;0
11;7;7050503;2019;2;12;7;2;5;2;0;1;1;0;0;0;0;0
11;9;9020501;2019;2;12;7;3;2;6;0;0;1;0;0;0;0;0
11;3;3050919;2019;2;14;7;3;5;3;0;1;0;0;0;0;1;0
11;6;6020411;2019;2;18;5;2;0;3;1;0;0;0;0;0;1;0
11;4;4030931;2019;2;10;6;3;1;5;0;0;1;0;0;1;0;0
11;10;10010102;2019;2;12;6;3;5;3;0;0;1;0;0;0;0;0
11;4;4020311;2019;2;13;4;3;5;3;0;0;1;0;0;0;0;0
11;11;11010206;2019;2;9;6;2;5;3;0;0;1;0;0;0;0;0
11;11;11030619;2019;2;14;6;3;0;7;0;0;0;0;0;0;1;0
11;11;11020412;2019;2;15;4;3;5;3;0;0;1;0;0;0;0;1
11;2;2050802;2019;2;23;6;3;6;7;2;0;1;1;0;0;0;0
11;4;4041134;2019;2;9;6;3;0;6;0;0;1;0;0;0;0;0
11;10;10010309;2019;2;5;6;3;6;4;2;0;1;1;0;0;0;0
11;11;11030720;2019;2;15;4;2;3;6;0;0;1;0;1;0;0;1
11;4;4030931;2019;2;15;6;2;5;2;0;0;1;0;1;0;0;0
11;6;6010206;2019;2;17;6;3;5;2;1;0;1;0;0;0;0;0
11;1;1011202;2019;2;18;6;3;6;4;1;0;1;1;0;0;0;0
11;1;1044201;2019;2;21;5;2;5;2;2;1;0;0;0;1;0;0
11;6;6040809;2019;2;2;6;2;5;3;2;0;1;0;0;0;0;1
11;11;11010207;2019;2;5;6;3;5;3;2;0;1;0;0;0;0;0
11;3;3040512;2019;2;5;6;3;2;6;2;0;1;0;0;0;0;0
11;1;1044103;2019;2;15;4;3;5;3;0;0;1;0;1;0;0;1
11;3;3061430;2019;2;8;6;3;2;6;0;0;1;0;0;0;1;0
11;4;4030929;2019;2;9;6;2;1;5;0;1;0;0;0;0;1;1
11;3;3020307;2019;2;11;6;3;0;2;0;0;1;0;0;0;1;0
11;8;8010213;2019;2;11;6;3;5;3;0;0;1;0;0;0;0;0
11;9;9041601;2019;2;11;6;3;4;2;0;0;1;0;0;0;0;0
11;2;2040701;2019;2;16;5;3;5;2;0;1;1;0;0;0;0;0
11;3;3020307;2019;2;13;6;2;6;4;0;0;1;1;0;0;0;0
11;5;5030730;2019;2;14;6;3;2;6;0;0;1;0;0;0;0;0
11;2;2020206;2019;2;14;6;3;2;6;0;0;1;0;0;0;0;0
11;12;12224230;2019;2;14;6;3;5;3;0;0;1;0;0;0;0;0
11;1;1011402;2019;2;20;5;3;6;7;2;1;0;1;0;0;0;0
11;7;7020202;2019;2;15;6;3;1;5;0;1;1;0;0;0;0;0
11;6;6020410;2019;2;5;6;2;9;1;1;0;1;0;0;0;0;1
11;12;12304314;2019;2;20;5;2;9;1;2;0;1;0;0;0;0;1
11;10;10020412;2019;2;15;4;3;2;6;0;0;1;0;0;0;1;0
11;1;1011306;2019;2;5;5;3;5;3;2;0;1;0;1;0;0;0
11;3;3010102;2019;2;10;5;3;5;2;0;0;1;0;0;0;0;0
11;6;6030503;2019;2;10;5;3;2;2;0;0;1;0;0;0;0;0
11;9;9031101;2019;2;11;5;3;2;7;0;0;1;0;0;0;1;0
11;8;8010214;2019;2;13;5;3;5;3;0;0;1;0;0;0;0;0
11;5;5030730;2019;2;15;5;3;5;7;0;0;1;0;0;0;1;1
11;7;7040403;2019;2;14;5;3;5;2;0;1;1;0;0;0;0;0
11;7;7040401;2019;2;17;5;3;3;6;2;0;1;0;0;0;0;0
11;3;3061430;2019;2;18;5;3;2;2;2;0;1;0;0;0;0;0
11;10;10040828;2019;2;20;5;3;5;3;2;0;1;0;0;0;0;0
11;9;9010302;2019;2;16;4;3;2;6;0;0;1;0;0;0;1;0
11;7;7040403;2019;2;20;5;3;2;6;2;0;1;0;0;0;0;0
11;5;5030730;2019;2;21;5;3;2;6;2;0;1;0;0;1;0;0
11;9;9010301;2019;2;21;5;3;5;3;2;0;1;0;0;0;0;0
11;4;4030519;2019;2;16;4;2;5;7;0;0;1;0;1;0;0;0
11;4;5030833;2019;2;18;5;2;2;6;1;0;1;0;1;0;0;1
11;1;1033102;2019;2;23;5;3;5;2;2;0;1;0;0;0;0;0
11;6;6020306;2019;2;16;5;3;5;3;0;0;1;0;0;0;0;1
11;5;5020627;2019;2;11;5;3;2;6;0;0;1;0;0;0;0;0
11;1;1011305;2019;2;14;6;3;2;6;0;1;1;0;0;0;0;0
11;11;11010102;2019;2;17;5;3;0;7;2;0;0;0;0;1;0;1
11;8;8030831;2019;2;20;5;3;6;7;2;0;1;1;0;0;0;0
11;1;1011303;2019;2;16;4;3;0;4;1;0;0;1;0;0;1;1
11;12;12214424;2019;2;11;4;3;2;6;0;0;1;0;0;0;0;0
11;12;12214421;2019;2;10;4;3;2;6;0;0;1;0;0;0;0;0
11;8;8020728;2019;2;16;4;2;5;2;0;0;1;0;1;0;0;0
11;3;3030406;2019;2;12;4;3;5;3;0;0;1;0;0;0;0;1
11;2;2040701;2019;2;22;4;3;6;4;2;1;0;1;0;0;0;0
11;3;3050920;2019;2;15;4;3;2;2;0;0;1;0;0;0;0;0
11;12;12302107;2019;2;15;4;3;6;7;0;0;1;1;0;0;0;0
11;6;6030605;2019;2;16;5;3;5;3;0;0;1;0;0;0;0;0
11;11;11020515;2019;2;15;4;2;5;3;0;1;1;0;0;0;0;0
11;10;10020413;2019;2;14;4;3;5;3;0;0;1;0;0;0;0;0
11;5;5030731;2019;2;12;4;3;1;5;0;0;1;0;0;1;0;0
11;1;1022103;2019;2;13;6;3;2;2;0;0;1;0;0;0;1;0
11;3;3030715;2019;2;14;4;3;2;7;0;0;1;0;0;0;0;0
11;1;1044101;2019;2;14;4;2;5;2;0;0;1;0;0;0;0;0
11;9;9010401;2019;2;11;4;3;9;1;0;0;1;0;0;0;0;0
11;1;1011302;2019;2;13;4;3;6;7;0;0;1;1;0;0;0;0
11;7;7040405;2019;2;13;4;3;6;4;0;0;1;1;0;0;0;0
11;3;3061126;2019;2;20;4;3;6;2;2;0;1;1;0;0;0;1
11;11;11040925;2019;2;11;4;3;1;5;0;1;0;0;0;1;1;0
11;7;7060604;2019;2;10;4;3;5;3;0;0;1;0;0;0;1;1
11;12;12301203;2019;2;9;4;2;9;1;0;0;1;0;0;0;0;1
11;6;6030607;2019;2;19;5;3;2;6;2;0;1;0;0;0;0;0
11;3;3050923;2019;2;9;4;3;5;3;0;0;1;0;0;0;0;0
11;8;8010404;2019;2;8;4;3;9;1;0;1;0;0;0;0;0;0
11;12;12214126;2019;2;7;4;3;0;5;0;0;1;0;0;1;0;0
11;1;1044203;2019;2;5;4;3;6;4;2;0;1;1;0;0;0;1
11;12;12224230;2019;2;7;4;2;5;2;0;1;1;0;0;0;0;0
11;2;2040702;2019;2;19;4;3;1;5;2;1;1;0;0;0;0;0
11;1;1011304;2019;2;19;4;3;0;6;1;0;1;0;0;0;1;0
11;4;4030621;2019;2;18;4;3;0;1;2;1;0;0;0;0;0;0
11;5;5020625;2019;2;16;4;3;0;2;0;0;0;0;0;0;1;0
11;10;10040933;2019;2;6;4;3;5;2;2;0;1;0;0;0;1;1
11;6;6040807;2019;2;8;3;3;5;3;0;1;1;0;0;0;0;1
11;2;2030401;2019;2;15;3;3;5;3;0;0;1;0;0;0;0;0
11;2;2040703;2019;2;11;3;3;5;2;0;0;1;0;0;0;0;0
11;3;3030405;2019;2;16;5;3;5;3;1;0;1;0;0;0;0;1
11;7;7040404;2019;2;10;3;3;5;2;0;1;1;0;0;0;0;1