LAND;BEZ;LOR_ab_2021;UJAHR;UMONAT;USTUNDE;UWOCHENTAG;UKATEGORIE;UART;UTYP1;ULICHTVERH;IstRad;IstPKW;IstFuss;IstKrad;IstGkfz;IstSonstige;USTRZUSTAND
11;2;2050803;2019;2;5;3;2;5;3;2;0;1;0;0;0;0;0
11;6;6010103;2019;2;11;3;3;5;3;0;0;1;0;1;0;0;1
11;1;1011402;2019;2;20;4;2;5;3;2;0;1;0;0;0;0;1
11;2;2010103;2019;2;12;3;3;6;4;0;0;1;1;0;0;0;1
11;1;1011302;2019;2;15;3;3;2;6;0;0;1;0;0;0;0;0
11;4;4030930;2019;2;7;3;3;5;3;0;0;1;0;0;0;0;1
11;2;2010103;2019;2;17;3;3;6;7;2;0;1;1;0;0;0;0
11;9;9020801;2019;2;20;3;3;2;6;2;0;1;0;0;0;0;1
11;12;12214423;2019;2;22;3;3;6;2;2;0;1;1;0;0;0;0
11;1;1011301;2019;2;6;4;3;6;2;1;0;1;1;0;0;0;1
11;1;1011301;2019;2;22;3;3;5;2;2;0;1;0;0;0;0;0
11;7;7010104;2019;2;22;3;3;0;2;2;0;1;0;1;0;0;0
11;12;12301203;2019;2;21;3;3;5;2;2;0;1;0;0;0;0;0
11;4;4030417;2019;2;11;3;2;5;2;0;1;1;0;0;0;0;1
11;10;10040932;2019;2;15;5;3;5;2;0;1;1;0;0;0;0;0
11;8;8010301;2019;2;17;3;2;5;2;2;0;1;0;1;0;0;1
11;4;4010102;2019;2;11;3;2;4;6;0;0;1;0;0;0;1;0
11;7;7040405;2019;2;13;3;2;2;6;0;0;1;0;0;0;0;1
11;6;6020409;2019;2;18;4;3;2;6;2;0;1;0;0;0;0;1
11;5;5030730;2019;2;17;3;3;1;6;2;0;1;0;0;0;0;1
11;5;5010314;2019;2;12;3;2;1;5;0;1;1;0;0;0;0;1
11;8;8010303;2019;2;21;3;3;0;1;2;1;0;0;0;0;0;1
11;4;4051549;2019;2;10;6;3;6;2;0;0;1;1;0;0;0;0
11;7;7020204;2019;2;14;3;3;8;1;0;0;1;0;0;0;0;0
11;12;12214424;2019;2;9;2;3;5;3;0;1;1;0;0;0;0;1
11;9;9030901;2019;2;18;4;2;6;2;2;0;1;1;0;0;0;1
11;4;4030725;2019;2;21;2;3;0;7;2;0;0;0;1;0;0;1
11;3;3030405;2019;2;20;2;3;5;3;2;0;1;0;0;0;0;1
11;9;9010302;2019;2;6;4;3;2;6;1;0;1;0;0;0;0;1
11;8;8010211;2019;2;20;2;3;1;5;2;1;1;0;0;0;0;0
11;1;1011201;2019;2;20;2;3;5;3;2;0;1;0;0;0;0;0
11;4;4041137;2019;2;20;2;3;5;2;2;0;1;0;0;0;0;0
11;4;4030519;2019;2;9;4;3;0;1;0;0;0;0;1;0;0;1
11;8;8010404;2019;2;19;2;3;2;6;2;0;1;0;0;0;0;1
11;3;3061430;2019;2;18;2;3;2;6;2;0;1;0;0;0;0;0
11;8;8010117;2019;2;18;2;2;6;4;2;0;1;1;0;0;0;0
11;10;10010310;2019;2;15;6;2;5;3;0;0;1;0;0;0;1;0
11;5;5020626;2019;2;17;2;2;6;4;2;0;1;1;0;0;0;0
11;2;2010103;2019;2;17;2;2;6;4;2;0;1;1;0;0;0;0
11;6;6020409;2019;2;7;4;3;3;2;0;1;0;0;0;1;0;0
11;6;6020409;2019;2;15;2;3;2;6;0;0;1;0;0;0;1;0
11;4;4030620;2019;2;14;2;3;5;3;0;1;1;0;0;0;0;0
11;7;7020201;2019;2;8;4;3;5;3;0;0;1;0;0;0;0;1
11;4;4030620;2019;2;14;2;3;9;1;0;0;1;0;0;0;0;0
11;5;5010314;2019;2;14;2;3;6;4;0;0;1;1;0;0;0;0
11;2;2040701;2019;2;13;2;3;5;3;0;1;1;0;0;0;0;0
11;7;7010104;2019;2;19;5;3;5;2;2;0;1;0;0;0;1;0
11;2;2040701;2019;2;13;2;3;6;2;0;0;1;1;0;0;0;0
11;3;3061126;2019;2;11;2;3;0;7;0;0;1;0;0;0;1;1
11;5;5030832;2019;2;5;2;3;6;2;2;0;1;1;0;0;0;1
11;11;11030721;2019;2;20;5;3;6;2;2;0;1;1;0;0;0;0
11;12;12214527;2019;2;6;2;3;6;4;1;0;1;1;0;0;0;1
11;3;3040818;2019;2;6;2;3;2;2;2;0;1;0;0;0;1;1
11;4;4051549;2019;2;7;2;3;5;3;0;1;1;0;0;0;0;1
11;9;9051702;2019;2;8;4;3;0;1;0;1;0;0;0;0;0;1
11;6;6040809;2019;2;7;2;3;6;2;0;0;1;1;0;0;0;1
11;4;4041344;2019;2;8;2;3;6;2;0;0;1;1;0;0;0;1
11;12;12214421;2019;2;9;2;3;2;6;0;0;1;0;0;0;0;1
11;1;1011204;2019;2;18;4;3;5;3;2;0;1;0;0;0;0;1
11;2;2020203;2019;2;12;2;3;2;6;0;0;1;0;0;0;0;1
11;11;11010207;2019;2;12;2;3;0;3;0;0;1;0;0;0;1;0
11;12;12103115;2019;2;11;1;3;5;2;0;0;1;0;0;0;0;1
11;3;3020307;2019;2;16;5;2;6;4;0;0;1;1;0;0;0;0
11;2;2010103;2019;2;4;1;3;5;3;2;0;1;0;0;0;0;0
11;8;8010213;2019;2;1;1;3;5;3;2;0;1;0;0;0;0;1
11;4;4020207;2019;2;15;1;3;5;3;0;0;1;0;1;0;0;1
11;4;4030726;2019;2;18;4;3;6;2;2;0;1;1;0;0;0;1
11;4;4041344;2019;2;15;1;3;6;2;0;0;1;1;0;0;0;0
11;1;1011402;2019;2;16;1;3;5;3;1;0;1;0;0;0;0;0
11;1;1011101;2019;2;17;1;3;6;4;1;1;0;1;0;0;0;0
11;10;10020413;2019;2;19;1;3;5;2;2;0;1;0;0;0;0;1
11;6;6020303;2019;2;7;4;3;6;4;0;0;1;1;0;0;0;0
11;11;11030619;2019;2;13;1;3;5;3;0;0;1;0;0;0;0;1
11;8;8010303;2019;2;23;7;3;6;4;2;0;1;1;0;0;0;1
11;4;4030621;2019;2;21;7;3;5;2;2;0;1;0;0;0;0;1
11;9;9020701;2019;2;20;7;3;5;2;2;0;1;0;0;0;0;1
11;4;4051653;2019;2;18;7;2;5;3;2;0;1;0;0;0;0;1
11;3;3030716;2019;2;14;5;3;2;6;0;0;1;0;0;0;1;0
11;4;4020310;2019;2;20;7;3;2;6;2;0;1;0;0;0;0;1
11;3;3030405;2019;2;18;7;3;5;3;2;0;1;0;0;0;0;1
11;1;1011304;2019;2;17;7;3;5;2;2;0;1;0;0;0;0;1
11;10;10010204;2019;2;17;4;2;6;4;1;0;1;1;0;0;0;1
11;7;7050504;2019;2;16;7;3;3;2;2;0;1;0;0;0;1;1
11;1;1033203;2019;2;16;7;3;5;3;1;0;1;0;0;0;0;1
11;11;11030721;2019;2;16;7;3;5;3;1;0;1;0;0;0;0;1
11;1;1022101;2019;2;14;6;3;2;6;0;0;1;0;0;0;0;0
11;7;7010102;2019;2;15;7;3;5;3;0;1;1;0;0;0;0;1
11;6;6040810;2019;2;15;7;3;5;2;0;0;1;0;0;0;0;2
11;5;5010208;2019;2;15;7;3;2;6;0;0;1;0;0;0;0;1
11;9;9010302;2019;2;15;7;3;5;3;0;0;1;0;0;0;0;1
11;4;4020204;2019;2;11;6;3;5;2;0;0;1;0;0;0;0;0
11;2;2010103;2019;2;12;7;3;1;5;0;1;1;0;0;0;0;0
11;12;12301203;2019;2;9;7;3;2;2;0;0;1;0;0;0;0;1
11;8;8020622;2019;2;17;4;3;5;3;1;1;1;0;0;0;0;0
11;4;7010101;2019;2;19;6;3;2;6;2;0;1;0;0;0;0;0
11;5;5010314;2019;2;10;6;3;3;6;0;0;1;0;0;0;0;0
11;1;1022104;2019;2;12;6;3;2;6;0;0;1;0;0;0;0;1
11;2;2040703;2019;2;7;4;3;2;2;0;0;1;0;0;0;0;1
11;1;1033102;2019;2;17;6;3;1;5;1;0;1;0;0;0;0;0
11;4;4030931;2019;2;20;6;3;5;2;2;0;1;0;0;0;1;0
11;5;5020628;2019;2;19;6;3;5;2;2;0;1;0;0;0;0;1
11;11;11030619;2019;2;18;5;3;2;6;2;0;1;0;0;0;0;0
11;9;9020802;2019;2;17;6;3;2;6;2;0;1;0;0;0;0;1
11;6;6020305;2019;2;15;6;3;5;3;0;0;1;0;0;0;0;1
11;5;5010206;2019;2;16;4;2;6;4;1;0;1;1;0;0;0;1
11;3;3061430;2019;2;23;6;2;6;4;2;0;1;1;0;0;0;1
11;3;3040818;2019;2;8;6;3;5;3;0;1;1;0;0;0;0;1
11;3;3020209;2019;2;7;4;3;3;2;0;0;1;0;0;1;0;0
11;7;7030301;2019;2;16;6;3;2;6;1;0;1;0;0;0;0;0
11;1;1011201;2019;2;17;6;3;1;5;1;1;1;0;0;0;0;0
11;3;3040614;2019;2;10;6;3;0;2;0;0;1;0;0;0;1;0
11;2;2020204;2019;2;7;4;3;2;6;0;0;1;0;0;0;1;0
11;4;4030930;2019;2;10;6;3;0;5;0;0;1;0;1;0;0;0
11;4;4030725;2019;2;9;6;2;1;5;0;1;1;0;0;0;1;0
11;4;4030931;2019;2;9;6;3;1;5;0;0;1;0;1;0;0;0
11;2;2030302;2019;2;19;5;3;1;5;2;1;1;0;0;0;0;0
11;6;6040804;2019;2;7;6;3;5;2;1;1;1;0;0;0;0;1
11;1;1044201;2019;2;7;6;3;5;3;1;0;1;0;0;0;0;0
11;8;8041036;2019;2;7;6;3;5;3;1;0;1;0;0;0;0;0
11;1;2040701;2019;2;9;3;3;2;6;0;0;1;0;0;0;0;0
11;2;2010104;2019;2;7;6;3;5;3;1;1;1;0;0;0;0;1
11;2;2020206;2019;2;6;6;3;6;4;2;0;1;1;0;0;0;1
11;2;2010101;2019;2;20;1;3;5;3;2;0;1;0;1;0;0;0
11;1;1011402;2019;2;12;4;3;6;4;0;1;0;1;0;0;0;0
11;9;9031001;2019;2;14;1;3;5;3;0;0;1;0;1;0;0;0
11;12;12302108;2019;2;13;1;3;6;4;0;0;1;1;0;0;0;0
11;12;12231101;2019;2;7;4;3;5;2;0;1;1;0;0;0;0;0
11;3;3061227;2019;2;12;1;3;5;3;0;0;1;0;0;0;0;0
11;4;4031032;2019;2;0;1;3;2;6;2;0;1;0;0;0;0;0
11;2;2020202;2019;2;0;1;3;5;3;2;0;1;0;0;0;0;0
11;1;1011204;2019;2;22;4;3;5;3;2;0;1;0;0;0;0;0
11;2;2030401;2019;2;5;7;3;5;3;1;0;1;0;0;0;0;0
11;10;10030727;2019;2;13;7;3;6;4;0;0;1;1;0;0;0;0
11;10;10010204;2019;2;19;7;2;6;4;2;0;0;1;0;0;1;0
11;2;2030302;2019;2;20;7;3;5;3;2;1;1;0;0;0;0;0
11;11;11010103;2019;2;20;7;3;2;6;2;0;1;0;0;0;0;0
11;12;12304313;2019;2;19;7;3;5;2;2;0;1;0;0;0;0;0
11;4;4041137;2019;2;19;7;3;3;6;2;0;1;0;0;0;0;0
11;5;5010314;2019;2;21;7;2;0;1;2;0;1;0;0;0;0;0
11;4;4051550;2019;2;8;7;3;1;5;0;1;1;0;0;0;0;0
11;6;6030607;2019;2;20;4;3;1;5;2;0;1;0;0;0;0;0
11;5;5010101;2019;2;13;7;3;0;7;0;0;1;0;0;0;0;0
11;4;4030725;2019;2;20;4;3;5;3;2;1;1;0;0;0;0;0
11;3;3071537;2019;2;12;7;3;2;6;0;0;1;0;0;0;0;0
11;7;7050505;2019;2;12;7;2;6;4;0;0;1;1;0;0;0;0
11;11;11010310;2019;2;12;7;3;6;4;0;1;0;1;0;0;0;0
11;4;4041136;2019;2;19;4;3;3;6;2;0;1;0;0;0;0;0
11;4;4030725;2019;2;11;7;3;0;1;0;0;0;0;1;0;0;0
11;9;9010301;2019;2;11;7;3;5;2;0;1;1;0;0;0;0;0
11;4;4020314;2019;2;11;7;3;5;2;0;1;1;0;0;0;0;0
11;12;12214527;2019;2;19;4;2;6;4;2;0;1;1;0;0;0;0
11;10;10010308;2019;2;10;7;3;2;6;0;0;1;0;0;0;0;0
11;2;2030302;2019;2;1;7;3;1;5;2;1;1;0;0;0;0;0
11;1;1011201;2019;2;19;4;3;5;2;2;1;0;0;0;0;1;0
11;9;9010101;2019;2;3;7;2;5;3;2;0;1;0;0;0;0;0
11;5;5010313;2019;2;9;7;3;5;2;0;0;1;0;0;0;0;0
11;12;12302109;2019;2;10;7;3;6;7;0;0;1;1;0;0;0;0
11;8;8040933;2019;2;19;4;3;6;2;2;0;1;1;0;0;0;0
11;1;1022104;2019;2;10;7;3;2;6;0;0;1;0;0;0;0;0
11;11;11040925;2019;2;19;5;2;0;1;2;1;0;0;0;0;0;0
11;1;1011303;2019;2;19;7;3;2;6;2;0;1;0;0;0;0;0
11;12;12304313;2019;2;17;7;3;5;3;1;0;1;0;0;0;1;0
11;4;4030827;2019;2;18;4;3;1;5;1;1;1;0;0;0;0;0
11;1;1011301;2019;2;10;5;3;1;5;0;1;1;0;0;0;0;0
11;3;3061228;2019;2;17;7;3;2;6;2;0;1;0;0;0;0;0
11;1;1011301;2019;2;16;7;3;5;3;0;1;1;0;0;0;0;0
11;7;7060603;2019;2;18;4;3;5;3;2;0;1;0;0;0;0;0
11;3;3050925;2019;2;15;7;3;5;3;0;0;1;0;0;0;0;0
11;1;1011303;2019;2;13;7;3;6;7;0;0;1;1;0;0;0;0
11;3;3071537;2019;2;17;4;3;2;7;1;1;1;0;0;0;0;0
11;12;12103115;2019;2;13;7;2;6;7;0;0;0;1;0;0;1;0
11;4;4051446;2019;2;9;6;3;0;5;0;0;1;0;1;0;0;0
11;3;3061441;2019;2;18;4;3;5;3;1;1;0;0;0;0;0;0
11;6;6020408;2019;2;18;6;3;3;2;2;1;1;0;0;0;0;1
11;3;3061126;2019;2;13;4;3;5;2;0;1;1;0;0;0;0;0
11;6;6010208;2019;2;14;6;3;2;6;0;0;1;0;0;0;0;0
11;6;6030502;2019;2;8;6;3;2;6;0;0;1;0;0;0;1;0
11;4;4051549;2019;2;17;4;3;5;2;0;1;1;0;0;0;0;0
11;4;4031032;2019;2;21;6;3;5;2;2;1;1;0;0;0;0;0
11;11;11010309;2019;2;13;6;3;6;4;0;0;1;1;0;0;0;0
11;1;1044202;2019;2;12;6;3;5;2;0;1;0;0;0;1;0;0
11;1;1033102;2019;2;16;4;3;2;6;1;0;1;0;0;0;1;0
11;2;2040502;2019;2;13;6;3;6;2;0;0;1;1;0;0;0;0
11;5;5010314;2019;2;13;6;3;6;4;0;0;1;1;0;0;0;0
11;1;1044201;2019;2;14;6;3;2;2;0;1;1;0;0;0;0;0
11;6;6030501;2019;2;17;4;3;2;6;2;1;1;0;0;0;0;0
11;3;3071537;2019;2;13;6;3;0;3;0;1;0;0;1;0;0;0
11;3;3010101;2019;2;14;6;3;2;6;0;0;1;0;0;0;0;0
11;2;2040502;2019;2;14;6;3;1;5;0;1;1;0;0;0;0;0
11;8;8020727;2019;2;16;4;3;1;5;0;0;1;0;0;0;0;0
11;9;9020501;2019;2;14;6;3;6;4;0;0;1;1;0;0;0;0
11;9;9020701;2019;2;10;4;3;2;6;0;0;1;0;0;0;0;0
11;2;2040502;2019;2;7;6;3;6;7;0;0;1;1;0;0;0;0
11;2;2040703;2019;2;15;6;3;5;3;0;1;1;0;0;0;0;0
11;1;1033202;2019;2;15;4;3;5;3;0;0;1;0;0;0;0;0
11;2;2020205;2019;2;12;6;3;5;7;0;1;1;0;0;0;0;0
11;7;7030301;2019;2;5;6;3;0;5;2;0;0;0;0;0;1;0
11;1;1011204;2019;2;16;6;3;5;3;0;0;1;0;0;0;0;0
11;4;4030930;2019;2;15;4;3;1;5;0;1;1;0;0;0;0;0
11;2;2030401;2019;2;11;6;3;5;5;0;0;1;0;1;0;0;0
11;2;2040703;2019;2;16;6;3;1;5;0;1;1;0;0;0;1;0
11;3;3050919;2019;2;11;6;3;5;2;0;0;0;0;1;1;0;1
11;11;11020411;2019;2;16;6;3;2;7;0;0;1;0;0;0;0;0
11;8;8041037;2019;2;15;4;2;6;4;0;0;1;1;0;0;0;0
11;4;4030518;2019;2;11;6;3;2;6;0;0;0;0;0;1;1;0
11;4;4051446;2019;2;10;6;3;5;3;0;0;1;0;0;0;0;0
11;1;1011302;2019;2;18;6;3;1;5;1;1;1;0;0;0;0;0
11;5;5020625;2019;2;7;4;3;0;2;0;1;1;0;0;0;0;0
11;3;3061131;2019;2;14;6;3;5;2;0;1;1;0;0;0;0;0
11;3;3061131;2019;2;19;6;3;2;6;2;0;1;0;1;0;0;0
11;4;4030726;2019;2;5;4;3;6;4;2;0;1;1;0;0;0;0
11;11;11030721;2019;2;10;6;3;5;2;0;1;1;0;0;0;0;0
11;4;4051447;2019;2;19;6;3;6;7;2;0;1;1;0;0;0;0
11;2;2050801;2019;2;20;6;3;5;3;2;1;1;0;0;0;0;0
11;5;5010314;2019;2;7;3;3;2;6;0;0;1;0;0;0;0;0
11;7;7070704;2019;2;20;6;3;6;4;2;1;0;1;0;0;0;0
11;4;4051445;2019;2;21;6;3;5;2;2;0;1;0;0;0;0;0
11;10;10040931;2019;2;11;6;2;5;3;0;1;1;0;0;0;0;0
11;5;5010312;2019;2;13;3;3;5;3;0;0;1;0;0;0;0;0
11;1;1044202;2019;2;9;6;3;2;6;0;0;1;0;0;0;1;0
11;8;8020727;2019;2;14;6;3;5;2;0;0;1;0;0;0;1;0
11;10;10010206;2019;2;7;3;3;5;3;0;0;1;0;0;0;1;0
11;12;12214125;2019;2;16;6;2;3;6;0;1;1;0;0;0;0;0
11;6;6020301;2019;2;20;6;3;0;1;2;0;0;0;1;0;0;0
11;9;9051901;2019;2;16;6;2;0;1;0;0;0;0;1;0;0;0
11;12;12214125;2019;2;12;3;3;6;4;0;0;1;1;0;0;0;0
11;7;7020201;2019;2;16;5;3;3;6;0;0;1;0;0;0;0;0
11;7;7040404;2019;2;15;5;3;5;2;0;0;1;0;0;0;1;0
11;7;7020201;2019;2;18;5;2;6;2;2;0;1;1;0;0;0;1
11;7;7070703;2019;2;15;3;3;5;3;0;0;1;0;0;0;0;0
11;8;8010405;2019;2;16;5;3;1;5;0;0;1;0;0;0;0;1
11;8;8010301;2019;2;20;5;3;6;2;2;0;1;1;0;0;0;0
11;7;7030301;2019;2;11;5;3;2;6;0;0;1;0;0;0;0;1
11;4;4041241;2019;2;21;5;3;6;2;2;0;1;1;0;0;0;1
11;10;10040933;2019;2;12;3;3;5;3;0;0;1;0;0;0;0;0
11;1;1011105;2019;2;19;5;2;5;2;2;0;1;0;1;0;0;1
11;2;2030301;2019;2;19;5;3;6;2;2;0;1;1;0;0;0;1
11;2;2030302;2019;2;9;3;3;3;6;0;1;0;0;0;1;0;0
11;1;7010101;2019;2;19;5;3;5;3;2;1;1;0;0;0;0;1
11;8;8010301;2019;2;19;5;3;5;2;2;0;0;0;1;0;1;1
11;2;2040703;2019;2;9;3;3;5;2;0;1;1;0;0;0;0;0
11;10;10040931;2019;2;19;5;2;6;2;2;0;1;1;0;0;0;1
11;4;4020311;2019;2;13;4;3;6;2;0;0;1;1;0;0;0;0
11;7;7050505;2019;2;18;5;3;5;2;1;0;1;0;1;0;0;1
11;5;5030731;2019;2;17;5;3;5;7;2;0;1;0;1;0;0;1
11;1;1011104;2019;2;8;3;3;5;2;0;1;1;0;0;0;0;0
11;3;3061228;2019;2;17;5;3;5;3;2;1;1;0;0;0;0;1
11;1;1011204;2019;2;15;4;3;2;6;0;0;1;0;0;0;0;0
11;4;4030726;2019;2;16;5;3;5;7;0;0;1;0;0;0;0;1
11;12;12214527;2019;2;16;5;3;0;2;0;1;1;0;0;0;0;1
11;9;9010402;2019;2;6;3;3;3;6;0;0;1;0;0;0;0;0
11;6;6030503;2019;2;10;5;3;0;7;0;0;1;0;0;0;0;1
11;11;11051229;2019;2;8;5;3;2;2;0;0;1;0;0;0;0;1
11;8;8020625;2019;2;8;5;3;5;2;0;0;1;0;0;0;1;1
11;11;11020412;2019;2;18;3;3;1;1;2;0;1;0;0;0;0;0
11;1;1011202;2019;2;8;5;3;6;7;0;0;1;1;0;0;0;1
11;10;10030724;2019;2;7;5;3;5;2;0;0;1;0;0;0;1;0
11;1;1033201;2019;2;6;5;3;6;2;0;0;1;1;0;0;0;1
11;6;6030609;2019;2;8;4;3;5;7;0;0;1;0;0;0;0;0
11;9;9020802;2019;2;6;5;2;5;2;0;1;1;0;0;0;0;1
11;1;1033102;2019;2;1;5;3;1;1;2;0;1;0;0;0;0;0
11;3;3010102;2019;2;5;3;3;2;6;2;0;1;0;0;0;0;0
11;4;4010103;2019;2;6;5;3;5;2;1;0;1;0;1;0;0;1
11;1;1033202;2019;2;13;5;3;5;3;0;0;1;0;0;0;0;0
11;2;2040503;2019;2;12;5;3;5;3;0;0;1;0;1;0;0;1
11;1;1011202;2019;2;12;5;3;2;6;0;0;1;0;0;0;0;0
11;4;4020206;2019;2;0;3;3;5;3;2;0;1;0;0;0;0;0
11;10;10010308;2019;2;12;5;3;6;4;0;0;1;1;0;0;0;1
11;5;5010339;2019;2;11;5;2;2;6;0;0;1;0;0;0;1;0
11;8;8020727;2019;2;11;5;2;6;2;0;0;0;1;0;0;1;1
11;5;5030833;2019;2;16;3;2;5;2;0;0;1;0;0;0;0;0
11;7;7040404;2019;2;9;5;3;0;6;0;1;1;0;0;0;0;0
11;3;3030715;2019;2;11;5;2;6;3;0;0;1;1;0;0;0;0
11;7;7030303;2019;2;10;5;3;5;3;0;0;1;0;0;0;0;1
11;1;1011302;2019;2;18;4;3;3;6;2;1;0;0;0;0;0;0
11;10;10030724;2019;2;14;4;3;2;6;0;0;1;0;0;0;0;0
11;12;12304313;2019;2;8;4;3;0;6;0;0;1;0;0;0;0;0
11;1;1011105;2019;2;17;4;3;0;3;0;1;1;0;0;0;0;0
11;11;11041022;2019;2;16;3;3;2;2;0;1;1;0;0;0;1;0
11;6;6010205;2019;2;8;4;3;6;4;0;0;1;1;0;0;0;0
11;3;3030406;2019;2;5;4;3;5;2;2;1;1;0;0;0;0;0
11;3;3020209;2019;2;7;4;3;5;3;0;0;1;0;0;0;0;0
11;8;8020619;2019;2;11;3;2;0;1;0;0;0;0;1;0;0;0
11;7;7070702;2019;2;7;4;3;5;3;0;1;1;0;0;0;0;0
11;10;10020623;2019;2;11;5;3;5;3;0;0;1;0;0;0;0;0
11;8;8010115;2019;2;12;4;3;2;6;0;0;1;0;0;0;0;0
11;10;11020516;2019;2;13;4;3;0;3;0;0;1;0;0;0;1;0
11;2;2020204;2019;2;16;3;3;3;6;0;1;1;0;0;0;0;0
11;4;4030726;2019;2;10;4;3;6;2;0;0;1;1;0;0;0;0
11;8;8010117;2019;2;11;4;3;0;2;0;0;1;0;1;0;0;0
11;1;1022104;2019;2;11;4;3;1;5;0;1;1;0;0;0;0;0
11;5;5030730;2019;2;14;4;3;5;3;0;0;1;0;0;0;0;0
11;1;1011304;2019;2;18;2;2;0;7;2;0;0;0;1;0;0;0
11;1;1022204;2019;2;11;4;3;6;3;0;0;1;1;0;0;0;0
11;1;1022204;2019;2;13;4;3;5;2;0;1;1;0;0;0;0;0
11;8;8010302;2019;2;14;2;3;1;5;0;0;1;0;0;0;0;0
11;2;2030302;2019;2;14;4;3;3;6;0;1;1;0;0;0;0;0
11;4;4030931;2019;2;15;4;3;5;2;0;0;1;0;0;0;0;0
11;4;4030620;2019;2;10;4;3;0;1;0;0;0;0;1;0;0;0
11;1;1022103;2019;2;8;2;3;2;6;0;0;0;0;0;1;1;0
11;5;5010207;2019;2;16;4;2;5;3;0;0;1;0;0;0;0;0
11;7;7020201;2019;2;17;5;3;5;2;1;0;1;0;0;0;0;0
11;3;3050925;2019;2;17;4;2;6;4;0;0;1;1;0;0;0;0
11;8;8020622;2019;2;17;4;3;2;6;1;0;1;0;0;0;0;0
11;10;10010309;2019;2;7;2;3;0;7;0;1;0;0;0;0;0;0
11;3;3061228;2019;2;18;4;2;6;4;1;0;1;1;0;0;0;0
11;2;2020202;2019;2;12;3;3;5;2;0;0;1;0;0;0;0;0
11;6;6010103;2019;2;18;2;3;5;2;2;1;0;0;0;0;1;0
11;3;3030716;2019;2;17;2;3;1;5;1;1;0;0;0;1;0;0
11;4;4030827;2019;2;8;3;3;0;4;0;1;0;1;0;0;0;0
11;1;1011202;2019;2;10;3;3;5;7;0;0;1;0;0;0;0;0
11;3;3040614;2019;2;17;2;2;6;4;0;0;1;1;0;0;0;0
11;4;4030929;2019;2;16;3;3;1;5;0;1;1;0;0;0;0;0
11;5;5010206;2019;2;15;3;3;5;7;0;0;1;0;1;0;0;0
11;6;6030503;2019;2;16;2;3;0;2;0;1;0;0;0;0;1;0
11;3;3050919;2019;2;14;3;3;4;7;0;0;1;0;0;0;0;0
11;2;2020206;2019;2;12;4;3;2;6;0;0;1;0;0;0;0;0
11;12;12214125;2019;2;12;3;3;5;3;0;0;1;0;0;0;1;0
11;12;12301203;2019;2;11;3;3;5;3;0;0;1;0;0;0;1;0
11;2;2020205;2019;2;16;2;3;5;3;0;0;1;0;0;0;0;0
11;6;6020303;2019;2;10;3;3;2;6;0;0;1;0;0;0;0;0
11;11;11010310;2019;2;9;3;3;2;4;0;0;1;1;1;0;0;0
11;9;9041302;2019;2;9;3;3;0;1;0;1;0;0;0;0;0;0
11;12;12214125;2019;2;16;2;3;5;3;0;0;1;0;1;0;0;0
11;2;2050801;2019;2;8;3;3;5;7;0;1;1;0;0;0;0;0
11;1;1044101;2019;2;8;3;3;5;3;0;1;1;0;0;0;0;0
11;1;1022106;2019;2;8;3;3;5;2;0;1;1;0;0;0;0;0
11;12;12214125;2019;2;7;3;3;6;4;0;1;0;1;0;0;0;0
11;1;1011105;2019;2;22;3;3;0;7;2;1;0;0;0;0;0;0
11;8;8010118;2019;2;20;3;3;6;4;2;0;1;1;0;0;0;1
11;8;8010301;2019;2;18;3;3;5;2;2;1;1;0;0;0;0;0
11;6;6040804;2019;2;11;4;3;5;2;0;1;1;0;0;0;0;0
11;12;12103117;2019;2;17;3;3;3;6;2;1;1;0;0;0;0;0
11;1;1011304;2019;2;17;3;3;2;6;2;1;1;0;0;0;0;0
11;12;12224229;2019;2;15;2;3;0;7;0;0;0;0;0;0;1;0
11;1;1022101;2019;2;17;3;3;6;4;1;0;1;1;0;0;0;0
11;9;9030901;2019;2;14;2;3;5;2;0;0;1;0;0;0;0;0
11;8;8010212;2019;2;7;2;3;5;3;0;0;1;0;0;0;0;0
11;6;6030607;2019;2;15;2;3;2;6;0;0;1;0;0;0;1;0
11;2;2040703;2019;2;19;2;3;1;5;2;1;1;0;0;0;1;0
11;9;9051901;2019;2;13;2;2;6;4;0;1;0;1;0;0;0;0
11;1;1011103;2019;2;21;2;3;5;3;2;1;1;0;0;0;0;0
11;2;2010104;2019;2;19;2;3;3;6;2;0;1;0;1;0;0;0
11;9;9020802;2019;2;17;2;3;2;7;2;0;1;0;0;0;0;0
11;7;7010103;2019;2;17;2;3;6;4;1;1;0;1;0;0;0;0
11;2;2020205;2019;2;15;2;3;4;5;0;1;0;0;0;0;0;0
11;4;4030931;2019;2;17;2;2;0;6;0;0;1;0;0;0;1;0
11;8;8010211;2019;2;17;2;3;6;4;0;0;1;1;0;0;0;0
11;2;2010102;2019;2;9;4;2;5;3;0;0;1;0;0;0;0;0
11;12;12103117;2019;2;14;2;3;5;3;0;1;1;0;0;0;0;0
11;8;8010508;2019;2;14;2;3;5;3;0;0;1;0;0;0;0;0
11;10;10020413;2019;2;14;2;3;2;6;0;0;1;0;0;0;0;0
11;11;11020515;2019;2;12;2;3;5;3;0;1;0;0;0;0;1;0
11;10;11030720;2019;2;11;2;3;3;6;0;0;1;0;0;0;0;0
11;3;3020210;2019;2;11;2;3;0;5;0;1;1;0;0;0;0;0
11;5;5010103;2019;2;14;2;3;3;6;0;1;1;0;0;0;0;0
11;9;9041501;2019;2;11;2;2;0;1;0;1;0;0;0;0;0;0