LAND;BEZ;LOR_ab_2021;UJAHR;UMONAT;USTUNDE;UWOCHENTAG;UKATEGORIE;UART;UTYP1;ULICHTVERH;IstRad;IstPKW;IstFuss;IstKrad;IstGkfz;IstSonstige;USTRZUSTAND
11;1;1044103;2019;2;10;2;3;2;6;0;0;1;0;0;0;0;0
11;4;4030417;2019;2;8;2;2;6;4;0;0;1;1;0;0;0;0
11;8;8040933;2019;2;13;2;3;1;1;0;0;1;0;0;0;1;0
11;1;1011401;2019;2;17;2;3;5;3;0;0;1;0;1;0;0;0
11;7;7020203;2019;2;16;2;3;5;2;0;1;0;0;0;0;0;0
11;11;11020412;2019;2;13;2;2;6;4;0;0;1;1;0;0;0;0
11;3;3020307;2019;2;16;2;3;5;2;0;1;1;0;0;0;0;0
11;6;6030605;2019;2;16;2;3;5;2;0;0;1;0;0;0;0;0
11;12;12214423;2019;2;13;2;3;2;6;0;0;1;0;1;0;0;0
11;1;1011102;2019;2;15;2;3;3;2;0;0;1;0;1;0;0;0
11;4;4041241;2019;2;15;5;2;5;3;0;0;1;0;0;0;0;0
11;9;9020502;2019;2;14;2;3;5;3;0;1;1;0;0;0;0;0
11;1;1022106;2019;2;14;2;3;5;5;0;0;1;0;1;0;0;0
11;9;9010301;2019;2;10;2;3;6;4;0;0;1;1;0;0;0;0
11;3;3061429;2019;2;20;1;3;6;4;2;0;1;1;0;0;0;0
11;1;1011105;2019;2;23;5;3;5;2;2;0;1;0;0;0;0;0
11;7;7020202;2019;2;13;1;3;1;5;0;1;1;0;0;0;0;0
11;8;8020726;2019;2;14;1;3;2;6;0;0;1;0;0;0;0;0
11;3;3020210;2019;2;10;2;3;3;6;0;0;1;0;0;1;0;0
11;9;9010402;2019;2;9;1;3;3;6;0;1;0;0;0;0;1;0
11;5;5010314;2019;2;18;1;2;2;4;2;0;1;1;0;0;0;0
11;11;11041128;2019;2;10;2;3;6;2;0;0;1;1;0;0;0;0
11;4;4041344;2019;2;16;1;3;1;5;0;1;1;0;0;0;0;0
11;2;2010101;2019;2;21;1;2;6;2;2;0;1;1;0;0;0;0
11;1;1011202;2019;2;9;2;3;0;7;0;0;1;0;1;0;0;0
11;2;2040502;2019;2;21;1;2;5;2;2;0;1;0;1;0;0;0
11;11;11030618;2019;2;13;4;3;5;2;0;1;1;0;0;0;0;0
11;1;1011204;2019;2;17;1;3;5;2;1;1;1;0;0;0;0;0
11;9;9041501;2019;2;15;1;3;6;4;0;1;0;1;0;0;0;0
11;4;4051445;2019;2;9;2;3;5;7;0;0;1;0;0;0;1;0
11;1;1033102;2019;2;15;1;3;6;2;0;0;1;1;0;0;0;0
11;2;2030402;2019;2;15;1;3;2;6;0;1;1;0;0;0;0;0
11;11;11030619;2019;2;14;1;3;5;3;0;0;1;0;0;0;0;0
11;12;12231101;2019;2;8;2;3;2;6;0;0;1;0;0;0;0;0
11;1;1044202;2019;2;14;1;3;2;1;0;1;1;0;0;0;0;0
11;4;4010101;2019;2;3;1;3;9;1;2;0;1;0;0;0;0;0
11;2;2030302;2019;2;14;1;3;1;5;0;0;1;0;0;0;0;0
11;1;1011303;2019;2;22;2;3;5;2;2;1;1;0;0;0;0;0
11;1;1011202;2019;2;18;1;2;5;2;2;1;1;0;0;0;0;0
11;7;7020202;2019;2;21;1;2;5;2;2;0;1;0;0;0;1;0
11;10;10010311;2019;2;15;1;2;5;2;0;0;1;0;0;0;0;0
11;12;12103117;2019;2;5;2;3;2;6;2;0;1;0;0;0;0;0
11;2;2020203;2019;2;8;1;3;1;5;0;0;1;0;0;0;1;0
11;6;6040703;2019;2;8;4;3;5;3;0;1;1;0;0;0;0;0
11;11;11010102;2019;2;10;7;3;5;2;0;0;1;0;1;0;0;0
11;1;1022206;2019;2;2;7;3;6;4;2;0;1;1;0;0;0;0
11;9;9041301;2019;2;6;2;3;2;6;1;0;1;0;0;0;0;0
11;4;4030931;2019;2;22;7;3;5;3;2;1;1;0;0;0;0;0
11;2;2030301;2019;2;21;7;3;3;6;2;1;1;0;0;0;0;0
11;4;4030827;2019;2;18;7;3;1;5;2;0;1;0;0;0;0;0
11;12;12214424;2019;2;7;2;3;3;6;0;0;1;0;0;1;0;0
11;10;10020413;2019;2;17;7;3;5;3;1;0;1;0;0;0;1;0
11;7;7010101;2019;2;11;7;3;5;2;0;1;1;0;0;0;0;0
11;3;3030406;2019;2;9;7;3;5;3;0;0;1;0;0;0;0;0
11;5;5010103;2019;2;16;7;3;0;7;0;0;1;0;0;0;0;0
11;12;12214424;2019;2;20;2;3;1;5;2;0;1;0;0;0;0;0
11;4;4030931;2019;2;15;7;3;6;4;0;0;1;1;0;0;0;0
11;8;8010214;2019;2;14;7;3;5;2;0;1;1;0;0;0;0;0
11;2;2020204;2019;2;14;7;3;2;6;0;0;1;0;0;0;0;0
11;3;3051022;2019;2;7;4;3;5;2;0;1;1;0;0;0;0;0
11;4;4051445;2019;2;13;7;2;6;7;0;0;1;1;0;0;0;0
11;7;7040401;2019;2;13;7;3;6;4;0;0;1;1;0;0;0;0
11;10;10010309;2019;2;19;2;3;6;7;2;0;1;1;0;0;0;0
11;7;7060604;2019;2;13;7;3;2;6;0;0;1;0;0;0;0;0
11;1;1011202;2019;2;20;6;2;5;3;2;1;1;0;0;0;0;0
11;5;5010314;2019;2;19;6;3;2;6;2;0;1;0;0;0;0;0
11;12;12231101;2019;2;7;2;3;1;5;0;1;1;0;0;0;0;0
11;3;3061227;2019;2;21;6;3;6;4;2;1;0;1;0;0;0;0
11;5;5010310;2019;2;10;5;2;1;7;0;0;1;0;0;0;1;0
11;4;5030833;2019;2;20;6;3;2;6;2;0;1;0;1;0;0;0
11;12;12302110;2019;2;18;6;3;2;6;2;0;1;0;0;0;0;0
11;10;10030725;2019;2;21;2;2;9;1;2;0;0;0;1;0;0;0
11;9;9041301;2019;2;8;6;3;5;3;0;0;1;0;0;0;1;0
11;4;4030931;2019;2;8;6;3;1;5;0;0;1;0;1;0;0;0
11;8;8010406;2019;2;8;6;3;6;4;0;0;1;1;0;0;0;0
11;4;4051653;2019;2;7;6;3;5;2;0;1;1;0;0;0;0;0
11;7;7030302;2019;2;7;2;3;0;1;0;0;0;0;1;0;0;0
11;1;1022106;2019;2;15;6;2;6;2;0;0;1;1;0;0;0;0
11;12;12103218;2019;2;15;6;3;2;6;0;0;1;0;0;0;0;0
11;3;3020209;2019;2;8;2;3;5;3;0;1;1;0;0;0;0;0
11;1;1011105;2019;2;15;6;3;1;5;0;1;1;0;0;0;0;0
11;9;9010101;2019;2;16;6;2;2;7;0;1;1;0;0;0;0;0
11;1;1044203;2019;2;7;6;2;2;7;0;1;0;0;0;0;0;0
11;4;4010102;2019;2;16;1;3;2;6;0;0;1;0;0;0;0;0
11;10;10020622;2019;2;7;6;3;3;6;0;0;1;0;0;1;0;0
11;11;11020513;2019;2;18;5;3;2;6;1;0;1;0;0;0;0;0
11;8;8010301;2019;2;7;6;3;6;2;0;0;1;1;0;0;0;0
11;7;7050503;2019;2;7;6;3;5;3;1;1;1;0;0;0;0;0
11;7;7070701;2019;2;16;1;3;0;7;0;0;0;1;0;0;1;0
11;1;1011201;2019;2;6;6;3;2;6;0;0;1;0;0;0;0;0
11;2;2020203;2019;2;5;6;2;5;2;2;1;1;0;0;0;0;0
11;9;9020702;2019;2;16;1;3;2;6;0;0;1;0;0;0;0;0
11;9;9020501;2019;2;5;6;2;3;6;2;0;1;0;0;1;0;0
11;3;3050919;2019;2;16;6;3;6;4;0;0;1;1;0;0;0;0
11;8;8040933;2019;2;16;1;3;1;5;0;0;1;0;0;0;1;0
11;3;3040818;2019;2;16;6;2;2;6;1;0;1;0;0;0;0;0
11;8;8020727;2019;2;17;6;3;1;1;1;0;1;0;0;0;1;0
11;2;2020202;2019;2;8;6;3;2;3;0;1;1;0;0;0;0;0
11;1;1011303;2019;2;16;1;3;5;7;0;0;1;0;0;0;0;0
11;2;2020204;2019;2;8;6;3;5;2;0;1;1;0;0;0;0;0
11;3;3061227;2019;2;14;4;3;3;6;0;0;1;0;0;0;0;0
11;6;6030605;2019;2;18;6;3;5;2;1;0;1;0;0;0;1;0
11;3;3071536;2019;2;18;6;3;6;4;1;0;1;1;0;0;0;0
11;4;4051448;2019;2;17;1;3;5;7;1;1;1;0;0;0;0;0
11;9;9051901;2019;2;9;6;3;3;6;0;1;0;0;0;0;0;0
11;8;8020619;2019;2;18;6;3;5;3;2;0;1;0;0;0;0;0
11;5;5030731;2019;2;15;6;3;5;2;0;1;1;0;0;0;0;0
11;4;4010103;2019;2;17;1;3;2;7;2;0;1;0;0;1;0;0
11;11;11030721;2019;2;10;6;3;5;3;0;0;1;0;0;0;0;0
11;4;4030620;2019;2;7;4;3;6;4;0;0;1;1;0;0;0;0
11;2;2020203;2019;3;23;2;3;5;3;2;0;1;0;0;0;0;1
11;9;9020802;2019;3;17;5;3;6;2;0;0;1;1;0;0;0;1
11;7;7020201;2019;3;8;2;3;5;2;0;0;1;0;0;0;0;1
11;12;12103115;2019;3;22;2;3;9;1;2;0;1;0;0;0;0;1
11;6;6040703;2019;3;16;5;2;5;3;0;1;1;0;0;0;0;1
11;4;4030931;2019;3;8;2;3;1;5;0;1;1;0;0;0;1;1
11;3;3050925;2019;3;5;1;3;1;1;2;0;1;0;0;0;0;0
11;11;11020513;2019;3;5;1;3;2;6;2;0;1;0;0;0;0;0
11;12;12304314;2019;3;16;5;3;5;3;1;1;1;0;0;0;0;1
11;9;9010101;2019;3;20;1;3;6;2;2;0;1;1;0;0;0;1
11;2;2020203;2019;3;19;5;3;5;3;2;1;1;0;0;0;0;1
11;7;7010102;2019;3;19;1;3;5;2;2;1;1;0;0;0;0;1
11;2;2050803;2019;3;20;1;3;5;2;2;1;1;0;0;0;0;1
11;11;11041128;2019;3;18;1;3;6;2;1;0;1;1;0;0;0;1
11;2;2020206;2019;3;20;1;2;5;7;2;0;1;0;0;0;0;1
11;12;12214424;2019;3;19;1;3;5;3;2;0;1;0;0;0;0;1
11;10;10020413;2019;3;18;1;2;6;2;2;0;1;1;0;0;0;1
11;4;4030828;2019;3;18;1;3;6;2;2;0;1;1;0;0;0;1
11;5;5010101;2019;3;8;1;2;9;1;0;0;1;0;0;0;0;1
11;1;1011204;2019;3;16;5;3;5;2;0;1;0;0;0;0;1;1
11;8;8010404;2019;3;17;1;3;2;6;1;0;1;0;0;0;0;1
11;10;10030727;2019;3;16;5;3;5;3;0;1;1;0;0;0;0;1
11;1;1033202;2019;3;14;1;3;0;1;0;0;0;0;1;0;0;1
11;6;6020306;2019;3;14;1;3;5;7;0;0;1;0;0;0;0;1
11;7;7010102;2019;3;12;1;3;2;6;0;0;1;0;0;0;0;1
11;11;11030618;2019;3;15;5;3;5;2;0;1;1;0;0;0;0;1
11;1;1022206;2019;3;12;1;3;5;2;0;1;1;0;0;0;0;1
11;1;1011102;2019;3;19;5;3;5;3;2;0;1;0;1;0;0;1
11;12;12103117;2019;3;12;1;3;5;2;0;0;1;0;0;0;0;1
11;8;8010213;2019;3;20;7;3;5;3;2;1;1;0;0;0;0;1
11;3;3020209;2019;3;15;5;3;5;3;0;0;1;0;0;0;0;1
11;3;3010101;2019;3;14;7;2;5;2;0;0;1;0;0;0;0;1
11;5;5010314;2019;3;15;7;3;0;6;0;0;1;0;1;0;0;1
11;12;12214125;2019;3;20;5;3;6;4;2;0;0;1;1;0;0;1
11;5;5010339;2019;3;8;7;2;1;5;0;0;1;0;1;0;0;1
11;8;8040933;2019;3;16;7;3;5;3;0;0;1;0;0;0;0;1
11;12;12304314;2019;3;17;7;3;6;4;1;0;1;1;0;0;0;0
11;4;4030726;2019;3;20;5;3;5;2;2;1;1;0;0;0;0;1
11;7;7060604;2019;3;17;7;3;5;7;1;0;1;0;0;0;0;1
11;5;5010313;2019;3;20;5;2;5;7;2;0;1;0;0;0;0;1
11;12;12103115;2019;3;19;7;3;6;2;2;0;1;1;0;0;0;1
11;7;7040403;2019;3;13;7;3;2;7;0;0;1;0;0;0;0;0
11;4;4030726;2019;3;22;5;3;6;2;2;0;1;1;0;0;0;1
11;12;12103219;2019;3;23;5;3;1;5;2;1;1;0;0;0;1;1
11;4;4030726;2019;3;12;7;3;3;6;0;0;1;0;0;0;0;0
11;6;6030503;2019;3;9;7;3;5;3;0;0;1;0;0;0;0;1
11;12;12214424;2019;3;16;5;3;2;6;0;0;1;0;0;0;0;1
11;12;12103219;2019;3;9;7;3;5;2;0;0;1;0;0;0;1;0
11;10;10020412;2019;3;15;7;3;6;4;0;1;0;1;0;0;0;1
11;8;8010509;2019;3;14;5;3;5;7;0;0;1;0;0;0;1;1
11;2;2020203;2019;3;2;7;3;5;2;2;0;1;0;0;0;0;0
11;2;2010102;2019;3;19;7;2;6;4;2;0;1;1;0;0;0;1
11;9;9010302;2019;3;15;5;3;2;6;0;0;1;0;0;0;0;1
11;6;6030610;2019;3;19;7;2;5;2;2;1;1;0;0;0;0;1
11;9;9030901;2019;3;16;5;3;5;2;1;0;1;0;0;0;0;1
11;12;12302107;2019;3;19;7;3;6;2;2;0;1;1;0;0;0;1
11;4;4041342;2019;3;19;7;3;5;2;2;0;1;0;0;0;0;1
11;4;4051653;2019;3;23;5;2;9;1;2;0;1;0;0;0;0;1
11;6;6010205;2019;3;19;7;3;6;2;2;0;1;1;0;0;0;1
11;8;8010118;2019;3;20;7;3;5;3;2;1;1;0;0;0;0;1
11;9;9020802;2019;3;20;7;3;8;1;2;0;1;0;0;0;0;1
11;8;8010118;2019;3;18;5;3;6;2;1;0;1;1;0;0;0;0
11;8;8020622;2019;3;10;7;3;5;2;0;0;1;0;0;0;0;0
11;9;9020701;2019;3;20;7;3;5;3;2;0;1;0;0;0;0;1
11;8;8020619;2019;3;21;7;2;6;4;2;0;1;1;0;0;0;1
11;1;1033202;2019;3;18;5;3;0;1;2;0;0;0;1;0;0;1
11;4;4030931;2019;3;22;7;3;5;3;2;0;1;0;0;0;0;1
11;8;8010213;2019;3;23;7;3;5;3;2;0;1;0;0;0;0;1
11;8;8010404;2019;3;11;6;3;5;3;0;0;1;0;0;0;0;1
11;7;7070703;2019;3;13;5;3;5;3;0;1;1;0;0;0;0;0
11;1;1044201;2019;3;23;6;2;6;4;2;0;1;1;0;0;0;0
11;9;9052001;2019;3;1;5;3;9;1;2;0;1;0;0;0;0;1
11;3;3061131;2019;3;23;6;3;6;4;2;0;1;1;0;0;0;0
11;2;2010102;2019;3;17;6;3;2;6;0;1;1;0;0;0;0;0
11;3;3010102;2019;3;6;5;2;6;4;0;0;1;1;0;0;0;1
11;9;9020501;2019;3;17;6;2;1;1;0;0;1;0;0;0;1;0
11;3;3040614;2019;3;16;6;2;6;4;0;0;1;1;0;0;0;0
11;3;3061227;2019;3;14;6;3;5;3;0;0;1;0;0;0;0;1
11;8;8010407;2019;3;13;5;3;5;3;0;0;1;0;0;0;0;1
11;2;2010103;2019;3;8;6;3;5;3;0;1;1;0;0;0;0;0
11;9;9010301;2019;3;19;5;3;3;6;2;1;0;0;0;0;0;1
11;4;4041137;2019;3;5;5;3;0;3;2;0;1;0;1;0;0;1
11;1;1033102;2019;3;17;5;3;2;6;0;0;1;0;0;0;0;1
11;4;4051448;2019;3;6;5;2;5;2;0;1;1;0;0;0;0;1
11;9;9020501;2019;3;7;5;3;5;3;0;0;1;0;0;0;1;1
11;8;8041036;2019;3;8;5;2;5;3;0;1;1;0;0;0;0;1
11;6;6040810;2019;3;22;5;3;6;7;2;0;1;1;0;0;0;1
11;2;2010103;2019;3;23;5;3;5;3;2;1;1;0;0;0;0;0
11;2;2030301;2019;3;20;5;3;1;5;2;1;1;0;0;0;0;1
11;3;3030715;2019;3;13;5;3;5;3;0;0;1;0;0;0;1;1
11;10;10020517;2019;3;20;5;3;5;3;2;0;1;0;0;0;0;0
11;8;8010117;2019;3;19;5;3;2;5;2;1;1;0;0;0;0;0
11;9;9052001;2019;3;8;5;3;5;3;0;1;1;0;0;0;0;1
11;6;6020303;2019;3;18;5;3;6;2;1;0;1;1;0;0;0;0
11;2;2020203;2019;3;18;5;3;5;2;2;1;1;0;0;0;0;1
11;2;2030301;2019;3;18;5;3;2;6;0;1;1;0;0;0;0;1
11;6;6030610;2019;3;8;5;3;1;5;0;1;1;0;0;0;0;1
11;12;12214424;2019;3;17;5;3;3;6;0;0;1;0;0;0;1;1
11;2;2030302;2019;3;17;5;3;5;3;1;0;1;0;1;0;0;1
11;4;4030827;2019;3;17;5;3;2;6;0;0;1;0;0;0;0;0
11;2;2030301;2019;3;17;5;3;6;4;0;1;0;1;0;0;0;1
11;1;1044202;2019;3;12;5;3;5;2;0;0;1;0;0;0;0;1
11;9;9051901;2019;3;17;5;3;2;1;0;0;1;0;0;0;0;0
11;3;3010102;2019;3;16;5;3;0;3;0;0;1;0;1;0;0;1
11;1;1022104;2019;3;12;5;3;2;6;0;0;1;0;0;0;0;1
11;1;1011401;2019;3;16;5;3;2;7;0;1;1;0;0;0;0;1
11;1;1022204;2019;3;16;5;3;2;2;0;0;1;0;1;0;0;1
11;8;8020727;2019;3;15;5;3;2;1;0;0;1;0;0;0;0;0
11;10;10040828;2019;3;10;5;3;5;3;0;0;1;0;0;0;0;1
11;2;2030302;2019;3;7;5;3;5;2;0;1;1;0;0;0;0;1
11;12;12214424;2019;3;8;5;2;5;3;0;0;1;0;0;1;0;0
11;1;1011402;2019;3;8;5;3;2;6;0;0;1;0;1;0;0;1
11;10;10030724;2019;3;10;5;3;5;7;0;0;1;0;0;0;0;1
11;11;11020514;2019;3;10;5;3;5;2;0;1;1;0;0;0;0;0
11;10;10010308;2019;3;9;5;3;2;6;0;0;1;0;0;0;0;1
11;4;4051654;2019;3;12;5;3;5;2;0;1;1;0;0;0;0;0
11;9;9051702;2019;3;12;5;3;1;5;0;1;1;0;0;0;0;0
11;1;1033201;2019;3;9;5;3;5;5;0;1;1;0;0;0;0;1
11;9;9052001;2019;3;12;5;3;2;2;0;0;1;0;0;0;0;0
11;3;3040614;2019;3;14;5;3;3;6;0;1;1;0;0;0;0;0
11;4;4041134;2019;3;6;4;2;5;3;0;1;1;0;0;0;0;1
11;4;4051653;2019;3;14;5;3;6;7;0;0;1;1;0;0;0;0
11;3;3061227;2019;3;7;5;3;6;4;0;1;0;1;0;0;0;1
11;7;7040403;2019;3;13;4;2;6;4;0;1;0;1;0;0;0;1
11;11;11051331;2019;3;5;5;3;5;3;2;1;0;0;0;0;1;1
11;9;9052001;2019;3;9;4;3;2;2;0;0;1;0;0;0;0;0
11;3;3020203;2019;3;9;5;3;2;6;0;0;1;0;0;1;0;0
11;4;4020314;2019;3;8;5;3;5;2;0;0;1;0;0;0;0;0
11;3;3020209;2019;3;15;4;3;0;3;0;1;1;0;0;0;0;1
11;7;7010101;2019;3;9;5;2;5;3;0;1;1;0;0;0;0;1
11;1;1011401;2019;3;20;4;2;6;4;2;0;1;1;0;0;0;1
11;11;11010205;2019;3;0;5;2;6;4;2;0;1;1;0;0;0;0
11;8;8020620;2019;3;14;4;3;3;6;0;0;1;0;0;1;0;0
11;4;4030931;2019;3;23;4;3;6;2;2;0;1;1;0;0;0;1
11;4;4051448;2019;3;10;4;3;5;2;0;0;1;0;0;0;0;0
11;5;5010209;2019;3;16;4;3;5;2;0;0;1;0;0;0;0;0
11;9;9020702;2019;3;5;4;3;2;6;2;1;0;0;0;0;1;0
11;12;12302107;2019;3;5;4;3;5;3;2;0;1;0;0;0;0;1
11;10;10040933;2019;3;11;4;2;5;3;0;1;1;0;0;0;0;0
11;3;3030711;2019;3;12;6;3;5;3;0;1;1;0;0;0;0;1
11;2;2050601;2019;3;20;4;2;6;2;2;0;1;1;0;0;0;0
11;4;4051448;2019;3;20;4;3;5;2;2;1;1;0;0;0;0;0
11;6;6010210;2019;3;5;4;3;6;2;2;0;1;1;0;0;0;1
11;5;5010206;2019;3;20;4;2;6;2;2;0;1;1;0;0;0;0
11;12;12214125;2019;3;19;4;3;5;2;2;0;1;0;0;0;0;0
11;1;1011306;2019;3;6;4;3;5;5;2;0;1;0;1;0;0;1
11;2;2030401;2019;3;19;4;3;4;5;2;0;1;0;0;0;1;0
11;12;12231101;2019;3;18;4;3;5;3;1;0;1;0;0;0;0;1
11;2;2020202;2019;3;16;4;3;2;2;0;0;1;0;0;0;0;0
11;8;8010404;2019;3;16;4;2;3;6;0;0;1;0;1;0;1;0
11;11;11010309;2019;3;6;4;3;4;7;2;0;1;0;0;0;0;0
11;3;3071537;2019;3;15;4;3;5;3;0;0;1;0;0;0;0;0
11;9;9041402;2019;3;7;4;3;5;2;0;1;0;0;0;0;1;0
11;10;10040932;2019;3;15;4;3;6;4;0;0;0;1;0;0;1;0
11;4;4030519;2019;3;7;4;3;1;5;0;1;1;0;0;0;0;0
11;4;4030415;2019;3;13;4;3;5;2;0;1;1;0;0;0;0;0
11;11;11030721;2019;3;19;5;3;6;2;2;0;1;1;0;0;0;1
11;4;4030931;2019;3;12;4;3;1;5;0;1;1;0;0;0;0;0
11;1;1022202;2019;3;13;4;3;5;2;0;0;1;0;0;0;0;0
11;6;6020409;2019;3;11;4;3;5;7;0;1;1;0;0;0;0;0
11;7;7030301;2019;3;13;4;3;1;7;0;0;1;0;0;0;1;0
11;1;1011101;2019;3;11;4;3;5;3;0;1;1;0;0;0;0;0
11;1;1011201;2019;3;11;4;2;5;2;0;1;1;0;0;0;0;0
11;1;1022202;2019;3;13;4;3;5;2;0;1;1;0;0;0;0;0
11;7;7070703;2019;3;11;4;3;5;2;0;0;1;0;1;0;0;0
11;4;4030621;2019;3;9;4;3;6;4;0;1;0;1;0;0;0;0
11;9;9051901;2019;3;8;4;3;3;6;0;0;0;0;1;0;1;0
11;7;7020203;2019;3;15;4;2;6;4;0;0;1;1;0;0;0;0
11;1;1033203;2019;3;7;4;3;5;2;0;0;1;0;0;0;0;0
11;4;4030621;2019;3;15;4;3;2;6;0;0;1;0;0;0;1;0
11;3;3030715;2019;3;7;4;3;5;2;0;1;1;0;0;0;0;0
11;10;10040931;2019;3;6;4;3;6;4;1;0;1;1;0;0;0;0
11;5;5010314;2019;3;15;4;3;0;2;0;0;1;0;0;0;1;0
11;3;3040614;2019;3;15;3;3;5;3;0;1;1;0;0;0;0;0
11;4;4030726;2019;3;19;5;3;5;3;2;1;1;0;0;0;0;1
11;6;6010101;2019;3;8;3;3;5;3;0;1;0;0;0;0;1;0
11;4;4051445;2019;3;21;3;3;6;2;2;1;0;1;0;0;0;0
11;2;2050802;2019;3;19;3;3;5;3;2;0;1;0;0;0;1;1
11;11;11030619;2019;3;16;4;2;5;7;0;0;1;0;1;0;0;0
11;4;4041134;2019;3;19;3;3;2;6;2;0;1;0;0;0;0;1
11;2;2010103;2019;3;19;3;3;5;2;2;1;1;0;0;0;0;0
11;4;4030620;2019;3;16;4;3;2;7;0;1;1;0;0;0;0;0
11;7;7020203;2019;3;18;3;3;6;2;2;0;1;1;0;0;0;1
11;1;1011105;2019;3;18;3;3;5;3;2;1;1;0;0;0;0;1
11;8;8010406;2019;3;19;3;3;5;2;2;1;1;0;0;0;0;1
11;5;5010312;2019;3;16;4;2;5;7;0;0;1;0;0;0;0;0
11;7;7040405;2019;3;17;3;3;5;3;2;0;1;0;0;0;0;1
11;7;7070705;2019;3;18;4;3;5;2;1;1;1;0;0;0;0;0
11;1;1022206;2019;3;17;3;2;6;4;1;0;1;1;0;0;0;1
11;8;8010404;2019;3;16;3;2;6;7;0;0;1;1;0;0;0;0
11;2;2020204;2019;3;20;4;3;0;1;2;1;1;0;0;0;0;0
11;9;9051701;2019;3;15;3;3;5;3;2;1;1;0;0;0;0;0
11;1;1011101;2019;3;15;3;3;3;6;0;0;1;0;1;0;0;1
11;6;6020302;2019;3;23;4;3;6;7;2;0;1;1;0;0;0;1
11;4;4020310;2019;3;10;3;3;6;3;0;0;1;1;0;0;0;1
11;10;10020413;2019;3;12;3;2;0;3;0;0;1;0;1;0;0;1
11;6;6040810;2019;3;12;3;2;5;2;0;0;1;0;0;1;0;0
11;4;4030931;2019;3;16;3;3;2;6;0;0;1;0;0;0;1;0
11;11;11020515;2019;3;6;3;3;6;4;1;0;0;1;1;0;0;0
11;1;1011402;2019;3;6;3;3;5;2;0;1;1;0;0;0;0;0
11;2;2010102;2019;3;9;3;2;1;5;0;1;1;0;0;0;0;0
11;12;12302212;2019;3;6;3;3;0;3;0;0;1;0;1;0;0;1
11;7;7030301;2019;3;19;3;3;0;2;2;0;1;0;0;0;1;0
11;1;1011203;2019;3;6;3;3;5;3;0;0;1;0;0;0;0;0
11;1;1022103;2019;3;7;3;3;3;6;0;1;0;0;0;1;0;0
11;3;3040513;2019;3;19;3;2;5;3;2;1;1;0;0;0;0;0
11;3;3061332;2019;3;8;3;3;2;2;0;1;1;0;0;0;0;0
11;2;2020204;2019;3;8;3;3;5;3;0;1;1;0;0;0;0;0
11;6;6020409;2019;3;17;3;3;0;2;0;1;1;0;0;0;0;1
11;3;3050920;2019;3;19;3;3;5;3;2;0;1;0;0;0;0;0
11;1;1033202;2019;3;9;3;3;6;4;0;0;1;1;0;0;0;0
11;1;1044203;2019;3;5;5;3;0;6;2;0;1;0;1;0;0;1
11;1;1011305;2019;3;9;3;3;5;2;0;1;1;0;0;0;0;0
11;4;4020310;2019;3;17;3;3;5;2;1;1;1;0;0;0;0;0
11;6;6030610;2019;3;10;3;3;5;3;0;0;1;0;0;0;0;0
11;4;4030620;2019;3;11;3;3;5;3;0;0;1;0;0;0;0;0
11;5;5030730;2019;3;16;3;3;5;3;0;1;1;0;0;0;0;0
11;4;4051653;2019;3;11;3;3;5;2;0;1;1;0;0;0;0;0
11;4;4030417;2019;3;18;3;3;5;3;2;1;1;0;0;0;0;1
11;1;1011204;2019;3;16;3;3;5;7;0;0;1;0;0;0;0;0
11;2;2050802;2019;3;16;3;3;1;5;0;1;1;0;0;0;0;1
11;11;11030618;2019;3;17;3;3;5;3;0;0;1;0;0;0;0;0
11;2;2020202;2019;3;16;3;2;6;4;0;0;1;1;0;0;0;0
11;7;7040403;2019;3;16;3;3;5;3;0;1;1;0;0;0;0;0
11;1;1011105;2019;3;9;2;3;1;5;0;1;1;0;0;0;0;0
11;1;1011401;2019;3;17;3;3;5;3;0;1;0;0;0;1;0;0
11;2;2020206;2019;3;18;2;3;2;2;2;0;1;0;0;0;0;1
11;8;8010406;2019;3;18;5;3;5;3;2;1;1;0;0;0;0;1
11;4;4051446;2019;3;16;2;3;6;4;0;0;1;1;0;0;0;0
11;4;4051653;2019;3;16;2;3;2;6;1;0;1;0;0;0;0;1
11;2;2020206;2019;3;16;2;3;5;3;0;1;1;0;0;0;0;0
11;6;6010102;2019;3;15;2;3;2;6;0;0;1;0;0;0;0;0
11;1;1022101;2019;3;14;2;3;5;7;0;0;1;0;1;0;0;0
11;5;5030730;2019;3;14;3;3;2;6;0;0;1;0;0;0;0;0
11;10;10010310;2019;3;14;2;3;5;3;0;0;1;0;0;0;0;0
11;6;6020410;2019;3;12;2;3;3;6;0;1;1;0;0;0;0;1
11;3;3061332;2019;3;11;3;3;5;7;0;1;0;0;0;0;1;0
11;7;7060604;2019;3;13;2;3;5;2;0;0;1;0;0;0;1;1
11;6;6020408;2019;3;13;2;3;1;5;0;0;1;0;1;0;0;1
11;8;8010211;2019;3;10;3;3;5;3;0;1;0;0;0;0;1;1
11;7;7040401;2019;3;12;2;3;5;3;0;0;1;0;0;0;0;1
11;4;4030518;2019;3;12;2;3;5;3;0;0;1;0;0;0;0;1
11;1;1033102;2019;3;11;2;3;1;5;0;0;1;0;1;0;0;0
11;4;4051653;2019;3;10;3;3;6;4;0;1;0;1;0;0;0;0
11;4;4020313;2019;3;9;2;3;2;6;0;0;1;0;0;0;0;1
11;8;8010404;2019;3;17;5;3;2;6;2;0;1;0;0;0;0;1
11;4;4030623;2019;3;6;2;3;3;6;0;0;1;0;0;0;0;1