LAND;BEZ;LOR_ab_2021;UJAHR;UMONAT;USTUNDE;UWOCHENTAG;UKATEGORIE;UART;UTYP1;ULICHTVERH;IstRad;IstPKW;IstFuss;IstKrad;IstGkfz;IstSonstige;USTRZUSTAND
11;4;4030930;2019;3;18;2;3;5;2;1;0;1;0;1;0;0;1
11;4;4051448;2019;3;9;3;3;5;2;0;0;1;0;1;0;0;0
11;1;1011204;2019;3;19;2;3;5;3;2;1;1;0;0;0;0;1
11;9;9020701;2019;3;19;2;3;5;3;2;1;1;0;0;0;0;1
11;2;2020202;2019;3;8;3;2;6;2;0;0;0;1;0;1;0;0
11;2;2020206;2019;3;20;2;2;5;3;2;1;1;0;0;0;0;1
11;1;1022202;2019;3;22;2;2;5;2;2;0;1;0;0;0;0;1
11;9;9010101;2019;3;8;3;3;5;3;0;1;1;0;0;0;0;1
11;1;1011301;2019;3;23;2;2;6;4;2;0;1;1;0;0;0;0
11;1;1011201;2019;3;8;3;3;5;3;0;1;1;0;0;0;0;1
11;5;5010314;2019;3;17;2;2;6;4;1;0;1;1;0;0;0;1
11;9;9020702;2019;3;8;2;3;5;3;0;0;1;0;0;0;0;0
11;2;2020203;2019;3;0;3;3;5;3;2;0;1;0;0;0;0;1
11;11;11030721;2019;3;17;2;2;0;1;0;1;0;0;0;0;0;1
11;5;5010314;2019;3;6;3;3;0;6;0;0;0;0;1;0;1;1
11;10;10040933;2019;3;4;2;3;0;6;2;0;1;0;0;0;1;1
11;1;1044103;2019;3;13;2;3;0;1;0;0;0;0;1;0;0;1
11;6;6030502;2019;3;7;3;3;5;2;0;1;1;0;0;0;0;0
11;12;12302110;2019;3;18;1;3;5;2;1;1;1;0;0;0;0;0
11;8;8020619;2019;3;13;1;3;5;2;0;0;1;0;0;0;0;1
11;4;4030827;2019;3;7;3;3;3;6;0;0;1;0;1;0;0;0
11;9;9030901;2019;3;0;1;2;1;5;2;0;1;0;0;0;0;0
11;4;4020310;2019;3;22;1;3;4;1;2;0;1;0;0;0;1;1
11;1;1033203;2019;3;16;3;3;2;6;0;0;1;0;0;0;0;0
11;3;3061131;2019;3;18;1;3;0;6;2;0;1;0;1;0;0;1
11;3;3030715;2019;3;8;3;3;5;2;0;1;1;0;0;0;0;1
11;1;1011304;2019;3;17;1;3;5;2;1;1;1;0;0;0;0;1
11;5;5020625;2019;3;16;1;3;2;1;0;0;1;0;1;0;0;1
11;5;5020626;2019;3;16;3;3;6;4;0;0;1;1;0;0;0;0
11;2;2010104;2019;3;15;1;3;3;6;0;0;1;0;1;0;0;1
11;4;4020208;2019;3;15;1;3;5;3;0;0;1;0;0;0;0;1
11;12;12214422;2019;3;10;1;3;5;3;0;0;1;0;0;0;0;1
11;3;3040614;2019;3;8;3;3;1;5;0;1;1;0;0;0;0;1
11;6;6030504;2019;3;4;1;2;6;4;2;0;0;1;0;0;1;1
11;2;2020206;2019;3;23;1;3;2;2;2;0;1;0;0;0;0;1
11;6;6020411;2019;3;10;1;3;2;6;0;0;1;0;0;0;0;1
11;3;3040614;2019;3;16;3;3;2;6;0;1;1;0;0;0;0;0
11;1;1044202;2019;3;10;1;3;5;3;0;0;1;0;0;0;0;0
11;1;1044201;2019;3;23;1;3;9;1;2;0;1;0;0;0;0;1
11;7;7010102;2019;3;13;7;3;2;6;0;0;1;0;0;0;0;0
11;7;7040404;2019;3;16;3;3;2;6;0;0;1;0;0;1;0;0
11;1;1011303;2019;3;17;7;3;6;4;1;0;1;1;0;0;0;0
11;3;3050920;2019;3;16;3;3;3;6;0;0;1;0;0;0;1;0
11;4;4030620;2019;3;18;7;3;5;2;2;1;1;0;0;0;0;0
11;5;5020524;2019;3;14;7;3;5;3;0;0;1;0;0;0;0;0
11;4;4030416;2019;3;14;3;3;1;5;0;0;1;0;1;0;0;0
11;11;11020513;2019;3;13;7;3;5;2;0;0;1;0;0;0;0;0
11;4;4030621;2019;3;12;7;3;3;1;0;1;0;0;0;0;1;0
11;3;3051017;2019;3;18;7;3;5;3;2;0;1;0;0;0;0;0
11;4;4010101;2019;3;14;3;2;5;2;0;0;1;0;1;0;0;0
11;7;7020203;2019;3;12;7;3;6;4;0;1;0;1;0;0;0;0
11;9;9020702;2019;3;18;5;2;6;2;2;0;1;1;0;0;0;1
11;2;2040502;2019;3;12;7;3;5;7;0;0;1;0;0;0;0;0
11;1;1022201;2019;3;6;7;3;2;6;2;0;1;0;0;0;1;1
11;1;1011201;2019;3;19;7;3;2;2;2;0;1;0;0;0;0;0
11;12;12103218;2019;3;14;3;3;5;3;0;0;1;0;0;0;0;0
11;8;8041037;2019;3;19;7;2;6;7;2;1;0;1;0;0;0;0
11;1;1033202;2019;3;18;5;3;5;2;1;1;1;0;0;0;0;1
11;5;5020523;2019;3;18;7;2;1;1;2;0;1;0;0;0;0;0
11;3;3071537;2019;3;1;7;3;5;5;2;0;1;0;0;0;0;0
11;4;4051446;2019;3;18;2;3;6;2;1;0;1;1;0;0;0;0
11;11;11051332;2019;3;1;7;3;0;1;2;1;0;0;0;0;0;0
11;2;2050802;2019;3;15;6;2;5;2;0;1;1;0;0;0;0;0
11;3;3040818;2019;3;14;2;3;2;6;0;0;1;0;0;0;0;1
11;1;1011201;2019;3;17;6;3;2;2;1;0;1;0;0;0;0;0
11;8;8020622;2019;3;17;6;3;6;4;0;1;0;1;0;0;0;0
11;2;2010104;2019;3;16;6;3;2;3;0;1;0;0;0;0;1;0
11;2;2020204;2019;3;19;2;3;6;2;2;0;1;1;0;0;0;1
11;3;3040614;2019;3;13;6;3;6;3;0;0;1;1;0;0;0;0
11;4;4020311;2019;3;12;2;3;6;2;0;0;1;1;0;0;0;0
11;4;4030931;2019;3;14;6;3;2;2;0;0;0;0;0;0;1;0
11;5;5020626;2019;3;14;6;2;5;3;0;1;0;0;1;0;0;0
11;6;6010207;2019;3;12;2;3;5;7;0;0;1;0;1;0;0;1
11;4;4031032;2019;3;12;6;3;5;3;0;0;1;0;0;0;0;0
11;9;9020701;2019;3;13;6;3;5;2;0;1;1;0;0;0;0;0
11;6;6040809;2019;3;14;6;3;0;7;0;0;1;0;0;0;0;0
11;1;1011303;2019;3;8;6;3;5;7;0;0;1;0;1;0;0;0
11;5;5030731;2019;3;7;2;3;0;5;0;0;1;0;0;0;0;0
11;10;10030727;2019;3;8;6;2;0;6;0;0;1;0;0;0;1;0
11;3;3020209;2019;3;14;6;3;5;3;0;1;1;0;0;0;0;0
11;9;9051701;2019;3;8;2;3;5;3;0;1;1;0;0;0;0;1
11;1;1011402;2019;3;1;6;3;3;6;2;0;1;0;0;0;0;0
11;8;8010213;2019;3;19;6;3;5;3;2;0;1;0;0;0;0;0
11;3;3061441;2019;3;18;6;2;4;2;2;0;1;0;1;0;0;0
11;8;8010301;2019;3;10;2;3;2;6;0;0;0;0;0;0;1;0
11;1;1022207;2019;3;18;6;3;2;6;2;0;1;0;0;0;0;0
11;4;4051446;2019;3;11;2;3;5;3;0;1;1;0;0;0;0;1
11;5;5010206;2019;3;18;6;3;0;2;2;0;1;0;1;0;0;0
11;10;10040830;2019;2;13;5;3;3;6;0;1;0;0;0;0;1;0
11;10;10030727;2019;3;13;2;3;6;4;0;0;1;1;0;0;0;1
11;8;8010301;2019;2;16;5;3;5;3;0;0;1;0;1;0;0;0
11;4;4020311;2019;2;10;5;3;5;3;0;0;1;0;0;0;0;0
11;8;8020620;2019;3;15;2;3;5;3;0;0;1;0;0;0;0;1
11;5;5030833;2019;2;12;5;3;5;2;0;0;1;0;1;0;0;0
11;8;8040933;2019;2;8;5;3;5;2;0;0;1;0;1;0;0;0
11;12;12304314;2019;3;15;2;3;2;6;0;0;1;0;0;0;0;0
11;7;7040401;2019;2;8;5;3;5;7;0;0;1;0;1;0;0;0
11;12;12214424;2019;2;15;5;3;5;3;0;0;1;0;0;0;0;0
11;8;8040933;2019;2;15;5;2;5;2;0;0;1;0;0;0;0;0
11;11;11030618;2019;3;16;2;3;2;6;0;0;1;0;0;0;0;1
11;1;1022204;2019;2;16;5;2;6;4;0;0;1;1;0;0;0;0
11;11;11030619;2019;3;19;2;3;6;4;2;0;1;1;0;0;0;1
11;1;2040501;2019;2;16;5;2;3;6;1;1;0;0;0;0;0;0
11;4;4030620;2019;2;16;5;3;5;2;0;1;1;0;0;0;0;0
11;8;8030829;2019;3;21;2;2;6;4;2;0;1;1;0;0;0;1
11;1;1011203;2019;2;17;5;3;6;7;1;0;1;1;0;0;0;0
11;12;12214527;2019;2;11;5;3;6;7;0;0;1;1;0;0;0;0
11;11;11030720;2019;2;11;5;2;5;2;0;0;1;0;1;0;0;0
11;2;2020205;2019;3;22;2;3;2;6;2;1;0;0;0;1;0;1
11;3;3040614;2019;2;11;5;2;6;4;0;0;1;1;0;0;0;0
11;5;5010206;2019;3;5;5;2;6;4;2;0;1;1;0;0;0;1
11;8;8010117;2019;3;8;2;3;3;6;0;0;0;0;0;0;1;1
11;2;2020206;2019;3;19;5;3;5;2;2;0;1;0;1;0;0;1
11;10;10010309;2019;3;12;2;3;0;1;0;0;0;0;1;0;0;1
11;1;1011302;2019;3;10;1;3;5;2;0;1;1;0;0;0;0;0
11;2;2050802;2019;3;15;5;3;5;3;0;1;1;0;0;0;0;1
11;7;7010104;2019;3;20;1;2;0;1;2;0;0;0;1;0;0;0
11;9;9041402;2019;3;14;1;2;3;6;0;1;0;0;0;0;0;0
11;1;1022104;2019;3;22;5;3;6;2;2;0;1;1;0;0;0;1
11;9;9051801;2019;3;14;1;3;5;3;0;1;1;0;0;0;0;0
11;5;5010312;2019;3;16;5;3;1;5;0;1;1;0;0;0;0;1
11;11;11020516;2019;3;13;1;3;3;6;0;1;1;0;0;0;0;0
11;8;8020625;2019;3;16;5;2;5;3;0;0;1;0;0;0;0;1
11;7;7030301;2019;3;12;1;3;2;6;0;0;1;0;0;0;0;0
11;1;1011301;2019;3;11;1;3;6;4;0;0;1;1;0;0;0;0
11;1;3071537;2019;3;11;1;3;2;7;0;1;1;0;0;0;0;0
11;7;7040401;2019;3;10;1;3;5;3;0;0;1;0;0;0;0;0
11;6;6040810;2019;3;10;1;3;5;3;0;0;1;0;0;0;0;0
11;8;8041036;2019;3;14;6;3;5;3;0;0;1;0;0;0;0;0
11;4;4030931;2019;3;0;1;3;5;2;2;1;1;0;0;0;0;0
11;12;12103218;2019;3;13;1;1;6;4;0;0;0;1;1;0;0;0
11;4;4030620;2019;3;8;5;3;5;2;0;1;1;0;0;0;0;1
11;10;10020622;2019;3;9;7;3;6;2;0;0;1;1;0;0;0;0
11;5;5010101;2019;3;16;5;3;2;6;0;0;1;0;0;0;1;1
11;1;1044101;2019;3;13;7;3;2;6;0;0;1;0;0;0;0;0
11;10;10020412;2019;3;16;5;3;6;4;0;0;1;1;0;0;0;1
11;2;2050803;2019;3;5;7;3;4;1;2;0;1;0;0;0;0;1
11;6;6030610;2019;3;9;7;3;2;6;0;0;1;0;0;0;0;0
11;1;1022203;2019;3;0;5;3;5;3;2;0;1;0;0;0;0;1
11;5;5030730;2019;3;14;7;3;2;6;0;0;1;0;0;0;0;0
11;8;8020622;2019;3;16;5;3;3;6;0;0;1;0;0;0;0;1
11;5;5020629;2019;3;14;7;3;6;7;0;0;1;1;0;0;0;0
11;7;7010102;2019;3;16;5;3;6;4;0;0;1;1;0;0;0;1
11;5;5010209;2019;3;12;7;3;5;2;0;0;1;0;1;0;0;0
11;8;8040933;2019;3;10;7;3;5;3;0;0;1;0;1;0;0;0
11;5;5010314;2019;3;17;5;3;5;2;0;0;1;0;0;0;0;1
11;5;5020524;2019;3;11;7;3;5;2;0;0;1;0;0;0;1;0
11;5;5020625;2019;3;12;7;3;0;6;0;0;0;0;1;0;1;0
11;7;7040403;2019;3;22;6;3;5;3;2;0;1;0;0;0;0;0
11;11;11020514;2019;3;15;5;3;0;1;0;1;0;0;0;0;0;1
11;2;2010103;2019;3;14;7;3;1;5;0;1;1;0;0;0;0;0
11;6;6020302;2019;3;14;7;2;0;6;0;0;0;0;0;0;1;0
11;4;4051446;2019;3;12;5;3;2;6;0;0;1;0;0;0;0;0
11;1;1011402;2019;3;14;7;3;1;5;0;1;1;0;0;0;0;0
11;2;2020206;2019;3;18;5;3;0;5;1;0;1;0;1;0;0;1
11;5;5040934;2019;3;14;7;3;5;3;0;1;1;0;0;0;0;0
11;5;5010101;2019;3;12;5;2;9;1;0;0;1;0;0;0;0;1
11;8;8020620;2019;3;15;7;3;1;5;0;1;1;0;0;0;0;0
11;4;4031032;2019;3;15;7;3;6;7;0;0;1;1;0;0;0;0
11;1;1011103;2019;3;18;5;3;5;3;0;1;1;0;0;0;0;0
11;1;1011301;2019;3;13;5;3;8;1;0;0;0;0;1;0;0;0
11;4;4030930;2019;3;15;7;3;1;5;0;1;1;0;0;0;0;0
11;1;1022206;2019;3;6;7;3;5;3;0;0;1;0;0;0;0;0
11;6;6010209;2019;3;17;5;3;0;6;0;0;1;0;1;0;0;1
11;4;4030519;2019;3;9;7;3;2;6;0;0;1;0;0;0;0;0
11;4;4051655;2019;3;15;7;3;1;5;0;1;1;0;0;0;0;0
11;9;9020502;2019;3;17;6;3;5;3;0;0;1;0;1;0;0;0
11;4;4030827;2019;3;9;4;3;5;7;0;0;1;0;0;0;0;0
11;11;11030721;2019;3;10;7;3;5;3;0;0;1;0;0;0;0;0
11;1;1011303;2019;3;19;5;3;1;5;2;1;1;0;0;0;0;0
11;12;12224230;2019;3;19;7;3;0;3;2;0;1;0;1;0;0;0
11;10;10040931;2019;3;10;4;3;5;3;0;1;1;0;0;0;0;0
11;3;3020210;2019;3;10;7;3;5;2;0;0;1;0;1;0;0;0
11;1;1011203;2019;3;7;4;3;5;2;0;1;1;0;0;0;0;0
11;2;2040703;2019;3;2;7;3;2;4;2;0;1;1;0;0;0;0
11;2;2030302;2019;3;9;7;2;8;1;0;0;1;0;0;0;0;0
11;2;2030302;2019;3;6;4;3;2;2;0;1;1;0;0;0;0;0
11;2;2030301;2019;3;2;7;2;0;1;2;1;0;0;0;0;0;0
11;5;5030730;2019;3;17;6;3;6;2;0;0;0;1;0;0;1;0
11;10;10040932;2019;3;14;6;2;0;1;0;0;0;0;1;0;0;0
11;8;8010301;2019;3;23;6;3;5;3;2;1;1;0;0;0;0;0
11;1;1011202;2019;3;22;4;2;5;3;2;0;1;0;0;0;1;1
11;6;6030610;2019;3;8;6;3;0;2;0;0;0;0;0;0;1;0
11;2;2020204;2019;3;17;6;2;5;7;0;1;1;0;0;0;0;0
11;12;12231101;2019;3;0;6;3;0;7;2;0;1;0;1;0;0;1
11;9;9030901;2019;3;16;6;3;5;3;0;1;1;0;0;0;0;0
11;10;10040830;2019;3;16;4;3;2;2;0;0;1;0;0;0;1;0
11;9;9051901;2019;3;9;6;2;6;4;0;0;1;1;0;0;0;0
11;9;9030901;2019;3;11;6;3;5;3;0;1;1;0;0;0;0;0
11;1;1011203;2019;3;8;6;3;1;5;0;1;1;0;0;0;1;0
11;6;6040810;2019;3;15;4;3;2;2;0;1;1;0;0;0;0;0
11;1;1044201;2019;3;8;6;3;0;2;0;0;1;0;0;0;1;0
11;7;7040405;2019;3;14;4;3;5;3;0;0;1;0;0;0;0;0
11;4;4031032;2019;3;7;6;3;3;6;0;1;1;0;0;0;0;0
11;2;2050801;2019;3;7;6;3;0;7;0;0;1;0;1;0;0;0
11;9;9010301;2019;3;13;4;3;5;2;0;0;1;0;0;1;0;0
11;6;6010205;2019;3;14;6;2;3;6;0;0;1;0;1;0;0;0
11;2;2010102;2019;3;15;6;2;1;5;0;0;1;0;0;0;1;0
11;6;6010207;2019;3;16;5;3;0;6;0;0;1;0;0;0;1;0
11;1;1022106;2019;3;18;6;2;5;2;1;0;0;0;1;0;1;0
11;4;4030518;2019;3;17;4;3;5;2;0;0;1;0;0;0;0;0
11;9;9052001;2019;3;14;6;3;2;6;0;0;1;0;0;0;0;0
11;5;5030833;2019;3;11;4;3;5;3;0;1;1;0;0;0;0;0
11;5;5010101;2019;3;19;6;3;5;3;2;1;1;0;0;0;0;0
11;8;8010301;2019;3;12;6;3;5;3;0;0;1;0;0;0;0;0
11;12;12103116;2019;3;19;6;2;5;3;2;0;1;0;0;0;0;0
11;1;1011103;2019;3;21;4;3;5;3;2;1;1;0;0;0;0;1
11;1;1022206;2019;3;8;5;3;5;2;0;1;1;0;0;0;0;0
11;8;8010404;2019;3;22;4;3;5;3;2;0;1;0;0;0;0;1
11;12;12214424;2019;3;23;5;3;5;2;2;0;1;0;0;0;0;0
11;1;1011103;2019;3;21;5;3;2;6;2;0;1;0;0;0;0;0
11;2;2010104;2019;3;23;4;3;2;2;2;0;1;0;0;0;0;1
11;9;9051702;2019;3;20;5;3;6;4;2;0;1;1;0;0;0;0
11;1;1022203;2019;3;19;5;3;0;7;2;1;0;0;0;0;1;0
11;6;6020302;2019;3;11;6;3;1;5;0;1;1;0;0;0;0;0
11;5;5040938;2019;3;10;4;3;5;3;0;0;1;0;0;0;1;0
11;12;12231101;2019;3;19;5;3;5;3;2;1;1;0;0;0;0;0
11;4;4030620;2019;3;16;5;3;0;3;0;1;1;0;0;0;0;0
11;3;3061332;2019;3;7;5;3;1;5;0;1;1;0;0;0;0;1
11;12;12214422;2019;3;16;5;3;6;4;0;0;1;1;0;0;0;0
11;6;6040806;2019;3;9;4;3;5;2;0;0;1;0;1;0;0;0
11;5;5020629;2019;3;16;5;2;2;6;0;0;1;0;0;0;0;0
11;6;6020303;2019;3;9;4;3;5;2;0;0;1;0;1;0;0;0
11;4;4051448;2019;3;15;5;3;2;6;0;0;1;0;0;0;0;0
11;1;1044201;2019;3;15;5;3;2;2;0;1;1;0;0;0;0;0
11;1;1011302;2019;3;21;4;3;2;6;2;0;1;0;1;0;0;1
11;3;3061126;2019;3;15;5;3;6;4;0;0;1;1;0;0;0;0
11;5;5020625;2019;3;15;5;3;5;3;0;0;1;0;0;0;0;0
11;2;2050802;2019;3;17;6;3;0;3;0;1;1;0;0;0;0;0
11;3;3040512;2019;3;8;4;3;0;1;0;1;0;0;0;0;0;0
11;4;4030931;2019;3;15;5;3;3;6;0;1;0;0;0;0;1;0
11;12;12214527;2019;3;13;5;2;5;3;0;0;1;0;0;1;0;0
11;4;4051654;2019;3;12;5;3;5;3;0;1;1;0;0;0;0;1
11;4;4051448;2019;3;13;5;3;2;7;0;1;1;0;0;0;0;0
11;7;7050503;2019;3;12;6;3;2;6;0;0;1;0;0;0;0;0
11;6;6010209;2019;3;21;4;3;6;2;2;0;1;1;0;0;0;1
11;7;7060604;2019;3;13;5;3;2;6;0;0;1;0;1;0;0;0
11;3;3040614;2019;3;11;5;3;5;3;0;0;1;0;0;0;0;0
11;8;8010301;2019;3;9;5;3;6;4;0;0;0;1;1;0;0;0
11;5;5030731;2019;3;14;5;3;0;1;0;0;1;0;0;0;1;0
11;5;5030731;2019;3;8;4;3;5;2;0;0;1;0;0;0;0;0
11;9;9010401;2019;3;14;5;3;0;3;0;0;1;0;1;0;0;0
11;9;9051901;2019;3;18;4;3;3;6;2;0;1;0;1;0;0;0
11;5;5020521;2019;3;14;5;3;5;3;0;1;0;0;0;0;1;0
11;4;4030415;2019;3;13;5;3;1;5;0;1;0;0;0;0;1;0
11;9;9031101;2019;3;17;4;3;0;5;0;1;1;0;0;0;0;0
11;4;4030724;2019;3;13;5;2;2;6;0;1;0;0;0;1;0;0
11;6;6030608;2019;3;9;5;3;5;3;0;0;1;0;0;0;0;0
11;4;4010101;2019;3;17;6;3;5;3;0;0;1;0;0;0;0;0
11;11;11051229;2019;3;6;4;3;2;6;0;1;1;0;0;0;0;0
11;1;1011204;2019;3;8;5;3;5;3;0;1;1;0;0;0;0;0
11;7;7010102;2019;3;14;5;3;5;3;0;0;1;0;1;0;0;0
11;2;2010103;2019;3;8;5;3;2;6;0;0;1;0;0;0;0;0
11;1;1011105;2019;3;17;4;3;5;2;0;1;1;0;0;0;0;0
11;7;7050503;2019;3;7;5;3;5;3;0;1;1;0;0;0;0;0
11;4;4051551;2019;3;17;4;3;2;6;0;0;1;0;0;0;0;0
11;10;10040933;2019;3;7;5;2;5;3;0;0;1;0;1;0;0;0
11;3;3061126;2019;3;7;5;3;5;2;0;1;1;0;0;0;0;0
11;8;8010116;2019;3;5;4;3;6;2;0;0;1;1;0;0;0;0
11;3;3020307;2019;3;6;5;3;5;3;1;0;1;0;0;0;0;0
11;1;1011203;2019;3;4;4;3;6;2;2;0;1;1;0;0;0;0
11;1;1022104;2019;3;6;5;3;0;1;0;1;0;0;0;0;0;0
11;9;9031001;2019;3;14;4;2;0;3;0;1;0;0;0;0;1;0
11;12;12214422;2019;3;16;4;3;0;6;0;0;1;0;1;0;0;1
11;1;1011201;2019;3;21;4;3;0;6;2;0;1;0;1;0;0;0
11;1;1033203;2019;3;8;4;3;1;5;0;1;0;0;0;0;1;0
11;6;6020302;2019;3;14;6;3;2;6;0;0;1;0;0;0;0;0
11;12;12214125;2019;3;21;4;3;5;3;2;0;1;0;0;0;0;0
11;2;2050601;2019;3;10;3;3;6;4;0;1;0;1;0;0;0;0
11;8;8010117;2019;3;18;4;3;2;6;1;0;1;0;0;0;0;0
11;2;2050802;2019;3;12;3;3;5;2;0;1;0;0;0;0;1;1
11;9;9041601;2019;3;18;4;3;5;3;1;1;1;0;0;0;0;0
11;3;3061126;2019;3;18;4;3;5;3;1;1;1;0;0;0;0;0
11;5;5020625;2019;3;7;3;3;5;2;0;1;1;0;0;0;0;0
11;10;10040933;2019;3;17;4;3;2;1;1;0;1;0;0;0;0;0
11;1;1044102;2019;3;17;4;3;5;2;0;1;1;0;0;0;0;0
11;4;4020311;2019;3;8;3;3;2;6;0;0;1;0;0;0;0;0
11;11;11030721;2019;3;16;4;3;2;2;0;0;1;0;0;0;0;0
11;11;11010205;2019;3;16;4;3;2;2;2;0;1;0;0;0;0;0
11;8;8020727;2019;3;16;5;2;2;6;0;0;1;0;0;0;0;1
11;2;2040703;2019;3;16;4;3;3;6;0;1;0;0;0;1;0;0
11;1;1011303;2019;3;9;4;3;5;2;0;1;1;0;0;0;0;0
11;12;12214424;2019;3;20;3;2;0;7;2;0;0;0;1;0;0;1
11;12;12103115;2019;3;22;4;2;5;2;2;0;1;0;0;0;0;0
11;1;1033202;2019;3;18;4;3;9;1;2;0;0;0;0;0;1;0
11;1;1011402;2019;3;10;5;3;0;7;0;1;0;0;0;0;0;1
11;6;6020302;2019;3;16;4;3;2;6;0;0;1;0;0;0;0;0
11;10;10010207;2019;3;19;3;3;5;3;2;1;1;0;0;0;0;0
11;1;1044101;2019;3;16;4;3;5;3;0;0;1;0;0;0;0;0
11;2;2010102;2019;3;18;3;3;1;5;1;1;0;0;0;0;1;0
11;2;2030302;2019;3;15;4;3;1;5;0;1;1;0;0;0;0;0
11;12;12224230;2019;3;15;4;3;0;7;0;0;1;0;0;0;0;0
11;3;3061227;2019;3;15;4;2;5;3;0;0;1;0;1;0;1;0
11;1;1022102;2019;3;16;3;3;5;2;0;0;1;0;0;0;0;0
11;2;2050601;2019;3;12;4;3;3;6;0;1;0;0;0;0;0;0
11;12;12214424;2019;3;12;4;3;6;4;0;1;0;1;0;0;0;0
11;1;1011203;2019;3;9;6;3;0;5;0;0;1;0;0;0;0;0
11;5;5030832;2019;3;15;3;3;2;6;0;0;1;0;0;0;0;1
11;12;12214422;2019;3;11;4;3;2;6;0;0;1;0;0;0;0;0
11;12;12231102;2019;3;6;4;3;5;3;0;1;1;0;0;0;0;0
11;8;8020727;2019;3;8;5;3;5;3;0;0;1;0;0;0;0;1
11;11;11010207;2019;3;6;4;3;6;4;0;0;0;1;0;0;1;0
11;10;10020416;2019;3;15;3;3;6;4;0;0;0;1;0;0;1;1
11;4;4051551;2019;3;6;4;3;6;2;0;0;0;1;0;0;1;0
11;8;8010301;2019;3;18;3;3;0;6;0;0;1;0;0;0;1;0
11;3;3030405;2019;3;7;4;3;5;3;0;1;1;0;0;0;0;0
11;10;10020413;2019;3;7;4;3;5;3;0;0;1;0;0;0;1;0
11;10;10010309;2019;3;17;3;2;5;3;0;0;1;0;0;0;0;1
11;10;10010309;2019;3;7;4;3;0;7;0;0;1;0;0;0;1;0
11;7;7040403;2019;3;19;3;3;2;2;2;0;1;0;0;0;1;0
11;3;3061227;2019;3;8;4;3;2;7;0;0;1;0;0;0;0;0
11;1;1011201;2019;3;8;4;2;5;2;0;1;0;0;0;1;0;0
11;4;4010103;2019;3;10;4;3;3;6;0;0;1;0;0;1;0;0
11;12;12301204;2019;3;15;3;3;5;3;0;1;1;0;0;0;0;0
11;4;4030726;2019;3;11;4;2;5;3;0;1;1;0;0;0;0;0
11;8;8041036;2019;3;7;4;3;5;3;0;1;1;0;0;0;0;0
11;1;1033203;2019;3;23;6;3;0;1;2;1;0;0;0;0;0;0
11;1;1011202;2019;3;15;3;3;0;4;0;1;0;1;0;0;0;1
11;4;4030620;2019;3;11;4;2;0;7;0;1;0;0;0;0;0;0
11;1;1033203;2019;3;19;4;1;6;4;1;0;1;1;0;0;1;0
11;9;9020701;2019;3;11;5;3;5;2;0;1;0;0;0;1;0;0
11;4;4030726;2019;3;13;3;3;1;5;0;1;1;0;0;0;1;0
11;5;5020626;2019;3;15;3;3;6;4;0;0;1;1;0;0;0;1
11;6;6010209;2019;3;9;3;3;5;3;0;0;1;0;1;0;0;0
11;6;6020303;2019;3;15;3;2;1;5;0;0;1;0;1;0;0;1
11;8;8010510;2019;3;8;3;2;5;3;0;0;1;0;0;0;0;0
11;3;3030711;2019;3;7;3;3;5;2;0;1;1;0;0;0;0;0
11;8;8010509;2019;3;15;3;3;5;3;0;1;1;0;0;0;0;1
11;6;6040701;2019;3;18;3;2;1;5;1;1;1;0;0;0;0;0
11;1;1011301;2019;3;19;3;3;3;6;2;0;1;0;0;0;0;0
11;3;3061228;2019;3;16;6;3;2;6;0;0;1;0;1;0;0;0
11;8;8010117;2019;3;15;3;3;6;4;0;0;1;1;0;0;0;1
11;8;8020622;2019;3;15;3;3;6;4;0;0;1;1;0;0;0;1
11;5;5010103;2019;3;19;3;3;5;3;2;0;1;0;0;0;0;0
11;11;11020513;2019;3;23;3;3;5;2;2;0;1;0;0;0;1;0
11;7;7010102;2019;3;16;6;3;0;2;0;0;1;0;1;0;0;0
11;1;1011102;2019;3;15;3;3;5;3;0;0;1;0;0;0;0;1
11;7;7050503;2019;3;17;3;2;0;1;0;1;0;0;0;0;0;0
11;8;8010301;2019;3;20;5;3;1;5;2;1;1;0;0;0;0;1
11;1;1044102;2019;3;11;3;3;1;5;0;0;1;0;0;1;0;0
11;2;2040502;2019;3;15;3;3;2;6;0;0;1;0;0;0;0;1
11;4;4030929;2019;3;11;3;2;0;5;0;0;1;0;1;0;0;0
11;12;12302109;2019;3;15;3;3;5;3;0;0;1;0;0;0;0;1
11;7;7050503;2019;3;11;3;2;3;6;0;0;0;0;1;0;1;0
11;2;2020204;2019;3;9;3;3;0;2;0;1;0;0;0;0;1;0
11;1;1011302;2019;3;15;3;3;3;6;0;1;0;0;0;0;1;1
11;1;1044101;2019;3;9;3;3;6;4;0;0;1;1;0;0;0;0
11;5;5020627;2019;3;7;3;3;6;2;0;0;0;1;0;1;0;0
11;7;7010102;2019;3;14;6;3;5;2;0;0;1;0;0;0;0;0
11;6;6010209;2019;3;7;3;3;1;5;0;1;1;0;0;0;0;1
11;6;6020409;2019;3;9;3;3;0;5;0;0;1;0;0;0;1;0
11;2;2050803;2019;3;17;3;3;3;2;0;0;1;0;1;0;0;0
11;1;1011303;2019;3;19;3;3;6;4;2;1;0;1;0;0;0;0
11;2;2030302;2019;3;17;3;2;6;4;1;0;1;1;0;0;0;0
11;8;8010301;2019;3;16;3;3;5;2;0;0;1;0;0;0;0;0
11;5;5020626;2019;3;15;3;3;0;4;0;0;0;1;0;0;1;0
11;7;7040401;2019;3;13;3;3;1;7;0;1;0;0;0;0;1;0
11;3;3020209;2019;3;14;3;3;5;2;0;1;0;0;0;0;0;0