LAND;BEZ;LOR_ab_2021;UJAHR;UMONAT;USTUNDE;UWOCHENTAG;UKATEGORIE;UART;UTYP1;ULICHTVERH;IstRad;IstPKW;IstFuss;IstKrad;IstGkfz;IstSonstige;USTRZUSTAND
11;9;9041501;2019;4;14;2;3;0;7;0;1;0;1;0;0;0;0
11;10;10040931;2019;4;14;2;3;5;3;0;1;0;0;0;0;0;0
11;9;9020701;2019;4;14;2;2;4;1;0;0;1;0;0;0;0;0
11;9;9031001;2019;4;13;2;3;0;2;0;0;1;0;0;0;1;0
11;8;8030830;2019;4;13;2;3;2;6;0;1;1;0;0;0;0;0
11;9;9041601;2019;4;10;2;3;5;3;0;1;1;0;0;0;0;0
11;2;2020202;2019;4;9;2;2;5;3;0;0;1;0;1;0;0;0
11;9;9030901;2019;4;10;1;2;5;3;0;0;1;0;0;0;1;0
11;4;4010101;2019;4;18;1;3;6;4;0;1;0;1;0;0;0;0
11;7;7060604;2019;4;16;1;3;5;3;0;1;1;0;0;0;0;0
11;8;8020726;2019;4;16;1;3;5;3;0;0;1;0;1;0;0;0
11;9;9041301;2019;4;16;1;3;6;7;0;1;0;1;0;0;0;0
11;2;2030302;2019;4;15;1;3;6;7;0;1;0;1;0;0;0;0
11;3;3061126;2019;4;11;1;3;5;7;0;1;1;0;0;0;0;0
11;10;10010204;2019;4;17;1;2;1;5;0;1;1;0;0;0;0;0
11;8;8010404;2019;4;3;1;3;1;1;2;0;1;0;0;0;1;0
11;11;11010206;2019;4;14;1;3;0;2;0;0;0;0;0;0;1;0
11;3;3071536;2019;4;16;1;3;1;1;0;0;1;0;1;0;0;0
11;11;11030619;2019;4;7;1;3;0;1;0;1;0;0;0;0;0;0
11;1;1044201;2019;4;15;1;3;5;2;0;0;1;0;0;0;1;0
11;1;1033201;2019;4;18;1;3;0;1;0;0;0;0;1;0;0;0
11;5;5010313;2019;4;3;7;1;9;1;2;0;1;0;0;1;0;0
11;3;3020203;2019;4;17;7;3;5;2;0;1;1;0;0;0;0;0
11;9;9051702;2019;4;9;7;2;1;5;0;1;1;0;0;0;0;0
11;7;7060604;2019;4;14;7;3;1;5;0;1;1;0;0;0;0;0
11;4;4030827;2019;4;20;7;3;1;5;1;1;1;0;0;0;0;0
11;2;2010104;2019;4;18;7;3;5;2;0;1;1;0;0;0;0;0
11;8;8010404;2019;4;15;7;3;3;6;0;1;1;0;0;0;0;0
11;9;9051702;2019;4;15;7;3;6;4;0;0;1;1;0;0;0;0
11;5;5010206;2019;4;13;7;3;5;2;0;0;1;0;0;0;0;0
11;6;6030501;2019;4;13;7;3;0;7;0;1;0;0;0;0;0;0
11;2;2020203;2019;4;12;7;3;5;2;0;0;1;0;0;0;1;0
11;8;8010301;2019;4;11;7;3;2;2;0;0;0;0;1;0;1;0
11;7;7070703;2019;4;1;7;3;0;3;2;0;1;0;0;0;1;0
11;8;8041037;2019;4;7;7;2;5;3;0;0;1;0;0;0;0;0
11;12;12214424;2019;4;8;7;3;5;2;0;1;1;0;0;0;0;0
11;6;6010205;2019;4;9;7;3;5;3;0;1;1;0;0;0;0;0
11;7;7070703;2019;4;10;7;3;2;6;0;0;1;0;0;0;0;0
11;6;6030609;2019;4;10;7;2;6;2;0;0;1;1;0;0;0;0
11;7;7050501;2019;4;10;7;3;2;2;0;0;1;0;0;0;0;0
11;2;2040701;2019;4;5;7;2;5;3;2;0;1;0;0;0;1;0
11;11;11030721;2019;5;14;5;3;5;7;0;1;1;0;0;0;0;1
11;1;1033102;2019;5;14;5;3;0;6;0;1;1;0;0;0;0;0
11;6;6010207;2019;5;17;5;3;1;5;0;1;1;0;0;0;0;0
11;9;9020701;2019;5;12;5;3;5;3;0;1;1;0;0;0;0;0
11;6;6020306;2019;5;17;5;3;5;3;0;0;1;0;0;0;0;0
11;9;9010302;2019;5;14;5;3;5;3;0;0;1;0;1;0;0;1
11;4;4030828;2019;5;13;5;3;1;5;0;1;1;0;0;0;0;1
11;2;2040503;2019;5;17;5;3;2;6;0;1;1;0;0;0;0;0
11;7;7010101;2019;5;14;5;3;5;2;0;1;1;0;0;0;0;0
11;11;11040926;2019;5;17;5;3;5;2;0;1;1;0;0;0;0;0
11;3;3020209;2019;5;16;5;3;5;3;0;1;1;0;0;0;0;0
11;2;2040701;2019;5;16;5;3;0;3;0;1;1;0;0;0;0;0
11;12;12103218;2019;5;16;5;3;2;6;0;0;1;0;0;1;0;0
11;9;9031202;2019;5;5;5;2;4;6;1;0;0;0;0;0;1;1
11;9;9041501;2019;5;9;5;2;6;3;0;0;1;1;0;0;0;0
11;4;4051652;2019;5;8;5;3;3;6;0;1;1;0;0;0;0;0
11;1;1011302;2019;5;9;5;3;5;3;0;1;0;0;0;0;1;0
11;8;8010404;2019;5;7;5;3;2;3;0;1;0;0;0;0;0;0
11;2;2020201;2019;5;7;5;3;5;2;0;1;1;0;0;0;0;1
11;10;10020622;2019;5;7;5;3;5;3;0;1;1;0;0;0;0;0
11;2;2050601;2019;5;7;5;3;5;2;0;1;0;0;0;0;1;1
11;12;12214422;2019;5;7;5;3;5;2;0;1;0;0;0;0;1;0
11;10;10030724;2019;5;14;5;3;5;2;0;0;0;0;1;0;1;1
11;12;12103115;2019;5;13;5;3;5;3;0;1;1;0;0;0;0;1
11;2;2050601;2019;5;13;5;2;4;6;0;0;1;0;0;1;0;1
11;5;5020523;2019;5;13;5;2;5;2;0;0;1;0;0;0;0;0
11;9;9052001;2019;5;12;5;3;5;2;0;1;0;0;0;0;0;0
11;1;1011105;2019;5;11;5;2;5;3;0;0;1;0;0;0;0;0
11;4;4041137;2019;5;10;5;3;5;2;0;0;1;0;0;0;0;0
11;4;4020208;2019;5;10;5;3;6;2;0;0;1;1;0;0;0;0
11;10;10020414;2019;5;6;4;3;5;2;0;1;1;0;0;0;0;0
11;11;11041128;2019;5;10;4;3;3;6;0;0;0;0;1;0;1;0
11;3;3071537;2019;5;13;4;3;5;2;0;1;1;0;0;0;0;0
11;5;5040934;2019;5;10;4;3;2;6;0;0;1;0;0;0;0;0
11;7;7030303;2019;5;20;4;3;6;4;0;0;1;1;0;0;0;0
11;5;5040936;2019;5;18;4;3;5;3;0;0;1;0;0;0;0;0
11;2;2050802;2019;5;8;4;3;0;6;0;1;1;0;0;0;0;0
11;11;11041022;2019;5;7;4;2;6;4;0;0;0;1;0;0;1;0
11;5;5010101;2019;5;21;4;3;5;3;2;1;1;0;0;0;0;0
11;3;3061228;2019;5;20;4;2;5;2;1;1;1;0;0;0;0;0
11;10;10040933;2019;5;16;4;3;5;3;0;1;1;0;0;0;0;0
11;7;7030303;2019;5;16;4;3;5;2;0;0;1;0;1;0;0;0
11;8;8041036;2019;5;15;4;3;5;3;0;1;1;0;0;0;0;0
11;1;1011303;2019;5;15;4;3;2;2;0;1;1;0;0;0;0;0
11;1;1022206;2019;5;17;4;3;2;6;0;0;1;0;0;0;0;0
11;4;4020310;2019;5;17;4;3;5;3;0;0;1;0;0;0;0;0
11;1;1011303;2019;5;16;4;3;2;6;0;0;1;0;1;0;0;0
11;4;4030930;2019;5;16;4;3;2;6;0;0;1;0;0;0;0;0
11;6;6040805;2019;5;16;4;3;0;1;0;1;0;0;0;0;0;0
11;7;7030303;2019;5;15;4;3;2;6;0;0;1;0;0;0;0;0
11;7;7040403;2019;5;14;4;3;3;6;0;0;1;0;1;0;0;0
11;5;5010101;2019;5;7;4;2;5;3;0;1;1;0;0;0;0;0
11;2;2010101;2019;5;13;4;3;0;2;0;1;0;0;0;0;1;0
11;2;2050801;2019;5;15;4;2;0;1;0;0;0;0;1;0;0;0
11;4;4010101;2019;5;14;4;3;2;6;0;0;1;0;0;0;0;0
11;1;1044101;2019;5;13;4;2;5;2;0;0;1;0;1;0;0;0
11;9;9041301;2019;5;13;4;3;2;6;0;0;1;0;0;0;0;0
11;6;6030503;2019;5;12;4;3;6;7;0;0;1;1;0;0;0;0
11;8;8041037;2019;5;12;4;3;6;7;0;0;1;1;0;0;0;0
11;1;1011303;2019;5;11;4;3;2;6;0;0;1;0;0;0;0;0
11;8;8010213;2019;5;11;4;3;5;2;0;1;1;0;0;0;0;0
11;1;1011204;2019;5;9;4;3;5;2;0;0;1;0;1;0;0;0
11;1;1033202;2019;5;9;4;3;5;3;0;1;1;0;0;0;0;0
11;2;2030402;2019;5;9;4;3;5;2;0;0;1;0;1;0;0;0
11;8;8010509;2019;5;9;4;3;0;1;0;0;0;0;1;0;0;0
11;4;4041134;2019;5;9;4;2;2;6;0;0;1;0;0;0;0;0
11;5;5020417;2019;5;9;4;3;5;3;0;0;1;0;0;0;0;0
11;9;9020701;2019;5;9;4;3;5;3;0;0;1;0;0;0;0;0
11;3;3040818;2019;5;8;4;3;2;2;0;0;1;0;0;0;0;0
11;2;2040701;2019;5;8;4;3;5;2;0;1;1;0;0;0;0;0
11;11;11020513;2019;5;8;4;3;0;2;0;0;0;0;0;1;1;0
11;4;4030828;2019;5;7;4;3;0;5;0;1;1;0;0;0;0;0
11;1;1022202;2019;5;6;4;3;5;2;0;0;1;0;1;0;0;0
11;4;4020311;2019;5;8;3;3;0;6;0;0;1;0;0;0;0;0
11;1;1011101;2019;5;19;3;3;0;3;0;0;1;0;1;0;0;0
11;1;1011103;2019;5;19;3;3;5;3;0;1;1;0;0;0;0;0
11;2;2040703;2019;5;19;3;3;1;5;0;1;1;0;0;0;0;0
11;2;2030301;2019;5;22;3;3;1;5;2;1;1;0;0;0;0;0
11;3;3061429;2019;5;18;3;3;6;6;0;1;0;1;0;0;0;0
11;12;12302107;2019;5;18;3;3;5;2;0;0;1;0;1;0;0;0
11;7;7050503;2019;5;18;3;3;0;1;0;0;1;0;0;0;0;0
11;11;11020514;2019;5;13;3;3;2;6;0;0;1;0;0;0;0;0
11;8;8010214;2019;5;17;3;3;5;2;0;0;1;0;1;0;0;0
11;9;9020702;2019;5;17;3;2;0;1;0;1;1;0;0;0;0;0
11;3;3050924;2019;5;17;3;3;4;5;0;0;1;0;0;0;1;0
11;5;5010314;2019;5;16;3;3;2;6;0;0;1;0;0;0;0;0
11;3;3061228;2019;5;16;3;3;5;2;0;1;1;0;0;0;0;0
11;5;5010314;2019;5;15;3;3;2;6;0;0;1;0;1;0;0;0
11;4;4030622;2019;5;16;3;2;6;7;0;0;1;1;0;0;0;0
11;2;2050801;2019;5;15;3;2;3;6;0;1;1;0;0;0;0;0
11;2;2020203;2019;5;15;3;3;2;6;0;0;1;0;0;0;0;0
11;2;2050802;2019;5;12;3;3;1;5;0;1;1;0;0;0;0;0
11;4;4030518;2019;5;11;3;3;4;6;0;0;1;0;0;1;0;0
11;1;1011401;2019;5;10;3;3;3;6;0;1;1;0;0;0;0;0
11;4;4030929;2019;5;9;3;3;5;3;0;1;1;0;0;0;0;0
11;4;4030519;2019;5;8;3;3;5;3;0;0;1;0;1;0;0;0
11;12;12302107;2019;5;8;3;3;2;2;0;0;1;0;0;0;1;0
11;1;1011201;2019;5;7;3;3;1;5;0;1;1;0;0;0;0;0
11;12;12301205;2019;5;7;3;3;5;3;0;1;1;0;0;0;0;0
11;1;1011303;2019;5;7;3;3;3;6;0;0;1;0;0;0;0;0
11;12;12214421;2019;5;5;3;3;2;6;1;0;1;0;1;0;0;1
11;3;3061126;2019;5;15;2;2;5;2;0;1;1;0;0;0;0;0
11;6;6020409;2019;5;10;2;3;1;5;0;0;1;0;0;0;0;0
11;1;1011204;2019;5;16;2;3;2;2;0;0;1;0;0;0;1;0
11;1;1022104;2019;5;22;2;3;5;3;2;1;1;0;0;0;0;0
11;4;4030621;2019;5;20;2;2;6;4;2;0;1;1;0;0;0;0
11;1;1011305;2019;5;19;2;2;5;3;0;1;1;0;0;0;0;0
11;1;1011103;2019;5;19;2;3;2;6;2;0;1;0;0;0;0;0
11;2;2020202;2019;5;18;2;3;0;2;0;1;1;0;0;0;0;0
11;6;6040808;2019;5;18;2;3;2;6;0;0;1;0;0;0;0;1
11;7;7040403;2019;5;17;2;2;2;6;0;0;1;0;1;0;0;0
11;7;7010103;2019;5;16;2;3;5;3;0;1;1;0;0;0;0;0
11;11;11020412;2019;5;17;2;3;5;3;0;0;1;0;0;0;0;0
11;6;6040701;2019;5;16;2;3;1;5;0;1;1;0;0;0;0;0
11;6;6030610;2019;5;16;2;3;2;6;0;0;1;0;0;0;0;0
11;5;5010339;2019;5;17;2;3;1;5;0;0;1;0;0;0;1;0
11;3;3061126;2019;5;16;2;3;5;2;0;1;1;0;0;0;0;0
11;4;4030930;2019;5;16;2;3;0;3;0;0;1;0;0;0;1;0
11;8;8030831;2019;5;15;2;3;2;6;0;0;1;0;0;0;0;0
11;1;1011203;2019;5;15;2;3;1;5;0;1;1;0;0;0;1;0
11;3;3010102;2019;5;14;2;3;1;5;0;1;1;0;0;0;0;0
11;6;6040809;2019;5;14;2;3;5;2;0;1;1;0;0;0;0;0
11;4;4030623;2019;5;13;2;3;0;5;0;0;1;0;0;0;0;0
11;9;9041601;2019;5;13;2;3;5;3;0;1;1;0;0;0;0;0
11;12;12103115;2019;5;16;2;3;5;3;0;1;1;0;0;0;0;0
11;7;7040404;2019;5;13;2;3;5;3;0;1;1;0;0;0;0;0
11;6;6030608;2019;5;12;2;3;1;5;0;0;1;0;0;0;0;0
11;7;7050502;2019;5;11;2;2;3;6;0;1;0;0;0;1;0;0
11;7;7070702;2019;5;6;2;3;5;3;0;0;1;0;1;0;0;0
11;10;10020517;2019;5;7;2;3;6;2;0;0;1;1;0;0;0;0
11;4;4041241;2019;5;12;2;3;5;2;0;1;1;0;0;0;0;0
11;6;6040810;2019;5;7;2;3;6;4;0;1;0;1;0;0;0;0
11;8;8010509;2019;5;6;2;3;5;3;0;0;1;0;1;0;0;0
11;3;3020209;2019;5;6;2;3;5;3;0;0;1;0;1;0;0;0
11;6;6020304;2019;5;7;2;3;5;7;0;1;1;0;0;0;0;0
11;5;5010314;2019;5;7;2;3;5;2;0;0;1;0;0;0;0;0
11;12;12302110;2019;5;7;2;3;6;4;0;0;1;1;0;0;0;0
11;7;7040401;2019;5;8;2;2;5;3;0;0;1;0;0;0;0;0
11;6;6030607;2019;5;8;2;3;0;3;0;0;1;0;1;0;0;0
11;11;11041022;2019;5;8;2;2;6;4;0;0;1;1;0;0;0;0
11;1;1011203;2019;5;9;2;3;3;6;0;1;0;0;0;0;0;0
11;9;9020701;2019;5;9;2;3;3;6;0;0;1;0;0;0;1;0
11;4;4051655;2019;5;9;2;3;6;4;0;0;1;1;0;0;0;0
11;6;6040810;2019;5;10;2;3;5;2;0;0;1;0;0;0;0;0
11;1;1011304;2019;5;10;2;3;5;3;0;1;0;0;0;0;1;0
11;4;4020310;2019;5;10;2;2;2;6;0;0;1;0;0;0;0;0
11;4;4030929;2019;5;10;2;3;2;6;0;1;1;0;0;0;0;0
11;4;4030827;2019;5;11;2;3;1;5;0;1;1;0;0;0;0;0
11;9;9020601;2019;5;11;2;3;5;2;0;1;1;0;0;0;0;0
11;12;12103116;2019;5;11;2;3;6;4;0;0;1;1;0;0;0;0
11;5;5010312;2019;5;11;2;3;5;2;0;1;1;0;0;0;0;0
11;9;9051702;2019;5;12;2;3;0;1;0;1;0;0;0;0;0;0
11;5;5020417;2019;5;12;2;3;3;6;0;0;1;0;0;0;0;0
11;1;1033202;2019;5;5;1;3;6;4;1;1;0;1;0;0;0;0
11;1;1011201;2019;5;15;1;3;5;2;0;1;1;0;0;0;0;0
11;8;8010404;2019;5;17;1;3;0;7;0;0;1;0;1;0;0;0
11;6;6020303;2019;5;17;1;3;1;5;0;1;1;0;0;0;0;0
11;8;8010118;2019;5;14;1;3;5;2;0;1;1;0;0;0;0;0
11;3;3071537;2019;5;14;1;3;6;4;0;1;0;1;0;0;0;0
11;8;8010118;2019;5;12;1;3;6;4;0;0;0;1;1;0;0;0
11;2;2020204;2019;5;14;1;2;6;4;0;1;0;1;0;0;0;0
11;10;10020621;2019;5;18;1;2;6;4;0;0;1;1;0;0;0;0
11;8;8041037;2019;5;20;1;2;5;3;1;0;1;0;0;0;0;0
11;2;2010104;2019;5;11;1;2;6;4;0;0;1;1;0;0;0;0
11;8;8020726;2019;5;9;1;3;5;3;0;0;1;0;1;0;0;0
11;4;4030929;2019;5;8;1;2;0;2;0;0;1;0;0;0;0;0
11;12;12301205;2019;5;3;1;2;1;5;2;0;1;0;0;0;0;0
11;6;6010101;2019;5;13;1;3;2;6;0;0;1;0;0;0;1;0
11;12;12214527;2019;5;14;1;3;5;2;0;0;1;0;0;0;0;0
11;7;7010101;2019;5;16;7;2;6;2;0;0;0;1;0;0;1;0
11;4;4051655;2019;5;12;7;3;1;5;0;0;1;0;0;0;0;0
11;3;3040614;2019;5;19;7;3;5;2;1;1;1;0;0;0;0;0
11;1;1011402;2019;5;17;7;3;5;3;0;1;0;0;0;0;1;0
11;12;12302108;2019;5;21;7;2;6;4;2;0;1;1;0;0;0;0
11;12;12302108;2019;5;21;7;3;6;6;2;0;1;1;0;0;0;0
11;1;1044101;2019;5;19;7;3;5;2;0;1;1;0;0;0;0;0
11;9;9020802;2019;5;19;7;3;5;3;0;0;1;0;0;0;0;0
11;7;7050501;2019;5;17;7;3;5;2;0;0;1;0;1;0;0;0
11;9;9041501;2019;5;18;7;3;2;6;0;0;1;0;0;0;0;1
11;10;10040933;2019;5;18;7;2;1;5;0;0;1;0;1;0;0;0
11;1;1044202;2019;5;18;7;3;2;6;0;0;1;0;0;0;0;0
11;10;10020413;2019;5;17;7;3;5;3;0;0;1;0;1;0;0;0
11;1;1011306;2019;5;16;7;3;1;5;0;0;1;0;0;0;0;0
11;2;2030401;2019;5;1;7;3;5;3;2;0;1;0;0;0;0;1
11;5;5020523;2019;5;14;7;2;0;6;0;0;1;0;0;0;1;0
11;1;1044101;2019;5;14;7;3;6;4;0;0;1;1;0;0;0;1
11;10;10020413;2019;5;13;7;2;0;1;0;1;0;0;0;0;0;0
11;8;8041040;2019;5;13;7;3;5;2;0;1;1;0;0;0;0;0
11;12;12301206;2019;5;12;7;3;5;3;0;1;1;0;0;0;0;0
11;3;3030406;2019;5;11;7;3;5;3;0;0;1;0;0;0;0;0
11;6;6040701;2019;5;10;7;3;0;1;0;0;1;0;0;0;0;0
11;4;4051551;2019;5;3;6;3;1;1;2;0;1;0;0;0;0;0
11;10;10040933;2019;5;8;6;3;5;2;0;1;1;0;0;0;0;0
11;9;9051901;2019;5;12;6;3;6;7;0;0;1;1;0;0;0;0
11;5;5040936;2019;5;14;6;3;6;6;0;0;1;1;0;0;0;0
11;7;7030301;2019;5;22;6;3;2;2;2;0;1;0;0;0;0;0
11;7;7040403;2019;5;6;6;3;3;6;0;0;1;0;0;0;1;0
11;2;2030402;2019;5;21;6;3;6;4;2;1;0;1;0;0;0;0
11;8;8010303;2019;5;19;6;3;1;5;0;1;1;0;0;0;1;0
11;8;8010301;2019;5;7;6;3;5;3;0;0;1;0;0;0;0;0
11;12;12103219;2019;5;18;6;3;5;2;0;0;1;0;0;0;0;0
11;7;7010104;2019;5;18;6;3;1;5;0;1;1;0;0;0;1;0
11;11;11020411;2019;5;7;6;3;1;1;0;0;1;0;0;1;0;0
11;9;9020701;2019;5;17;6;3;5;3;0;1;1;0;0;0;0;0
11;1;1011302;2019;5;8;6;3;5;2;0;1;1;0;0;0;0;0
11;1;1011201;2019;5;8;6;3;1;5;0;1;1;0;0;0;0;0
11;6;6040701;2019;5;0;6;3;1;5;2;1;0;0;0;1;1;0
11;1;1011301;2019;5;8;6;3;2;6;0;0;1;0;1;0;0;0
11;5;5020626;2019;5;9;6;2;6;4;0;0;1;1;0;0;0;0
11;7;7060603;2019;5;9;6;2;6;4;0;0;1;1;0;0;0;0
11;1;1011204;2019;5;9;6;3;5;5;0;0;1;0;1;0;0;0
11;1;1022106;2019;5;10;6;3;1;5;0;0;1;0;1;0;0;0
11;6;6010209;2019;5;11;6;3;2;6;0;0;1;0;0;0;0;0
11;5;5020625;2019;5;12;6;3;2;6;0;0;1;0;0;0;0;0
11;8;8010301;2019;5;12;6;3;5;2;0;1;0;0;0;0;1;0
11;2;2020204;2019;5;13;6;2;5;3;0;0;1;0;1;0;0;0
11;6;6010101;2019;5;13;6;3;5;7;0;1;1;0;0;0;0;0
11;3;3061332;2019;5;13;6;3;0;7;0;0;1;0;1;0;0;0
11;1;1033102;2019;5;14;6;3;2;6;0;0;1;0;1;0;0;0
11;2;2020203;2019;5;15;6;3;5;7;0;0;1;0;1;0;0;0
11;12;12301203;2019;5;15;6;2;5;2;0;1;1;0;0;0;0;0
11;1;1011204;2019;5;16;5;3;1;5;0;1;1;0;0;0;1;0
11;3;3061429;2019;5;8;5;3;5;3;0;1;1;0;0;0;0;0
11;8;8010510;2019;5;6;5;2;2;7;0;0;1;0;1;0;0;0
11;1;1011203;2019;5;11;5;3;6;2;0;0;1;1;0;0;0;0
11;9;9020701;2019;5;18;5;3;5;2;0;1;1;0;0;0;0;0
11;1;1011305;2019;5;18;5;3;0;3;0;1;1;0;0;0;0;0
11;1;1011306;2019;5;8;5;3;5;3;0;1;1;0;0;0;0;0
11;12;12214422;2019;5;16;5;3;5;2;0;1;1;0;0;0;0;0
11;4;4030621;2019;5;15;5;3;1;5;0;0;1;0;1;0;0;0
11;2;2010103;2019;5;14;5;3;5;5;0;1;1;0;0;0;0;0
11;8;8030830;2019;5;15;5;2;5;2;0;0;1;0;0;0;0;0
11;12;12301203;2019;5;15;5;3;2;6;0;0;1;0;0;0;0;0
11;3;3051022;2019;5;15;5;2;5;2;0;0;1;0;1;0;0;0
11;6;6010101;2019;5;9;5;2;5;3;0;1;1;0;0;0;0;0
11;5;5030730;2019;5;12;5;3;5;3;0;0;0;0;1;0;1;0
11;1;1022103;2019;5;12;5;3;5;2;0;1;0;0;0;1;0;0
11;4;4030725;2019;5;11;5;3;5;3;0;0;1;0;0;0;0;0
11;6;6010102;2019;5;15;5;3;6;7;0;0;1;1;0;0;0;0
11;9;9030903;2019;5;15;5;3;6;7;0;0;1;1;0;0;0;0
11;7;7010104;2019;5;10;5;3;5;3;0;1;1;0;0;0;0;0
11;2;2050803;2019;5;10;5;3;5;2;0;0;1;0;0;0;1;0
11;7;7030303;2019;5;8;5;3;2;6;0;0;1;0;0;0;1;0
11;1;1011303;2019;5;8;5;3;3;6;0;0;0;0;0;0;1;0
11;2;2010102;2019;5;8;5;2;0;1;0;0;0;0;1;0;0;0
11;2;2040701;2019;5;0;5;3;1;5;2;1;1;0;0;0;0;0
11;7;7040403;2019;5;8;5;3;0;1;0;1;0;0;0;0;0;0
11;2;2040703;2019;5;16;4;3;6;2;0;1;0;1;0;0;0;0
11;6;6030610;2019;5;19;4;3;5;2;0;0;1;0;0;0;0;0
11;8;8010303;2019;5;19;4;2;3;6;0;0;1;0;0;0;0;0
11;2;2030401;2019;5;22;4;3;6;4;2;1;0;1;0;0;0;0
11;3;3030716;2019;5;12;4;3;5;2;0;1;1;0;0;0;0;0
11;5;5020625;2019;5;21;4;2;2;6;2;0;1;0;1;0;0;0
11;12;12302107;2019;5;19;4;3;5;2;0;0;1;0;1;0;0;0
11;2;2040701;2019;5;18;4;3;6;7;0;0;1;1;0;0;0;0
11;9;9010101;2019;5;18;4;3;6;2;0;0;1;1;0;0;0;0
11;7;7040403;2019;5;14;4;3;6;7;0;1;0;1;0;0;0;0
11;4;4031032;2019;5;13;4;3;5;2;0;0;1;0;1;0;0;0
11;6;6040809;2019;5;13;4;3;1;5;0;1;1;0;0;0;1;0
11;5;5030731;2019;5;12;4;3;2;2;0;0;1;0;1;0;0;0
11;4;4030620;2019;5;12;4;3;3;6;0;1;1;0;0;0;0;0
11;2;2010103;2019;5;17;4;3;5;2;0;0;1;0;1;0;0;0
11;8;8020625;2019;5;12;4;3;5;3;0;0;1;0;0;0;0;0
11;12;12231102;2019;5;12;4;3;5;3;0;1;1;0;0;0;0;0
11;4;4051448;2019;5;15;4;3;0;2;0;0;1;0;0;0;1;0
11;4;4051549;2019;5;15;4;3;0;6;0;1;1;0;0;0;0;0
11;10;10020622;2019;5;16;4;3;2;1;0;0;1;0;0;0;0;0
11;2;2010103;2019;5;10;4;3;0;1;0;0;0;0;1;0;0;1
11;12;12304313;2019;4;17;3;3;5;3;0;1;1;0;0;0;0;0
11;7;7010104;2019;4;6;3;2;5;3;0;0;1;0;1;0;0;0
11;1;1033102;2019;4;9;3;3;2;2;0;0;1;0;0;0;0;0
11;9;9020701;2019;4;15;3;3;6;6;0;1;0;1;0;0;0;0
11;2;2030301;2019;4;17;3;3;1;5;0;0;1;0;1;0;0;0
11;1;1044101;2019;4;7;3;3;2;6;1;0;1;0;0;0;0;0
11;9;9020701;2019;4;23;3;3;5;3;2;0;1;0;1;0;0;0
11;1;1033203;2019;4;15;3;2;5;2;0;0;0;0;1;0;1;0
11;1;1044201;2019;4;15;3;3;3;6;0;1;1;0;0;0;0;0
11;9;9010401;2019;4;15;3;3;5;3;0;1;1;0;0;0;0;0
11;7;7040401;2019;4;15;3;3;5;3;0;1;0;0;0;0;1;0
11;7;7030301;2019;4;15;3;3;5;3;0;1;1;0;0;0;0;0
11;4;4020314;2019;4;15;3;2;5;7;0;1;1;0;0;0;0;0
11;2;2010102;2019;4;15;3;2;5;2;0;1;1;0;0;0;0;0
11;1;1022201;2019;4;15;3;2;5;7;0;0;1;0;1;0;0;0
11;2;2010102;2019;4;14;3;3;5;3;0;1;1;0;0;0;0;0
11;1;1022101;2019;4;14;3;3;5;2;0;1;0;0;0;1;0;0
11;10;10040933;2019;4;14;3;3;3;6;0;1;0;0;0;0;1;0
11;4;4030724;2019;4;15;3;3;1;5;0;0;1;0;0;0;0;0
11;7;7020203;2019;4;13;3;3;5;7;0;1;1;0;0;0;0;0
11;4;4051446;2019;4;11;3;3;5;2;0;1;1;0;0;0;0;0
11;9;9020501;2019;4;6;3;3;5;7;0;0;1;0;0;1;0;0
11;3;3061228;2019;5;18;5;3;2;6;0;0;1;0;0;0;0;0
11;10;10010203;2019;4;6;3;3;1;5;0;0;1;0;0;1;0;0
11;5;5030731;2019;4;6;3;3;5;3;0;0;1;0;0;0;0;0
11;7;7050502;2019;5;18;5;3;5;3;0;0;1;0;0;0;0;0
11;3;3061126;2019;5;14;5;3;5;3;0;1;0;0;0;0;0;1
11;1;1044201;2019;4;6;3;3;2;6;0;0;1;0;0;0;0;0
11;10;10030724;2019;5;14;5;2;2;6;0;0;1;0;0;0;0;1
11;11;11040926;2019;5;14;5;3;5;3;0;1;1;0;0;0;0;1
11;6;6010102;2019;5;16;6;3;1;5;0;1;1;0;0;0;0;0
11;11;11030618;2019;5;16;6;3;2;2;0;0;0;0;1;0;1;0
11;2;2040701;2019;5;16;6;3;2;6;0;0;1;0;1;0;0;0
11;12;12214125;2019;5;15;6;2;2;6;0;0;1;0;0;0;0;0
11;1;1011301;2019;5;15;6;3;1;5;0;1;1;0;0;0;0;0
11;5;5040934;2019;5;15;6;3;5;2;0;0;1;0;1;0;0;0
11;2;2010102;2019;5;15;6;3;2;6;0;0;1;0;0;0;1;0
11;11;11020513;2019;5;13;6;3;5;2;0;0;0;0;0;1;1;0
11;4;4051448;2019;5;13;6;2;5;2;0;1;1;0;0;0;0;0
11;1;1011302;2019;5;13;6;3;0;5;0;1;0;0;0;0;1;0
11;2;2030301;2019;5;13;6;3;5;3;0;0;1;0;0;0;0;0
11;11;2050803;2019;5;12;6;3;3;6;0;1;0;0;0;0;1;0
11;9;9020701;2019;5;11;6;3;0;3;0;0;1;0;0;0;1;0
11;9;9010101;2019;5;9;5;3;3;6;0;1;0;0;0;0;1;0
11;6;6030609;2019;5;20;5;3;2;6;1;0;1;0;0;0;0;0
11;5;5030832;2019;5;19;5;3;5;2;0;0;1;0;0;0;0;1
11;1;1022201;2019;5;19;5;3;5;3;0;1;1;0;0;0;0;1
11;1;1044203;2019;5;19;5;3;2;6;0;0;1;0;0;0;0;1