LAND;BEZ;LOR_ab_2021;UJAHR;UMONAT;USTUNDE;UWOCHENTAG;UKATEGORIE;UART;UTYP1;ULICHTVERH;IstRad;IstPKW;IstFuss;IstKrad;IstGkfz;IstSonstige;USTRZUSTAND
11;12;12301203;2019;6;16;3;3;5;2;0;1;1;0;0;0;0;0
11;2;2030401;2019;6;16;3;3;5;2;0;1;1;0;0;0;0;0
11;7;7040401;2019;6;15;3;3;0;2;0;1;1;0;0;0;0;0
11;11;11030720;2019;6;15;3;3;2;6;0;0;1;0;0;0;0;0
11;3;3061227;2019;6;14;3;3;5;7;0;1;1;0;0;0;0;0
11;5;5020419;2019;6;14;3;3;0;6;0;1;0;0;0;0;0;0
11;9;9020501;2019;6;13;3;3;5;2;0;0;0;0;1;0;1;0
11;6;6020305;2019;6;18;3;3;6;4;0;0;1;1;0;0;0;0
11;4;4030929;2019;6;12;3;3;3;6;0;0;1;0;1;0;0;0
11;7;7050503;2019;6;12;3;3;6;7;0;0;1;1;0;0;0;0
11;5;5020625;2019;6;11;3;3;2;2;0;0;1;0;0;0;0;0
11;1;1011105;2019;6;11;3;3;5;2;0;1;1;0;0;0;0;0
11;9;9041301;2019;6;11;3;3;3;6;0;1;0;0;0;0;0;0
11;11;11041022;2019;6;13;3;2;5;3;0;1;1;0;0;0;0;0
11;4;4030622;2019;6;11;3;2;2;7;0;1;1;0;0;0;0;0
11;1;1044201;2019;6;11;3;3;2;2;0;0;1;0;0;0;0;0
11;1;1033201;2019;6;10;3;3;3;6;0;0;1;0;1;0;0;0
11;4;4010102;2019;6;10;3;3;5;2;0;0;1;0;0;0;0;0
11;8;8041037;2019;6;10;3;3;5;3;0;0;1;0;0;0;0;0
11;4;4030518;2019;6;9;3;3;5;3;0;1;1;0;0;0;0;0
11;2;2020202;2019;6;23;3;2;5;2;2;1;1;0;0;0;0;0
11;1;1022104;2019;6;20;3;3;2;6;0;0;1;0;0;0;0;0
11;2;2010102;2019;6;8;3;3;5;3;0;1;1;0;0;0;0;0
11;8;8010213;2019;6;9;3;3;1;5;0;1;1;0;0;0;0;0
11;3;3061430;2019;6;9;3;3;2;6;0;0;1;0;1;0;0;0
11;5;5020524;2019;6;7;3;3;0;1;0;1;0;0;0;0;0;0
11;11;11020514;2019;6;8;3;3;5;3;0;1;1;0;0;0;0;0
11;6;6020302;2019;6;20;3;3;6;7;0;1;0;1;0;0;0;0
11;10;10020413;2019;6;19;3;2;6;4;0;0;1;1;0;0;0;0
11;12;12214422;2019;6;8;3;2;5;2;0;1;1;0;0;0;0;0
11;3;3061430;2019;6;19;3;3;5;2;0;1;1;0;0;0;0;0
11;7;7040406;2019;6;8;3;3;3;6;0;0;1;0;0;1;0;0
11;8;8030831;2019;6;19;3;3;6;2;0;0;1;1;0;0;0;0
11;4;4051448;2019;6;19;3;3;1;5;0;1;1;0;0;0;1;0
11;3;3020209;2019;6;8;3;3;5;3;0;1;1;0;0;0;0;0
11;12;12214422;2019;6;7;3;3;2;6;0;0;1;0;0;0;0;0
11;4;4030828;2019;6;7;3;3;5;3;0;0;1;0;0;0;1;0
11;2;2020206;2019;6;18;3;3;3;6;0;1;1;0;0;0;0;0
11;4;4030518;2019;6;18;3;2;5;2;0;0;1;0;1;0;0;0
11;12;12214125;2019;6;18;3;3;2;6;0;0;1;0;0;0;0;0
11;2;2020203;2019;6;7;3;3;1;1;0;0;1;0;1;0;0;0
11;11;11020515;2019;6;4;3;3;5;3;1;0;1;0;0;0;0;0
11;9;9020502;2019;6;17;3;3;1;5;0;1;1;0;0;0;0;0
11;9;9051901;2019;6;4;3;3;0;1;1;1;0;0;0;0;0;0
11;1;1011101;2019;6;17;3;3;5;3;0;0;1;0;0;0;1;0
11;10;10010308;2019;6;17;3;3;0;2;0;1;1;0;0;0;0;0
11;9;9030901;2019;6;12;2;3;2;6;0;0;1;0;1;0;0;0
11;2;2010102;2019;6;18;2;3;1;5;0;1;1;0;0;0;0;0
11;11;11020411;2019;6;12;2;3;5;3;0;1;0;0;0;0;0;0
11;6;6030610;2019;6;12;2;3;6;7;0;1;0;1;0;0;0;0
11;11;11020411;2019;6;22;2;3;8;1;2;0;1;0;0;0;0;1
11;8;8010509;2019;6;22;2;3;0;3;2;1;1;0;0;0;0;1
11;1;1022206;2019;6;21;2;3;5;3;0;0;1;0;0;0;0;0
11;7;7040403;2019;6;20;2;3;5;2;0;0;1;0;0;0;1;0
11;9;9020501;2019;6;20;2;3;5;2;0;1;1;0;0;0;0;0
11;8;8010213;2019;6;19;2;3;0;3;0;1;1;0;0;0;0;1
11;10;10040933;2019;6;20;2;3;5;3;0;0;1;0;0;0;1;1
11;3;3061227;2019;6;20;2;3;5;3;1;1;1;0;0;0;0;1
11;9;9020702;2019;6;19;2;2;0;1;0;1;0;0;0;0;0;1
11;9;9031001;2019;6;20;2;2;1;7;1;0;1;0;0;0;0;1
11;7;7040405;2019;6;19;2;3;8;1;0;0;1;0;0;0;0;1
11;1;1044101;2019;6;18;2;3;2;2;0;1;1;0;0;0;0;0
11;4;4030621;2019;6;18;2;3;2;6;0;0;1;0;0;0;0;0
11;2;2050802;2019;6;18;2;2;5;2;0;1;1;0;0;0;0;0
11;4;4031032;2019;6;18;2;3;1;5;0;1;1;0;0;0;0;0
11;4;4051652;2019;6;17;2;3;2;6;0;0;1;0;0;0;0;0
11;6;6030503;2019;6;15;2;3;3;6;0;0;1;0;1;0;0;0
11;7;7040405;2019;6;17;2;3;5;3;0;0;1;0;0;0;0;0
11;10;10040931;2019;6;17;2;3;5;3;0;1;1;0;0;0;0;0
11;9;9010301;2019;6;22;2;3;5;2;2;1;1;0;0;0;0;1
11;3;3020307;2019;6;15;2;3;5;3;0;1;0;0;0;0;0;0
11;6;6010102;2019;6;14;2;3;5;3;0;1;1;0;0;0;0;0
11;1;1011104;2019;6;14;2;3;0;2;0;0;1;0;0;0;1;0
11;2;2020206;2019;6;14;2;3;2;6;0;0;1;0;0;0;0;0
11;3;3030715;2019;6;13;2;3;2;6;0;0;1;0;0;1;0;0
11;5;5010209;2019;6;12;2;3;1;5;0;1;0;0;0;0;1;0
11;8;8020619;2019;6;11;2;3;5;7;0;0;1;0;0;0;0;0
11;1;1044203;2019;6;12;2;3;2;6;0;0;1;0;0;0;0;0
11;1;1011302;2019;6;0;2;3;5;2;2;1;1;0;0;0;0;0
11;4;4030929;2019;6;12;2;3;5;7;0;0;1;0;1;0;0;0
11;1;1011402;2019;6;11;2;3;6;4;0;1;0;1;0;0;0;0
11;1;1033102;2019;6;11;2;2;5;2;0;0;1;0;0;0;0;0
11;9;9041301;2019;6;16;2;3;5;3;0;0;1;0;1;0;0;0
11;2;2020203;2019;6;11;2;3;5;2;0;1;1;0;0;0;0;0
11;1;1044201;2019;6;11;2;3;3;6;0;0;1;0;1;0;0;0
11;10;10030725;2019;6;16;2;2;0;5;0;1;1;0;0;0;0;0
11;5;5010101;2019;6;10;2;2;5;2;0;0;1;0;1;0;0;0
11;9;9051901;2019;6;16;2;3;5;3;0;1;1;0;0;0;0;0
11;4;4030415;2019;6;10;2;3;2;6;0;0;1;0;1;0;0;0
11;8;8030830;2019;6;10;2;3;5;7;0;1;1;0;0;0;0;0
11;3;3061430;2019;6;15;2;3;0;7;0;0;1;0;0;0;0;0
11;9;9010401;2019;6;15;2;3;0;6;0;1;1;0;0;0;0;0
11;2;2040701;2019;6;9;2;3;5;3;0;1;1;0;0;0;0;0
11;5;5020626;2019;6;9;2;3;5;2;0;1;1;0;0;0;0;0
11;2;2020204;2019;6;8;2;3;5;2;0;1;1;0;0;0;0;0
11;4;4020310;2019;6;8;2;3;5;2;0;0;1;0;0;0;0;0
11;2;2030301;2019;6;7;2;3;2;6;0;0;1;0;0;1;0;0
11;5;5020625;2019;6;15;2;3;6;4;0;0;1;1;0;0;0;0
11;9;9052001;2019;6;7;2;3;5;3;0;0;1;0;0;0;0;0
11;1;1011105;2019;6;6;2;3;5;7;0;0;1;0;0;0;0;0
11;12;12214125;2019;6;15;2;3;0;2;0;0;1;0;0;0;1;0
11;1;1011302;2019;6;6;2;3;2;6;0;0;1;0;0;0;0;0
11;9;9020702;2019;6;6;2;3;0;3;0;1;1;0;0;0;0;0
11;1;1011304;2019;6;15;2;2;2;2;0;0;1;0;0;0;0;0
11;3;3061228;2019;6;5;2;3;1;5;0;0;1;0;1;0;0;0
11;2;2050601;2019;6;1;2;3;5;2;2;0;1;0;0;0;0;0
11;1;1011401;2019;6;8;2;3;0;1;0;1;0;0;0;0;0;0
11;11;11030720;2019;6;20;2;3;5;2;0;1;1;0;0;0;0;1
11;6;6040810;2019;6;9;2;3;5;2;0;1;0;0;0;0;1;0
11;10;10010203;2019;6;17;2;1;1;7;0;0;1;0;0;0;0;0
11;4;4030724;2019;6;14;1;3;2;6;0;1;0;0;0;0;0;0
11;4;4041238;2019;6;14;1;3;5;3;0;1;1;0;0;0;0;0
11;1;1011401;2019;6;14;1;3;6;7;0;0;1;1;0;0;0;0
11;9;9041501;2019;6;19;1;3;3;6;0;1;1;0;0;0;0;0
11;1;1044201;2019;6;21;1;3;5;3;0;0;1;0;0;0;0;0
11;11;2050803;2019;6;20;1;2;4;6;0;0;1;0;1;0;0;0
11;2;2040701;2019;6;20;1;3;1;5;0;1;1;0;0;0;1;0
11;4;4010102;2019;6;17;1;3;0;2;0;1;1;0;0;0;0;0
11;2;2010102;2019;6;17;1;2;5;3;0;0;1;0;1;0;0;0
11;10;10040933;2019;6;15;1;2;5;3;0;0;1;0;1;0;0;0
11;7;7010104;2019;6;16;1;3;5;2;0;1;1;0;0;0;0;0
11;3;3071633;2019;6;16;1;3;0;1;0;1;0;0;0;0;0;0
11;11;11051331;2019;6;14;1;3;5;3;0;0;1;0;0;0;0;0
11;7;7010102;2019;6;14;1;3;5;3;0;0;1;0;1;0;0;0
11;1;1011101;2019;6;14;1;3;5;3;0;0;1;0;0;0;0;0
11;1;1011202;2019;6;14;1;3;5;2;0;0;1;0;1;0;0;0
11;11;11051331;2019;6;14;1;2;5;3;0;1;1;0;0;0;0;0
11;3;3061126;2019;6;13;1;3;2;6;0;0;1;0;0;0;0;0
11;11;11051330;2019;6;12;6;3;5;2;0;1;1;0;0;0;0;0
11;8;8020619;2019;6;13;1;3;2;6;0;0;1;0;0;0;0;0
11;7;7040403;2019;6;12;1;2;5;3;0;0;1;0;1;0;0;0
11;1;1033102;2019;6;12;6;3;5;2;0;1;0;0;0;0;1;0
11;1;1044101;2019;6;1;1;2;5;2;2;0;1;0;0;0;0;0
11;6;6040809;2019;6;17;6;2;5;2;0;1;1;0;0;0;0;0
11;11;11020411;2019;6;2;1;3;5;3;2;0;1;0;0;0;0;0
11;8;8020625;2019;6;12;6;3;3;6;0;1;0;0;0;1;0;0
11;12;12301203;2019;6;10;1;3;4;5;0;0;1;0;0;0;0;0
11;12;12301203;2019;6;7;6;2;5;2;0;1;0;0;0;1;0;0
11;1;1044202;2019;6;10;1;3;5;2;0;0;1;0;0;0;0;0
11;1;1033102;2019;6;11;1;3;5;3;0;0;1;0;0;0;1;0
11;5;5010101;2019;6;12;6;3;5;3;0;1;1;0;0;0;0;0
11;6;6030607;2019;6;12;1;2;2;1;0;0;1;0;0;0;0;0
11;4;4051448;2019;6;12;6;3;0;6;0;0;1;0;1;0;0;0
11;11;11030618;2019;6;1;1;3;0;1;2;0;0;0;1;0;0;0
11;4;4041342;2019;6;11;6;3;5;2;0;0;1;0;1;0;0;0
11;8;8010301;2019;6;0;1;3;0;1;2;1;0;0;0;0;0;0
11;8;8020727;2019;6;11;6;3;5;2;0;1;1;0;0;0;0;0
11;2;2040701;2019;6;12;7;3;5;3;0;0;1;0;0;0;0;0
11;3;3071536;2019;6;18;7;3;5;3;0;0;1;0;0;0;0;0
11;9;9041401;2019;6;12;6;3;5;3;0;0;1;0;0;0;1;0
11;3;3051017;2019;6;13;6;2;5;3;0;1;1;0;0;0;0;0
11;6;6030606;2019;6;15;7;3;1;5;0;1;1;0;0;0;0;0
11;10;10010206;2019;6;18;7;2;5;3;0;1;1;0;0;0;0;0
11;9;9020802;2019;6;12;6;2;3;6;0;1;0;0;0;1;0;0
11;7;7040401;2019;6;15;7;3;5;2;0;1;0;0;0;0;0;0
11;4;4020311;2019;6;16;6;3;5;3;0;1;1;0;0;0;0;0
11;1;1022104;2019;6;14;7;3;5;2;0;0;1;0;1;0;0;0
11;1;1044201;2019;6;19;7;3;2;6;0;0;1;0;0;0;0;0
11;8;8020727;2019;6;16;6;3;5;3;0;0;1;0;1;0;0;0
11;2;2030301;2019;6;19;7;3;5;3;0;1;1;0;0;0;0;0
11;4;4030931;2019;6;13;7;3;5;2;0;1;1;0;0;0;0;0
11;3;3030405;2019;6;16;6;3;6;4;0;0;1;1;0;0;0;0
11;11;11051332;2019;6;19;7;3;2;6;0;0;1;0;0;0;0;0
11;9;9041501;2019;6;16;6;2;5;2;0;1;1;0;0;0;0;0
11;4;4020310;2019;6;16;6;2;4;6;0;1;0;0;0;0;0;0
11;7;7020201;2019;6;19;7;3;5;3;0;0;1;0;0;0;0;0
11;2;2010104;2019;6;15;6;2;5;7;0;0;1;0;0;1;0;0
11;2;2030302;2019;6;12;7;2;5;2;0;1;1;0;0;0;0;0
11;4;4030621;2019;6;16;6;3;5;2;0;1;0;0;1;0;0;0
11;6;6040806;2019;6;22;7;3;6;4;2;0;1;1;0;0;0;0
11;7;7070702;2019;6;12;7;3;1;5;0;0;1;0;0;0;0;0
11;7;7010102;2019;6;16;6;3;1;5;0;1;1;0;0;0;0;0
11;4;4041238;2019;6;9;6;3;2;7;0;0;1;0;0;0;0;0
11;5;5010314;2019;6;11;7;3;0;2;0;0;1;0;0;0;1;0
11;5;5010339;2019;6;10;7;3;5;2;0;1;1;0;0;0;0;0
11;3;3050924;2019;6;12;6;2;1;1;0;0;1;0;0;0;1;0
11;1;1011302;2019;6;23;7;2;0;1;2;1;0;0;0;0;0;0
11;2;2010102;2019;6;17;6;3;5;3;0;0;1;0;0;0;0;0
11;8;8020622;2019;6;9;7;3;5;7;0;0;1;0;0;0;0;0
11;1;1033201;2019;6;9;7;2;5;2;0;1;0;0;0;1;0;0
11;8;8010117;2019;6;15;6;3;6;2;0;0;1;1;0;0;0;0
11;4;4051445;2019;5;5;6;3;5;2;0;1;1;0;0;0;0;0
11;3;3050923;2019;5;7;6;3;5;3;0;0;1;0;1;0;0;0
11;2;2010102;2019;6;23;6;2;5;3;2;0;1;0;0;0;0;0
11;4;4030519;2019;5;9;6;3;5;2;0;1;1;0;0;0;0;0
11;11;11010103;2019;6;15;6;3;5;2;0;0;1;0;1;0;0;0
11;4;4030725;2019;5;9;6;3;5;2;0;0;1;0;0;0;0;0
11;7;7050503;2019;5;15;6;3;2;6;0;0;1;0;0;0;0;0
11;7;7050501;2019;6;11;6;3;1;5;0;1;1;0;0;0;1;0
11;3;3050923;2019;6;11;6;3;2;1;0;0;1;0;0;0;0;0
11;12;12214423;2019;5;15;6;3;5;3;0;0;1;0;0;0;0;0
11;7;7040401;2019;5;15;6;3;5;2;0;1;1;0;0;0;0;0
11;4;4030416;2019;6;18;6;3;0;7;0;1;0;0;0;0;0;0
11;9;9031001;2019;5;13;6;3;5;3;0;1;1;0;0;0;0;0
11;2;2010104;2019;6;10;6;2;6;4;0;1;0;1;0;0;0;0
11;12;12214424;2019;5;13;6;2;5;2;0;0;1;0;0;0;0;0
11;12;12302107;2019;5;16;6;3;5;3;0;0;1;0;0;0;0;0
11;4;5030833;2019;5;17;6;2;2;6;0;0;1;0;0;0;0;0
11;12;12231102;2019;6;15;6;3;1;5;0;0;1;0;0;0;0;0
11;9;9010202;2019;5;17;6;2;5;2;0;1;1;0;0;0;0;0
11;3;3061131;2019;6;10;6;3;5;2;0;0;1;0;1;0;0;0
11;2;2020206;2019;5;19;6;3;5;7;0;1;0;0;0;0;1;0
11;5;5030731;2019;6;9;6;3;1;5;0;1;1;0;0;0;1;0
11;2;2020206;2019;5;19;6;3;0;6;0;0;1;0;0;0;1;0
11;2;2030301;2019;6;9;6;3;5;3;0;1;1;0;0;0;0;0
11;12;12214424;2019;5;20;6;3;5;2;0;0;1;0;0;0;0;1
11;9;9010402;2019;6;15;6;3;5;3;0;1;1;0;0;0;0;0
11;7;7040405;2019;5;21;6;3;2;6;2;0;1;0;0;0;1;1
11;7;7070703;2019;6;15;6;3;1;5;0;1;1;0;0;0;0;0
11;2;2020205;2019;5;18;6;3;0;1;0;1;0;0;0;0;0;0
11;6;6010101;2019;5;9;6;3;2;2;0;0;1;0;0;0;1;0
11;4;4010102;2019;6;14;6;3;5;2;0;1;1;0;0;0;0;0
11;9;9051801;2019;5;10;6;3;5;2;0;1;1;0;0;0;0;0
11;4;4030620;2019;6;14;6;3;5;2;0;1;1;0;0;0;0;0
11;3;3071537;2019;5;12;6;3;2;6;0;0;1;0;0;0;0;0
11;1;1011306;2019;5;12;6;3;0;7;0;1;0;0;0;0;1;1
11;3;3061126;2019;6;14;6;2;5;2;0;1;1;0;0;0;0;0
11;1;1044203;2019;5;12;6;3;2;6;0;0;1;0;0;0;0;0
11;6;6020303;2019;6;13;6;3;1;5;0;1;1;0;0;0;0;0
11;2;2030302;2019;5;12;6;3;2;6;0;0;1;0;0;0;1;0
11;6;6040808;2019;6;14;6;3;2;6;0;0;1;0;0;1;0;0
11;1;1011306;2019;5;12;6;3;0;7;0;0;0;0;1;0;1;1
11;1;1044101;2019;6;10;6;3;2;6;0;0;1;0;0;1;0;0
11;12;12301203;2019;5;23;6;3;2;6;2;0;1;0;0;0;0;1
11;1;1011301;2019;5;21;6;3;0;1;2;0;0;0;1;0;0;1
11;1;1022106;2019;6;8;6;3;1;1;0;0;1;0;0;0;0;0
11;11;11051332;2019;6;8;6;1;6;4;0;0;0;1;0;1;0;0
11;2;2010101;2019;5;18;5;3;6;7;0;0;1;1;0;0;0;0
11;8;8010406;2019;6;16;5;3;0;2;0;1;0;0;0;0;1;1
11;7;7070704;2019;5;18;5;2;5;2;0;0;1;0;1;0;0;0
11;2;2010102;2019;6;18;5;3;3;6;0;1;1;0;0;0;0;0
11;4;4041344;2019;5;17;5;3;6;4;0;0;1;1;0;0;0;0
11;10;10020519;2019;5;17;5;2;5;3;0;1;1;0;0;0;0;0
11;12;12214527;2019;6;15;5;3;2;6;0;0;1;0;0;0;0;0
11;9;9041501;2019;6;7;5;3;5;2;0;1;1;0;0;0;0;0
11;3;3020209;2019;5;16;5;3;5;3;0;0;1;0;0;0;0;0
11;10;10040828;2019;5;16;5;2;5;3;0;1;1;0;0;0;0;0
11;9;9020701;2019;6;7;5;3;5;2;0;1;1;0;0;0;0;0
11;1;1022106;2019;5;18;5;3;5;2;0;1;1;0;0;0;0;0
11;5;5010102;2019;6;6;5;3;5;3;0;0;1;0;1;0;0;0
11;12;12231102;2019;5;16;5;3;0;1;0;1;0;0;0;0;0;0
11;10;10010102;2019;5;16;5;3;5;7;0;0;1;0;0;0;0;0
11;8;8010508;2019;6;6;5;3;5;2;0;1;0;0;1;0;0;0
11;2;2040701;2019;5;23;5;2;6;4;2;0;1;1;0;0;0;0
11;1;1044203;2019;6;21;5;3;5;7;2;1;1;0;0;0;0;1
11;8;8010214;2019;5;22;5;3;5;7;2;1;1;0;0;0;0;0
11;8;8010117;2019;6;21;5;3;2;6;1;1;1;0;0;0;0;1
11;4;4051446;2019;5;20;5;3;5;3;1;1;1;0;0;0;0;0
11;4;4030828;2019;6;21;5;3;6;4;1;0;1;1;0;0;0;1
11;3;3051017;2019;5;20;5;3;5;2;1;1;1;0;0;0;0;0
11;1;1022204;2019;5;19;5;3;1;5;0;1;1;0;0;0;0;0
11;8;8041038;2019;6;12;5;2;6;2;0;0;1;1;0;0;0;0
11;3;3061228;2019;6;23;5;3;5;3;2;0;1;0;0;0;0;1
11;10;10030727;2019;5;18;5;3;2;6;0;1;0;0;0;0;0;0
11;10;10040830;2019;5;18;5;3;5;3;0;0;1;0;0;0;0;0
11;3;3030716;2019;6;15;5;3;0;7;0;0;1;0;0;0;0;0
11;1;1011202;2019;5;15;5;3;3;6;0;1;1;0;0;0;0;0
11;8;8010303;2019;6;15;5;3;5;2;0;0;1;0;0;0;0;1
11;4;4020311;2019;5;15;5;3;5;3;0;0;1;0;0;0;0;0
11;1;1022101;2019;6;15;5;3;1;5;0;1;1;0;0;0;1;1
11;3;3040508;2019;5;14;5;3;2;2;0;0;1;0;0;0;0;0
11;7;7060601;2019;6;13;5;2;2;6;0;1;1;0;0;0;0;0
11;4;4051549;2019;5;14;5;3;2;6;0;0;1;0;0;0;0;0
11;11;11030721;2019;6;12;5;2;6;2;0;0;1;1;0;0;0;0
11;11;11040926;2019;5;13;5;3;6;2;0;0;0;1;0;0;1;0
11;2;2040502;2019;6;12;5;3;5;2;0;1;1;0;0;0;0;0
11;5;5040934;2019;5;13;5;2;1;5;0;1;1;0;0;0;0;0
11;6;6030608;2019;5;10;5;2;5;7;0;0;1;0;1;0;0;0
11;1;1022205;2019;6;12;5;3;5;2;0;0;1;0;1;0;0;0
11;5;5020625;2019;5;6;5;2;1;5;0;0;1;0;0;0;0;0
11;9;9020501;2019;6;12;5;3;2;6;0;0;1;0;0;0;0;0
11;12;12214528;2019;5;16;4;3;2;6;0;0;1;0;0;0;0;0
11;2;2020205;2019;6;11;5;2;5;7;0;1;1;0;0;0;0;0
11;4;4010102;2019;5;18;4;3;2;2;0;1;1;0;0;0;0;0
11;6;6040703;2019;6;11;5;3;5;2;0;0;1;0;1;0;0;0
11;2;2040703;2019;5;18;4;3;5;2;0;1;0;0;0;0;1;0
11;1;1022104;2019;5;16;4;3;3;6;0;0;1;0;1;0;0;0
11;10;10010310;2019;6;11;5;3;2;6;0;0;1;0;0;0;0;0
11;9;9051702;2019;6;7;5;3;6;2;0;0;1;1;0;0;0;0
11;9;9051901;2019;5;23;4;3;0;1;2;1;0;0;0;0;0;0
11;4;4030622;2019;5;17;4;3;6;4;0;0;1;1;0;0;0;0
11;2;2050802;2019;6;10;5;3;5;5;0;0;1;0;1;0;0;0
11;1;1011204;2019;5;20;4;3;0;2;1;1;0;0;0;1;0;0
11;4;4030621;2019;6;10;5;3;2;2;0;0;1;0;0;0;0;0
11;4;4051653;2019;5;18;4;3;5;3;0;1;1;0;0;0;0;0
11;9;9010301;2019;5;18;4;2;5;2;0;0;1;0;0;0;0;0
11;4;4051448;2019;6;9;5;3;6;2;0;1;0;1;0;0;0;0
11;2;2020203;2019;5;23;4;3;5;3;2;0;1;0;0;0;0;0
11;11;11040926;2019;5;22;4;3;5;2;2;0;1;0;0;0;0;0
11;11;11010310;2019;6;9;5;2;6;4;0;0;0;1;0;0;1;0
11;3;3040818;2019;5;21;4;3;5;2;1;1;1;0;0;0;0;0
11;3;3061332;2019;5;18;4;3;0;2;0;0;1;0;1;0;0;0
11;4;4030929;2019;6;19;5;3;2;6;0;1;0;0;1;0;0;1
11;1;1044203;2019;5;18;4;3;5;2;0;1;1;0;0;0;0;0
11;1;1011302;2019;6;18;5;3;0;1;0;1;0;0;0;0;0;1
11;5;5020625;2019;5;15;4;3;6;2;0;0;1;1;0;0;0;0
11;1;1011302;2019;6;18;5;3;0;3;0;1;0;0;1;0;0;1
11;10;10040830;2019;5;18;4;3;5;3;0;1;1;0;0;0;0;0
11;5;5010314;2019;6;18;5;3;0;2;0;1;1;0;0;0;0;1
11;6;6010101;2019;5;9;4;2;3;6;0;0;1;0;1;0;0;0
11;2;2030302;2019;5;11;4;3;5;3;0;1;1;0;0;0;0;0
11;1;1011201;2019;6;18;5;2;5;3;1;1;1;0;0;0;0;1
11;12;12302109;2019;6;18;5;3;5;2;0;1;1;0;0;0;0;1
11;4;4051446;2019;5;18;4;3;2;6;0;0;1;0;0;0;0;0
11;4;4041136;2019;5;11;4;3;5;2;0;0;1;0;0;1;0;0
11;6;6040806;2019;6;18;5;2;6;4;0;0;1;1;0;0;0;1
11;7;7010102;2019;5;11;4;3;5;7;0;0;1;0;0;0;0;0
11;1;1011301;2019;6;18;5;3;0;1;0;0;0;0;1;0;0;1
11;5;5010314;2019;5;11;4;3;5;2;0;0;1;0;1;0;0;0
11;2;2030301;2019;6;17;5;2;6;4;0;0;0;1;1;0;0;1
11;2;2040703;2019;5;12;4;3;1;5;0;1;1;0;0;0;1;0
11;12;12224230;2019;6;16;5;2;0;1;0;1;0;0;0;0;0;1
11;9;9010302;2019;5;17;4;3;2;6;0;1;1;0;0;0;0;0
11;4;4020311;2019;5;17;4;2;6;4;0;0;1;1;0;0;0;0
11;1;1022102;2019;6;16;5;3;6;4;0;0;1;1;0;0;0;1
11;7;7050505;2019;6;15;5;3;1;5;0;0;1;0;0;0;0;1
11;6;6020410;2019;5;17;4;3;5;3;0;0;1;0;0;0;1;0
11;4;4030417;2019;6;17;5;3;5;3;0;1;1;0;0;0;0;0
11;1;1033101;2019;6;17;5;3;4;6;0;0;0;0;1;1;0;0
11;4;4030519;2019;6;17;5;3;5;3;0;0;1;0;0;0;0;0
11;12;12103219;2019;6;17;5;3;5;3;0;1;1;0;0;0;0;0
11;1;1011306;2019;6;16;5;3;5;3;0;0;1;0;0;0;1;0
11;6;6030504;2019;6;16;5;3;5;2;0;1;1;0;0;0;0;0
11;4;4030620;2019;6;16;5;2;5;3;0;1;1;0;0;0;0;0
11;3;3010102;2019;6;16;5;3;5;2;0;1;1;0;0;0;0;0
11;1;1011301;2019;6;16;5;3;5;2;0;0;1;0;1;0;0;0
11;10;10020621;2019;6;20;5;3;2;6;0;0;1;0;1;0;0;0
11;2;2050801;2019;6;20;5;3;5;3;0;1;1;0;0;0;0;0
11;2;2050601;2019;6;19;5;3;5;3;0;1;1;0;0;0;0;0
11;11;11040926;2019;6;19;5;3;2;2;0;0;1;0;0;0;0;0
11;5;5020626;2019;6;19;5;3;1;5;0;0;1;0;0;0;1;0
11;10;10020412;2019;6;18;5;3;2;6;0;0;1;0;0;0;1;0
11;6;6040810;2019;6;18;5;3;0;7;0;1;0;0;0;0;0;0
11;1;1022104;2019;6;18;5;3;5;3;0;1;1;0;0;0;0;0
11;1;1011401;2019;6;18;5;3;0;1;0;1;0;0;0;0;0;0
11;7;7060604;2019;6;18;5;3;0;2;0;1;1;0;0;0;0;0
11;9;9020502;2019;6;15;5;3;6;7;0;1;0;1;0;0;0;0
11;9;9051901;2019;6;17;5;3;2;6;0;0;1;0;1;0;0;0
11;2;2050602;2019;6;15;5;3;6;4;0;0;1;1;0;0;0;0
11;9;9020501;2019;6;15;5;3;2;6;0;0;1;0;0;0;0;0
11;2;2010104;2019;6;15;5;3;5;7;0;0;1;0;0;0;0;0
11;10;10010203;2019;6;6;5;2;5;2;0;1;1;0;0;0;0;0
11;3;3040614;2019;6;7;5;2;5;3;0;1;1;0;0;0;0;0
11;1;1011102;2019;6;14;5;3;6;4;0;0;1;1;0;0;0;0
11;11;11051229;2019;6;7;5;3;3;6;0;0;1;0;1;0;0;1
11;2;2030402;2019;6;7;5;3;3;6;0;1;0;0;0;0;1;0
11;6;6010205;2019;6;7;5;3;3;6;0;0;1;0;1;0;0;0
11;6;6030503;2019;6;7;5;2;5;2;0;0;1;0;1;0;0;1
11;1;1044201;2019;6;8;5;3;5;3;0;1;1;0;0;0;0;0
11;11;11020412;2019;6;8;5;3;6;4;0;0;1;1;0;0;0;0
11;9;9010101;2019;6;8;5;3;5;2;0;1;1;0;0;0;0;0
11;9;9020501;2019;6;9;5;3;5;2;0;1;1;0;0;0;0;0
11;1;1011203;2019;6;14;5;3;5;7;0;0;1;0;1;0;0;0
11;1;1011202;2019;6;10;5;3;5;3;0;1;1;0;0;0;0;0
11;11;11041128;2019;6;10;5;2;5;3;0;1;0;0;0;1;0;0
11;4;4041136;2019;6;12;5;3;2;6;0;1;1;0;0;0;0;0
11;3;3051022;2019;6;12;5;3;1;5;0;1;1;0;0;0;0;0