LAND;BEZ;LOR_ab_2021;UJAHR;UMONAT;USTUNDE;UWOCHENTAG;UKATEGORIE;UART;UTYP1;ULICHTVERH;IstRad;IstPKW;IstFuss;IstKrad;IstGkfz;IstSonstige;USTRZUSTAND
11;4;4020311;2019;6;19;7;3;2;2;0;0;1;0;0;0;1;0
11;8;8010509;2019;6;15;7;3;5;2;0;0;1;0;0;0;0;0
11;2;2010101;2019;6;15;7;3;5;3;0;0;1;0;0;0;0;0
11;8;8020620;2019;6;15;7;3;5;3;0;0;1;0;1;0;0;0
11;7;7050503;2019;6;16;7;3;5;2;0;0;1;0;1;0;0;0
11;11;11040925;2019;6;16;7;3;3;6;0;1;1;0;0;0;0;0
11;3;3040818;2019;6;17;7;3;5;3;0;1;1;0;0;0;0;0
11;8;8020622;2019;6;17;7;3;2;6;0;0;1;0;0;0;0;0
11;7;7010101;2019;6;19;7;3;5;3;0;1;1;0;0;0;0;0
11;4;4030931;2019;6;20;7;3;2;6;0;0;1;0;0;0;0;0
11;11;11030721;2019;6;20;7;3;5;3;0;1;0;0;0;0;1;0
11;11;11040925;2019;6;21;7;3;0;1;1;1;1;0;0;0;0;0
11;2;2010104;2019;6;21;7;3;2;6;1;0;1;0;1;0;0;0
11;1;1011302;2019;6;14;7;3;5;3;0;1;1;0;0;0;0;0
11;12;12214125;2019;6;12;7;3;1;1;0;0;1;0;0;0;0;0
11;10;10030724;2019;6;11;7;3;5;3;0;0;1;0;0;0;0;0
11;4;4031032;2019;6;11;7;3;0;5;0;0;1;0;0;0;1;0
11;6;6030501;2019;6;10;7;3;5;3;0;0;1;0;0;1;0;0
11;11;11051330;2019;6;16;7;3;5;2;0;0;0;0;0;0;1;0
11;9;9031001;2019;6;10;7;3;5;3;0;0;1;0;1;0;0;0
11;11;11040926;2019;6;9;7;3;5;3;0;1;1;0;0;0;0;0
11;1;1033201;2019;6;2;7;3;6;4;2;0;0;1;0;0;1;0
11;10;10010204;2019;6;15;6;3;2;6;0;0;1;0;0;0;1;0
11;3;3020209;2019;6;18;6;3;0;7;0;1;0;0;0;0;1;0
11;8;8010301;2019;6;14;6;3;2;2;0;1;1;0;0;0;0;0
11;11;11051229;2019;6;14;6;3;3;6;0;0;1;0;0;1;0;0
11;5;5010101;2019;6;17;6;3;5;3;0;1;1;0;0;0;0;0
11;5;5010311;2019;6;16;6;2;1;5;0;1;1;0;0;0;0;0
11;5;5020419;2019;6;16;6;3;2;6;0;0;1;0;0;1;0;0
11;6;6010208;2019;6;16;6;2;3;6;0;1;1;0;0;0;0;0
11;2;2050803;2019;6;15;6;3;2;6;0;1;1;0;0;0;0;0
11;3;3051017;2019;6;13;6;3;1;5;0;1;1;0;0;0;0;0
11;1;1011303;2019;6;13;6;3;2;6;0;1;0;0;0;0;0;0
11;7;7030303;2019;6;13;6;3;5;2;0;0;1;0;0;0;0;0
11;3;3051021;2019;6;13;6;3;0;7;0;1;0;0;0;0;0;0
11;8;8010212;2019;6;18;6;3;5;2;0;0;1;0;0;0;0;0
11;1;1022104;2019;6;13;6;3;5;2;0;0;1;0;1;0;0;0
11;4;4030623;2019;6;13;6;3;2;6;0;0;1;0;0;0;0;0
11;2;2040701;2019;6;14;6;3;0;1;0;0;0;0;1;0;0;0
11;11;11010206;2019;6;15;6;3;2;6;0;0;1;0;0;0;1;0
11;1;1011304;2019;6;13;6;3;5;2;0;0;1;0;0;0;0;0
11;11;11051229;2019;6;13;6;3;0;7;0;0;0;0;1;0;0;1
11;2;2040701;2019;6;20;6;3;1;5;1;1;1;0;0;0;1;0
11;9;9041301;2019;6;19;6;3;3;6;0;1;0;0;0;0;1;0
11;10;10020517;2019;6;19;6;2;5;3;0;1;1;0;0;0;0;0
11;4;4051446;2019;6;19;6;3;1;5;0;1;0;0;0;1;0;0
11;8;8010118;2019;6;19;6;3;2;2;0;0;1;0;0;0;0;0
11;1;1033201;2019;6;19;6;3;5;2;0;1;0;0;0;0;1;0
11;2;2030302;2019;6;19;6;3;0;7;0;0;1;0;0;0;1;0
11;2;2020206;2019;6;7;6;3;1;5;0;1;1;0;0;0;1;0
11;2;2050802;2019;6;23;6;2;0;1;2;1;0;0;0;0;1;0
11;11;11020412;2019;6;7;6;2;5;2;0;1;1;0;0;0;0;0
11;9;9020602;2019;6;6;6;3;6;4;0;1;0;1;0;0;0;0
11;12;12214424;2019;6;5;6;3;5;3;0;0;1;0;0;0;0;0
11;8;8010510;2019;6;13;6;3;5;3;0;1;1;0;0;0;0;0
11;1;1022103;2019;6;13;6;3;2;2;0;0;1;0;0;0;1;0
11;1;1011303;2019;6;9;6;3;1;5;0;1;1;0;0;0;1;0
11;6;6030502;2019;6;12;6;3;5;3;0;1;1;0;0;0;0;0
11;5;5040936;2019;6;10;6;3;4;6;0;1;1;0;0;0;0;0
11;1;1011301;2019;6;11;6;3;6;4;0;1;0;1;0;0;0;0
11;6;6020301;2019;6;10;6;3;5;3;0;0;1;0;0;0;0;0
11;10;10040933;2019;6;9;6;3;5;3;0;1;1;0;0;0;0;0
11;9;9041501;2019;6;10;6;2;5;2;0;1;0;0;0;1;0;0
11;10;10040933;2019;6;9;6;3;5;3;0;1;1;0;0;0;0;0
11;1;1011103;2019;6;10;6;3;2;6;0;0;1;0;0;0;0;0
11;8;8010117;2019;6;3;6;3;3;6;2;0;1;0;1;0;0;1
11;2;2050802;2019;6;0;6;3;6;4;2;0;1;1;0;0;0;1
11;1;1022204;2019;6;11;6;2;1;5;0;1;1;0;0;0;1;0
11;7;7040403;2019;6;21;5;3;3;6;2;0;1;0;0;0;0;0
11;7;7030301;2019;6;13;5;3;4;6;0;1;1;0;0;0;0;0
11;1;1011101;2019;6;9;5;3;0;2;0;1;0;0;0;1;0;1
11;1;1022203;2019;6;9;5;3;0;1;0;1;0;0;0;0;0;1
11;4;4030415;2019;6;8;5;3;2;2;0;1;1;0;0;0;0;1
11;3;3040512;2019;6;21;5;3;5;3;2;0;1;0;0;0;0;1
11;2;2040701;2019;6;22;5;3;1;1;2;1;1;0;0;0;0;0
11;2;2020206;2019;6;23;5;3;0;3;1;1;0;0;1;0;0;0
11;8;8041035;2019;6;7;5;3;5;3;0;1;1;0;0;0;0;0
11;3;3061227;2019;6;7;5;3;2;6;0;0;1;0;0;0;0;0
11;1;1011301;2019;6;7;5;3;5;2;0;1;1;0;0;0;0;0
11;9;9020701;2019;6;6;5;3;5;3;0;1;1;0;0;0;0;0
11;9;9051901;2019;6;0;5;3;0;1;2;0;1;0;1;0;0;0
11;6;6040808;2019;6;23;5;1;0;1;2;1;0;0;0;0;0;0
11;4;4051652;2019;6;8;5;3;6;4;0;0;1;1;0;0;0;1
11;1;1044102;2019;6;8;5;3;5;3;0;1;1;0;0;0;0;1
11;9;9030901;2019;6;8;5;2;5;2;0;1;1;0;0;0;0;1
11;6;6020409;2019;6;2;5;3;1;1;2;0;1;0;0;0;0;1
11;2;2040703;2019;6;2;5;3;0;1;2;1;0;0;0;0;0;1
11;1;1011303;2019;6;20;5;2;6;4;0;0;1;1;0;0;0;0
11;9;9020501;2019;6;7;5;3;5;3;0;1;1;0;0;0;0;0
11;4;4030724;2019;6;13;5;3;5;7;0;1;1;0;0;0;0;0
11;2;2020205;2019;6;7;5;3;5;2;0;1;0;0;0;0;1;0
11;7;7040403;2019;6;13;5;3;5;3;0;0;1;0;0;0;1;0
11;1;1022103;2019;6;0;5;3;1;7;2;0;1;0;0;0;1;0
11;2;2040703;2019;6;17;5;3;5;5;0;1;1;0;0;0;0;0
11;8;8020619;2019;6;14;5;3;1;5;0;0;1;0;0;0;0;0
11;6;6020410;2019;6;16;5;3;2;6;0;0;1;0;1;0;0;0
11;3;3010101;2019;6;15;5;3;5;3;0;1;1;0;0;0;0;0
11;4;4030931;2019;6;16;5;3;1;5;0;1;1;0;0;0;0;0
11;4;4031032;2019;6;13;5;3;3;6;0;0;1;0;1;0;0;0
11;12;12224230;2019;6;12;5;3;5;3;0;0;1;0;1;0;0;0
11;6;6020411;2019;6;16;5;3;5;2;0;0;1;0;0;0;0;0
11;9;9020701;2019;6;16;5;3;5;3;0;1;1;0;0;0;0;0
11;2;2030301;2019;6;11;5;3;5;3;0;0;1;0;0;0;0;0
11;5;5020625;2019;6;15;5;3;5;2;0;1;1;0;0;0;0;0
11;9;9041301;2019;6;12;5;2;5;3;0;0;1;0;1;0;0;0
11;4;4030930;2019;6;19;5;3;6;4;0;0;1;1;0;0;0;0
11;5;5030832;2019;6;11;5;3;5;7;0;0;1;0;1;0;0;0
11;8;8010404;2019;6;15;5;3;5;3;0;1;1;0;0;0;0;0
11;2;2030302;2019;6;19;5;3;2;5;0;1;1;0;0;0;0;0
11;11;11051330;2019;6;11;4;3;5;2;0;1;1;0;0;0;0;0
11;8;8010404;2019;6;8;4;3;1;5;0;1;1;0;0;0;0;0
11;8;8020622;2019;6;11;5;3;5;3;0;0;1;0;0;0;0;1
11;4;4051445;2019;6;11;5;3;6;4;0;0;1;1;0;0;0;1
11;2;2010102;2019;6;13;4;3;6;4;0;0;1;1;0;0;0;0
11;8;8020622;2019;6;18;5;2;6;4;0;0;1;1;0;0;0;0
11;4;4030724;2019;6;16;4;3;6;4;0;1;0;1;0;0;0;0
11;1;1033102;2019;6;10;5;3;3;6;0;1;1;0;0;0;0;0
11;7;7030301;2019;6;15;4;3;3;2;0;0;1;0;1;0;0;0
11;2;2030402;2019;6;7;5;3;0;6;0;1;0;0;0;1;0;0
11;3;3040818;2019;6;15;4;2;1;5;0;1;1;0;0;0;0;0
11;7;7030301;2019;6;15;4;3;5;2;0;0;1;0;0;0;0;0
11;6;6040809;2019;6;10;5;3;5;2;0;1;1;0;0;0;0;0
11;1;1011302;2019;6;15;4;3;3;6;0;0;1;0;1;0;0;0
11;1;1022204;2019;6;9;5;2;6;4;0;0;1;1;0;0;0;1
11;1;1011204;2019;6;14;4;3;2;6;0;1;0;0;0;0;1;0
11;7;7040403;2019;6;18;5;3;2;2;0;0;1;0;0;0;0;0
11;4;4030519;2019;6;14;4;3;5;2;0;1;1;0;0;0;0;0
11;7;7020202;2019;6;17;5;3;2;6;0;0;1;0;0;0;0;0
11;4;4051652;2019;6;13;4;3;5;5;0;1;1;0;0;0;0;0
11;1;1011401;2019;6;13;4;2;0;2;0;1;1;0;0;0;0;0
11;1;1044201;2019;6;18;5;3;5;3;0;0;1;0;0;0;0;0
11;2;2030301;2019;6;17;5;3;5;2;0;1;0;0;0;0;1;0
11;2;2050801;2019;6;13;4;3;6;4;0;0;1;1;0;0;0;0
11;1;1044201;2019;6;13;4;3;5;2;0;0;1;0;0;0;0;0
11;1;1044101;2019;6;17;5;3;2;2;0;0;1;0;1;0;0;0
11;1;1011302;2019;6;12;4;3;5;5;0;0;1;0;1;0;0;0
11;7;7010101;2019;6;12;4;3;5;2;0;1;1;0;0;0;0;0
11;4;4010101;2019;6;18;5;2;6;4;0;0;1;1;0;0;0;0
11;1;1022103;2019;6;9;5;3;0;6;0;0;1;0;1;0;0;0
11;4;4030931;2019;6;22;4;3;6;4;2;0;0;1;1;0;0;0
11;4;4010102;2019;6;16;5;3;5;7;0;0;1;0;1;0;0;0
11;12;12301204;2019;6;22;4;3;1;5;2;0;1;0;0;0;0;0
11;2;2050803;2019;6;9;5;3;3;6;0;0;1;0;0;0;1;1
11;9;9041301;2019;6;21;4;3;5;3;1;0;1;0;1;0;0;0
11;7;7040401;2019;6;9;5;3;0;4;0;0;0;1;0;0;1;0
11;1;1011302;2019;6;20;4;3;3;6;1;1;1;0;0;0;0;0
11;4;4010101;2019;6;19;4;3;5;3;0;0;1;0;0;0;0;0
11;9;9051901;2019;6;9;5;3;1;1;0;1;1;0;0;0;0;1
11;2;2010102;2019;6;19;4;3;5;2;0;1;1;0;0;0;0;0
11;1;1033102;2019;6;8;5;3;0;2;0;0;1;0;1;0;0;1
11;4;4031032;2019;6;18;4;3;6;4;0;1;0;1;0;0;0;0
11;9;9020601;2019;6;17;5;3;5;2;0;1;1;0;0;0;0;0
11;5;5010101;2019;6;17;4;3;2;6;0;0;1;0;0;0;0;0
11;1;1033203;2019;6;10;5;3;0;1;0;0;0;0;1;0;0;1
11;6;6040810;2019;6;17;4;3;5;2;0;1;1;0;0;0;0;0
11;1;1011301;2019;6;17;4;3;1;5;0;1;1;0;0;0;0;0
11;3;3061131;2019;6;16;5;3;4;1;0;0;1;0;0;0;0;1
11;4;4010103;2019;6;15;5;3;3;6;0;0;1;0;0;0;0;0
11;10;10010308;2019;6;10;4;3;0;2;0;0;1;0;1;0;0;0
11;2;2040503;2019;6;10;4;3;2;6;0;0;1;0;1;0;0;0
11;1;1011303;2019;6;15;5;3;6;4;0;0;1;1;0;0;0;0
11;9;9010101;2019;6;9;4;3;2;6;0;1;1;0;0;0;0;0
11;4;4020310;2019;6;15;5;3;0;2;0;1;1;0;0;0;0;0
11;6;6020304;2019;6;9;4;3;6;2;0;0;1;1;0;0;0;0
11;3;3040614;2019;6;8;4;3;1;1;0;0;1;0;0;0;1;0
11;2;2030302;2019;6;8;4;3;2;6;0;1;0;0;0;0;0;0
11;3;3061429;2019;6;8;5;3;0;1;0;1;0;0;0;0;0;1
11;1;1011303;2019;6;8;4;3;5;2;0;1;1;0;0;0;0;0
11;1;1033201;2019;6;18;4;2;5;3;0;0;1;0;0;0;0;0
11;11;11030720;2019;6;8;4;3;2;6;0;0;1;0;0;0;0;0
11;3;3010102;2019;6;8;4;3;5;3;0;1;1;0;0;0;0;0
11;2;2020206;2019;6;14;4;3;0;3;0;1;0;0;0;0;0;1
11;10;10020412;2019;6;7;4;3;2;6;0;0;1;0;0;0;0;0
11;1;1011301;2019;6;7;4;3;1;5;0;1;1;0;0;0;0;0
11;4;4030519;2019;6;23;4;3;0;1;2;0;1;0;1;0;0;0
11;7;7050505;2019;6;7;4;3;2;6;0;0;1;0;0;0;0;0
11;7;7050505;2019;6;21;4;3;6;4;0;0;0;1;0;0;1;0
11;3;3061430;2019;6;6;4;3;6;4;0;1;0;1;0;0;0;0
11;2;2020203;2019;6;4;4;3;3;6;1;0;1;0;0;0;0;0
11;8;8010508;2019;6;20;4;3;5;3;0;0;1;0;0;0;0;0
11;12;12214527;2019;6;19;4;3;5;3;0;0;1;0;1;0;0;0
11;7;7040405;2019;6;12;4;2;5;3;0;1;0;0;0;0;1;0
11;3;3040513;2019;6;11;4;3;0;2;0;0;1;0;1;0;0;0
11;1;1044202;2019;6;18;4;3;1;5;0;1;1;0;0;0;0;0
11;1;1011306;2019;6;11;4;3;6;7;0;0;0;1;0;0;1;0
11;10;10010204;2019;6;17;4;3;5;3;0;1;1;0;0;0;0;0
11;2;2010101;2019;6;10;4;3;3;6;0;1;0;0;0;0;0;0
11;1;1022206;2019;6;22;4;3;0;2;2;0;1;0;0;0;1;0
11;10;10010310;2019;6;10;4;3;0;2;0;0;1;0;0;0;1;0
11;1;1011204;2019;6;9;4;3;5;2;0;0;1;0;0;0;0;0
11;4;4051445;2019;6;10;4;3;5;3;0;1;0;0;0;0;0;0
11;6;6010101;2019;6;13;4;3;5;3;0;0;1;0;0;0;1;0
11;5;5020625;2019;6;9;4;2;5;2;0;0;1;0;0;0;0;0
11;1;1011304;2019;6;18;4;3;0;7;0;1;0;0;0;0;0;0
11;1;1022101;2019;6;11;3;3;3;6;0;0;0;0;1;0;1;0
11;1;1044201;2019;6;9;4;3;2;6;0;0;1;0;0;0;0;0
11;1;1022201;2019;6;10;3;3;5;2;0;1;1;0;0;0;0;0
11;5;5030833;2019;6;8;4;3;5;2;0;1;1;0;0;0;0;0
11;8;8010404;2019;6;21;3;3;1;5;0;1;1;0;0;0;0;0
11;7;7060604;2019;6;7;4;3;1;5;0;1;1;0;0;0;0;0
11;2;2050802;2019;6;20;3;3;2;6;0;0;1;0;0;0;0;0
11;6;6010103;2019;6;7;4;3;1;5;0;0;0;0;1;0;1;0
11;4;4010101;2019;6;13;3;3;2;6;0;0;0;0;1;1;0;0
11;7;7070704;2019;6;13;3;3;5;2;0;1;1;0;0;0;0;0
11;10;10040933;2019;6;7;4;3;5;3;0;1;1;0;0;0;0;0
11;2;2040701;2019;6;10;3;3;3;6;0;0;1;0;0;0;1;0
11;6;6040806;2019;6;7;4;3;5;3;0;1;0;0;0;0;0;0
11;12;12103117;2019;6;13;3;3;5;3;0;1;1;0;0;0;0;0
11;5;5020417;2019;6;12;3;3;5;2;0;1;0;0;0;1;0;0
11;9;9020802;2019;6;7;4;2;5;2;0;1;1;0;0;0;0;0
11;2;2050803;2019;6;11;3;3;3;6;0;0;1;0;0;0;1;0
11;2;2040703;2019;6;6;4;3;5;2;0;0;1;0;0;0;0;0
11;10;10020622;2019;6;11;3;2;3;6;0;1;0;0;0;0;1;0
11;7;7040401;2019;6;1;4;3;2;6;2;1;1;0;0;0;0;0
11;1;1044103;2019;6;10;3;2;5;5;0;0;1;0;1;0;0;0
11;3;3051021;2019;6;7;4;3;0;7;0;1;0;0;0;0;0;0
11;1;1033201;2019;6;10;3;3;2;6;0;0;1;0;0;0;0;0
11;4;4020310;2019;6;19;3;3;4;2;0;0;1;0;0;0;0;0
11;8;8020625;2019;6;16;4;3;5;2;0;1;0;0;0;0;1;0
11;2;2010103;2019;6;16;4;3;5;3;0;1;1;0;0;0;0;0
11;2;2020204;2019;6;8;3;3;5;2;0;1;1;0;0;0;0;0
11;7;7020202;2019;6;15;4;3;1;5;0;1;1;0;0;0;0;0
11;3;3050920;2019;6;8;3;3;5;3;0;1;1;0;0;0;0;0
11;11;11020412;2019;6;13;4;3;6;4;0;0;0;1;0;0;1;0
11;2;2020205;2019;6;8;3;3;5;2;0;1;0;0;0;0;0;0
11;12;12103219;2019;6;15;4;3;5;2;0;0;1;0;0;0;0;0
11;1;1011304;2019;6;19;3;3;5;2;0;1;1;0;0;0;0;0
11;1;1011401;2019;6;8;3;3;0;1;0;1;0;0;0;0;0;0
11;1;1033102;2019;6;15;4;3;1;5;0;1;1;0;0;0;0;0
11;6;6020304;2019;6;8;3;2;5;7;0;0;1;0;0;0;0;0
11;1;1033201;2019;6;14;4;2;5;2;0;0;1;0;1;0;0;0
11;1;1011401;2019;6;8;3;3;0;1;0;1;0;0;0;0;0;0
11;8;8020620;2019;6;11;4;3;3;2;0;1;1;0;0;0;0;0
11;8;8020619;2019;6;18;3;3;5;2;0;1;0;0;0;0;1;0
11;4;4030931;2019;6;12;4;3;2;6;0;1;1;0;0;0;0;0
11;2;2010102;2019;6;18;3;3;5;2;0;1;1;0;0;0;0;0
11;9;9010302;2019;6;18;3;3;5;2;0;0;1;0;1;0;0;0
11;8;8010118;2019;6;11;4;2;5;2;0;0;1;0;1;0;0;0
11;2;2040502;2019;6;18;3;3;5;2;0;1;0;0;0;1;0;0
11;9;9020802;2019;6;11;4;3;2;6;0;0;1;0;0;0;0;0
11;9;9020601;2019;6;18;3;2;5;2;0;1;1;0;0;0;0;0
11;9;9020602;2019;6;10;4;3;5;3;0;1;1;0;0;0;0;0
11;1;1011203;2019;6;17;3;2;5;7;0;1;1;0;0;0;0;0
11;4;4010101;2019;6;10;4;3;2;6;0;0;1;0;0;0;1;0
11;10;10030724;2019;6;13;3;3;5;3;0;1;1;0;0;0;0;0
11;5;5030731;2019;6;15;3;3;6;2;0;0;1;1;0;0;0;0
11;6;6020411;2019;6;10;4;3;5;3;0;0;1;0;1;0;0;0
11;7;7040405;2019;6;10;4;3;0;5;0;0;1;0;0;0;0;0
11;9;9041403;2019;6;16;3;2;5;3;0;1;0;0;0;1;0;0
11;6;6020303;2019;6;16;3;3;2;6;0;0;1;0;0;1;0;0
11;1;1011306;2019;6;9;4;3;5;3;0;1;0;0;1;0;0;0
11;2;2020204;2019;6;16;3;3;2;2;0;0;1;0;0;0;0;0
11;8;8030831;2019;6;13;3;3;2;6;0;0;1;0;0;0;0;0
11;7;7040403;2019;6;16;3;3;0;2;0;1;1;0;0;0;0;0
11;3;3061126;2019;6;15;3;2;0;1;0;1;0;0;0;0;0;0
11;3;3040614;2019;6;10;3;3;5;3;0;1;1;0;0;0;0;0
11;7;7040402;2019;6;15;3;2;3;6;0;0;0;0;1;1;0;0
11;4;4030827;2019;6;15;3;3;5;2;0;0;1;0;0;0;0;0
11;2;2010104;2019;6;16;3;3;6;7;0;1;0;1;0;0;0;0
11;5;5020625;2019;6;14;3;3;5;3;0;1;1;0;0;0;0;0
11;7;7040405;2019;6;11;3;3;1;5;0;1;1;0;0;0;0;0
11;1;1011305;2019;6;8;3;3;0;5;0;0;1;0;1;0;0;0
11;4;4030623;2019;6;7;3;2;1;5;0;1;1;0;0;0;0;0
11;4;4030518;2019;6;0;3;3;1;1;2;0;1;0;0;0;0;0
11;11;11020513;2019;6;6;3;3;2;6;0;0;1;0;0;1;0;0
11;2;2010103;2019;6;18;3;3;5;2;0;1;1;0;0;0;0;0
11;1;1011402;2019;6;1;3;3;0;1;2;0;0;0;0;0;1;0
11;2;2010103;2019;6;19;2;3;5;2;0;1;0;0;1;0;0;0
11;3;3040512;2019;6;3;3;3;0;1;2;0;0;0;1;0;0;0
11;4;4030931;2019;6;15;3;3;0;4;0;1;0;1;0;0;0;0
11;8;8010214;2019;6;11;2;3;2;6;0;0;1;0;0;1;0;0
11;1;1011303;2019;6;19;2;3;5;3;0;0;1;0;0;0;1;0
11;4;4051655;2019;6;9;3;3;5;3;0;1;0;0;0;0;0;0
11;4;4030827;2019;6;15;2;3;3;2;0;1;0;0;0;0;1;0
11;3;3061227;2019;6;15;3;3;6;4;0;1;0;1;0;0;0;0
11;1;1044202;2019;6;18;2;3;6;4;0;1;0;1;0;0;0;0
11;6;6010206;2019;6;18;2;3;5;2;0;1;1;0;0;0;0;0
11;1;1011305;2019;6;15;3;3;2;6;0;0;1;0;0;0;0;0
11;12;12301206;2019;6;14;2;3;5;3;0;1;0;0;0;0;1;0
11;5;5010101;2019;6;16;2;3;5;3;0;1;1;0;0;0;0;0
11;8;8010404;2019;6;20;3;3;1;5;1;1;1;0;0;0;0;0
11;3;3030405;2019;6;16;2;2;5;3;0;1;0;0;0;0;0;0
11;8;8010214;2019;6;16;3;3;5;3;0;0;1;0;0;0;0;0
11;2;2020206;2019;6;20;2;3;3;6;0;0;1;0;0;0;0;0
11;1;1044101;2019;6;17;2;3;5;2;0;1;1;0;0;0;0;0
11;6;6020305;2019;6;16;3;3;5;7;0;1;0;0;0;0;0;0
11;1;1044203;2019;6;16;3;3;6;4;0;0;0;1;0;0;1;0
11;7;7070705;2019;6;18;2;3;5;5;0;1;1;0;0;0;0;0
11;10;10010207;2019;6;17;2;3;4;6;0;1;0;0;0;0;0;0
11;1;1022205;2019;6;16;3;3;0;6;0;1;0;0;0;0;1;0
11;4;4030827;2019;6;17;2;3;5;3;0;0;1;0;0;0;0;0
11;11;11020514;2019;6;15;3;3;3;6;0;1;1;0;0;0;0;0
11;1;1022104;2019;6;17;2;3;2;6;0;0;1;0;1;0;0;0
11;7;7010102;2019;6;16;2;3;3;6;0;0;1;0;1;0;0;0
11;4;4030930;2019;6;10;2;3;5;2;0;0;1;0;1;0;0;0
11;7;7060604;2019;6;14;3;3;5;2;0;0;1;0;1;0;0;0
11;7;7040401;2019;6;9;2;3;5;3;0;0;1;0;0;0;0;0
11;8;8020619;2019;6;15;3;3;5;7;0;0;1;0;0;0;1;0
11;2;2020206;2019;6;18;2;2;2;6;0;0;1;0;1;0;0;0
11;3;3071639;2019;6;15;3;3;6;4;0;0;1;1;0;0;0;0
11;1;1044202;2019;6;8;2;3;5;2;0;1;0;0;0;0;1;0
11;10;10030726;2019;6;15;3;3;5;2;0;1;1;0;0;0;0;0
11;1;1033102;2019;6;17;2;2;6;4;0;0;1;1;0;0;0;0
11;7;7040403;2019;6;15;3;3;2;6;0;0;0;0;1;0;1;0
11;4;4030827;2019;6;18;2;3;2;6;0;0;1;0;0;0;0;0
11;1;1033102;2019;6;15;3;2;0;1;0;1;0;0;0;0;0;0
11;5;5020626;2019;6;18;2;3;5;3;0;0;1;0;0;0;0;0
11;9;9010302;2019;6;16;2;3;5;2;0;0;0;0;1;0;1;0
11;4;4030930;2019;6;16;3;3;6;7;0;0;1;1;0;0;0;0
11;7;7040401;2019;6;18;2;3;2;6;0;0;1;0;0;0;0;0
11;1;2010102;2019;6;11;3;3;6;4;0;0;1;1;0;0;0;0
11;12;12304314;2019;6;15;2;2;1;5;0;0;1;0;0;0;0;0
11;1;1011305;2019;6;15;2;3;5;2;0;1;1;0;0;0;0;0
11;7;7070701;2019;6;13;3;3;1;7;0;0;1;0;0;0;0;0
11;6;6040810;2019;6;15;2;3;5;2;0;0;1;0;0;0;0;0
11;7;7030303;2019;6;12;3;3;5;3;0;0;1;0;0;0;0;0
11;12;12214421;2019;6;8;2;3;5;2;0;1;1;0;0;0;0;0
11;9;9031101;2019;6;12;3;3;5;2;0;0;1;0;1;0;0;0
11;7;7030301;2019;6;10;2;3;5;2;0;0;1;0;1;0;0;0
11;2;2030302;2019;6;12;3;3;5;3;0;0;1;0;1;0;0;0
11;4;4030930;2019;6;15;2;3;5;7;0;0;1;0;0;0;0;0
11;7;7010101;2019;6;15;2;3;5;3;0;0;1;0;0;0;0;0
11;10;10030727;2019;6;12;3;3;0;7;0;0;1;0;0;0;0;0
11;12;12302108;2019;6;12;3;3;5;3;0;0;1;0;0;0;0;0
11;7;7040403;2019;6;15;2;3;2;6;0;0;1;0;0;0;1;0
11;10;10010102;2019;6;11;3;3;5;5;0;0;1;0;0;0;0;0
11;2;2050602;2019;6;6;2;3;2;7;0;0;1;0;1;0;0;0
11;9;9010301;2019;6;21;3;3;6;2;2;0;1;1;0;0;0;0
11;3;3050919;2019;6;6;2;3;5;2;0;1;0;0;0;0;1;0
11;3;3061332;2019;6;7;2;3;2;7;0;1;0;0;0;0;1;0
11;11;11030618;2019;6;19;3;3;5;3;0;1;0;0;0;0;0;0
11;2;2010103;2019;6;18;3;3;2;6;0;1;1;0;0;0;0;0
11;4;4030620;2019;6;14;2;3;5;2;0;0;1;0;0;0;0;0
11;7;7040405;2019;6;16;2;3;2;6;0;0;1;0;0;0;1;0
11;8;8010118;2019;6;19;3;3;0;6;0;0;1;0;0;0;1;0
11;6;6040810;2019;6;14;2;3;3;6;0;0;1;0;1;0;0;0
11;8;8010115;2019;6;19;3;2;6;4;0;0;1;1;0;0;0;0
11;2;2020206;2019;6;13;2;3;6;7;0;0;0;1;0;0;1;0
11;12;12304314;2019;6;12;2;3;0;2;0;0;1;0;1;0;0;0
11;4;4041342;2019;6;18;3;3;5;2;0;0;1;0;0;0;0;0
11;3;3010104;2019;6;11;2;3;3;6;0;0;1;0;0;0;0;0
11;5;5020417;2019;6;18;3;3;3;6;0;0;1;0;0;0;0;0
11;1;1011302;2019;6;23;2;2;6;2;2;0;1;1;0;0;0;0
11;12;12214527;2019;6;18;3;3;2;2;0;1;1;0;0;0;0;0
11;8;8010301;2019;6;21;2;3;3;6;2;1;1;0;0;0;0;0
11;8;8010510;2019;6;11;3;3;2;6;0;0;1;0;0;0;0;0
11;3;3040614;2019;6;11;2;3;5;3;0;1;1;0;0;0;0;0
11;11;11051331;2019;6;10;2;3;5;2;0;0;1;0;0;0;1;0
11;1;1022204;2019;6;17;3;3;5;3;0;1;0;0;0;0;0;0
11;6;6040804;2019;6;11;3;3;5;3;0;1;1;0;0;0;0;0
11;1;1011304;2019;6;21;2;2;6;4;1;0;0;1;0;0;1;0
11;9;9041301;2019;6;10;2;3;5;3;0;1;1;0;0;0;0;0
11;1;1011304;2019;6;10;3;3;2;6;0;0;1;0;0;0;0;0
11;4;4030623;2019;6;10;2;3;6;4;0;0;1;1;0;0;0;0
11;12;12103218;2019;6;17;3;3;2;6;0;0;1;0;0;0;0;0
11;7;7040403;2019;6;10;2;3;1;5;0;1;1;0;0;0;0;0
11;4;4051653;2019;6;16;3;3;2;6;0;0;1;0;1;0;0;0
11;1;1011103;2019;6;20;2;2;5;2;0;0;1;0;0;0;1;0