LAND;BEZ;LOR_ab_2021;UJAHR;UMONAT;USTUNDE;UWOCHENTAG;UKATEGORIE;UART;UTYP1;ULICHTVERH;IstRad;IstPKW;IstFuss;IstKrad;IstGkfz;IstSonstige;USTRZUSTAND
11;4;4030931;2019;6;10;3;3;1;5;0;1;1;0;0;0;0;0
11;4;4030620;2019;6;17;2;3;0;7;0;0;0;0;1;0;0;1
11;1;1033102;2019;6;9;3;3;5;3;0;0;1;0;0;0;0;0
11;6;6020409;2019;6;9;2;3;5;2;0;0;1;0;0;0;0;0
11;2;2010101;2019;6;9;3;3;3;6;0;1;0;0;1;0;0;0
11;5;5020522;2019;6;9;2;3;5;3;0;0;1;0;0;0;0;0
11;11;11041128;2019;6;9;2;3;6;4;0;0;0;1;1;0;0;0
11;1;1044101;2019;6;16;3;3;2;6;0;0;1;0;1;0;0;0
11;1;1044102;2019;6;9;2;2;5;2;0;1;1;0;0;0;0;0
11;12;12302212;2019;6;9;3;3;5;2;0;1;1;0;0;0;0;0
11;11;11040926;2019;6;9;2;3;5;3;0;0;1;0;1;0;0;0
11;11;11020513;2019;6;16;3;3;3;6;0;0;1;0;0;1;0;0
11;9;9051901;2019;6;8;2;2;5;2;0;1;1;0;0;0;0;0
11;10;10040830;2019;6;16;3;3;5;3;0;1;1;0;0;0;0;0
11;9;9020501;2019;6;8;2;3;0;6;0;1;0;0;0;1;0;0
11;7;7050501;2019;6;8;2;3;2;6;0;0;1;0;0;0;0;0
11;1;1022104;2019;6;9;3;3;2;6;0;0;1;0;0;0;0;0
11;1;1011306;2019;6;16;3;3;3;6;0;1;1;0;0;0;0;0
11;10;10030724;2019;6;8;2;3;5;2;0;0;1;0;0;0;0;0
11;4;4030620;2019;6;18;2;3;2;6;0;0;1;0;0;0;1;0
11;2;2010101;2019;6;9;3;3;5;2;0;1;1;0;0;0;0;0
11;4;4031032;2019;6;9;1;3;5;2;0;1;1;0;0;0;0;0
11;9;9041501;2019;6;16;3;3;1;5;0;1;1;0;0;0;1;0
11;11;11051331;2019;6;0;1;3;5;3;2;0;1;0;0;0;0;0
11;5;5030730;2019;6;1;1;2;0;1;2;0;1;0;1;0;0;0
11;1;1011102;2019;6;8;3;3;5;3;0;0;1;0;1;0;0;0
11;1;1044202;2019;6;9;1;3;2;6;0;0;1;0;0;0;1;0
11;12;12231101;2019;6;9;1;3;5;3;0;0;1;0;0;0;0;0
11;2;2010103;2019;6;8;3;3;5;2;0;1;0;0;0;0;1;0
11;9;9020701;2019;6;11;1;3;0;2;0;0;1;0;1;0;0;0
11;8;8010301;2019;6;22;1;3;1;5;1;1;1;0;0;0;0;0
11;5;5010314;2019;6;7;3;3;3;6;0;0;1;0;1;0;0;0
11;1;1011401;2019;6;21;1;2;5;3;1;0;1;0;1;0;0;0
11;1;1022106;2019;6;8;3;3;5;2;0;1;1;0;0;0;0;0
11;1;1044101;2019;6;21;1;3;1;5;1;1;1;0;0;0;1;0
11;5;5030730;2019;6;6;3;3;2;2;0;0;1;0;1;0;0;0
11;1;1011301;2019;6;20;1;2;2;6;0;0;1;0;1;0;0;0
11;1;1033201;2019;6;8;3;3;5;2;0;0;1;0;0;0;1;0
11;10;10030724;2019;6;19;1;3;5;7;0;1;1;0;0;0;0;0
11;10;10040933;2019;6;19;1;3;5;3;0;0;1;0;1;0;0;0
11;9;9041301;2019;6;7;3;3;5;3;0;1;1;0;0;0;0;0
11;12;12301203;2019;6;7;3;3;5;2;0;0;1;0;1;0;0;0
11;7;7020204;2019;6;17;1;3;1;5;0;1;1;0;0;0;0;0
11;7;7040401;2019;6;17;1;3;1;5;0;1;1;0;0;0;0;0
11;3;3030711;2019;6;7;3;3;5;2;0;1;1;0;0;0;0;0
11;8;8010214;2019;6;17;1;3;0;6;0;0;1;0;1;0;0;0
11;5;5010310;2019;6;6;3;3;5;3;0;1;1;0;0;0;0;0
11;6;6040809;2019;6;14;1;3;5;3;0;0;1;0;0;0;0;0
11;1;1011201;2019;6;14;2;3;6;4;0;0;1;1;0;0;0;0
11;3;3020209;2019;6;14;1;3;5;2;0;0;1;0;0;0;0;0
11;1;1011302;2019;6;17;2;3;5;7;0;0;1;0;0;0;0;0
11;9;9010101;2019;6;14;1;3;2;7;0;1;1;0;0;0;0;0
11;6;6040703;2019;6;14;1;3;5;3;0;1;1;0;0;0;0;0
11;4;4020313;2019;6;12;2;3;5;2;0;0;1;0;1;0;0;0
11;5;5020416;2019;7;19;5;3;6;6;0;0;1;1;0;0;0;0
11;2;2020204;2019;7;19;5;2;5;2;0;1;1;0;0;0;0;0
11;1;1044101;2019;7;18;5;3;6;7;0;1;0;1;0;0;0;0
11;1;1011201;2019;7;17;5;2;5;2;0;0;1;0;1;0;0;0
11;9;9051702;2019;7;17;5;2;5;3;0;1;1;0;0;0;0;0
11;8;8010118;2019;7;17;5;3;5;2;0;0;1;0;0;0;0;0
11;2;2030302;2019;7;17;5;3;5;2;0;1;1;0;0;0;0;0
11;1;1011302;2019;7;16;5;2;0;4;0;1;0;1;0;0;0;0
11;4;4051551;2019;7;15;5;3;0;7;0;0;0;0;1;0;1;1
11;5;5020625;2019;7;16;5;2;6;4;0;0;1;1;0;0;0;0
11;3;3010102;2019;7;16;5;2;5;3;0;1;1;0;0;0;0;0
11;8;8020619;2019;7;14;5;2;5;3;0;0;1;0;1;0;0;0
11;10;10030727;2019;7;13;5;3;1;5;0;1;1;0;0;0;0;0
11;2;2050802;2019;7;13;5;3;1;5;0;0;1;0;1;0;1;0
11;4;4030726;2019;7;13;5;2;6;4;0;0;1;1;0;0;0;0
11;9;9020701;2019;7;12;5;3;5;3;0;0;0;0;0;1;1;0
11;8;8020622;2019;7;9;5;3;2;6;0;0;1;0;0;0;0;0
11;2;2040701;2019;7;8;5;2;5;3;0;1;1;0;0;0;0;0
11;1;1044201;2019;7;7;5;3;6;4;0;0;0;1;0;1;0;0
11;1;1011306;2019;7;7;5;3;5;2;0;1;1;0;0;0;0;0
11;4;4031032;2019;7;7;5;3;5;3;0;1;1;0;0;0;0;0
11;5;5020523;2019;7;7;5;3;2;6;0;0;1;0;0;0;0;0
11;1;1011202;2019;7;7;5;3;3;6;0;1;1;0;0;0;0;0
11;11;11030720;2019;7;1;5;3;6;4;2;0;1;1;0;0;0;0
11;4;4030623;2019;7;9;4;3;6;7;0;1;0;0;0;0;1;0
11;3;3071537;2019;7;22;4;3;0;3;2;0;1;0;1;0;0;0
11;3;3010101;2019;7;20;4;3;6;7;0;1;0;1;0;0;0;0
11;2;2030401;2019;7;19;4;2;5;3;0;1;1;0;0;0;0;0
11;1;1011204;2019;7;17;4;3;5;2;0;1;1;0;0;0;0;0
11;1;1011305;2019;7;17;4;3;5;2;0;1;1;0;0;0;0;0
11;6;6040701;2019;7;16;4;3;9;1;0;0;1;0;0;0;0;0
11;8;8020619;2019;7;16;4;3;1;1;0;0;1;0;1;0;0;0
11;2;2040701;2019;7;16;4;3;3;6;0;1;1;0;0;0;0;0
11;4;4020209;2019;7;15;4;2;0;1;0;1;0;0;0;0;0;0
11;10;10010308;2019;7;14;4;3;5;2;0;1;0;0;0;0;1;0
11;5;5010206;2019;7;23;4;2;7;7;2;0;0;0;0;0;1;0
11;7;7040405;2019;7;22;4;3;0;3;2;0;1;0;0;0;1;0
11;4;4030929;2019;7;20;4;3;1;5;0;0;1;0;0;0;1;0
11;1;1022104;2019;7;13;4;3;1;7;0;0;1;0;1;0;0;0
11;8;8030831;2019;7;13;4;3;0;2;0;0;0;0;1;0;1;0
11;9;9041601;2019;7;9;4;3;2;6;0;1;0;0;0;0;0;0
11;7;7040405;2019;7;12;4;3;5;7;0;0;1;0;1;0;0;0
11;2;2010103;2019;7;11;4;3;2;6;0;0;1;0;0;0;0;0
11;4;4030931;2019;7;11;4;3;5;5;0;1;1;0;0;0;0;0
11;1;1011201;2019;7;10;4;3;5;2;0;1;1;0;0;0;0;0
11;1;1033102;2019;7;7;4;3;1;5;0;1;1;0;0;0;0;0
11;2;2010101;2019;7;9;4;3;6;7;0;1;0;1;0;0;0;0
11;1;1033203;2019;7;9;4;3;5;3;0;1;0;0;0;1;0;0
11;9;9010202;2019;7;9;4;3;0;1;0;1;0;0;0;0;0;0
11;5;5010103;2019;7;9;4;3;0;3;0;0;1;0;1;0;0;0
11;12;12103219;2019;7;16;4;3;9;1;0;0;1;0;0;0;0;0
11;11;11020514;2019;7;9;4;3;5;2;0;1;1;0;0;0;0;0
11;12;12103220;2019;7;15;4;2;1;7;0;0;1;0;0;0;1;0
11;4;4030726;2019;7;15;4;3;0;1;0;0;0;0;1;0;0;0
11;11;11030721;2019;7;15;4;3;1;5;0;1;1;0;0;0;0;0
11;10;10010206;2019;7;15;4;2;5;2;0;0;0;0;1;0;1;0
11;5;5010207;2019;7;15;4;3;0;2;0;1;1;0;0;0;0;0
11;4;4030930;2019;7;14;4;3;2;7;0;0;1;0;0;0;0;0
11;4;4030931;2019;7;14;4;3;5;2;0;1;1;0;0;0;0;0
11;9;9030901;2019;7;8;4;3;5;2;0;1;1;0;0;0;0;0
11;3;3020307;2019;7;7;4;3;0;1;0;1;0;0;0;0;0;0
11;9;9020701;2019;7;7;4;3;5;3;0;1;0;0;1;0;0;0
11;4;5030832;2019;7;0;4;3;7;7;2;0;1;0;0;0;0;0
11;6;6030504;2019;7;14;4;3;5;3;0;1;1;0;0;0;0;0
11;7;7040404;2019;7;14;4;2;2;6;0;0;1;0;0;0;1;0
11;9;9010302;2019;7;13;4;3;4;6;0;0;1;0;0;0;0;0
11;2;2040503;2019;7;15;4;3;3;6;0;1;1;0;0;0;0;0
11;1;1011301;2019;7;13;4;3;1;5;0;1;1;0;0;0;0;0
11;4;4030827;2019;7;13;4;3;5;7;0;1;1;0;0;0;0;0
11;4;4030827;2019;7;12;4;3;3;6;0;1;1;0;0;0;0;0
11;1;1033201;2019;7;19;3;3;0;6;0;0;1;0;1;0;0;0
11;8;8010404;2019;7;13;3;3;0;6;0;0;1;0;0;0;1;0
11;4;4051446;2019;7;8;3;3;0;7;0;1;0;0;0;0;0;1
11;11;11051331;2019;7;19;3;3;5;3;0;1;0;0;0;0;1;0
11;7;7010102;2019;7;22;3;3;0;7;2;0;0;0;1;0;0;0
11;4;4030623;2019;7;15;3;3;5;3;0;1;1;0;0;0;0;0
11;3;3061126;2019;7;15;3;3;2;6;0;0;1;0;1;0;0;0
11;9;9030901;2019;7;14;3;3;5;2;0;0;1;0;0;0;1;0
11;1;1011105;2019;7;16;3;3;2;2;0;0;1;0;0;0;0;0
11;7;7010102;2019;7;14;3;2;5;7;0;0;1;0;1;0;0;0
11;4;4051448;2019;7;14;3;3;6;7;0;1;0;1;0;0;0;0
11;2;2020204;2019;7;22;3;3;2;6;2;0;1;0;1;0;0;0
11;4;4030724;2019;7;21;3;3;5;2;0;0;1;0;1;0;0;0
11;5;5010207;2019;7;20;3;3;2;6;1;0;1;0;0;0;0;0
11;1;1033101;2019;7;13;3;2;5;7;0;0;1;0;1;0;0;0
11;4;4051448;2019;7;12;3;3;2;6;0;0;1;0;1;0;0;0
11;1;1011301;2019;7;19;3;3;3;6;0;1;0;1;0;0;1;0
11;6;6040703;2019;7;18;3;3;5;3;0;1;1;0;0;0;0;0
11;7;7010104;2019;7;18;3;2;0;7;0;1;0;1;0;0;0;0
11;2;2040701;2019;7;12;3;3;6;4;0;1;0;1;0;0;0;0
11;2;2020206;2019;7;18;3;3;0;6;0;0;0;0;0;0;1;0
11;8;8020728;2019;7;17;3;3;0;3;0;1;1;0;0;0;0;0
11;9;9020601;2019;7;17;3;3;0;1;0;1;1;0;0;0;0;0
11;7;7040405;2019;7;17;3;3;2;6;0;0;1;0;1;0;0;0
11;6;6040807;2019;7;17;3;2;1;5;0;1;0;0;0;0;1;0
11;4;4041240;2019;7;17;3;3;5;3;0;1;1;0;0;0;0;0
11;11;11020514;2019;7;15;3;3;6;4;0;1;0;1;0;0;0;0
11;11;11051331;2019;7;10;3;3;5;3;0;0;1;0;0;0;0;0
11;2;2050803;2019;7;16;3;3;5;2;0;1;1;0;0;0;0;0
11;8;8030829;2019;7;16;3;3;5;3;0;1;1;0;0;0;0;0
11;1;1033102;2019;7;16;3;3;1;5;0;1;1;0;0;0;0;0
11;1;1044103;2019;7;16;3;3;5;3;0;1;1;0;0;0;0;0
11;9;9020502;2019;7;15;3;3;5;2;0;0;1;0;0;0;1;0
11;11;11030721;2019;7;15;3;2;2;6;0;0;1;0;0;0;0;0
11;5;5010314;2019;7;15;3;3;6;4;0;0;1;1;0;0;0;0
11;7;7060604;2019;7;10;3;2;5;2;0;0;1;0;0;0;0;0
11;4;4051446;2019;7;10;3;3;5;2;0;1;1;0;0;0;0;0
11;8;8020625;2019;7;10;3;3;5;2;0;1;1;0;0;0;0;0
11;12;12103220;2019;7;7;4;2;2;6;0;1;1;0;0;0;0;0
11;1;1011104;2019;7;9;3;3;5;7;0;1;1;0;0;0;0;0
11;7;7040403;2019;7;9;3;3;5;2;0;0;1;0;1;0;0;0
11;4;4041137;2019;7;16;4;3;6;4;0;0;1;1;0;0;0;0
11;10;10030726;2019;7;7;4;2;5;3;0;1;1;0;0;0;0;0
11;9;9010401;2019;7;6;3;3;5;2;0;0;1;0;0;0;0;0
11;1;1044201;2019;7;6;3;3;2;2;0;0;1;0;0;0;0;0
11;4;4030929;2019;7;16;4;3;2;6;0;0;1;0;0;0;0;0
11;12;12214126;2019;7;6;3;3;5;3;0;1;1;0;0;0;0;0
11;4;4030623;2019;7;18;4;3;5;3;0;0;1;0;0;0;0;0
11;1;1044103;2019;7;4;3;2;5;3;1;0;1;0;0;0;0;0
11;10;11020516;2019;7;1;3;3;5;2;2;0;1;0;0;0;1;0
11;6;6010102;2019;7;16;4;3;6;4;0;0;1;1;0;0;0;0
11;8;8020625;2019;7;0;3;2;6;4;2;0;1;1;0;0;0;0
11;8;8010117;2019;7;15;4;2;5;2;0;1;1;0;0;0;0;0
11;7;7030301;2019;7;6;3;3;5;3;0;0;0;0;0;0;1;0
11;6;6030504;2019;7;8;4;3;0;1;0;0;0;0;1;0;0;0
11;4;4020310;2019;7;9;4;3;2;6;0;0;1;0;0;0;0;0
11;1;1011204;2019;7;15;2;3;6;4;0;1;0;1;0;0;0;0
11;7;7040405;2019;7;18;2;3;0;7;0;1;1;0;0;0;0;0
11;12;12302108;2019;7;0;4;2;0;1;2;0;1;0;0;0;0;0
11;4;4030931;2019;7;11;2;3;5;3;0;0;0;0;1;1;0;0
11;1;1044201;2019;7;0;4;3;5;2;2;0;0;0;0;0;1;0
11;8;8020727;2019;7;15;2;3;6;4;0;0;1;1;0;0;0;0
11;1;1033203;2019;7;19;4;3;6;4;0;1;0;1;0;0;0;0
11;7;7030303;2019;7;21;2;3;0;1;0;0;0;0;1;0;0;0
11;1;1022106;2019;7;8;4;3;6;7;0;0;1;1;0;0;0;0
11;2;2040703;2019;7;19;2;2;5;2;0;1;1;0;0;0;0;0
11;4;4030519;2019;7;19;2;2;5;2;0;0;1;0;0;0;0;0
11;4;4030827;2019;7;17;4;1;2;2;0;1;1;0;0;0;0;0
11;11;11020515;2019;7;22;3;3;0;1;2;1;0;0;0;0;0;0
11;3;3040818;2019;7;19;2;3;4;2;0;1;1;0;0;0;0;0
11;9;9010402;2019;7;14;3;3;0;1;0;1;0;0;0;0;0;0
11;6;6010205;2019;7;18;2;2;2;7;0;0;1;0;1;0;1;0
11;8;8020622;2019;7;18;3;3;5;2;0;1;1;0;0;0;0;0
11;1;1011102;2019;7;17;2;3;0;1;0;0;0;0;1;0;0;0
11;11;11020514;2019;7;17;3;3;5;2;0;0;1;0;0;0;0;0
11;7;7060603;2019;7;16;2;2;0;1;0;0;0;0;0;0;1;0
11;1;1044201;2019;7;16;2;3;2;6;0;0;1;0;0;0;0;0
11;4;4030931;2019;7;17;3;2;5;7;0;0;1;0;1;0;0;0
11;1;1033102;2019;7;12;2;3;5;7;0;0;1;0;0;1;0;0
11;2;2030301;2019;7;17;3;3;1;5;0;1;1;0;0;0;0;0
11;6;6010101;2019;7;11;2;3;5;3;0;1;1;0;0;0;0;0
11;5;5020626;2019;7;17;3;3;1;5;0;1;1;0;0;0;0;0
11;2;2010103;2019;7;12;2;3;5;7;0;0;1;0;1;0;0;0
11;4;4030518;2019;7;15;3;2;1;1;0;0;1;1;0;0;0;0
11;5;5030730;2019;7;10;2;3;5;2;0;0;1;0;0;0;0;0
11;11;11041128;2019;7;10;2;2;5;2;0;1;0;0;0;0;1;0
11;6;6040703;2019;7;14;3;3;5;3;0;1;0;0;0;1;0;0
11;5;5010312;2019;7;14;3;3;0;3;0;0;1;0;1;0;0;0
11;12;12214424;2019;7;11;2;3;0;1;0;0;0;0;1;0;0;0
11;8;8010301;2019;7;16;2;3;1;5;0;1;1;0;0;0;0;0
11;4;4020312;2019;7;11;3;3;5;3;0;1;1;0;0;0;0;0
11;1;1011304;2019;7;9;2;2;5;3;0;1;1;0;0;0;0;0
11;12;12304313;2019;7;15;2;2;5;2;0;0;1;0;1;0;0;0
11;12;12302110;2019;7;11;3;3;2;6;0;0;1;0;0;0;0;0
11;1;1011306;2019;7;11;3;2;5;2;0;0;1;0;1;0;0;0
11;4;4041343;2019;7;8;2;3;1;5;0;1;0;0;0;0;1;0
11;6;6020409;2019;7;11;3;3;2;6;0;0;1;0;0;0;0;0
11;4;4010101;2019;7;7;2;3;5;3;0;0;1;0;0;0;0;0
11;1;1011402;2019;7;10;3;3;2;6;0;0;1;0;0;0;0;0
11;9;9020601;2019;7;6;2;3;5;2;0;0;1;0;0;0;0;0
11;1;1011301;2019;7;8;3;3;0;2;0;1;0;0;1;0;0;0
11;1;1011303;2019;7;6;2;3;5;2;0;0;1;0;0;0;0;0
11;5;5030730;2019;7;6;2;3;3;6;0;0;0;0;1;1;0;0
11;7;7070704;2019;7;8;3;2;5;3;0;1;1;0;0;0;0;0
11;9;9020501;2019;7;5;2;3;0;1;1;0;0;0;1;0;0;0
11;4;4010102;2019;7;6;3;3;5;2;1;0;1;0;0;0;0;0
11;8;8010211;2019;7;2;2;3;5;3;2;0;1;0;0;0;0;0
11;11;11051229;2019;7;22;3;3;2;6;2;0;1;0;0;0;0;0
11;4;4041344;2019;7;7;2;3;0;3;0;1;1;0;0;0;0;0
11;3;3050920;2019;7;22;3;3;5;2;2;0;1;0;0;0;0;0
11;4;4030931;2019;7;1;2;2;1;5;2;1;1;0;0;0;0;0
11;10;10010310;2019;7;14;2;2;1;1;0;0;1;0;0;1;0;0
11;4;4030929;2019;7;20;3;3;2;7;1;0;1;0;0;0;0;0
11;1;1044101;2019;7;19;3;3;2;6;0;0;1;0;1;0;0;0
11;9;9020802;2019;7;14;2;3;6;2;0;0;1;1;0;0;0;0
11;1;1011102;2019;7;14;2;3;2;2;0;0;1;0;0;0;0;0
11;12;12214527;2019;7;19;3;3;6;2;0;0;1;1;0;0;0;0
11;8;8010510;2019;7;14;2;2;5;2;0;0;1;0;1;0;0;0
11;7;7010102;2019;7;19;3;2;5;2;0;1;1;0;0;0;0;0
11;4;4030417;2019;7;13;2;3;5;2;0;1;1;0;0;0;0;0
11;7;7060603;2019;7;13;2;3;2;6;0;0;1;0;0;0;0;0
11;3;3061228;2019;7;12;2;3;5;3;0;0;1;0;0;0;0;0
11;9;9010302;2019;7;19;3;3;2;6;0;0;1;0;0;0;0;0
11;4;4010102;2019;7;13;2;2;5;7;0;0;1;0;1;0;0;0
11;4;4041241;2019;7;12;2;3;2;6;0;0;1;0;0;0;0;0
11;10;10040830;2019;6;16;1;3;5;3;0;0;1;0;1;0;0;0
11;4;4030623;2019;6;3;1;2;0;7;2;1;0;0;0;0;0;0
11;1;1022101;2019;7;12;2;3;6;4;0;0;1;1;0;0;0;0
11;7;7020202;2019;6;1;1;3;1;1;2;0;1;0;0;0;1;0
11;2;2020206;2019;6;22;1;2;0;7;2;1;0;0;0;0;0;0
11;9;9051901;2019;7;11;2;3;0;1;0;0;0;0;1;0;0;1
11;5;5040936;2019;6;20;1;3;1;5;0;0;1;0;1;0;0;0
11;2;2030301;2019;7;10;2;3;3;6;0;1;0;0;0;0;0;0
11;10;10020413;2019;6;19;1;3;5;2;0;1;1;0;0;0;0;0
11;9;9051702;2019;6;19;1;2;2;6;0;0;1;0;0;0;0;0
11;9;9041301;2019;7;9;2;3;5;3;0;1;1;0;0;0;0;0
11;8;8030830;2019;7;8;2;3;2;6;0;0;1;0;0;0;0;0
11;2;2010103;2019;6;19;1;3;5;2;0;1;1;0;0;0;0;0
11;3;3020307;2019;6;16;1;3;5;3;0;1;1;0;0;0;0;0
11;1;1011305;2019;7;8;2;3;1;5;0;1;1;0;0;0;0;0
11;8;8010404;2019;6;15;1;2;5;3;0;1;1;0;0;0;0;0
11;1;1011305;2019;7;7;2;3;5;3;0;0;1;0;0;1;0;0
11;7;7050505;2019;6;14;1;2;6;7;0;0;1;1;0;0;0;0
11;8;8010213;2019;7;6;2;3;5;3;0;1;1;0;0;0;0;0
11;2;2030301;2019;6;14;1;3;5;2;0;0;1;0;1;0;0;0
11;12;12301203;2019;7;3;2;3;9;1;2;0;1;0;0;0;0;0
11;4;4030827;2019;6;9;1;3;1;5;0;1;1;0;0;0;0;0
11;5;5020625;2019;6;13;1;3;1;5;0;0;1;0;0;0;0;0
11;2;2010102;2019;7;18;2;3;6;4;0;1;0;1;0;0;0;0
11;7;7010104;2019;7;16;2;3;5;2;0;1;1;0;0;0;0;1
11;3;3051022;2019;6;12;1;3;5;2;0;0;1;0;0;0;0;0
11;12;12214527;2019;7;15;2;3;2;2;0;0;1;0;0;0;0;0
11;8;8030831;2019;6;12;1;3;5;7;0;1;1;0;0;0;0;0
11;3;3040513;2019;7;15;2;3;5;2;0;1;1;0;0;0;0;0
11;2;2030301;2019;6;11;1;3;2;2;0;1;1;0;0;0;0;0
11;7;7030303;2019;7;14;2;2;3;6;0;0;1;0;0;0;1;1
11;3;3050923;2019;6;11;1;3;3;6;0;1;1;0;0;0;0;0
11;8;8010211;2019;7;14;2;3;2;6;0;0;1;0;0;0;0;1
11;11;11020514;2019;6;10;1;3;5;3;0;0;1;0;0;1;0;0
11;10;10030724;2019;6;10;1;3;5;3;0;1;1;0;0;0;0;0
11;10;10040830;2019;7;14;2;3;5;2;0;1;1;0;0;0;0;0
11;4;4051445;2019;6;9;1;3;1;5;0;1;1;0;0;0;0;0
11;6;6010102;2019;7;14;2;3;2;5;0;0;0;0;1;0;1;1
11;6;6030504;2019;6;8;1;2;0;1;0;1;0;0;0;0;0;0
11;1;1044101;2019;6;11;7;3;5;5;0;1;1;0;0;0;0;0
11;7;7040403;2019;7;14;2;3;2;6;0;0;1;0;1;0;0;1
11;10;10010309;2019;6;2;7;3;5;3;2;0;1;0;0;0;0;0
11;9;9051901;2019;7;13;2;3;0;4;0;0;0;1;0;0;1;0
11;6;6040807;2019;6;16;7;2;2;7;0;0;1;0;1;0;0;0
11;12;12214125;2019;7;13;2;3;3;6;0;0;1;0;0;0;0;0
11;2;2030302;2019;6;23;7;3;0;7;2;0;0;1;1;0;0;0
11;1;1044202;2019;7;20;2;3;3;6;1;1;1;0;0;0;0;0
11;1;1033102;2019;6;22;7;3;5;2;2;0;1;0;0;0;0;0
11;8;8010117;2019;6;21;7;3;0;7;1;1;0;0;0;0;0;0
11;4;4030827;2019;7;19;2;3;5;2;0;0;1;0;0;0;0;0
11;8;8010508;2019;7;19;2;3;2;6;0;0;1;0;0;0;0;0
11;3;3061126;2019;6;21;7;3;5;2;1;1;0;0;0;0;1;0
11;8;8010118;2019;7;17;2;3;3;6;0;0;1;0;1;0;0;1
11;9;9051901;2019;6;19;7;3;3;6;0;0;1;0;1;0;0;0
11;2;2040701;2019;7;17;2;3;5;2;0;1;1;0;0;0;0;0
11;4;4041344;2019;6;19;7;2;5;2;0;1;1;0;0;0;0;0
11;1;1044201;2019;7;17;2;3;2;6;0;0;1;0;0;1;0;1
11;4;4030929;2019;6;18;7;3;1;5;0;1;1;0;0;0;0;0
11;4;4031032;2019;6;18;7;3;5;2;0;1;1;0;0;0;0;0
11;12;12214125;2019;7;17;2;2;2;6;0;0;1;0;1;0;0;1
11;8;8041035;2019;6;18;7;3;0;2;0;1;1;0;0;0;0;0
11;3;3061435;2019;7;17;2;3;5;3;0;1;1;0;0;0;0;1
11;10;10020517;2019;6;18;7;3;5;2;0;0;1;0;0;0;0;0
11;9;9051901;2019;7;16;2;3;2;6;0;1;1;0;0;0;0;1
11;1;1011102;2019;6;17;7;3;0;1;0;0;0;0;0;0;1;0
11;3;3040614;2019;7;11;2;3;0;5;0;1;1;0;0;0;0;0
11;2;2020203;2019;6;15;7;2;6;2;0;0;1;1;0;0;0;0
11;8;8010508;2019;6;15;7;3;2;6;0;0;1;0;0;0;0;0
11;10;10020620;2019;7;15;2;3;6;4;0;0;1;1;0;0;0;0
11;10;10040829;2019;6;13;7;3;5;3;0;0;1;0;0;0;0;0
11;8;8020620;2019;7;16;2;3;2;6;0;0;1;0;0;0;0;1
11;11;11020515;2019;6;12;7;2;5;7;0;0;1;0;1;0;0;0
11;4;4030931;2019;7;18;2;3;1;7;0;1;1;0;0;0;0;0
11;8;8020619;2019;6;11;7;3;0;1;0;1;0;0;0;0;0;0
11;1;1022206;2019;7;22;1;3;6;4;1;0;1;1;0;0;0;0
11;3;3030715;2019;6;11;7;3;5;3;0;0;1;0;0;0;0;0
11;3;3030711;2019;6;11;7;2;5;2;0;1;1;0;0;0;0;0
11;1;1011303;2019;7;21;1;3;3;2;1;1;0;0;0;0;0;0
11;1;1022104;2019;7;21;1;3;0;3;1;0;1;0;1;0;0;0
11;4;4051549;2019;6;8;7;3;0;7;0;0;1;0;1;0;0;0
11;1;1011306;2019;6;7;7;3;5;2;0;1;1;0;0;0;0;0
11;1;1022206;2019;7;20;1;3;5;3;0;0;1;0;0;0;0;0
11;12;12231102;2019;6;7;7;3;4;6;0;0;1;0;0;0;0;0
11;4;4020310;2019;7;19;1;3;0;1;0;1;0;0;0;0;0;0
11;2;2030401;2019;6;1;7;3;5;3;2;0;1;0;0;0;0;0
11;2;2030301;2019;6;1;7;3;1;5;2;1;0;0;0;0;1;0
11;8;8030830;2019;7;17;1;3;5;2;0;0;1;0;0;0;0;0
11;7;7050503;2019;6;19;6;3;5;2;0;0;1;0;0;0;1;0
11;9;9020701;2019;6;19;6;3;5;2;0;0;1;0;0;0;0;0
11;5;5040936;2019;7;17;1;3;9;1;0;0;1;0;0;0;0;0
11;11;11051330;2019;6;14;6;3;6;4;0;0;1;1;0;0;0;0
11;12;12301206;2019;7;16;1;3;5;3;0;1;1;0;0;0;0;0
11;7;7010103;2019;7;13;1;3;6;4;0;1;0;1;0;0;0;0
11;3;3071639;2019;6;6;6;3;5;7;0;0;1;0;0;0;1;0
11;1;1022202;2019;7;12;1;3;5;2;0;0;1;0;0;0;0;0
11;1;1011302;2019;6;15;6;3;5;2;0;1;1;0;0;0;0;0
11;4;4020209;2019;7;8;1;2;5;3;0;1;1;0;0;0;0;0
11;12;12214528;2019;6;20;6;3;9;1;0;0;1;0;0;0;0;0
11;3;3071536;2019;6;19;6;3;1;5;0;1;0;0;0;0;1;0
11;7;7070703;2019;7;5;1;3;5;3;0;0;1;0;0;0;1;0
11;8;8010404;2019;7;16;7;3;5;2;0;1;1;0;0;0;0;0
11;1;1044202;2019;6;18;6;3;5;2;0;1;1;0;0;0;0;0
11;4;4020313;2019;6;17;6;3;5;2;0;1;0;0;0;0;0;0
11;5;5020625;2019;7;23;7;3;6;4;2;0;1;1;0;0;0;1
11;5;5010312;2019;6;17;6;3;5;3;0;1;1;0;0;0;0;0
11;1;1011101;2019;7;23;7;3;5;2;2;0;1;0;0;0;0;0
11;3;3050923;2019;6;17;6;3;2;2;0;0;1;0;0;0;0;0
11;1;1011402;2019;6;16;6;3;5;2;0;0;0;0;1;0;1;0
11;8;8041040;2019;7;23;7;2;0;1;2;0;0;0;1;0;0;1