LAND;BEZ;LOR_ab_2021;UJAHR;UMONAT;USTUNDE;UWOCHENTAG;UKATEGORIE;UART;UTYP1;ULICHTVERH;IstRad;IstPKW;IstFuss;IstKrad;IstGkfz;IstSonstige;USTRZUSTAND
11;1;1011105;2019;6;15;6;3;5;2;0;1;1;0;0;0;0;0
11;6;6020301;2019;6;16;6;3;5;2;0;0;1;0;1;0;0;0
11;1;1011301;2019;7;22;7;2;0;1;2;1;0;0;0;0;0;1
11;7;7030301;2019;6;14;6;3;1;5;0;1;1;0;0;0;0;0
11;1;1011401;2019;7;22;7;3;2;6;2;0;1;0;0;0;0;1
11;2;2040502;2019;6;13;6;3;5;2;0;1;1;0;0;0;0;0
11;12;12214527;2019;6;13;6;3;5;2;0;1;1;0;0;0;0;0
11;8;8010404;2019;7;20;7;3;0;1;2;0;1;0;0;0;0;1
11;7;7050502;2019;7;21;7;3;6;2;2;0;1;1;0;0;0;1
11;1;1033201;2019;6;12;6;3;5;2;0;1;1;0;0;0;0;0
11;2;2040701;2019;6;12;6;3;5;7;0;0;0;0;1;0;1;0
11;1;1011303;2019;7;20;7;3;5;3;1;1;1;0;0;0;0;1
11;1;1033102;2019;6;12;6;3;5;3;0;1;1;0;0;0;0;0
11;1;1011201;2019;7;20;7;3;0;2;0;1;1;0;0;0;0;1
11;2;2010102;2019;6;11;6;3;5;2;0;1;1;0;0;0;0;0
11;3;3020307;2019;6;11;6;3;6;3;0;0;1;1;0;0;0;0
11;1;1011303;2019;6;11;6;3;5;5;0;1;1;0;0;0;0;0
11;1;1044201;2019;7;19;7;3;2;6;0;0;1;0;0;0;0;1
11;11;11010205;2019;6;10;6;3;2;6;0;0;1;0;0;1;0;0
11;1;1011302;2019;7;19;7;3;5;3;0;1;1;0;0;0;0;1
11;1;1011302;2019;6;10;6;3;0;3;0;1;1;0;0;0;0;0
11;4;4030929;2019;7;19;7;3;0;3;0;1;0;0;1;0;0;1
11;2;2010102;2019;6;9;6;3;5;3;0;1;1;0;0;0;0;0
11;2;2050601;2019;7;19;7;3;5;3;0;0;1;0;0;0;1;1
11;12;12214125;2019;6;18;6;3;2;6;0;0;1;0;0;0;0;0
11;6;6010207;2019;7;18;7;3;5;2;0;1;1;0;0;0;0;0
11;8;8010303;2019;6;22;6;3;0;1;2;1;0;0;0;0;0;0
11;6;6010103;2019;7;18;7;3;0;1;0;0;0;0;1;0;0;0
11;9;9020702;2019;6;17;6;2;0;1;0;1;0;0;0;0;0;0
11;7;7030301;2019;6;17;6;2;6;4;0;0;1;1;0;0;0;0
11;10;10030724;2019;7;17;7;3;0;1;0;0;0;0;1;0;0;0
11;1;1022201;2019;6;13;6;3;1;5;0;0;1;0;0;0;0;0
11;4;4051549;2019;7;17;7;3;5;2;0;0;1;0;0;0;0;0
11;11;11051229;2019;6;12;6;2;5;3;0;1;1;0;0;0;0;0
11;9;9020701;2019;6;11;6;3;2;6;0;0;1;0;0;0;0;0
11;1;1044201;2019;7;16;7;3;5;3;0;1;1;0;0;0;0;0
11;4;4030415;2019;6;9;6;3;5;2;0;1;1;0;0;0;0;0
11;1;1022206;2019;7;15;7;3;5;3;0;0;1;0;0;0;0;0
11;4;4030931;2019;6;9;6;3;1;5;0;1;1;0;0;0;0;0
11;4;4051654;2019;7;15;7;3;6;6;0;1;0;1;0;0;0;0
11;1;1011303;2019;6;9;6;3;5;2;0;1;0;0;1;0;0;0
11;5;5020416;2019;7;13;7;3;0;6;0;0;1;0;1;0;0;0
11;9;9020702;2019;6;9;6;3;6;7;0;1;1;1;0;0;0;0
11;8;8010303;2019;6;8;6;3;6;2;0;0;1;1;0;0;0;0
11;1;1022106;2019;7;12;7;3;5;2;0;0;1;0;1;0;0;0
11;3;3010101;2019;7;12;7;3;7;7;0;1;0;0;0;0;0;0
11;4;4020314;2019;6;8;6;3;5;2;0;1;1;0;0;0;0;0
11;9;9030901;2019;7;12;7;3;1;5;0;0;1;0;1;0;0;0
11;2;2050802;2019;6;7;6;2;2;2;0;1;1;0;0;0;0;0
11;7;7040403;2019;7;12;7;3;5;3;0;0;1;0;0;0;0;0
11;6;6020303;2019;6;7;6;3;5;2;0;0;1;0;0;0;0;0
11;4;4041136;2019;6;1;6;3;1;5;2;0;1;0;0;0;0;0
11;1;1044201;2019;7;11;7;3;3;6;0;0;1;0;1;0;0;0
11;4;4051447;2019;7;11;7;3;2;6;0;1;0;0;0;0;0;0
11;8;8010301;2019;6;10;6;3;3;6;0;1;1;0;0;0;0;0
11;8;8010118;2019;6;9;6;3;3;6;0;1;1;0;0;0;0;0
11;6;6010210;2019;7;0;7;3;1;7;2;0;1;0;0;0;0;0
11;11;11030824;2019;6;7;5;2;5;3;0;1;1;0;0;0;0;0
11;8;8010118;2019;7;6;7;3;4;6;0;0;1;0;0;0;0;0
11;3;3050924;2019;6;13;5;3;6;7;0;0;0;0;0;0;1;0
11;6;6010103;2019;6;13;5;3;3;6;0;0;1;0;0;0;0;0
11;1;1011201;2019;7;12;6;3;5;2;0;1;1;0;0;0;0;0
11;1;1033203;2019;6;13;5;3;0;1;0;1;1;0;0;0;0;0
11;10;10010310;2019;7;22;6;3;5;3;2;0;1;0;0;0;0;0
11;1;1011202;2019;6;13;5;3;5;3;0;0;1;0;0;0;0;0
11;8;8010118;2019;7;22;6;3;3;6;2;0;1;0;0;0;0;0
11;4;4030931;2019;6;13;5;3;5;3;0;1;1;0;0;0;0;0
11;7;7010102;2019;7;21;6;3;5;2;2;1;1;0;0;0;0;0
11;9;9020501;2019;6;12;5;3;3;6;0;0;1;0;1;0;0;0
11;4;4030828;2019;6;12;5;3;1;5;0;0;1;0;1;0;0;0
11;6;6010102;2019;7;21;6;2;5;2;0;0;1;0;1;0;0;0
11;1;1044201;2019;7;20;6;2;5;3;1;1;1;0;0;0;0;0
11;1;1011301;2019;6;11;5;2;5;3;0;0;0;0;0;1;1;0
11;1;1011303;2019;6;11;5;3;1;5;0;0;1;0;0;0;0;0
11;1;1011301;2019;7;20;6;3;5;3;0;1;0;0;0;0;0;0
11;10;10010308;2019;6;20;5;3;5;2;0;0;1;0;0;0;0;0
11;1;1011301;2019;7;19;6;3;0;2;0;0;1;0;0;0;1;0
11;4;4030827;2019;6;19;5;3;5;2;0;1;1;0;0;0;0;0
11;9;9051702;2019;7;18;6;3;3;6;0;0;1;0;0;0;1;0
11;2;2030301;2019;6;18;5;3;1;5;0;1;1;0;0;0;1;0
11;7;7040405;2019;7;17;6;3;6;7;0;0;1;1;0;0;0;0
11;1;1033203;2019;6;11;5;3;4;6;0;1;1;0;0;0;0;0
11;7;7070704;2019;7;17;6;2;5;3;0;0;1;0;1;0;0;0
11;11;11041128;2019;6;11;5;2;5;3;0;1;1;0;0;0;0;0
11;6;6040804;2019;7;17;6;3;5;2;0;1;0;0;0;0;1;0
11;3;3061228;2019;6;11;5;3;5;2;0;1;0;0;0;0;1;0
11;7;7030301;2019;6;10;5;3;0;2;0;1;0;0;1;0;0;0
11;3;3040614;2019;7;16;6;3;5;3;0;1;1;0;0;0;0;0
11;2;2010102;2019;6;18;5;3;6;2;0;0;1;1;0;0;0;0
11;12;12214421;2019;7;16;6;3;2;6;0;0;1;0;0;0;0;0
11;9;9020501;2019;6;11;5;3;5;2;0;1;1;0;0;0;0;0
11;2;2050602;2019;7;15;6;3;2;2;0;1;1;0;0;0;0;0
11;11;11020513;2019;6;10;5;3;5;2;0;0;1;0;0;0;0;0
11;3;3061126;2019;7;13;6;3;5;3;0;1;1;0;0;0;0;0
11;8;8030831;2019;6;18;5;2;0;2;0;1;1;0;0;0;0;0
11;3;3040818;2019;6;9;5;3;1;5;0;1;0;0;0;0;1;0
11;2;2040703;2019;7;13;6;3;2;6;0;0;1;0;0;0;0;0
11;8;8010212;2019;7;13;6;3;2;6;0;0;1;0;0;0;0;0
11;2;2010101;2019;6;18;5;3;6;2;0;0;1;1;0;0;0;0
11;1;1011302;2019;6;18;5;3;1;5;0;0;1;0;1;0;0;0
11;9;9020701;2019;7;13;6;3;5;2;0;1;1;0;0;0;0;0
11;9;9010202;2019;6;18;5;3;0;2;0;0;1;0;0;0;1;0
11;6;6010205;2019;7;13;6;3;1;5;0;0;1;0;0;0;0;0
11;11;11051331;2019;6;18;5;3;5;2;0;1;1;0;0;0;0;0
11;6;6010210;2019;6;18;5;3;1;5;0;1;1;0;0;0;0;0
11;1;1033202;2019;7;12;6;3;5;3;0;1;1;0;0;0;0;0
11;1;1022204;2019;6;18;5;3;2;6;0;0;1;0;0;0;0;0
11;2;2040701;2019;6;18;5;2;1;1;0;0;1;0;0;0;1;0
11;7;7020201;2019;7;10;6;3;2;2;0;0;1;0;0;0;0;0
11;10;10040933;2019;6;18;5;3;0;1;0;1;0;0;0;0;0;0
11;10;10020622;2019;6;17;5;3;1;5;0;1;1;0;0;0;1;0
11;5;5030730;2019;7;8;6;2;2;6;0;0;1;0;1;0;0;0
11;11;11040926;2019;6;22;5;3;2;6;2;1;1;0;0;0;0;0
11;8;8010214;2019;7;8;6;3;5;3;0;0;1;0;0;0;0;0
11;2;2040503;2019;6;17;5;3;5;2;0;1;0;0;0;0;0;0
11;1;1044202;2019;7;8;6;3;5;2;0;1;1;0;0;0;0;0
11;3;3061228;2019;6;14;5;3;5;3;0;0;1;0;1;0;0;0
11;3;3030405;2019;7;5;6;3;0;1;0;1;0;0;0;0;0;1
11;2;2050801;2019;6;14;5;2;0;6;0;1;1;0;0;0;0;0
11;1;1033102;2019;6;20;5;3;0;1;0;1;0;0;0;0;0;0
11;11;11041128;2019;7;4;6;3;0;1;0;1;0;0;0;0;0;0
11;2;2050602;2019;7;1;6;3;0;7;2;1;0;0;0;0;1;0
11;4;4030931;2019;6;14;5;3;0;1;0;0;0;0;1;0;0;0
11;7;7020203;2019;6;13;5;3;5;2;0;1;1;0;0;0;0;0
11;5;5020625;2019;7;15;6;2;0;6;0;0;1;0;0;0;1;0
11;1;1011401;2019;6;9;5;2;0;1;0;1;0;0;0;0;0;0
11;1;1011305;2019;7;11;5;3;1;5;0;1;1;0;0;0;0;0
11;4;4051549;2019;6;9;5;3;5;3;0;1;1;0;0;0;0;0
11;1;1044202;2019;7;21;5;3;3;6;2;0;1;0;0;0;0;0
11;6;6040810;2019;6;8;5;2;5;2;0;0;1;0;0;0;0;0
11;2;2020202;2019;7;20;5;3;5;2;1;0;1;0;0;0;0;0
11;1;1011301;2019;6;8;5;3;5;2;0;1;1;0;0;0;0;0
11;3;3061227;2019;6;8;5;2;5;2;0;1;0;0;0;1;0;0
11;9;9051702;2019;7;17;4;3;5;3;0;0;1;0;1;0;0;0
11;2;2020204;2019;7;16;4;3;2;6;0;1;0;0;0;0;0;0
11;1;1011303;2019;7;9;4;3;5;2;0;0;1;0;1;0;0;0
11;6;6040701;2019;7;17;4;3;7;7;0;0;0;0;1;0;0;0
11;1;1022201;2019;7;14;6;3;1;5;0;0;1;0;1;0;0;0
11;4;4030417;2019;7;17;4;3;5;3;0;1;1;0;0;0;0;0
11;4;4051654;2019;7;16;4;3;3;6;0;0;1;0;1;0;0;0
11;8;8010301;2019;7;8;4;3;1;5;0;1;1;0;0;0;0;0
11;1;1011304;2019;7;1;5;3;5;2;2;1;1;0;0;0;0;0
11;2;2050803;2019;7;20;5;3;2;2;0;0;1;0;0;0;0;0
11;11;11020513;2019;7;20;5;3;5;2;0;1;1;0;0;0;0;0
11;1;1033201;2019;7;19;5;3;5;2;0;0;1;0;1;0;0;0
11;4;4030931;2019;7;19;5;3;5;2;0;1;1;0;0;0;0;0
11;4;4030416;2019;7;19;5;3;1;5;0;1;1;0;0;0;0;0
11;2;2010104;2019;7;19;5;3;1;5;0;1;1;0;0;0;0;0
11;3;3061126;2019;7;18;5;3;2;6;0;0;1;0;1;0;0;0
11;9;9051901;2019;7;18;5;3;2;6;0;0;0;0;0;0;1;0
11;7;7040404;2019;7;15;5;3;5;2;0;1;1;0;0;0;0;0
11;5;5040938;2019;7;15;5;3;1;5;0;1;1;0;0;0;0;0
11;5;5010101;2019;7;17;5;2;5;3;0;0;1;0;1;0;0;0
11;9;9020701;2019;7;15;5;2;5;3;0;1;1;0;0;0;0;0
11;4;4030415;2019;7;9;5;3;0;7;0;1;0;0;0;0;0;0
11;1;1011302;2019;7;15;5;2;3;6;0;1;1;0;0;0;0;0
11;9;9031101;2019;7;14;5;3;5;7;0;0;1;0;0;0;0;0
11;9;9030901;2019;7;10;5;3;5;2;0;0;1;0;0;0;0;0
11;8;8030829;2019;7;18;5;3;5;3;0;0;1;0;0;0;0;0
11;1;1011204;2019;7;22;5;2;0;1;2;0;0;0;0;0;1;0
11;6;6020306;2019;7;23;5;3;5;3;2;0;1;0;1;0;0;0
11;7;7020202;2019;7;13;5;3;5;2;0;1;1;0;0;0;0;0
11;5;5020419;2019;7;8;5;3;6;4;0;0;0;1;0;1;0;0
11;7;7010101;2019;7;8;5;3;5;2;0;1;0;0;0;1;0;0
11;4;4061757;2019;7;12;5;3;1;5;0;1;0;0;0;0;1;0
11;1;1011101;2019;7;12;5;3;3;6;0;0;1;0;1;0;0;0
11;1;1033101;2019;7;12;5;2;5;3;0;0;1;0;1;0;0;0
11;11;11010310;2019;7;12;5;3;5;2;0;1;1;0;0;0;0;0
11;9;9020702;2019;7;8;5;2;5;2;0;1;1;0;0;0;0;0
11;2;2020204;2019;7;10;5;2;5;2;0;0;1;0;0;0;1;0
11;2;2010103;2019;7;10;5;2;0;6;0;0;1;0;0;0;1;0
11;7;7040404;2019;7;7;5;3;2;6;0;0;0;0;1;1;0;0
11;3;3061227;2019;7;7;5;3;5;3;0;1;0;0;0;0;1;0
11;9;9010101;2019;7;7;5;3;5;2;0;1;1;0;0;0;0;0
11;12;12103117;2019;7;6;5;3;0;7;0;0;1;0;1;0;0;1
11;1;1011101;2019;7;10;5;3;5;3;0;0;1;0;0;0;0;0
11;2;2020206;2019;7;9;5;3;1;5;0;0;1;0;0;0;0;0
11;6;6040701;2019;7;9;5;3;0;3;0;1;0;0;0;0;0;0
11;4;4030725;2019;7;9;5;2;5;3;0;1;1;0;0;0;0;0
11;2;2010102;2019;7;8;5;2;0;1;0;0;1;0;0;0;0;0
11;1;1011103;2019;7;17;5;3;0;6;0;0;1;0;0;0;1;0
11;5;5010101;2019;7;9;5;1;3;6;0;1;0;0;0;1;0;0
11;4;4030931;2019;7;17;4;3;5;2;0;1;1;0;0;0;0;0
11;1;1033203;2019;7;17;4;3;2;6;0;1;1;0;0;0;0;0
11;10;10040828;2019;7;16;4;3;5;3;0;1;1;0;0;0;0;0
11;7;7010104;2019;7;15;4;3;2;6;0;0;1;0;0;0;0;0
11;8;8020622;2019;7;15;4;3;5;7;0;0;1;0;0;0;0;0
11;6;6030610;2019;7;15;4;2;5;2;0;0;1;0;0;0;0;0
11;7;7020204;2019;7;17;4;3;1;5;0;1;1;0;0;0;0;0
11;8;8020728;2019;7;15;4;3;0;6;0;0;1;0;0;0;1;0
11;2;2040503;2019;7;14;4;3;2;6;0;0;1;0;1;0;1;0
11;8;8041038;2019;7;13;4;3;2;7;0;1;0;0;0;0;1;0
11;9;9020802;2019;7;12;4;2;0;4;0;0;0;1;0;0;1;0
11;2;2020204;2019;7;11;4;3;5;2;0;1;1;0;0;0;0;0
11;6;6010206;2019;7;11;4;3;0;1;0;1;0;0;0;0;0;0
11;7;7040403;2019;7;10;4;3;5;2;0;0;1;0;1;0;0;0
11;7;7020203;2019;7;9;4;2;5;2;0;1;0;0;1;0;0;0
11;9;9051801;2019;7;9;4;3;2;3;0;1;1;0;0;0;0;0
11;2;2010103;2019;7;8;4;3;5;3;0;1;1;0;0;0;0;0
11;12;12214125;2019;7;23;4;2;2;6;2;0;1;0;0;0;1;0
11;4;4010102;2019;7;20;4;2;1;1;0;0;1;0;0;0;0;0
11;8;8041036;2019;7;19;4;3;5;3;0;0;1;0;0;0;0;0
11;1;1033203;2019;7;19;4;2;0;6;0;1;1;0;0;0;0;0
11;3;3030715;2019;7;6;4;3;0;3;0;0;1;0;1;0;0;0
11;3;3061228;2019;7;6;4;3;5;3;0;1;1;0;0;0;0;0
11;11;11041022;2019;7;5;4;3;5;3;0;1;1;0;0;0;0;0
11;2;2050802;2019;7;1;4;2;0;1;2;0;0;0;0;0;1;0
11;6;6030609;2019;7;15;4;3;5;2;0;0;1;0;0;0;1;0
11;2;2030402;2019;7;9;3;2;0;2;0;1;1;0;0;0;0;0
11;2;2040502;2019;7;16;3;3;5;2;0;1;0;0;0;0;0;0
11;2;2010103;2019;7;18;3;3;5;2;0;1;1;0;0;0;0;0
11;3;3050925;2019;7;17;3;3;5;7;0;1;1;0;0;0;0;0
11;9;9020501;2019;7;17;3;2;5;3;0;0;1;0;1;0;0;0
11;8;8010301;2019;7;17;3;3;1;5;0;1;1;0;0;0;1;0
11;9;9051701;2019;7;16;3;3;2;7;0;0;1;0;0;0;0;0
11;2;2020204;2019;7;2;3;3;1;1;2;0;1;0;0;0;0;0
11;10;11030720;2019;7;14;3;3;2;6;0;0;1;0;0;0;1;0
11;5;5020524;2019;7;14;3;3;5;2;0;0;1;0;0;0;0;0
11;12;12224230;2019;7;13;3;3;1;5;0;0;1;0;1;0;0;0
11;4;4051448;2019;7;13;3;3;1;5;0;1;1;0;0;0;0;0
11;8;8041037;2019;7;13;3;3;5;3;0;1;1;0;0;0;0;0
11;7;7040405;2019;7;12;3;3;5;3;0;0;1;0;0;0;0;0
11;4;4010101;2019;7;12;3;3;2;6;0;0;1;0;0;0;0;0
11;2;2050802;2019;7;12;3;3;5;2;0;1;0;0;0;1;0;0
11;4;4051446;2019;7;10;3;3;6;4;0;0;1;1;0;0;0;0
11;4;4041239;2019;7;10;3;3;5;2;0;1;1;0;0;0;0;0
11;1;1011204;2019;7;18;3;3;4;6;0;1;0;0;0;0;1;0
11;2;2020204;2019;7;9;3;3;6;7;0;0;1;1;0;0;0;0
11;8;8010301;2019;7;19;3;3;0;3;0;1;0;0;0;0;0;0
11;3;3061430;2019;7;19;3;3;5;2;0;1;1;0;0;0;0;0
11;9;9020802;2019;7;6;3;2;3;6;0;0;1;0;0;0;0;0
11;9;9020701;2019;7;18;3;3;2;6;0;0;1;0;0;0;1;0
11;9;9010402;2019;7;18;3;2;0;1;0;0;0;0;1;0;0;0
11;9;9031101;2019;7;18;3;3;5;3;0;1;0;0;0;0;1;0
11;3;3020203;2019;7;16;3;3;5;3;0;1;1;0;0;0;0;0
11;4;4030415;2019;7;16;3;3;2;2;0;0;1;0;1;0;0;0
11;2;2020206;2019;7;16;3;3;0;1;0;1;0;0;0;0;0;0
11;4;4051448;2019;7;15;3;3;2;6;0;1;1;0;0;0;0;0
11;5;5010101;2019;7;15;3;3;3;6;0;1;0;0;0;0;1;0
11;1;1044101;2019;7;15;3;3;0;6;0;0;0;0;0;0;1;0
11;2;2040701;2019;7;17;3;3;2;6;0;0;1;0;1;0;0;0
11;8;8010301;2019;7;21;3;3;3;6;0;1;1;0;0;0;0;0
11;11;11020513;2019;7;13;3;3;2;6;0;0;1;0;0;0;0;0
11;9;9020502;2019;7;8;3;3;1;1;0;0;1;0;1;0;0;0
11;11;11020412;2019;7;16;2;3;2;6;0;0;1;0;0;0;0;0
11;5;5020629;2019;7;17;2;3;5;2;0;0;1;0;1;0;0;0
11;1;1011202;2019;7;16;2;3;2;2;0;0;0;0;1;0;1;0
11;6;6040805;2019;7;15;2;3;1;5;0;0;1;0;0;1;0;0
11;2;2040701;2019;7;21;2;2;5;2;2;1;1;0;0;0;0;0
11;8;8020727;2019;7;17;2;3;2;6;0;0;1;0;1;0;0;0
11;6;6010102;2019;7;19;2;3;0;1;0;0;0;0;1;0;0;0
11;8;8010510;2019;7;15;2;3;2;6;0;0;1;0;0;0;0;0
11;12;12214125;2019;7;15;2;2;6;4;0;0;1;1;0;0;1;0
11;1;1011202;2019;7;13;2;3;5;3;0;0;1;0;0;0;0;0
11;6;6030501;2019;7;12;2;3;5;3;0;0;1;0;0;0;0;0
11;2;2020206;2019;7;21;2;3;1;5;2;0;1;0;0;0;0;0
11;1;1011301;2019;7;12;2;3;3;6;0;1;0;0;0;1;0;0
11;1;1022106;2019;7;10;2;3;3;6;0;1;0;0;0;1;0;0
11;4;4020311;2019;7;10;2;3;5;3;0;0;1;0;0;0;0;0
11;1;1011302;2019;7;10;2;3;2;6;0;0;1;0;0;0;0;0
11;9;9020701;2019;7;10;2;3;3;6;0;0;1;0;0;1;0;0
11;9;9020601;2019;7;9;2;3;5;3;0;1;1;0;0;0;0;0
11;6;6040703;2019;7;8;2;3;5;3;0;1;1;0;0;0;0;1
11;7;7040405;2019;7;8;2;3;2;6;0;0;1;0;0;0;0;0
11;5;5010205;2019;7;6;2;3;0;6;0;0;1;0;1;0;0;0
11;1;1022204;2019;7;9;2;3;5;7;0;1;1;0;0;0;0;0
11;1;1044201;2019;7;12;1;3;2;6;0;0;1;0;0;0;0;0
11;1;1022206;2019;7;18;1;3;0;1;0;1;0;0;0;0;0;0
11;3;3061228;2019;7;14;1;3;3;6;0;0;1;0;0;0;1;0
11;2;2030302;2019;7;1;1;3;9;1;2;0;1;0;0;0;0;1
11;1;1011402;2019;7;1;1;3;0;1;2;1;0;0;0;0;0;1
11;2;2030301;2019;7;21;1;2;0;3;1;0;1;0;1;0;0;0
11;2;2040702;2019;7;19;1;3;0;7;0;0;0;0;0;0;1;0
11;5;5020521;2019;7;18;1;3;2;6;0;0;1;0;0;0;0;0
11;8;8010118;2019;7;17;1;3;6;4;0;0;0;1;1;0;0;0
11;10;10040933;2019;7;10;1;3;8;1;0;0;1;0;0;0;0;0
11;1;1044203;2019;7;20;1;3;6;4;1;1;0;1;0;0;0;0
11;12;12214424;2019;7;13;7;3;0;3;0;0;1;0;1;0;0;0
11;2;2040703;2019;7;15;7;3;0;1;0;0;1;0;0;0;0;1
11;9;9010302;2019;7;3;7;2;9;1;1;0;0;0;1;0;0;0
11;4;4030931;2019;7;0;7;3;3;6;2;0;1;0;0;0;0;0
11;6;6040810;2019;7;18;7;3;3;6;0;1;1;0;0;0;0;1
11;7;7010104;2019;7;23;7;3;6;4;2;0;1;1;0;0;0;1
11;7;7070704;2019;7;22;7;2;0;2;2;0;1;0;1;0;0;1
11;10;10030724;2019;7;21;7;3;5;2;2;1;1;0;0;0;0;1
11;8;8010213;2019;7;21;7;3;6;2;1;0;1;1;0;0;0;1
11;2;2030301;2019;7;19;7;3;5;7;0;0;1;0;1;0;0;0
11;9;9020802;2019;7;18;7;2;5;7;0;0;1;0;0;0;0;0
11;1;1011301;2019;7;17;7;3;6;2;0;0;1;1;0;0;0;0
11;6;6010206;2019;7;16;7;3;2;6;0;1;1;0;0;0;0;1
11;1;1033102;2019;7;16;7;3;1;5;0;0;1;0;0;0;0;1
11;7;7010104;2019;7;15;7;3;0;1;0;0;1;0;1;0;0;1
11;1;1044101;2019;7;14;7;3;5;3;0;1;1;0;0;0;0;1
11;12;12224230;2019;7;14;7;3;2;6;0;0;1;0;0;0;0;0
11;6;6040701;2019;7;14;7;3;6;4;0;0;1;1;0;0;0;0
11;5;5010207;2019;7;13;7;3;5;2;0;0;1;0;1;0;0;0
11;5;5010103;2019;7;13;7;3;5;3;0;0;1;0;0;0;0;0
11;11;11030721;2019;7;13;7;3;0;1;0;1;0;0;0;0;0;0
11;7;7010104;2019;7;12;7;3;5;2;0;1;1;0;0;0;0;0
11;8;8010404;2019;7;12;7;3;5;2;0;0;1;0;0;0;0;0
11;4;4051654;2019;7;11;7;3;2;3;0;0;1;0;0;0;0;0
11;6;6040810;2019;7;8;7;3;0;2;0;1;1;0;0;0;0;0
11;1;1022106;2019;7;7;7;3;6;2;0;0;1;1;0;0;0;0
11;4;4030930;2019;7;10;7;3;3;6;0;1;1;0;0;0;0;0
11;9;9010401;2019;7;12;7;3;2;6;0;0;1;0;0;0;1;0
11;10;10040933;2019;7;8;6;2;5;3;0;1;1;0;0;0;0;1
11;4;4030931;2019;7;14;6;3;1;5;0;0;1;0;0;0;0;0
11;10;10030727;2019;7;10;6;3;5;3;0;0;1;0;0;0;0;1
11;7;7020202;2019;7;11;6;3;6;7;0;0;1;1;0;0;0;0
11;8;8010211;2019;7;21;6;3;0;5;2;0;1;0;0;0;0;0
11;3;3061126;2019;7;17;6;3;5;2;0;1;1;0;0;0;0;0
11;1;1022206;2019;7;17;6;3;3;6;0;1;0;0;0;0;1;1
11;6;6030503;2019;7;17;6;3;5;2;0;1;1;0;0;0;0;0
11;10;10010310;2019;7;17;4;3;2;2;0;0;1;0;0;0;0;0
11;4;4051655;2019;7;8;4;3;5;3;0;1;0;0;0;0;1;0
11;5;5010204;2019;7;15;6;3;5;2;0;1;1;0;0;0;0;1
11;6;6030609;2019;7;14;6;3;2;6;0;0;1;0;0;0;0;0
11;3;3010102;2019;7;14;6;2;5;3;0;0;1;0;1;0;0;1
11;1;1033102;2019;7;14;6;3;2;6;0;0;1;0;0;0;0;1
11;12;12214125;2019;7;14;6;3;2;2;0;0;1;0;0;0;1;1
11;12;12302107;2019;7;13;6;3;2;6;0;0;1;0;0;0;0;1
11;1;1022106;2019;7;12;6;3;2;6;0;0;1;0;0;0;0;1
11;2;2040703;2019;7;12;6;3;6;7;0;1;0;0;0;0;1;1
11;10;10010311;2019;7;16;6;3;2;6;0;0;1;0;0;0;0;0
11;10;10010308;2019;7;12;6;3;5;3;0;0;1;0;0;0;1;1
11;10;10020412;2019;7;12;6;3;5;3;0;1;1;0;0;0;0;1
11;7;7060604;2019;7;11;6;3;5;2;0;0;1;0;0;0;0;0
11;12;12301203;2019;7;10;6;2;5;3;0;0;1;0;0;0;0;1
11;7;7010104;2019;7;10;6;3;0;1;0;1;0;0;0;0;0;1
11;11;11040926;2019;7;12;6;3;1;5;0;1;1;0;0;0;0;1
11;12;12304314;2019;7;10;6;3;8;1;0;0;1;0;0;0;0;1
11;3;3040614;2019;7;16;6;3;2;6;0;0;1;0;0;0;0;1
11;4;4030623;2019;7;15;6;3;5;7;0;0;1;0;0;0;0;1
11;1;1011101;2019;7;10;6;3;0;1;0;0;0;0;1;0;0;1
11;3;3010102;2019;7;10;6;3;0;3;0;0;1;0;1;0;0;1
11;7;7030301;2019;7;9;6;3;1;5;0;1;1;0;0;0;0;1
11;4;4051549;2019;7;9;6;3;2;6;0;0;1;0;0;0;1;1
11;5;5010103;2019;7;8;6;3;2;6;0;0;1;0;0;0;0;1
11;1;1011204;2019;7;9;6;3;0;7;0;1;1;0;0;0;0;0
11;7;7050504;2019;7;8;6;2;9;1;0;0;1;0;0;0;0;1
11;4;4031032;2019;7;8;6;3;0;1;0;0;0;0;1;0;0;1
11;7;7040404;2019;7;8;6;3;5;2;0;0;1;0;0;0;1;1
11;1;1011105;2019;7;7;6;3;2;6;0;0;1;0;0;1;0;1
11;10;10020413;2019;7;7;6;3;5;3;0;0;1;0;0;0;0;1
11;12;12304314;2019;7;7;6;3;2;6;0;0;1;0;0;0;0;1
11;1;1011401;2019;7;6;6;2;5;2;0;0;1;0;1;0;0;1
11;5;5020626;2019;7;6;6;3;5;3;0;0;1;0;0;0;0;1
11;2;2020204;2019;7;1;6;3;0;3;2;1;1;0;0;0;0;0
11;4;4030827;2019;7;16;6;3;2;7;0;1;1;0;0;0;0;0
11;2;2020202;2019;7;9;5;3;5;2;0;1;0;0;0;0;0;0
11;2;2040702;2019;7;14;5;3;6;7;0;0;0;1;0;0;1;0
11;2;2040701;2019;7;14;5;3;6;4;0;1;0;1;0;0;0;0
11;5;5020625;2019;7;14;5;3;5;3;0;0;1;0;1;0;0;0
11;3;3040614;2019;7;14;5;3;2;6;0;0;1;0;0;0;0;0
11;7;7040403;2019;7;22;5;3;5;2;2;1;1;0;0;0;0;1
11;1;1033203;2019;7;13;5;3;6;4;0;1;0;1;0;0;0;0
11;4;4030415;2019;7;19;5;2;0;7;0;1;0;0;0;0;0;0
11;1;1011201;2019;7;13;5;3;6;6;0;1;0;1;0;0;0;0