LAND;BEZ;LOR_ab_2021;UJAHR;UMONAT;USTUNDE;UWOCHENTAG;UKATEGORIE;UART;UTYP1;ULICHTVERH;IstRad;IstPKW;IstFuss;IstKrad;IstGkfz;IstSonstige;USTRZUSTAND
11;2;2050803;2019;7;20;5;3;2;6;0;0;1;0;1;0;0;0
11;1;1033102;2019;7;19;5;3;6;4;0;0;1;1;0;0;0;0
11;2;2050601;2019;7;13;5;3;2;7;0;0;1;0;1;0;0;0
11;2;2030302;2019;7;20;5;3;5;3;0;1;0;0;0;0;0;0
11;10;10010310;2019;7;12;5;3;0;3;0;0;1;0;1;0;0;0
11;4;7030301;2019;7;12;5;2;5;3;0;0;1;0;0;0;0;0
11;5;5020625;2019;7;11;5;3;5;2;0;0;1;0;1;0;0;0
11;2;2050602;2019;7;10;5;3;5;2;0;1;1;0;0;0;0;0
11;9;9010202;2019;7;9;5;2;2;6;0;0;1;0;0;0;0;0
11;1;1022202;2019;7;9;5;3;5;2;0;0;1;0;0;0;0;0
11;8;8010301;2019;7;17;5;2;1;5;0;1;1;0;0;0;0;0
11;7;7020201;2019;7;8;5;3;5;2;0;1;1;0;0;0;0;0
11;2;2010101;2019;7;8;5;3;6;2;0;0;1;1;0;0;0;0
11;9;9010202;2019;7;9;5;3;5;2;0;1;1;0;0;0;0;0
11;8;8010212;2019;7;23;5;3;9;1;2;0;1;0;0;0;0;1
11;12;12304314;2019;7;23;5;3;0;1;2;1;0;0;0;0;0;0
11;8;8010117;2019;7;22;5;3;1;5;2;1;1;0;0;0;0;1
11;7;7050503;2019;7;17;5;3;6;7;0;0;1;1;0;0;0;0
11;11;11040926;2019;7;14;5;3;0;1;0;0;0;0;1;0;0;0
11;5;5010339;2019;7;21;4;3;1;5;1;0;1;0;0;1;0;0
11;7;7040406;2019;7;21;4;2;5;3;1;1;0;0;0;0;1;0
11;2;2020204;2019;7;21;4;3;5;3;1;1;1;0;0;0;0;1
11;1;1011401;2019;7;21;4;3;0;1;2;0;0;0;1;0;0;1
11;1;1011201;2019;7;21;4;3;5;3;2;1;1;0;0;0;0;1
11;4;4030930;2019;7;20;4;3;3;6;0;1;1;0;0;0;0;0
11;5;5020420;2019;7;20;4;2;9;1;0;0;0;0;1;0;0;0
11;1;1011202;2019;7;20;4;3;5;2;0;1;1;0;0;0;0;0
11;11;11030619;2019;7;19;4;3;5;3;0;0;1;0;0;0;0;0
11;2;2020204;2019;7;19;4;3;0;2;0;0;1;0;1;0;0;0
11;10;10010308;2019;7;18;4;3;5;7;0;0;1;0;0;0;0;0
11;6;6010103;2019;7;18;4;3;0;6;0;1;0;0;0;0;1;0
11;8;8010404;2019;7;17;4;3;5;2;0;1;1;0;0;0;0;0
11;1;1011201;2019;7;17;4;3;5;2;0;1;1;0;0;0;0;0
11;10;10030724;2019;7;15;4;3;5;2;0;0;1;0;0;0;0;0
11;3;3061430;2019;7;14;4;3;5;3;0;1;0;0;0;0;1;0
11;1;1033203;2019;7;14;4;3;2;7;0;1;1;0;0;0;0;0
11;12;12214125;2019;7;13;4;3;3;6;0;0;1;0;0;0;0;0
11;12;12224230;2019;7;13;4;3;1;5;0;0;1;0;0;0;0;0
11;8;8010117;2019;7;11;4;3;2;6;0;0;1;0;0;1;0;0
11;9;9020602;2019;7;10;4;2;6;4;0;0;1;1;0;0;0;0
11;3;3040818;2019;7;7;4;3;1;5;0;0;1;0;0;0;1;0
11;3;3030715;2019;7;10;4;3;2;6;0;0;1;0;0;0;0;0
11;3;3061126;2019;7;9;4;3;3;6;0;0;1;0;1;0;0;0
11;1;1011301;2019;7;10;4;3;5;3;0;0;1;0;1;0;0;0
11;8;8010301;2019;7;3;7;3;2;6;2;1;1;0;0;0;0;0
11;2;2020204;2019;7;3;7;2;0;1;2;0;0;0;1;0;0;0
11;5;5030833;2019;7;2;7;2;0;1;2;0;1;0;0;0;0;0
11;1;1011101;2019;7;22;6;2;5;3;2;1;0;0;0;0;0;0
11;4;4030621;2019;7;14;7;3;5;2;0;1;1;0;0;0;0;0
11;4;4030827;2019;7;14;7;2;3;6;0;1;1;0;0;0;0;0
11;1;1022201;2019;7;13;7;3;0;2;0;0;1;0;1;0;0;0
11;9;9010101;2019;7;22;7;3;6;4;2;1;0;1;0;0;0;0
11;1;1011203;2019;7;13;7;2;0;7;0;0;1;1;0;0;1;0
11;1;1022104;2019;7;12;7;2;2;2;0;1;1;0;0;0;0;0
11;2;2040701;2019;7;21;7;3;5;2;1;1;1;0;0;0;0;0
11;5;5020626;2019;7;12;7;2;5;2;0;0;1;0;0;0;0;0
11;12;12231101;2019;7;12;7;3;5;2;0;1;1;0;0;0;0;0
11;6;6040703;2019;7;12;7;3;5;2;0;1;1;0;0;0;0;0
11;12;12103220;2019;7;12;7;3;4;5;0;0;1;0;0;0;1;0
11;10;10030724;2019;7;19;7;3;3;6;0;0;1;0;1;0;0;0
11;8;8030831;2019;7;11;7;3;0;1;0;0;0;0;1;0;0;0
11;1;1011401;2019;7;11;7;3;1;5;0;1;0;0;0;0;1;0
11;3;3050923;2019;7;11;7;3;5;2;0;0;1;0;0;0;0;0
11;9;9010202;2019;7;11;7;3;5;3;0;0;1;0;0;0;0;0
11;1;1011101;2019;7;11;7;2;5;3;0;1;1;0;0;0;0;0
11;11;11051332;2019;7;10;7;3;5;3;0;1;0;0;0;0;1;0
11;9;9020701;2019;7;8;7;3;0;6;0;0;0;0;1;0;1;0
11;2;2040701;2019;7;4;7;3;5;3;1;0;1;0;0;0;0;0
11;4;4020310;2019;7;7;6;3;3;6;0;1;0;0;0;0;1;0
11;9;9010401;2019;7;6;6;3;3;6;0;1;0;0;0;0;1;0
11;11;11010310;2019;7;16;6;3;5;2;0;1;1;0;0;0;0;0
11;3;3020209;2019;7;16;6;3;5;3;0;1;1;0;0;0;0;0
11;6;6010206;2019;7;15;6;3;2;6;0;0;1;0;1;0;0;0
11;11;11051331;2019;7;15;6;2;0;1;0;0;0;0;0;0;1;0
11;6;6030503;2019;7;15;6;2;5;7;0;0;0;0;1;0;1;0
11;2;2030401;2019;7;15;6;2;5;3;0;1;0;0;0;0;1;0
11;7;7010102;2019;7;13;6;3;2;6;0;0;1;0;0;0;1;0
11;3;3051017;2019;7;13;6;3;5;3;0;0;1;0;0;0;0;0
11;4;4010102;2019;7;13;6;3;2;6;0;0;1;0;1;0;0;0
11;9;9010401;2019;7;13;6;3;5;2;0;1;1;0;0;0;0;0
11;8;8020625;2019;7;12;6;2;2;6;0;0;1;0;0;0;0;0
11;2;2020205;2019;7;12;6;3;0;7;0;1;0;0;0;0;0;0
11;4;4030724;2019;7;11;6;3;6;7;0;0;1;1;0;0;0;0
11;7;7070701;2019;7;11;6;3;3;6;0;0;1;0;1;0;0;0
11;2;2030302;2019;7;10;6;3;5;2;0;1;0;0;0;1;0;0
11;3;3061430;2019;7;22;6;3;5;3;2;1;1;0;0;0;0;0
11;7;7040403;2019;7;21;6;3;5;2;2;0;1;0;0;0;0;0
11;9;9010101;2019;7;21;6;2;5;3;1;1;1;0;0;0;0;0
11;2;2040701;2019;7;20;6;3;5;3;0;1;1;0;0;0;0;0
11;7;7040401;2019;7;19;6;3;5;2;0;0;1;0;0;0;0;0
11;4;4030929;2019;7;1;6;3;5;3;2;0;1;0;0;0;0;0
11;8;8030829;2019;7;19;6;3;5;7;0;1;1;0;0;0;0;0
11;11;11051331;2019;7;10;6;3;6;4;0;0;1;1;0;0;0;0
11;5;5020625;2019;7;9;6;3;0;6;0;0;0;0;0;0;1;0
11;11;11030619;2019;7;9;6;3;5;2;0;1;1;0;0;0;0;0
11;1;1011301;2019;7;9;6;3;5;3;0;0;1;0;0;0;1;0
11;1;1044202;2019;7;8;6;2;5;3;0;1;1;0;0;0;0;0
11;7;7030301;2019;7;8;6;3;4;6;0;1;1;0;0;0;0;0
11;11;11040926;2019;7;7;6;3;5;3;0;1;1;0;0;0;0;0
11;9;9052001;2019;7;6;6;3;1;1;0;0;1;0;0;0;0;0
11;2;2050803;2019;7;6;6;3;5;2;0;1;1;0;0;0;0;0
11;1;1011202;2019;7;15;6;3;3;6;0;0;1;0;0;0;1;0
11;8;8020727;2019;7;11;5;3;0;3;0;1;1;0;0;0;0;0
11;8;8010508;2019;7;21;5;2;9;1;2;0;0;0;1;0;0;0
11;1;1011303;2019;7;21;5;3;6;4;0;1;0;1;0;0;0;0
11;1;1044203;2019;7;20;5;3;5;2;0;0;1;0;0;0;1;0
11;4;4030931;2019;7;19;5;3;5;3;0;1;1;0;0;0;0;0
11;6;6040804;2019;7;18;5;3;5;3;0;0;1;0;1;0;0;0
11;8;8020727;2019;7;18;5;3;5;2;0;0;1;0;0;0;0;0
11;11;11020513;2019;7;16;5;3;0;7;0;0;1;0;0;0;1;0
11;2;2020206;2019;7;15;5;3;5;2;0;1;0;0;0;0;1;0
11;1;1011201;2019;7;18;5;3;5;3;0;1;1;0;0;0;0;0
11;2;2040701;2019;7;15;5;3;2;6;0;0;1;0;0;0;0;0
11;1;1022106;2019;7;17;5;3;5;7;0;1;0;0;0;0;1;0
11;1;1044201;2019;7;15;5;3;5;2;0;0;1;0;1;0;0;0
11;1;1011203;2019;7;17;5;3;5;7;0;1;1;0;0;0;0;0
11;1;1044201;2019;7;15;5;3;6;7;0;0;1;1;0;0;0;0
11;4;4051653;2019;7;15;5;3;6;3;0;0;1;1;0;0;0;0
11;8;8010301;2019;7;17;5;3;5;3;0;1;0;0;0;0;0;0
11;8;8020622;2019;7;14;5;3;1;5;0;0;1;0;0;0;1;0
11;7;7030303;2019;7;16;5;2;5;3;0;1;1;0;0;0;0;0
11;12;12302212;2019;7;14;5;3;0;5;0;0;1;0;0;0;1;0
11;9;9051702;2019;7;13;5;3;1;1;0;1;1;0;0;0;0;0
11;1;1011102;2019;7;11;5;3;3;2;0;0;1;0;0;0;0;0
11;7;7070701;2019;7;11;5;3;5;2;0;0;1;0;0;1;0;0
11;1;1022102;2019;7;11;5;3;6;2;0;0;0;1;0;0;1;0
11;9;9020702;2019;7;11;5;3;2;6;0;0;1;0;0;0;1;0
11;7;7040401;2019;7;11;5;3;2;6;0;0;1;0;0;0;1;0
11;1;1011301;2019;7;10;5;3;5;3;0;0;1;0;0;0;1;0
11;1;1011105;2019;7;10;5;3;1;5;0;1;1;0;0;0;0;0
11;11;11040926;2019;7;10;5;3;1;1;0;0;1;0;0;0;0;0
11;11;11020411;2019;7;9;5;2;5;2;0;0;0;0;1;0;1;0
11;3;3030715;2019;7;9;5;3;2;6;0;0;1;0;0;0;0;0
11;1;1011306;2019;7;9;5;3;5;3;0;1;1;0;0;0;0;0
11;4;4041241;2019;7;7;5;3;5;3;0;1;1;0;0;0;0;0
11;7;7040401;2019;7;5;5;3;0;1;1;0;0;0;0;0;1;0
11;5;5010209;2019;7;3;5;2;1;1;2;0;1;0;0;0;0;0
11;3;3050925;2019;7;17;5;3;6;2;0;0;1;1;0;0;0;0
11;2;2030402;2019;7;14;5;3;5;7;0;0;0;0;1;0;1;0
11;7;7010104;2019;7;10;5;3;0;7;0;0;0;0;1;0;0;1
11;4;4030931;2019;7;10;4;3;1;5;0;1;0;0;0;0;1;0
11;7;7030302;2019;7;15;4;3;6;4;0;1;0;1;0;0;0;0
11;5;5010206;2019;7;17;4;2;5;2;0;1;1;0;0;0;0;0
11;11;11020514;2019;7;17;4;3;5;2;0;1;1;0;0;0;0;0
11;2;2040701;2019;7;17;4;3;0;2;0;0;1;0;1;0;0;0
11;9;9010301;2019;7;16;4;3;6;2;0;0;0;1;0;1;0;0
11;1;1033201;2019;7;16;4;3;6;7;0;1;0;1;0;0;0;0
11;6;6020302;2019;7;16;4;3;5;3;0;1;1;0;0;0;0;0
11;7;7040405;2019;7;16;4;3;2;7;0;0;0;0;1;0;1;0
11;4;4010103;2019;7;5;4;3;0;6;0;0;0;0;1;0;0;0
11;5;5040934;2019;7;23;4;3;0;1;2;1;0;0;0;0;0;0
11;1;1033201;2019;7;20;4;3;0;3;0;1;0;0;0;0;1;0
11;1;1011402;2019;7;19;4;3;1;5;0;1;1;0;0;0;0;0
11;12;1044101;2019;7;19;4;3;2;4;0;0;1;1;0;0;0;0
11;11;11051229;2019;7;18;4;3;2;3;0;0;1;0;0;0;0;0
11;2;2050802;2019;7;18;4;3;0;6;0;1;0;0;0;0;0;0
11;1;1011302;2019;7;18;4;3;5;3;0;1;1;0;0;0;0;0
11;5;5030730;2019;7;18;4;2;2;6;0;0;1;0;1;0;0;0
11;2;2020204;2019;7;18;4;3;5;2;0;0;1;0;1;0;0;0
11;7;7040401;2019;7;18;4;3;6;2;0;1;0;1;0;0;0;0
11;1;1011402;2019;7;18;4;3;0;1;0;1;0;0;0;0;0;0
11;10;10020414;2019;7;17;4;3;6;7;0;0;1;1;0;0;0;0
11;1;1044102;2019;7;12;4;3;2;2;0;0;1;0;0;0;1;0
11;9;9020502;2019;7;12;4;3;0;6;0;0;1;0;1;0;0;0
11;7;7010104;2019;7;12;4;3;5;2;0;1;1;0;0;0;0;0
11;9;9010202;2019;7;11;4;2;6;7;0;0;1;1;0;0;0;0
11;3;3071639;2019;7;10;4;2;6;4;0;0;1;1;0;0;0;0
11;7;7010101;2019;7;9;4;3;5;2;0;0;1;0;0;0;0;0
11;7;7010102;2019;7;8;4;3;5;3;0;1;1;0;0;0;0;0
11;1;1011204;2019;7;8;4;3;1;5;0;1;1;0;0;0;0;0
11;11;11030619;2019;7;8;4;3;5;2;0;1;1;0;0;0;0;0
11;11;11030721;2019;7;7;4;3;5;3;0;0;1;0;1;0;0;0
11;5;5010339;2019;7;7;4;3;6;4;0;0;1;1;0;0;0;0
11;3;3010102;2019;7;16;4;3;2;6;0;0;1;0;0;0;0;0
11;11;11051331;2019;7;16;4;3;0;7;0;1;1;0;0;0;0;0
11;4;4030726;2019;7;15;4;2;5;2;0;0;1;0;1;0;0;0
11;12;12214125;2019;7;15;4;3;3;5;0;1;1;0;0;0;0;0
11;4;4051653;2019;7;14;4;2;6;4;0;1;0;1;0;0;0;0
11;3;1033102;2019;7;14;4;3;2;6;0;0;1;0;0;0;0;0
11;3;3050924;2019;7;13;4;3;6;2;0;0;1;1;0;0;0;0
11;1;1022207;2019;7;13;4;3;0;3;0;0;1;0;0;0;0;0
11;1;1022202;2019;7;13;4;3;5;2;0;1;1;0;0;0;0;0
11;11;11020412;2019;7;12;4;3;3;6;0;0;1;0;0;1;0;0
11;2;2050601;2019;7;13;4;2;3;6;0;0;1;0;1;0;0;0
11;10;10010310;2019;7;5;4;3;6;4;0;0;0;1;0;0;1;0
11;2;2040701;2019;7;20;4;3;5;2;0;0;1;0;1;0;0;0
11;9;9031101;2019;7;19;3;3;6;4;0;1;0;1;0;0;0;0
11;1;1033202;2019;7;21;3;3;5;3;2;0;1;0;1;0;0;0
11;1;1033203;2019;7;20;3;3;0;7;0;0;1;0;0;0;0;0
11;7;7020203;2019;7;19;3;3;2;7;0;1;0;0;0;0;1;0
11;9;9020502;2019;7;19;3;3;5;2;0;1;1;0;0;0;0;0
11;2;2020206;2019;7;19;3;2;5;7;1;0;1;0;1;0;0;0
11;1;1011302;2019;7;19;3;2;1;5;0;1;1;0;0;0;0;0
11;1;1011302;2019;7;18;3;3;2;6;0;0;1;0;1;0;0;0
11;5;5020523;2019;7;18;3;3;5;3;0;0;1;0;0;0;0;0
11;8;8041037;2019;7;18;3;3;0;3;0;0;1;0;1;0;0;0
11;2;2040703;2019;7;17;3;3;6;4;0;0;1;1;0;0;0;0
11;2;2030302;2019;7;17;3;3;2;6;0;1;0;0;0;0;0;0
11;2;2050803;2019;7;16;3;3;5;3;0;1;1;0;0;0;0;0
11;9;9020501;2019;7;16;3;3;5;7;0;0;1;0;0;0;1;0
11;3;3010102;2019;7;11;3;3;0;1;0;1;0;0;0;0;0;0
11;1;1011402;2019;7;16;3;2;0;1;0;1;0;0;0;0;0;0
11;1;1011401;2019;7;16;3;3;0;1;0;1;0;0;0;0;0;0
11;1;1011203;2019;7;15;3;3;5;2;0;0;1;0;1;0;0;0
11;8;8010303;2019;7;15;3;2;0;1;0;1;0;0;0;0;0;0
11;2;2040701;2019;7;14;3;3;0;7;0;1;1;0;0;0;0;0
11;1;1044103;2019;7;13;3;3;2;6;0;0;0;0;1;0;1;0
11;6;6020302;2019;7;13;3;3;5;7;0;0;1;0;1;0;0;0
11;9;9041301;2019;7;13;3;2;5;3;0;1;1;0;0;0;0;0
11;8;8010117;2019;7;12;3;3;5;7;0;0;1;0;1;0;0;0
11;4;4030929;2019;7;12;3;3;3;2;0;0;1;0;0;0;0;0
11;1;1011301;2019;7;12;3;3;1;5;0;1;1;0;0;0;0;0
11;4;4051445;2019;7;11;3;3;2;2;0;0;1;0;1;0;0;0
11;2;2030301;2019;7;11;3;3;6;4;0;0;1;1;0;0;0;0
11;4;4030929;2019;7;11;3;3;2;6;0;0;1;0;1;0;0;0
11;3;3040614;2019;7;11;3;3;5;3;0;0;1;0;1;0;0;0
11;5;5010314;2019;7;17;3;3;2;6;0;0;1;0;0;0;0;0
11;5;5020521;2019;7;10;3;3;2;6;0;0;1;0;0;0;0;0
11;7;7040401;2019;7;10;3;3;2;2;0;0;1;0;1;0;0;0
11;2;2030402;2019;7;10;3;3;0;1;0;1;0;0;0;0;0;0
11;1;1044203;2019;7;9;3;3;2;6;0;0;1;0;0;0;0;0
11;11;11051229;2019;7;9;3;3;5;2;0;1;1;0;0;0;0;0
11;4;4030518;2019;7;9;3;3;2;2;0;0;1;0;1;0;0;0
11;3;3061429;2019;7;9;3;3;1;5;0;1;1;0;0;0;0;0
11;9;9051702;2019;7;7;3;3;5;7;0;1;0;0;0;0;1;0
11;3;3040512;2019;7;6;3;3;5;3;0;0;1;0;0;0;1;0
11;11;11010205;2019;7;6;3;3;5;3;0;0;1;0;1;0;0;0
11;1;1011301;2019;7;6;3;3;5;2;0;0;1;0;1;0;0;0
11;4;4051446;2019;7;3;3;3;5;3;2;1;1;0;0;0;0;0
11;1;1011303;2019;7;18;3;3;0;1;0;0;0;0;0;0;1;0
11;5;5020417;2019;7;13;3;3;1;5;0;1;1;0;0;0;0;0
11;1;1011301;2019;7;19;3;3;1;5;0;1;1;0;0;0;0;0
11;3;3061227;2019;7;7;2;3;5;3;0;0;1;0;0;0;0;0
11;4;4010102;2019;7;6;2;3;2;2;0;0;1;0;0;1;0;0
11;7;7070701;2019;7;1;2;3;0;1;2;0;1;0;0;0;0;0
11;1;1011303;2019;7;15;2;3;5;3;0;1;1;0;0;0;0;0
11;3;3040614;2019;7;15;2;3;2;7;0;0;0;0;1;1;0;0
11;4;4051448;2019;7;17;2;3;5;2;0;1;1;0;0;0;0;1
11;4;4031032;2019;7;17;2;3;0;7;0;1;1;0;0;0;0;1
11;1;1033202;2019;7;13;2;3;5;2;0;1;1;0;0;0;0;0
11;1;1033202;2019;7;13;2;3;3;6;0;1;0;0;0;0;1;0
11;1;1044201;2019;7;16;2;3;2;7;0;0;1;0;0;0;0;0
11;1;1011201;2019;7;15;2;2;5;2;0;1;1;0;0;0;0;0
11;1;1033201;2019;7;15;2;3;1;1;0;0;1;0;0;0;0;0
11;5;5020626;2019;7;16;2;3;2;6;0;0;1;0;0;0;1;0
11;4;4020313;2019;7;14;2;2;3;6;0;0;1;0;0;0;0;0
11;4;4030415;2019;7;17;2;2;0;1;0;0;0;0;1;0;0;1
11;5;5010103;2019;7;21;2;3;9;1;1;0;1;0;0;0;0;1
11;8;8010211;2019;7;20;2;3;2;7;1;0;1;0;1;0;0;0
11;12;12214424;2019;7;19;2;3;2;6;0;0;1;0;0;0;0;0
11;1;1044203;2019;7;19;2;3;1;5;0;1;1;0;0;0;1;0
11;2;2010103;2019;7;13;2;3;5;3;0;0;1;0;0;0;0;0
11;4;4030726;2019;7;13;2;3;5;2;0;0;1;0;1;0;0;0
11;1;1022106;2019;7;12;2;3;5;3;0;1;0;0;0;0;0;0
11;9;9051901;2019;7;12;2;3;5;3;0;0;1;0;0;0;0;0
11;11;11041022;2019;7;11;2;3;0;7;0;0;0;0;0;1;0;0
11;6;6020306;2019;7;11;2;3;5;3;0;0;1;0;0;0;1;0
11;9;9020501;2019;7;11;2;3;5;3;0;1;1;0;0;0;0;0
11;2;2010102;2019;7;9;2;3;2;6;0;1;0;0;0;0;0;0
11;11;11051332;2019;7;9;2;3;2;6;0;0;1;0;0;0;0;0
11;3;3040614;2019;7;8;2;3;5;3;0;1;1;0;0;0;0;0
11;1;1011301;2019;7;6;2;3;6;4;0;1;0;1;0;0;0;0
11;5;5010101;2019;7;10;2;3;5;2;0;1;1;0;0;0;0;0
11;4;4020311;2019;7;10;2;2;6;4;0;0;1;1;0;0;0;0
11;3;3020210;2019;7;20;2;3;1;5;1;1;1;0;0;0;0;0
11;5;5010103;2019;7;11;2;3;6;2;0;0;1;1;0;0;0;0
11;9;9030901;2019;7;14;1;3;6;4;0;0;1;1;0;0;0;0
11;1;1044103;2019;7;19;1;3;2;6;0;0;1;0;0;0;0;0
11;3;3040818;2019;7;22;1;3;1;7;2;0;0;0;1;0;1;0
11;4;4051445;2019;7;19;1;3;1;5;0;0;1;0;1;0;0;0
11;3;3061131;2019;7;19;1;3;5;3;0;1;1;0;0;0;0;0
11;6;6030503;2019;7;19;1;3;1;5;0;0;1;0;0;0;0;0
11;8;8010301;2019;7;18;1;3;0;2;0;0;1;0;0;0;1;0
11;9;9010202;2019;7;18;1;3;5;2;0;0;1;0;0;0;1;0
11;9;9031202;2019;7;17;1;2;5;3;0;0;1;0;1;0;0;0
11;11;11030720;2019;7;16;1;3;3;6;0;0;1;0;1;0;0;0
11;11;11010309;2019;7;16;1;2;6;4;0;0;1;1;0;0;0;0
11;11;11010102;2019;7;16;1;3;4;6;0;0;1;0;1;0;0;0
11;2;2040701;2019;7;15;1;3;5;3;0;0;1;0;1;0;0;0
11;5;5010207;2019;7;15;1;3;5;2;0;0;1;0;0;0;0;1
11;4;4061757;2019;7;14;1;3;2;6;0;1;1;0;0;0;0;0
11;9;9020801;2019;7;14;1;3;1;5;0;1;1;0;0;0;0;0
11;4;4030930;2019;7;14;1;3;1;5;0;1;1;0;0;0;0;0
11;1;1022104;2019;7;15;1;3;8;1;0;0;1;0;0;0;1;0
11;12;12301206;2019;7;10;1;3;5;3;0;0;1;0;0;0;0;1
11;8;8010301;2019;7;2;1;2;1;5;2;1;1;0;0;0;0;1
11;1;1033102;2019;7;22;1;2;0;7;2;0;0;0;0;0;1;0
11;3;3061228;2019;7;20;7;3;5;2;1;1;1;0;0;0;0;0
11;1;1033203;2019;7;18;7;3;6;4;0;0;1;1;0;0;0;0
11;12;12224230;2019;7;22;7;3;6;7;2;1;0;1;0;0;0;1
11;7;7010104;2019;7;20;7;3;5;2;0;0;1;0;0;0;1;0
11;12;12214424;2019;7;20;7;3;2;2;0;0;1;0;0;0;0;0
11;8;8010301;2019;7;18;7;2;5;2;0;0;1;0;1;0;0;0
11;11;11010102;2019;7;17;7;3;9;1;0;0;1;0;0;0;0;0
11;1;1022201;2019;7;17;7;3;5;7;0;0;1;0;1;0;0;0
11;7;7010102;2019;7;16;7;2;1;5;0;1;1;0;0;0;0;0
11;4;4010101;2019;7;16;7;3;5;3;0;1;1;0;0;0;0;0
11;3;3050923;2019;7;16;7;3;8;1;0;0;0;0;0;0;1;0
11;4;4051445;2019;7;15;7;3;5;2;0;1;1;0;0;0;0;0
11;4;4020314;2019;7;14;7;3;2;6;0;0;1;0;1;0;0;0
11;4;4051654;2019;7;13;7;2;5;2;0;0;1;0;0;0;0;0
11;11;11030720;2019;7;12;7;2;2;6;0;0;1;0;0;0;0;0
11;6;6020409;2019;7;12;7;3;3;6;0;0;1;0;1;0;0;0
11;7;7050502;2019;7;11;7;3;5;2;0;0;1;0;0;0;0;0
11;7;7060604;2019;7;11;7;3;5;3;0;1;1;0;0;0;0;0
11;10;10020412;2019;7;10;7;3;5;3;0;1;1;0;0;0;0;0
11;3;3020307;2019;7;10;7;2;6;3;0;0;1;1;0;0;0;0
11;5;5030730;2019;7;9;7;3;0;6;0;0;0;0;0;0;1;0
11;9;9010201;2019;7;9;7;2;6;2;0;0;1;1;0;0;0;0
11;12;12214421;2019;7;8;7;3;5;3;0;0;1;0;1;0;0;0
11;8;8020619;2019;7;18;7;3;5;3;0;0;1;0;0;0;0;0
11;3;3050923;2019;7;22;7;3;5;2;2;1;0;0;0;0;1;1
11;5;5010310;2019;7;14;6;3;2;6;0;0;1;0;0;0;0;0
11;6;6010209;2019;7;16;6;3;5;3;0;0;1;0;0;0;0;0
11;5;5020521;2019;7;19;6;2;5;3;0;0;1;0;0;0;0;0
11;1;1011201;2019;7;18;6;3;5;3;0;0;1;0;1;0;0;0
11;3;3061227;2019;7;16;6;2;5;3;0;0;1;0;1;0;0;1
11;12;12304314;2019;7;15;6;3;2;6;0;0;1;0;0;0;0;0
11;11;11020516;2019;7;14;6;3;4;6;0;0;1;0;0;1;0;0
11;2;2040702;2019;7;13;6;3;2;7;0;0;0;0;1;1;0;0
11;5;5020419;2019;7;12;6;3;5;2;0;0;1;0;0;0;0;0
11;12;12301203;2019;7;11;6;3;0;5;0;1;1;0;0;0;1;0
11;1;1011303;2019;7;10;6;3;2;6;0;0;0;0;1;0;1;0
11;6;6020303;2019;7;10;6;3;5;2;0;1;1;0;0;0;0;0
11;1;1011203;2019;7;8;6;3;5;3;0;1;1;0;0;0;0;0
11;5;5010206;2019;7;22;6;3;2;2;2;0;1;0;1;0;0;0
11;8;8020620;2019;7;20;6;3;5;3;2;0;1;0;0;0;0;0
11;2;2050804;2019;7;16;6;3;0;1;0;0;0;0;1;0;0;1
11;1;1011104;2019;7;12;6;2;6;2;0;0;0;1;0;0;1;0
11;4;4020313;2019;7;10;6;2;5;3;0;0;1;0;0;0;0;0
11;11;11030619;2019;7;16;6;3;0;1;0;0;0;0;1;0;0;1
11;1;1011302;2019;7;17;6;3;0;1;0;1;0;0;0;0;0;1
11;10;10030724;2019;8;15;3;3;0;2;0;1;1;0;0;0;0;1
11;3;3040818;2019;8;17;3;1;5;5;0;0;0;0;0;0;1;0
11;8;8020621;2019;8;13;2;3;3;6;0;1;1;0;0;0;0;0
11;1;1011105;2019;8;22;2;3;1;5;2;1;1;0;0;0;0;0
11;4;4020311;2019;8;17;2;3;0;1;0;0;0;0;1;0;0;0
11;4;4030621;2019;8;16;2;3;2;2;0;0;1;0;0;0;1;0
11;1;1011302;2019;8;16;2;3;3;6;0;1;1;0;0;0;0;0
11;4;4030417;2019;8;16;2;3;5;3;0;1;1;0;0;0;0;0
11;9;9020601;2019;8;9;2;3;5;2;0;1;0;0;0;0;1;0
11;4;4051655;2019;8;17;2;3;3;6;0;1;1;0;0;0;0;0
11;9;9052001;2019;8;16;2;3;0;2;0;1;0;0;0;0;1;0
11;3;3061430;2019;8;16;2;3;6;2;0;0;0;1;0;1;0;0
11;9;9020702;2019;8;16;2;3;0;3;0;1;1;0;0;0;0;0
11;8;8010301;2019;8;15;2;3;2;6;0;0;1;0;0;0;0;0
11;7;7020204;2019;8;15;2;2;1;5;0;1;1;0;0;0;0;0
11;1;1022101;2019;8;15;2;3;0;2;0;1;1;0;0;0;0;0
11;7;7030303;2019;8;13;2;3;0;1;0;0;0;0;1;0;0;1
11;1;1011204;2019;8;11;2;3;5;3;0;1;0;0;0;0;1;0
11;2;2020203;2019;8;11;2;3;1;5;0;1;1;0;0;0;0;0
11;4;4030621;2019;8;11;2;3;6;7;0;1;0;1;0;0;0;0
11;8;8041035;2019;8;11;2;3;5;7;0;0;1;0;1;0;0;0
11;6;6010206;2019;8;11;2;3;5;3;0;0;1;0;0;0;0;0
11;1;1011202;2019;8;8;2;2;5;3;0;1;1;0;0;0;0;0
11;7;7070703;2019;8;8;2;3;5;2;0;1;1;0;0;0;0;0
11;1;2040701;2019;8;8;2;3;2;6;0;0;1;0;0;0;1;0