LAND;BEZ;LOR_ab_2021;UJAHR;UMONAT;USTUNDE;UWOCHENTAG;UKATEGORIE;UART;UTYP1;ULICHTVERH;IstRad;IstPKW;IstFuss;IstKrad;IstGkfz;IstSonstige;USTRZUSTAND
11;4;4020311;2019;8;13;1;3;5;3;0;0;1;0;1;0;0;0
11;6;6020410;2019;8;13;1;3;2;6;0;0;1;0;1;0;0;0
11;8;8010117;2019;8;13;1;3;5;2;0;0;1;0;0;0;0;0
11;3;3061228;2019;8;12;1;3;0;1;0;1;0;0;0;0;0;0
11;2;2030302;2019;8;12;1;3;5;3;0;0;1;0;0;0;0;0
11;4;4041134;2019;8;12;1;3;2;6;0;0;1;0;1;0;0;0
11;1;1044201;2019;8;12;1;3;2;6;0;0;1;0;0;0;0;0
11;9;9051702;2019;8;20;1;3;2;5;0;0;1;0;0;0;0;0
11;11;11040926;2019;8;20;1;2;5;2;1;1;1;0;0;0;0;0
11;1;1022106;2019;8;19;1;3;5;2;0;1;1;0;0;0;0;0
11;9;9020802;2019;8;18;1;3;5;2;0;1;1;0;0;0;0;0
11;8;8010303;2019;8;18;1;3;5;3;0;0;1;0;1;0;0;0
11;10;10040932;2019;8;17;1;3;5;3;0;0;1;0;0;0;0;0
11;12;12231102;2019;8;17;1;3;5;3;0;0;1;0;1;0;0;0
11;5;5010207;2019;8;15;1;2;5;2;0;0;1;0;0;0;0;0
11;12;12302110;2019;8;15;1;3;2;6;0;0;1;0;0;0;1;0
11;6;6030503;2019;8;15;1;3;0;7;0;1;0;0;0;0;0;0
11;8;8020727;2019;8;14;1;3;0;7;0;0;1;0;1;0;0;0
11;1;1044202;2019;8;10;1;3;1;5;0;1;1;0;0;0;0;0
11;9;9020702;2019;8;8;1;3;5;3;0;0;1;0;0;0;1;0
11;5;5010206;2019;8;7;4;3;5;2;0;0;1;0;1;0;0;0
11;5;5010314;2019;8;8;1;3;6;2;0;0;1;1;0;0;0;0
11;3;3020209;2019;8;1;1;3;1;5;2;1;1;0;0;0;0;0
11;3;3030716;2019;8;17;7;1;0;7;0;0;0;0;0;0;1;0
11;3;3061131;2019;8;12;7;3;0;4;0;1;0;1;0;0;0;0
11;3;3040614;2019;8;13;7;3;5;2;0;1;1;0;0;0;0;0
11;4;4030623;2019;8;13;7;3;5;3;0;0;1;0;1;0;0;0
11;11;11020412;2019;8;12;7;3;2;6;0;0;1;0;0;0;0;0
11;3;3030406;2019;8;12;7;3;5;3;0;0;1;0;0;0;0;0
11;9;9020501;2019;8;12;7;3;5;3;0;0;1;0;0;0;0;0
11;4;4041241;2019;8;11;7;3;5;3;0;1;1;0;0;0;0;0
11;5;5010101;2019;8;11;7;2;5;2;0;1;1;0;0;0;0;0
11;6;6020410;2019;8;11;7;3;2;2;0;0;1;0;0;0;0;0
11;9;9031001;2019;8;11;7;2;5;3;0;0;1;0;0;0;0;0
11;5;5020419;2019;8;11;7;3;5;3;0;1;1;0;0;0;0;0
11;9;9010302;2019;8;9;7;3;2;2;0;0;1;0;0;0;0;0
11;1;1011203;2019;8;9;7;3;5;3;0;0;1;0;0;0;0;0
11;12;12302212;2019;8;0;7;3;4;6;2;0;1;0;0;0;0;1
11;5;5030832;2019;8;19;7;3;2;6;0;0;1;0;0;0;0;0
11;4;4051655;2019;8;18;7;3;2;6;0;0;1;0;0;0;0;0
11;3;3071633;2019;8;17;7;3;2;2;0;0;1;0;0;0;0;0
11;4;4051445;2019;8;17;7;3;0;1;0;0;0;0;1;0;0;0
11;1;1044102;2019;8;16;7;3;4;6;0;0;1;0;0;0;0;0
11;9;9020502;2019;8;16;7;3;5;3;0;1;1;0;0;0;0;0
11;4;4010102;2019;8;15;7;3;5;2;0;0;1;0;0;0;0;0
11;2;2010103;2019;8;23;7;3;5;3;2;0;1;0;0;0;0;0
11;7;7070706;2019;8;20;7;3;5;3;0;0;1;0;0;0;0;0
11;3;3061131;2019;8;3;7;3;0;1;2;0;0;0;1;0;0;0
11;1;1011301;2019;8;17;6;3;5;2;0;1;1;0;0;0;0;0
11;2;2010101;2019;8;16;6;3;0;4;0;1;0;1;0;0;0;0
11;2;2020205;2019;8;19;6;3;1;7;0;0;1;0;0;0;0;0
11;4;4030931;2019;8;21;6;3;3;6;2;1;1;0;0;0;0;0
11;12;12214424;2019;8;17;6;3;2;6;0;1;1;0;0;0;0;0
11;8;8010211;2019;8;22;6;3;1;5;2;1;1;0;0;0;0;0
11;2;2010102;2019;8;17;6;3;1;5;0;1;1;0;0;0;0;0
11;2;2010103;2019;8;20;6;3;5;3;0;0;1;0;1;0;0;0
11;8;8010211;2019;8;17;6;3;3;6;0;1;1;0;0;0;0;0
11;9;9031001;2019;8;19;6;3;5;3;0;1;0;0;0;0;1;0
11;3;3061227;2019;8;18;6;3;5;7;0;0;1;0;0;0;0;0
11;6;6020409;2019;8;21;6;3;1;7;2;0;1;0;0;0;0;0
11;4;4041238;2019;8;17;6;2;1;5;0;1;1;0;0;0;0;0
11;4;4030726;2019;8;19;6;2;0;1;0;0;0;0;1;0;0;0
11;8;8010211;2019;8;18;6;3;0;7;0;0;1;0;1;0;0;0
11;7;7050503;2019;8;8;6;3;0;7;0;0;0;1;0;0;1;0
11;9;9020502;2019;8;8;6;3;0;2;0;1;1;0;0;0;0;0
11;12;12214125;2019;8;8;6;3;5;2;0;1;1;0;0;0;0;0
11;7;7010102;2019;8;8;6;3;2;2;0;1;1;0;0;0;0;0
11;12;12214527;2019;8;8;6;3;3;6;0;0;1;0;0;1;0;0
11;4;4010102;2019;8;7;6;3;0;7;0;0;1;0;1;0;0;0
11;12;12231102;2019;8;7;6;3;4;6;0;1;0;0;0;0;0;0
11;4;4061757;2019;8;13;6;3;5;2;0;0;1;0;1;0;0;0
11;1;1011401;2019;8;16;6;3;1;1;0;1;1;0;0;0;0;0
11;9;9010202;2019;8;13;6;3;6;4;0;1;0;1;0;0;0;0
11;11;11020412;2019;8;16;6;2;5;3;0;1;1;0;0;0;0;0
11;1;1011301;2019;8;13;6;3;1;5;0;1;1;0;0;0;0;0
11;7;7020204;2019;8;13;6;3;2;6;0;0;1;0;0;0;0;0
11;3;3040513;2019;8;13;6;3;5;3;0;0;1;0;1;0;0;0
11;9;9051901;2019;8;11;6;3;0;1;0;1;0;0;0;0;0;0
11;1;1011203;2019;8;11;6;3;2;7;0;0;1;0;1;0;0;0
11;12;12224230;2019;8;10;6;2;6;4;0;0;1;1;0;0;0;0
11;5;5010314;2019;8;10;6;3;0;2;0;0;1;0;1;0;0;0
11;3;3050920;2019;8;9;6;3;5;2;0;1;0;0;0;0;0;0
11;1;1044202;2019;8;9;6;3;5;2;0;1;1;0;0;0;0;0
11;9;9010101;2019;8;9;6;3;5;2;0;1;1;0;0;0;0;0
11;5;5020625;2019;8;15;6;2;6;4;0;0;1;1;0;0;0;0
11;1;1044103;2019;8;15;6;3;5;2;0;1;1;0;1;0;0;0
11;2;2010101;2019;8;14;6;3;3;6;0;1;0;0;0;0;1;0
11;5;5010209;2019;8;14;6;3;5;2;0;0;1;0;0;0;0;0
11;11;11030619;2019;8;13;6;3;2;6;0;0;1;0;0;0;1;0
11;4;4051549;2019;8;2;6;3;0;1;2;1;0;0;0;0;0;0
11;3;3071536;2019;8;23;6;3;9;1;2;0;0;0;0;0;1;0
11;4;4030931;2019;8;14;5;2;5;2;0;0;1;0;1;0;0;0
11;5;5020625;2019;8;16;5;2;5;2;0;0;1;0;0;0;0;0
11;11;11030618;2019;8;19;5;3;4;6;0;1;0;0;0;0;0;0
11;4;4030931;2019;8;17;5;3;6;4;0;1;0;1;0;0;0;0
11;9;9020501;2019;8;18;5;3;5;2;0;1;1;0;0;0;0;0
11;6;6020301;2019;8;17;5;3;2;6;0;0;1;0;1;0;0;0
11;6;6030504;2019;8;16;5;3;5;3;0;1;1;0;0;0;0;0
11;1;1011101;2019;8;16;5;3;2;2;0;0;1;0;1;0;0;0
11;1;1011305;2019;8;18;5;3;3;2;0;1;1;0;0;0;0;0
11;9;9020502;2019;8;16;5;2;5;2;0;1;1;0;0;0;0;0
11;8;8010405;2019;8;15;5;3;5;3;0;1;0;0;0;0;0;0
11;2;2010102;2019;8;15;5;3;1;5;0;1;1;0;0;0;0;0
11;1;1011204;2019;8;15;5;3;2;6;0;1;1;0;0;0;0;0
11;8;8010301;2019;8;14;5;3;0;3;0;0;1;0;0;0;1;0
11;1;1033202;2019;8;14;5;3;5;2;0;1;0;0;0;0;1;0
11;5;5010314;2019;8;14;5;3;3;6;0;0;1;0;1;0;0;0
11;2;2040701;2019;8;14;5;3;2;6;0;0;1;0;0;0;1;0
11;8;8020619;2019;8;14;5;3;5;2;0;1;1;0;0;0;0;0
11;11;11010204;2019;8;13;5;3;5;3;0;1;1;0;0;0;0;0
11;1;1022106;2019;8;10;5;3;5;2;0;1;1;0;0;0;0;0
11;7;7020203;2019;8;21;5;3;6;7;2;1;0;1;0;0;0;0
11;4;4031032;2019;8;19;5;2;5;2;0;0;1;0;1;0;0;0
11;6;6040810;2019;8;8;5;3;5;5;0;1;1;0;0;0;0;0
11;12;12304313;2019;8;10;5;2;5;3;0;0;1;0;0;0;0;0
11;3;3051017;2019;8;8;5;3;5;3;0;1;0;0;0;0;0;0
11;3;3061430;2019;8;8;5;3;5;7;0;0;1;0;1;0;0;0
11;1;1011201;2019;8;9;5;3;0;1;0;1;0;0;0;0;0;1
11;8;8020622;2019;8;8;5;3;2;6;0;0;1;0;0;0;0;0
11;5;5010205;2019;8;8;5;3;5;3;0;1;1;0;0;0;0;0
11;10;10010204;2019;8;6;5;2;6;4;0;0;1;1;0;0;0;0
11;5;5030731;2019;8;8;4;3;6;7;0;1;0;1;0;0;0;0
11;1;1011203;2019;8;14;4;3;5;2;0;1;0;0;0;0;0;1
11;9;9020601;2019;8;12;4;2;6;7;0;1;0;1;0;0;0;0
11;7;7040405;2019;8;11;4;3;3;6;0;0;1;0;0;0;0;0
11;4;4051446;2019;8;11;4;2;6;4;0;0;1;1;0;0;0;0
11;2;2020203;2019;8;11;4;3;2;6;0;0;1;0;0;0;0;0
11;2;2020204;2019;8;9;4;3;6;4;0;1;0;1;0;0;0;0
11;8;8020728;2019;8;9;4;3;6;4;0;0;1;1;0;0;0;0
11;4;4030724;2019;8;9;4;3;5;7;0;0;1;0;0;0;0;0
11;4;4051446;2019;8;9;4;3;5;3;0;1;1;0;0;0;0;0
11;6;6030608;2019;8;9;4;2;5;3;0;1;1;0;0;0;0;0
11;1;1011402;2019;8;8;4;3;0;6;0;0;1;0;1;0;0;0
11;1;1011201;2019;8;7;4;3;2;2;0;0;1;0;1;0;0;0
11;8;8010510;2019;8;3;4;3;5;3;2;1;1;0;0;0;0;0
11;1;1011103;2019;8;20;4;3;5;3;0;0;1;0;1;0;0;0
11;4;4051653;2019;8;7;4;3;5;2;0;0;1;0;0;0;0;0
11;12;12231101;2019;8;12;4;3;5;3;0;0;1;0;0;0;0;0
11;12;12214424;2019;8;12;4;3;0;1;0;1;0;0;0;0;0;0
11;3;3040512;2019;8;7;4;3;2;6;0;0;1;0;0;0;0;0
11;6;6020301;2019;8;2;4;3;9;1;2;0;1;0;0;0;0;0
11;2;2020204;2019;8;16;4;3;5;3;0;0;1;0;0;0;0;0
11;3;3040818;2019;8;8;4;3;3;6;0;1;1;0;0;0;0;0
11;1;1011402;2019;8;15;4;3;6;7;0;0;0;1;0;0;1;0
11;7;7020204;2019;8;15;4;3;3;7;0;1;0;0;0;0;0;0
11;1;1011204;2019;8;15;4;3;5;2;0;1;0;0;0;0;1;1
11;2;2030402;2019;8;14;4;3;0;6;0;1;1;0;0;0;0;0
11;1;1011303;2019;8;14;4;3;0;1;0;0;0;0;1;0;0;1
11;7;7050501;2019;8;14;4;3;0;3;0;1;1;0;0;0;0;1
11;2;2020204;2019;8;14;4;3;0;2;0;0;0;0;1;0;1;1
11;3;3061430;2019;8;14;4;3;5;2;0;1;1;0;0;0;0;1
11;4;4030623;2019;8;19;4;3;5;2;0;1;1;0;0;0;0;0
11;5;5020419;2019;8;18;4;3;5;3;0;0;1;0;0;0;0;0
11;11;11041128;2019;8;17;4;3;5;3;0;0;1;0;1;0;0;0
11;11;11030720;2019;8;13;4;3;5;7;0;0;1;0;0;1;0;1
11;10;10040828;2019;8;13;4;3;5;7;0;0;1;0;0;0;0;0
11;1;1022106;2019;8;13;4;3;5;2;0;1;1;0;0;0;0;0
11;1;1022104;2019;8;5;3;3;5;3;1;0;1;0;1;0;0;0
11;6;6010209;2019;8;12;3;2;1;5;0;1;1;0;0;0;0;0
11;4;4051653;2019;8;15;3;3;0;6;0;0;1;0;1;0;0;1
11;7;7020202;2019;8;16;3;3;1;7;0;0;1;0;0;0;0;0
11;4;4020310;2019;8;10;3;3;2;2;0;0;1;0;1;0;0;0
11;1;1011203;2019;8;20;3;3;5;3;2;1;1;0;0;0;0;0
11;7;7010104;2019;8;20;3;3;3;6;0;1;0;0;0;0;1;0
11;6;6030501;2019;8;19;3;3;1;1;0;0;1;0;0;0;0;0
11;7;7030301;2019;8;19;3;3;2;6;0;0;1;0;0;0;0;0
11;5;5010314;2019;8;18;3;3;0;2;0;0;1;0;0;0;1;0
11;5;5020625;2019;8;18;3;3;0;4;0;1;0;1;0;0;0;0
11;1;1011301;2019;8;18;3;3;2;2;0;1;1;0;0;0;0;0
11;1;1033203;2019;8;18;3;3;5;3;0;1;1;0;0;0;0;0
11;2;2020206;2019;8;16;3;3;0;7;0;1;1;0;0;0;0;1
11;2;2020206;2019;8;17;3;2;2;6;0;0;0;0;1;0;1;0
11;9;9031101;2019;8;17;3;3;3;6;0;1;1;0;0;0;0;0
11;1;1011105;2019;8;17;4;3;5;2;0;1;1;0;0;0;0;0
11;1;1011204;2019;8;17;3;3;0;3;0;0;1;0;1;0;0;1
11;4;4030620;2019;8;17;3;3;5;7;0;1;1;0;0;0;0;0
11;1;1022202;2019;8;17;4;3;0;2;0;1;1;0;0;0;0;0
11;3;3061126;2019;8;17;3;3;5;2;0;1;1;0;0;0;0;0
11;7;7070702;2019;8;17;4;3;5;3;0;1;1;0;0;0;0;0
11;1;1011203;2019;8;17;3;3;5;3;0;0;1;0;0;0;1;0
11;10;10010203;2019;8;17;4;3;5;3;0;1;0;0;0;0;1;0
11;6;6020303;2019;8;17;3;3;5;2;0;0;1;0;1;0;0;0
11;1;1011202;2019;8;8;4;3;5;2;0;1;0;0;1;0;0;0
11;3;3051021;2019;8;11;3;3;2;5;0;0;1;0;1;0;0;0
11;2;2010104;2019;8;16;4;3;6;7;0;1;0;1;0;0;0;0
11;8;8010117;2019;8;12;3;3;2;6;0;1;1;0;0;0;0;0
11;1;1044201;2019;8;16;4;2;1;5;0;0;1;0;1;0;0;0
11;1;1033101;2019;8;11;3;3;5;3;0;0;1;0;1;0;0;0
11;5;5030832;2019;8;11;3;3;6;7;0;0;1;1;0;0;0;0
11;1;1044201;2019;8;15;4;3;5;2;0;0;1;0;1;0;0;0
11;6;6040806;2019;8;10;3;3;1;5;0;1;1;0;0;0;0;0
11;4;4030623;2019;8;15;4;2;5;2;0;1;0;0;0;0;1;0
11;8;8010117;2019;8;9;3;3;5;3;0;0;1;0;1;0;1;0
11;12;12214527;2019;8;12;4;3;5;7;0;0;1;0;1;0;0;0
11;3;3030406;2019;8;9;3;3;0;3;0;0;1;0;0;0;1;0
11;6;6040703;2019;8;11;4;3;5;3;0;0;1;0;0;0;0;0
11;8;8010510;2019;8;8;3;3;5;2;0;1;1;0;0;0;0;0
11;4;4030620;2019;8;7;3;3;5;2;0;1;1;0;0;0;0;0
11;11;11030721;2019;8;10;4;3;5;5;0;0;1;0;0;0;1;0
11;1;1022105;2019;8;10;4;3;5;2;0;0;1;0;0;0;0;0
11;3;3040614;2019;8;7;3;3;5;3;0;1;1;0;0;0;0;0
11;11;11010103;2019;8;7;3;2;3;6;0;0;0;0;1;0;1;0
11;1;1022206;2019;8;10;4;2;6;7;0;0;1;1;0;0;0;0
11;9;9020802;2019;8;7;3;3;2;6;0;0;1;0;1;0;0;0
11;9;9010201;2019;8;9;4;3;5;2;0;1;1;0;0;0;0;0
11;4;4041238;2019;8;15;3;3;1;5;0;0;1;0;0;0;0;0
11;11;11030721;2019;8;16;3;3;4;6;0;1;1;0;0;0;0;0
11;7;7060603;2019;8;9;4;3;5;2;0;1;1;0;0;0;0;0
11;12;12231102;2019;8;15;3;3;0;3;0;0;0;0;1;0;1;1
11;5;5010206;2019;8;15;3;3;0;3;0;0;1;0;1;0;0;1
11;3;3071536;2019;8;7;4;3;5;2;0;1;0;0;0;0;1;0
11;4;4020207;2019;8;16;3;2;5;7;0;0;1;0;0;0;0;0
11;5;5020628;2019;8;15;3;3;0;3;0;0;1;0;1;0;0;0
11;1;1044201;2019;8;15;4;3;5;2;0;1;1;0;0;0;0;0
11;1;1044201;2019;8;14;3;3;6;4;0;1;0;1;0;0;0;0
11;3;3071537;2019;8;15;4;3;4;5;0;1;1;0;0;0;0;0
11;11;11030618;2019;8;16;3;3;3;6;0;1;0;0;0;0;0;0
11;7;7010102;2019;8;15;4;3;3;6;0;1;1;0;0;0;0;0
11;8;8010118;2019;8;14;3;3;0;2;0;0;1;0;1;0;0;0
11;3;3040614;2019;8;14;4;3;5;3;0;0;1;0;1;0;0;0
11;9;9020701;2019;8;14;3;2;5;2;0;0;1;0;1;0;0;0
11;9;9051702;2019;8;16;3;3;5;7;0;0;1;0;1;0;0;0
11;4;4020313;2019;8;14;4;3;6;2;0;0;1;1;0;0;0;0
11;12;12304314;2019;8;14;4;3;1;5;0;1;1;0;0;0;0;0
11;5;5030730;2019;8;13;3;3;5;2;0;1;1;0;0;0;0;0
11;1;1011402;2019;8;8;3;3;5;3;0;1;1;0;0;0;0;0
11;8;8010404;2019;8;13;4;2;5;3;0;0;1;0;1;0;0;0
11;4;4051550;2019;8;12;3;3;5;7;0;1;1;0;0;0;0;0
11;2;2040701;2019;8;13;4;3;5;3;0;0;1;0;0;0;0;0
11;12;12301203;2019;8;16;3;3;3;6;0;0;1;0;0;0;0;0
11;3;3050920;2019;8;13;4;3;5;3;0;0;1;0;0;0;0;0
11;2;2050802;2019;8;15;3;3;5;3;0;0;1;0;0;0;0;1
11;4;4030620;2019;8;13;4;2;1;5;0;0;1;0;0;0;1;0
11;3;3061430;2019;8;15;3;3;5;2;0;1;1;0;0;0;0;1
11;6;6040810;2019;8;7;4;3;0;2;0;0;1;0;1;0;0;0
11;12;12301203;2019;8;15;3;3;0;1;0;0;0;0;1;0;0;1
11;7;7010102;2019;8;12;4;3;1;5;0;1;1;0;0;0;1;0
11;9;9051901;2019;8;13;5;3;5;7;0;0;1;0;0;0;1;0
11;10;10040829;2019;8;13;5;3;1;5;0;1;1;0;0;0;0;0
11;1;1044101;2019;8;13;5;3;5;2;0;1;1;0;0;0;0;0
11;1;1011202;2019;8;12;5;3;2;7;0;1;1;0;0;0;0;0
11;1;1022106;2019;8;9;5;2;2;7;0;0;1;0;0;0;0;0
11;4;4020310;2019;8;9;5;2;5;2;0;1;0;0;0;1;0;0
11;1;1011306;2019;8;9;5;3;5;2;0;0;1;0;1;0;0;0
11;1;1044202;2019;8;9;5;3;0;5;0;0;1;0;1;0;0;0
11;11;11020411;2019;8;9;5;3;5;3;0;1;1;0;0;0;0;0
11;1;1044201;2019;8;8;5;3;5;3;0;0;1;0;0;0;0;0
11;7;7030303;2019;8;8;5;3;5;2;0;0;1;0;1;0;0;0
11;12;12214424;2019;8;8;5;3;3;6;0;0;1;0;0;1;0;0
11;1;1022206;2019;8;8;5;3;5;2;0;1;1;0;0;0;0;0
11;2;2040502;2019;8;8;5;3;5;2;0;1;1;0;0;0;0;0
11;9;9020601;2019;8;7;5;3;5;2;0;1;1;0;0;0;0;0
11;7;7010101;2019;8;3;5;3;6;6;2;0;0;1;0;0;1;0
11;12;12231101;2019;8;10;5;3;0;1;0;0;0;0;1;0;0;0
11;12;12214424;2019;8;16;4;3;5;2;0;1;1;0;0;0;0;0
11;12;12304314;2019;8;16;4;3;0;1;0;0;1;0;1;0;0;0
11;2;2020202;2019;8;4;4;3;5;3;2;0;1;0;0;0;0;1
11;3;3061126;2019;8;19;4;3;2;2;2;0;1;0;1;0;0;0
11;4;4030620;2019;8;19;4;3;5;3;1;0;1;0;1;0;0;0
11;6;6010205;2019;8;18;4;3;5;2;0;0;1;0;1;0;0;0
11;7;7030301;2019;8;18;4;3;5;7;0;1;0;0;0;0;1;0
11;2;2010101;2019;8;17;4;3;1;5;0;0;1;0;1;0;0;0
11;2;2050602;2019;8;16;4;3;1;5;0;1;1;0;0;0;0;0
11;2;2020206;2019;8;18;4;3;3;6;0;1;1;0;0;0;0;0
11;5;5020521;2019;8;17;4;3;0;3;0;1;1;0;0;0;0;0
11;6;6020409;2019;8;14;4;2;2;6;0;0;1;0;0;0;1;0
11;7;7030301;2019;8;17;4;3;3;6;0;1;1;0;0;0;0;0
11;4;4051652;2019;8;17;4;3;0;4;0;1;0;1;0;0;0;0
11;7;7010102;2019;8;15;4;3;3;6;0;1;1;0;0;0;0;0
11;7;7040403;2019;8;22;4;3;5;3;2;0;1;0;0;0;0;0
11;7;7020203;2019;8;19;4;3;5;2;0;1;1;0;0;0;0;0
11;1;1033201;2019;8;8;4;2;6;4;0;1;0;1;0;0;0;0
11;1;1011204;2019;8;8;4;3;5;3;0;1;1;0;0;0;0;0
11;5;5040934;2019;8;8;4;3;5;3;0;0;1;0;1;0;0;0
11;2;2040701;2019;8;7;4;3;5;2;0;0;1;0;0;0;0;0
11;12;12214422;2019;8;7;4;3;6;2;0;0;1;1;0;0;0;0
11;3;3020307;2019;8;7;4;3;6;2;0;0;1;1;0;0;0;0
11;5;5010314;2019;8;6;4;2;0;6;1;0;1;0;1;0;0;0
11;8;8020622;2019;8;6;4;3;5;3;0;1;0;0;0;0;1;0
11;7;7050504;2019;8;9;4;3;9;1;0;0;1;0;0;0;1;0
11;10;10010308;2019;8;17;4;2;5;2;0;0;1;0;1;0;0;0
11;1;1011203;2019;8;16;4;2;5;3;0;1;1;0;0;0;0;0
11;7;7020203;2019;8;15;4;3;0;1;0;0;1;0;1;0;0;0
11;12;12214527;2019;8;15;4;3;5;3;0;1;1;0;0;0;0;0
11;10;10010308;2019;8;15;4;3;5;3;0;1;1;0;0;0;0;0
11;9;9010401;2019;8;15;4;3;6;4;0;0;1;1;0;0;0;0
11;8;8010301;2019;8;15;4;3;5;2;0;1;1;0;0;0;0;0
11;6;6040809;2019;8;14;4;2;5;3;0;1;1;0;0;0;0;0
11;9;9020701;2019;8;14;4;3;5;2;0;0;1;0;0;0;0;0
11;2;2010101;2019;8;12;4;3;5;3;0;1;1;0;0;0;0;0
11;4;4030417;2019;8;11;4;3;5;2;0;1;0;0;1;0;0;0
11;8;8020728;2019;8;10;4;2;2;6;0;0;1;0;1;0;0;0
11;9;9031101;2019;8;9;4;3;5;3;0;0;1;0;0;0;1;0
11;4;4010102;2019;8;9;4;2;5;3;0;0;1;0;1;0;0;0
11;11;11010103;2019;8;9;4;3;5;2;0;1;0;0;0;0;1;0
11;10;10020517;2019;8;11;3;2;0;7;0;1;0;0;0;0;0;0
11;7;7040405;2019;8;15;3;3;2;6;0;0;1;0;0;0;0;0
11;7;7010101;2019;8;8;3;3;5;3;0;1;0;0;0;0;0;0
11;12;12214421;2019;8;21;3;3;0;1;2;0;0;0;1;0;0;0
11;3;3040614;2019;8;20;3;3;2;6;2;1;0;0;0;0;0;0
11;1;1011201;2019;8;18;3;3;5;3;0;1;0;0;0;0;0;0
11;6;6030609;2019;8;16;3;3;5;3;0;0;1;0;0;0;0;0
11;8;8030829;2019;8;19;3;2;1;1;0;0;1;0;0;0;1;0
11;2;2010102;2019;8;16;3;3;2;6;0;0;1;0;0;0;0;0
11;8;8010303;2019;8;16;3;3;2;6;0;0;1;0;0;0;1;0
11;12;12302110;2019;8;15;3;3;0;1;0;0;1;0;1;0;0;0
11;12;12224230;2019;8;15;3;3;5;3;0;1;0;0;0;0;0;0
11;2;2010102;2019;8;14;3;3;6;2;0;0;0;1;0;1;0;0
11;4;4010103;2019;8;14;3;3;5;3;0;1;1;0;0;0;0;0
11;1;1044202;2019;8;18;3;3;5;2;0;1;1;0;0;0;0;0
11;1;1011201;2019;8;18;3;3;1;5;0;1;1;0;0;0;0;0
11;2;2010103;2019;8;18;3;3;0;7;0;0;1;0;0;0;1;0
11;1;1022204;2019;8;18;3;3;1;5;0;1;1;0;0;0;1;0
11;4;4030931;2019;8;16;3;3;0;2;0;0;1;0;0;0;1;0
11;1;1011303;2019;8;9;3;3;0;5;0;1;0;0;0;1;0;0
11;8;8041036;2019;8;17;3;2;6;4;0;0;0;1;1;0;0;0
11;1;1011102;2019;8;17;3;2;6;7;0;1;0;1;0;0;0;0
11;5;5010339;2019;8;15;3;3;5;2;0;0;1;0;0;0;0;0
11;9;9031001;2019;8;15;3;2;5;2;0;1;1;0;0;0;0;0
11;1;1044102;2019;8;10;3;3;2;3;0;1;1;0;0;0;0;0
11;3;3040614;2019;8;10;3;3;2;3;0;0;1;0;1;0;0;0
11;3;3071638;2019;8;9;3;3;2;6;0;1;1;0;0;0;0;0
11;5;5020522;2019;8;9;3;3;2;2;0;0;1;0;0;0;0;0
11;12;12214125;2019;8;8;3;3;0;4;0;0;1;1;0;0;0;0
11;7;7040405;2019;8;9;3;3;5;2;0;1;1;0;0;0;0;0
11;9;9041401;2019;8;9;3;3;5;2;0;0;1;0;0;0;0;0
11;9;9020501;2019;8;7;3;3;5;2;0;1;0;0;0;1;0;0
11;2;2030302;2019;8;7;3;3;5;3;0;0;1;0;1;0;0;0
11;7;7060604;2019;8;8;3;1;6;4;0;0;0;1;0;1;0;0
11;2;2020206;2019;8;18;2;3;6;4;0;1;0;1;0;0;0;0
11;3;3030715;2019;8;10;2;3;3;6;0;1;0;0;0;0;0;0
11;1;1022104;2019;8;18;2;3;6;4;0;0;0;1;0;0;1;0
11;3;3051022;2019;8;13;2;3;4;6;0;0;1;0;1;0;0;0
11;3;3040614;2019;8;17;2;3;2;6;0;0;1;0;0;0;0;0
11;10;10030725;2019;8;17;2;2;2;7;0;0;1;0;0;0;0;0
11;4;4051445;2019;8;17;2;3;1;5;0;0;1;0;0;0;0;0
11;10;10040933;2019;8;17;2;3;5;2;0;0;1;0;0;0;1;0
11;7;7040406;2019;8;16;2;2;6;4;0;0;1;1;0;0;0;0
11;7;7040403;2019;8;16;2;3;5;2;0;0;1;0;1;0;0;0
11;12;12301205;2019;8;15;2;3;5;3;0;0;1;0;1;0;0;0
11;1;1044201;2019;8;15;2;3;5;3;0;0;1;0;0;0;0;0
11;7;7010102;2019;8;15;2;3;2;6;0;0;1;0;1;0;0;0
11;1;1022206;2019;8;23;2;3;6;4;2;0;1;1;0;0;0;0
11;5;5010313;2019;8;15;2;3;6;2;0;0;1;1;0;0;0;0
11;3;3071536;2019;8;19;2;3;6;4;0;1;0;1;0;0;0;0
11;11;11051331;2019;8;18;5;3;5;2;0;1;1;0;0;0;0;0
11;1;1011302;2019;8;19;2;3;5;2;0;1;1;0;0;0;0;0
11;6;6040810;2019;8;14;2;3;1;5;0;0;1;0;0;0;1;0
11;4;4041343;2019;8;19;2;3;5;2;0;1;1;0;0;0;0;0
11;2;2040703;2019;8;14;2;3;5;3;0;1;0;0;0;0;1;0
11;6;6010205;2019;8;19;2;2;5;7;0;0;0;0;1;0;1;0
11;11;11041128;2019;8;19;2;3;1;5;0;1;1;0;0;0;0;0
11;3;3051022;2019;8;17;2;3;2;6;0;1;1;0;0;0;0;0
11;1;1011303;2019;8;18;2;3;2;6;0;1;1;0;0;0;0;0
11;1;1011102;2019;8;13;2;3;2;6;0;0;1;0;0;0;0;0
11;10;10030726;2019;8;18;2;3;5;2;0;0;1;0;0;0;0;0
11;12;12231102;2019;8;12;2;3;5;3;0;0;1;0;1;0;0;0
11;6;6040810;2019;8;12;2;3;5;7;0;0;1;0;0;0;0;0