LAND;BEZ;LOR_ab_2021;UJAHR;UMONAT;USTUNDE;UWOCHENTAG;UKATEGORIE;UART;UTYP1;ULICHTVERH;IstRad;IstPKW;IstFuss;IstKrad;IstGkfz;IstSonstige;USTRZUSTAND
11;2;2030302;2019;8;12;2;3;2;2;0;0;1;0;0;1;0;0
11;2;2040501;2019;8;12;2;3;1;5;0;1;0;0;0;0;1;0
11;2;2030302;2019;8;11;2;3;5;3;0;0;1;0;0;0;0;0
11;6;6010101;2019;8;11;2;3;5;2;0;1;1;0;0;0;0;0
11;8;8030831;2019;8;11;2;2;6;2;0;0;1;1;0;0;0;0
11;4;4051655;2019;8;10;2;3;2;2;0;1;1;0;0;0;0;0
11;6;6020306;2019;8;8;2;3;5;3;0;0;1;0;0;0;1;0
11;4;4030929;2019;8;7;2;2;5;7;0;0;1;0;1;0;0;0
11;6;6030605;2019;8;6;2;3;2;6;0;0;1;0;1;0;0;0
11;1;1011102;2019;8;6;2;3;5;2;1;1;1;0;0;0;0;0
11;9;9010401;2019;8;5;2;3;0;1;1;0;1;0;1;0;0;1
11;2;7040401;2019;8;5;2;3;2;6;1;0;1;0;0;0;0;0
11;12;12214126;2019;8;11;2;3;0;7;0;0;1;0;0;0;0;0
11;6;6020411;2019;8;19;1;3;2;6;0;0;1;0;0;0;0;0
11;5;5010314;2019;8;19;1;3;0;6;0;0;0;0;1;0;1;1
11;8;8020622;2019;8;21;1;3;5;3;2;0;1;0;0;0;0;1
11;4;4020310;2019;8;13;1;3;2;3;0;0;1;0;0;0;0;0
11;9;9010402;2019;8;21;1;3;2;2;2;0;1;0;0;0;0;1
11;1;1011401;2019;8;22;1;2;0;7;2;0;0;0;0;0;1;1
11;7;7010104;2019;8;22;1;2;4;1;2;0;1;0;0;0;0;1
11;1;1011201;2019;8;18;1;3;0;1;0;0;0;0;1;0;0;1
11;11;11020412;2019;8;20;1;2;0;1;1;0;0;0;1;0;0;1
11;1;1011105;2019;8;19;1;2;5;2;0;0;1;0;0;0;0;1
11;1;1022106;2019;8;19;1;3;2;6;0;0;1;0;0;0;0;1
11;12;12302107;2019;8;19;1;3;2;6;0;0;1;0;0;0;0;1
11;4;4020312;2019;8;18;1;3;5;3;0;1;1;0;0;0;0;1
11;7;7070703;2019;8;18;1;3;5;2;0;1;1;0;0;0;0;1
11;7;7020203;2019;8;17;1;3;1;5;0;1;1;0;0;0;0;0
11;1;1011303;2019;8;17;1;3;5;2;0;0;1;0;0;0;1;1
11;2;2010103;2019;8;16;1;3;5;3;0;0;1;0;0;0;0;0
11;8;8020625;2019;8;16;1;2;1;5;0;0;1;0;0;0;0;0
11;3;3020203;2019;8;16;1;3;5;2;0;0;1;0;0;0;0;1
11;12;12103219;2019;8;14;1;3;5;3;0;0;1;0;0;0;0;0
11;4;4030416;2019;8;14;1;3;5;7;0;0;1;0;0;0;0;1
11;2;2020205;2019;8;13;1;3;6;2;0;1;0;1;0;0;0;1
11;5;5030730;2019;8;11;1;3;2;6;0;0;1;0;0;0;0;1
11;6;6020306;2019;8;11;1;2;5;3;0;0;1;0;0;0;0;1
11;7;7010102;2019;8;2;1;3;3;6;2;0;1;0;1;0;0;0
11;9;9010202;2019;8;21;1;3;2;6;2;0;1;0;0;0;1;1
11;7;7020203;2019;8;18;7;3;1;5;0;0;1;0;0;0;0;0
11;2;2040702;2019;8;4;7;3;1;1;2;0;1;0;0;0;0;0
11;4;4030725;2019;8;1;7;3;0;4;2;1;0;1;0;0;0;0
11;8;8010118;2019;8;13;7;3;5;2;0;1;1;0;0;0;0;0
11;12;12214126;2019;8;13;7;3;5;2;0;0;1;0;1;0;0;0
11;2;2020203;2019;8;13;7;3;6;4;0;1;0;1;0;0;0;0
11;1;1011102;2019;8;12;7;3;5;3;0;0;1;0;0;0;1;0
11;7;7040403;2019;8;12;7;3;5;2;0;0;1;0;0;0;0;0
11;1;1011202;2019;8;12;7;3;0;1;0;0;0;0;1;0;0;0
11;1;1044201;2019;8;11;7;3;2;6;0;0;1;0;0;0;0;0
11;2;2020204;2019;8;0;7;3;0;1;2;0;0;0;0;0;1;0
11;9;9020701;2019;8;22;7;2;5;2;2;0;1;0;0;0;0;0
11;1;1011304;2019;8;22;7;3;2;6;2;0;1;0;0;0;0;0
11;6;6020411;2019;8;20;7;3;6;7;2;1;0;1;0;0;0;0
11;7;7010104;2019;8;19;7;3;5;3;0;1;1;0;0;0;0;0
11;3;3030711;2019;8;18;7;3;0;7;0;1;0;0;0;0;0;0
11;9;9010202;2019;8;17;7;2;5;3;0;0;1;0;1;0;0;0
11;6;6020409;2019;8;17;7;3;2;6;0;0;1;0;0;0;0;0
11;2;2030401;2019;8;16;7;3;2;7;0;0;1;0;0;0;1;0
11;5;5020524;2019;8;16;7;2;0;1;0;1;0;0;0;0;0;0
11;5;5010314;2019;8;15;7;3;2;6;0;0;1;0;0;0;0;0
11;4;4041344;2019;8;15;7;3;5;3;0;1;1;0;0;0;0;0
11;6;6040810;2019;8;15;7;3;2;6;0;0;1;0;0;0;0;0
11;1;1044201;2019;8;15;7;3;1;5;0;0;1;0;1;0;0;0
11;2;2050802;2019;8;14;7;3;2;6;0;0;1;0;0;0;1;0
11;7;7050501;2019;8;14;7;3;2;6;0;1;1;0;0;0;0;0
11;11;11051331;2019;8;8;6;2;5;3;0;1;1;0;0;0;0;0
11;7;7030301;2019;8;19;6;3;6;7;0;0;1;1;0;0;0;0
11;12;12214421;2019;8;20;6;3;5;2;0;0;1;0;1;0;0;0
11;8;8010301;2019;8;19;6;3;3;6;0;1;1;0;0;0;0;0
11;1;1011304;2019;8;18;6;3;5;2;0;0;1;0;1;0;0;0
11;1;1011302;2019;8;17;6;3;3;6;0;0;1;0;1;0;0;0
11;9;9020701;2019;8;16;6;3;5;2;0;1;1;0;0;0;0;0
11;10;10040830;2019;8;16;6;3;2;6;0;0;1;0;0;0;1;0
11;1;1022101;2019;8;16;6;3;0;5;0;1;0;0;0;0;1;0
11;4;4051655;2019;8;16;6;3;6;4;0;0;1;1;0;0;0;0
11;1;1011305;2019;8;15;6;3;5;2;0;1;0;0;0;0;0;0
11;4;4031032;2019;8;15;6;3;2;6;0;0;1;0;0;0;0;0
11;6;6040804;2019;8;15;6;3;5;2;0;1;1;0;0;0;0;0
11;1;1044201;2019;8;14;6;3;5;3;0;1;1;0;0;0;0;0
11;1;1022106;2019;8;15;6;3;2;6;0;0;1;0;0;0;0;0
11;7;7050505;2019;8;15;6;3;2;7;0;0;1;0;0;0;0;0
11;9;9030902;2019;8;16;6;3;5;2;0;1;1;0;0;0;0;0
11;12;12304314;2019;8;14;6;3;5;7;0;0;1;0;1;0;0;0
11;4;4030518;2019;8;18;6;3;0;7;0;0;0;0;0;0;1;0
11;9;9041301;2019;8;17;6;3;2;6;0;1;1;0;0;0;0;0
11;7;7060604;2019;8;2;6;2;8;7;2;1;1;0;0;0;0;0
11;3;3061126;2019;8;7;6;3;2;6;0;0;1;0;1;0;0;0
11;3;3051017;2019;8;7;6;3;5;3;0;0;1;0;0;0;0;0
11;10;10030724;2019;8;7;6;3;1;5;0;1;1;0;0;0;0;0
11;11;11041128;2019;8;6;6;3;1;7;0;0;1;0;0;0;0;0
11;1;1011305;2019;8;0;6;2;0;1;2;1;0;0;0;0;0;0
11;1;1022104;2019;8;13;6;3;0;5;0;1;1;0;0;0;0;0
11;4;4031032;2019;8;13;6;3;2;6;0;0;1;0;0;0;0;0
11;3;3030405;2019;8;13;6;3;3;6;0;0;1;0;0;0;0;0
11;7;7040401;2019;8;13;6;3;1;5;0;0;1;0;1;0;0;0
11;10;10020413;2019;8;12;6;3;8;1;0;0;0;0;1;0;0;0
11;12;12214125;2019;8;12;6;3;5;2;0;1;1;0;0;0;0;0
11;3;3030406;2019;8;11;6;3;5;3;0;1;1;0;0;0;0;0
11;4;4030622;2019;8;11;6;3;5;2;0;0;1;0;0;0;0;0
11;1;1033203;2019;8;11;6;2;0;7;0;0;1;0;0;0;1;0
11;2;2030402;2019;8;10;6;3;2;6;0;0;1;0;0;0;0;0
11;4;4030417;2019;8;10;6;2;6;2;0;0;1;1;0;0;0;0
11;3;3020203;2019;8;10;6;3;9;1;0;0;1;0;0;0;0;0
11;4;4020209;2019;8;10;6;3;5;3;0;1;0;0;0;0;1;0
11;1;1011302;2019;8;9;6;3;5;3;0;1;1;0;0;0;0;0
11;1;1033201;2019;8;9;6;3;5;2;0;1;0;0;0;1;0;0
11;10;10010102;2019;8;10;6;3;3;6;0;1;0;0;0;0;1;0
11;3;3050923;2019;8;8;6;3;5;3;0;0;1;0;0;0;0;0
11;8;8010301;2019;8;10;6;3;5;2;0;1;1;0;0;0;0;0
11;5;5010312;2019;8;17;5;3;5;3;0;0;1;0;0;0;0;0
11;1;1022207;2019;8;8;6;3;1;5;0;0;1;0;1;0;0;0
11;10;10020517;2019;8;8;6;3;5;2;0;1;1;0;0;0;0;0
11;1;1011101;2019;8;16;5;3;1;7;0;1;1;0;0;0;0;0
11;1;1033101;2019;8;8;6;3;5;2;0;0;1;0;1;0;0;0
11;4;4031032;2019;8;9;6;3;1;5;0;1;1;0;0;0;0;0
11;3;3061228;2019;8;16;5;3;0;6;0;1;0;0;0;0;1;0
11;4;4030929;2019;8;9;6;3;1;5;0;1;0;0;0;0;1;0
11;3;3061430;2019;8;9;5;2;5;2;0;1;1;0;0;0;0;0
11;7;7010104;2019;8;15;6;2;5;2;0;1;0;0;0;0;1;0
11;3;3061228;2019;8;14;5;3;5;2;0;1;1;0;0;0;0;0
11;1;1044202;2019;8;15;6;3;0;1;0;0;0;0;1;0;0;0
11;2;2010102;2019;8;9;5;3;6;7;0;0;1;1;0;0;0;0
11;2;2040703;2019;8;9;6;3;5;3;0;1;1;0;0;0;0;0
11;4;4030930;2019;8;18;5;3;6;2;0;0;1;1;0;0;0;0
11;1;1011104;2019;8;14;6;2;5;3;0;1;1;0;0;0;0;0
11;7;7050502;2019;8;18;5;3;1;5;0;1;1;0;0;0;0;0
11;8;8010301;2019;8;23;5;3;2;2;2;0;1;0;0;0;0;0
11;6;6010209;2019;8;14;6;3;5;2;0;0;1;0;1;0;0;0
11;11;11051229;2019;8;22;5;3;0;1;2;1;0;0;0;0;0;0
11;8;8030830;2019;8;14;6;3;2;6;0;0;1;0;0;0;0;0
11;1;1011303;2019;8;22;5;3;2;6;2;0;1;0;1;0;0;0
11;5;5020625;2019;8;20;5;3;2;6;0;0;1;0;0;0;0;0
11;6;6020303;2019;8;14;6;3;0;6;0;1;0;0;0;0;0;0
11;12;12302109;2019;8;20;5;3;6;7;1;0;1;1;0;0;0;0
11;3;3061227;2019;8;9;6;3;5;3;0;1;1;0;0;0;0;0
11;1;1044202;2019;8;18;5;3;2;7;0;1;1;0;0;0;0;0
11;11;11020514;2019;8;14;6;2;2;2;0;1;1;0;0;0;0;0
11;10;10040933;2019;8;17;5;3;0;7;0;1;0;0;0;0;0;0
11;6;6040703;2019;8;13;6;2;0;3;0;1;0;0;1;0;0;0
11;1;1011204;2019;8;17;5;3;1;1;0;0;1;0;1;0;0;0
11;1;1011305;2019;8;17;5;3;2;6;0;0;1;0;0;0;0;0
11;8;8020622;2019;8;13;6;3;5;2;0;0;1;0;0;0;0;0
11;8;8041037;2019;8;13;6;3;5;2;0;1;1;0;0;0;0;0
11;11;11051330;2019;8;17;5;3;0;6;0;1;0;0;0;0;0;0
11;3;3040818;2019;8;13;6;3;5;3;0;0;1;0;0;0;0;0
11;1;1044202;2019;8;16;5;3;5;3;0;1;1;0;0;0;0;0
11;7;7040405;2019;8;13;6;3;2;6;0;1;1;0;0;0;0;0
11;3;3040508;2019;8;16;5;2;0;1;0;0;0;0;1;0;0;1
11;7;7040401;2019;8;15;5;3;5;2;0;1;1;0;0;0;0;0
11;1;1011102;2019;8;8;6;3;2;6;0;1;1;0;0;0;0;0
11;1;1011201;2019;8;8;6;2;4;6;0;1;1;0;0;0;0;0
11;9;9020802;2019;8;15;5;3;0;6;0;1;1;0;0;0;0;0
11;7;7010102;2019;8;15;5;3;6;4;0;0;1;1;0;0;0;0
11;6;6010209;2019;8;7;6;3;5;3;0;1;1;0;0;0;0;0
11;9;9020502;2019;8;15;5;3;2;6;0;0;1;0;0;0;0;0
11;1;1022104;2019;8;7;6;3;4;4;0;1;0;1;0;0;0;0
11;1;1044201;2019;8;16;5;3;5;3;0;1;1;0;0;0;0;1
11;1;1011202;2019;8;16;5;3;5;3;0;1;1;0;0;0;0;0
11;8;8020619;2019;8;7;6;3;1;4;0;0;1;1;1;0;0;0
11;3;3050920;2019;8;15;5;3;6;4;0;0;1;1;0;0;0;0
11;4;4020313;2019;8;6;6;3;5;3;0;0;1;0;1;0;0;0
11;7;7010102;2019;8;15;5;3;5;7;0;1;1;0;0;0;0;0
11;5;5010314;2019;8;6;6;3;5;2;0;1;1;0;0;0;0;0
11;2;3061435;2019;8;14;5;2;6;4;0;0;1;1;0;0;0;0
11;3;3040818;2019;8;14;5;3;5;3;0;1;1;0;0;0;0;0
11;12;12301203;2019;8;13;5;3;2;6;0;0;1;0;0;0;0;0
11;1;1011401;2019;8;13;5;3;2;6;0;0;1;0;1;0;0;0
11;1;1022206;2019;8;23;5;3;2;6;2;0;1;0;0;0;0;0
11;12;12214125;2019;8;17;5;3;5;3;0;0;1;0;1;0;0;0
11;3;3040818;2019;8;12;5;3;2;6;0;0;1;0;0;0;0;0
11;1;1022106;2019;8;10;5;3;0;2;0;1;1;0;0;0;0;0
11;2;2010103;2019;8;17;5;3;5;2;0;1;1;0;0;0;0;0
11;6;6030504;2019;8;10;5;3;5;2;0;0;1;0;1;0;0;0
11;10;10010311;2019;8;17;5;3;5;2;0;1;1;0;0;0;0;0
11;2;2030302;2019;8;10;5;3;2;6;0;0;1;0;0;0;0;0
11;12;12214424;2019;8;15;5;2;5;2;0;1;1;0;0;0;0;0
11;5;5010339;2019;8;16;5;3;5;3;0;0;1;0;0;0;0;0
11;11;11030721;2019;8;16;5;3;5;3;0;1;1;0;0;0;0;0
11;12;12224230;2019;8;12;5;3;0;7;0;0;1;0;0;0;0;0
11;11;11030618;2019;8;17;5;2;0;1;0;0;0;0;1;0;0;0
11;2;2020204;2019;8;9;5;3;5;2;0;1;1;0;0;0;0;0
11;2;2050803;2019;8;16;5;3;0;4;0;1;0;1;0;0;0;0
11;7;7040405;2019;8;9;5;2;1;5;0;0;1;0;1;0;0;0
11;1;1011401;2019;8;9;5;3;5;3;0;1;0;0;0;0;1;0
11;2;2040502;2019;8;16;5;3;5;2;0;0;1;0;1;0;0;0
11;4;4030623;2019;8;8;5;3;2;6;0;0;1;0;0;0;0;0
11;4;4030726;2019;8;16;5;3;2;6;0;0;1;0;0;0;1;0
11;7;7040401;2019;8;8;5;3;2;6;0;1;1;0;0;0;0;0
11;5;5030730;2019;8;16;5;3;2;6;0;0;1;0;0;0;0;0
11;9;9010402;2019;8;8;5;3;3;6;0;1;0;0;0;0;1;0
11;2;2020203;2019;8;15;5;2;5;3;0;1;0;0;1;0;0;0
11;12;12214424;2019;8;8;5;3;6;4;0;0;1;1;0;0;0;0
11;2;2020203;2019;8;7;5;3;0;1;0;1;0;0;0;0;0;0
11;10;10020413;2019;8;15;5;3;2;6;0;0;1;0;0;0;0;0
11;1;1033102;2019;8;15;5;3;3;6;0;0;1;0;0;0;0;0
11;12;12231102;2019;8;7;5;3;5;3;0;1;1;0;0;0;0;0
11;8;8010212;2019;8;7;5;3;5;2;0;1;1;0;0;0;0;0
11;2;2030301;2019;8;23;5;2;6;6;2;0;1;1;0;0;0;0
11;3;3071638;2019;8;7;5;3;1;5;0;1;1;0;0;0;0;0
11;2;2020206;2019;8;22;5;3;1;5;2;1;1;0;1;0;0;0
11;9;9030901;2019;8;5;5;3;5;3;0;1;1;0;0;0;0;0
11;1;1044103;2019;8;7;5;3;5;3;0;0;1;0;0;0;0;0
11;3;3040818;2019;8;10;5;3;2;6;0;1;1;0;0;0;0;0
11;8;8020622;2019;8;7;5;3;2;6;0;0;1;0;1;0;0;0
11;1;1011203;2019;8;18;4;2;6;4;1;1;0;1;0;0;0;0
11;4;4051654;2019;8;20;5;3;0;7;1;1;0;0;0;0;0;0
11;4;4051652;2019;8;8;4;3;5;3;0;0;1;0;0;0;0;0
11;1;1011203;2019;8;18;4;3;6;4;1;1;0;1;0;0;0;0
11;11;2050803;2019;8;19;5;3;5;2;0;1;0;0;1;0;0;0
11;2;2010102;2019;8;12;4;3;5;2;0;1;0;0;0;0;1;0
11;3;3061434;2019;8;18;5;2;5;3;0;1;0;0;0;0;0;0
11;6;6010103;2019;8;9;4;3;2;7;0;0;1;0;0;0;0;0
11;6;6020301;2019;8;18;5;3;2;6;0;0;1;0;0;0;0;0
11;6;6020304;2019;8;12;4;3;0;6;0;1;1;0;0;0;0;0
11;2;2030401;2019;8;18;5;3;5;2;0;0;1;0;1;0;0;0
11;12;12214424;2019;8;21;4;2;1;5;2;0;1;0;1;0;0;0
11;10;10010309;2019;8;21;4;2;5;2;2;0;1;0;1;0;0;0
11;7;7040403;2019;8;14;5;3;2;6;0;0;1;0;0;0;1;0
11;4;4041134;2019;8;14;5;2;0;7;0;1;0;0;0;0;0;0
11;6;6030605;2019;8;19;4;3;5;3;0;1;1;0;0;0;0;0
11;2;2030301;2019;8;18;4;3;5;3;0;1;0;0;0;0;1;0
11;6;6040804;2019;8;14;5;3;0;5;0;0;0;0;1;0;1;0
11;4;4051445;2019;8;18;4;3;5;3;0;1;1;0;0;0;0;0
11;8;8020728;2019;8;14;5;3;5;3;0;0;1;0;0;0;1;0
11;10;10010203;2019;8;19;4;2;1;1;0;0;1;0;1;0;0;0
11;7;7070703;2019;8;13;5;2;1;5;0;0;1;0;1;0;0;0
11;12;12103115;2019;8;16;4;2;0;7;0;0;1;1;0;0;0;0
11;1;1011302;2019;8;13;5;3;6;4;0;1;0;1;0;0;0;0
11;7;7040403;2019;8;18;4;3;5;2;0;1;1;0;0;0;0;0
11;9;9051901;2019;8;12;5;3;3;6;0;0;1;0;0;0;0;0
11;1;1011301;2019;8;17;4;3;0;5;0;1;1;0;0;0;0;0
11;4;4041137;2019;8;10;5;3;2;6;0;0;1;0;0;0;1;0
11;2;2040703;2019;8;9;5;3;3;6;0;1;1;0;0;0;0;0
11;8;8010212;2019;8;9;5;3;5;2;0;1;1;0;0;0;0;0
11;6;6010103;2019;8;8;5;3;2;6;0;1;1;0;0;0;0;0
11;1;1011302;2019;8;8;5;3;2;6;0;0;1;0;1;1;0;0
11;3;3030715;2019;8;7;5;3;5;3;0;1;1;0;0;0;0;0
11;2;2020206;2019;8;7;5;3;2;6;0;0;1;0;0;0;0;0
11;2;2010102;2019;8;7;5;3;5;2;0;1;1;0;0;0;0;0
11;9;9052001;2019;8;7;5;3;5;2;0;1;1;0;0;0;0;0
11;11;11010206;2019;8;18;5;2;1;1;0;0;1;0;1;0;0;0
11;9;9051702;2019;8;16;5;2;0;3;0;0;1;0;1;0;0;0
11;6;6030606;2019;8;10;5;2;1;5;0;1;1;0;0;0;0;0
11;7;7010104;2019;8;14;5;2;0;1;0;1;0;0;0;0;0;0
11;5;5020628;2019;8;14;5;2;5;3;0;0;1;0;0;0;0;0
11;5;5020420;2019;8;13;5;2;5;3;0;0;1;0;1;0;0;0
11;8;8041037;2019;8;9;5;2;5;3;0;0;1;0;1;0;0;0
11;2;2030302;2019;8;7;5;2;2;6;0;0;1;0;1;0;0;0
11;1;1044203;2019;8;12;5;3;3;6;0;0;1;0;0;0;0;0
11;7;7010104;2019;8;5;5;3;1;5;2;1;1;0;0;0;0;0
11;5;5010314;2019;8;13;5;3;1;5;0;1;1;0;0;0;0;0
11;3;3040818;2019;8;7;4;3;6;4;0;1;0;1;0;0;0;0
11;8;8010404;2019;8;8;4;3;6;4;0;1;0;1;0;0;0;0
11;6;6040808;2019;8;21;4;3;1;5;2;1;1;0;0;0;0;0
11;1;1011102;2019;8;20;4;3;0;7;1;0;0;0;1;0;1;1
11;5;5010207;2019;8;20;4;3;0;2;0;0;1;0;1;0;0;0
11;7;7020203;2019;8;18;4;3;0;3;0;0;1;0;1;0;0;0
11;3;3061429;2019;8;17;4;3;6;4;0;1;0;1;0;0;0;0
11;2;2020206;2019;8;18;4;3;3;6;0;1;1;0;0;0;0;0
11;1;1033203;2019;8;18;4;3;2;6;0;0;1;0;1;0;0;0
11;10;10040931;2019;8;17;4;3;1;5;0;1;1;0;0;0;0;0
11;11;11051229;2019;8;17;4;3;5;2;0;1;0;0;0;0;1;0
11;3;3050925;2019;8;15;4;3;6;2;0;0;1;1;0;0;0;0
11;2;2050601;2019;8;17;4;3;5;3;0;1;1;0;0;0;0;0
11;4;4030622;2019;8;16;4;3;2;6;0;0;1;0;0;0;1;0
11;12;12214421;2019;8;17;4;3;5;2;0;1;1;0;0;0;0;0
11;2;2050802;2019;8;16;4;3;2;6;0;0;0;0;0;0;1;0
11;2;2040502;2019;8;16;4;3;0;3;0;0;1;0;1;0;0;0
11;8;8020625;2019;8;16;4;3;5;3;0;0;1;0;0;0;0;0
11;4;4051654;2019;8;15;4;3;6;4;0;1;0;1;0;0;0;0
11;6;6030605;2019;8;15;4;3;0;1;0;1;0;0;0;0;0;0
11;8;8020619;2019;8;15;4;3;5;2;0;0;1;0;0;0;0;0
11;1;1022106;2019;8;15;4;3;0;6;0;0;1;0;1;0;0;0
11;3;3061441;2019;8;15;4;3;5;3;0;1;0;0;0;0;0;0
11;9;9020702;2019;8;14;4;3;0;1;0;1;0;0;0;0;0;0
11;9;9020501;2019;8;14;4;3;5;7;0;0;1;0;1;0;0;0
11;1;1044102;2019;8;14;4;3;1;5;0;0;1;0;0;0;0;0
11;9;9051701;2019;8;14;4;3;5;3;0;0;1;0;0;0;1;0
11;1;1044203;2019;8;13;4;3;5;3;0;0;1;0;0;0;0;0
11;4;4041137;2019;8;13;4;3;2;6;0;0;1;0;0;0;0;0
11;8;8010115;2019;8;13;4;3;5;2;0;1;1;0;0;0;0;0
11;5;5030731;2019;8;12;4;3;6;4;0;1;0;1;0;0;0;0
11;1;1033101;2019;8;12;4;3;1;5;0;1;1;0;0;0;0;0
11;2;2020204;2019;8;11;4;3;5;3;0;1;1;0;0;0;0;0
11;1;1011401;2019;8;11;4;3;6;4;0;0;0;1;0;0;1;0
11;8;8010117;2019;8;10;4;3;2;6;0;0;1;0;1;0;0;0
11;4;4051655;2019;8;10;4;3;5;2;0;1;1;0;0;0;0;0
11;4;4041239;2019;8;10;4;3;5;2;0;1;0;0;0;0;1;0
11;1;1011302;2019;8;9;4;3;5;2;0;1;1;0;0;0;0;0
11;12;12304314;2019;8;9;4;3;4;6;0;1;0;0;0;0;0;0
11;3;3061430;2019;8;8;4;3;6;4;0;0;1;1;0;0;0;0
11;1;1044101;2019;8;8;4;3;2;7;0;0;1;0;0;0;0;0
11;1;1033203;2019;8;7;4;3;6;4;0;1;0;1;0;0;0;0
11;1;1033102;2019;8;7;4;3;1;5;0;1;0;0;0;0;1;0
11;5;5030731;2019;8;7;4;3;3;6;0;0;1;0;0;1;0;0
11;7;7040404;2019;8;1;4;3;8;1;2;0;1;0;0;0;0;0
11;8;8010211;2019;8;1;4;3;5;2;2;0;1;0;0;0;0;0
11;1;1022206;2019;8;20;4;3;5;2;1;1;1;0;0;0;0;0
11;2;2050803;2019;8;12;4;3;0;2;0;1;1;0;0;0;0;0
11;5;5010314;2019;8;17;4;2;5;3;0;1;1;0;0;0;0;0
11;9;9020601;2019;8;14;4;2;3;6;0;1;0;0;0;0;0;0
11;1;1044102;2019;8;12;4;2;6;4;0;0;0;1;1;0;0;0
11;10;10040829;2019;8;7;4;2;5;3;0;1;1;0;0;0;0;0
11;11;11020412;2019;8;6;4;2;5;3;0;1;1;0;0;0;0;0
11;4;4030519;2019;8;8;3;3;2;2;0;0;1;0;1;0;0;0
11;6;6030608;2019;8;7;3;3;5;2;0;1;1;0;0;0;0;0
11;4;4030518;2019;8;20;3;3;5;3;2;0;1;0;0;0;1;0
11;1;1011304;2019;8;19;3;3;0;1;1;1;0;0;0;0;0;0
11;4;4020311;2019;8;19;3;3;1;5;1;1;1;0;0;0;0;0
11;3;3061228;2019;8;19;3;3;3;6;0;1;0;0;0;0;0;0
11;1;1011301;2019;8;18;3;3;0;1;0;1;0;0;0;0;0;0
11;1;1011303;2019;8;18;3;3;1;5;0;1;1;0;0;0;1;0
11;1;1011301;2019;8;17;3;3;6;2;0;0;1;1;0;0;0;0
11;3;3020210;2019;8;17;3;3;5;3;0;0;1;0;1;0;0;0
11;1;1044202;2019;8;17;3;3;2;6;0;1;1;0;0;0;0;0
11;4;4030725;2019;8;17;3;3;6;4;0;0;1;1;0;0;0;0
11;8;8030829;2019;8;17;3;3;2;6;0;0;1;0;0;0;0;0
11;4;4030623;2019;8;16;3;3;5;3;0;1;1;0;0;0;0;0
11;9;9030901;2019;8;16;3;3;5;2;0;0;1;0;0;0;0;0
11;4;4041241;2019;8;16;3;3;5;2;0;1;1;0;0;0;0;0
11;7;7040401;2019;8;16;3;3;5;2;0;1;1;0;0;0;0;0
11;10;10030724;2019;8;15;3;3;1;5;0;1;1;0;0;0;0;0
11;4;4030417;2019;8;9;3;3;5;2;0;1;1;0;0;0;0;0
11;7;7010104;2019;8;12;1;2;0;7;0;1;0;0;0;0;0;0
11;1;1044203;2019;8;4;3;3;5;3;2;0;1;0;0;0;0;1
11;3;3030711;2019;8;15;3;3;0;3;0;0;1;0;1;0;0;0
11;7;7030303;2019;8;14;3;3;0;5;0;1;1;0;0;0;0;0
11;7;7040405;2019;8;14;3;3;5;3;0;0;1;0;0;0;1;0
11;1;1011104;2019;8;14;3;3;5;2;0;1;1;0;0;0;0;0
11;8;8041038;2019;8;14;3;3;6;4;0;0;1;1;0;0;0;0
11;10;10020517;2019;8;13;3;3;5;2;0;1;1;0;0;0;0;0
11;1;1011301;2019;8;12;3;3;5;3;0;0;1;0;1;0;0;0
11;4;4010102;2019;8;12;3;3;2;6;0;0;1;0;0;0;0;0
11;3;3050919;2019;8;12;3;3;2;6;0;0;1;0;0;0;0;0
11;1;1044203;2019;8;5;3;3;5;3;1;1;1;0;0;0;0;0
11;7;7020204;2019;8;11;3;3;3;6;0;1;0;0;0;0;1;0
11;4;4020311;2019;8;11;3;3;5;3;0;0;1;0;0;0;0;0
11;6;6020411;2019;8;10;3;3;5;3;0;1;1;0;0;0;0;0
11;7;7030301;2019;8;10;3;3;4;6;0;1;0;0;0;0;0;0
11;9;9030901;2019;8;9;3;3;5;3;0;0;1;0;0;1;0;0
11;6;6030607;2019;8;9;3;3;6;4;0;1;0;1;0;0;0;0
11;3;3040513;2019;8;8;3;3;5;2;0;0;1;0;1;0;0;0
11;1;1022104;2019;8;8;3;3;5;7;0;0;1;0;1;0;0;0
11;7;7030303;2019;8;7;3;3;6;4;0;1;0;1;0;0;0;0
11;4;4030726;2019;8;8;3;3;3;6;0;1;0;0;0;0;1;0
11;8;8041037;2019;8;7;3;3;5;2;0;1;0;0;0;0;1;0
11;3;3030406;2019;8;7;3;3;5;2;0;1;0;0;0;0;0;0
11;1;1011306;2019;8;7;3;3;5;5;0;1;1;0;0;0;0;0
11;1;3071537;2019;8;6;3;3;3;6;0;0;1;0;1;0;0;0
11;11;11030721;2019;8;16;3;2;0;3;0;1;0;0;0;0;0;0
11;10;10010102;2019;8;6;3;3;5;2;1;1;0;0;0;0;1;0
11;12;12304313;2019;8;13;3;2;8;6;0;0;1;0;0;0;0;0
11;9;9010401;2019;8;9;3;2;1;5;0;1;0;0;0;0;1;0
11;2;2030301;2019;8;9;3;3;1;5;0;1;1;0;0;0;1;0
11;7;7030303;2019;8;10;3;3;2;6;0;0;1;0;0;0;0;0
11;12;12103117;2019;8;15;2;3;6;4;0;0;0;1;1;0;0;0
11;6;6040804;2019;8;18;2;3;6;7;0;1;0;1;0;0;0;0
11;6;6030504;2019;8;18;2;3;2;6;0;1;1;0;0;0;0;0