LAND;BEZ;LOR_ab_2021;UJAHR;UMONAT;USTUNDE;UWOCHENTAG;UKATEGORIE;UART;UTYP1;ULICHTVERH;IstRad;IstPKW;IstFuss;IstKrad;IstGkfz;IstSonstige;USTRZUSTAND
11;12;12103219;2019;8;17;2;3;5;2;0;1;0;0;0;0;1;0
11;2;2030301;2019;8;17;2;3;5;3;0;1;1;0;0;0;0;0
11;3;3061441;2019;8;17;2;3;2;7;0;0;1;0;0;0;0;0
11;6;6030504;2019;8;16;2;3;2;6;0;1;1;0;0;0;0;0
11;7;7030301;2019;8;16;2;3;0;7;0;1;0;0;0;0;0;0
11;1;1022102;2019;8;16;2;3;5;3;0;1;0;0;0;0;0;0
11;4;4041136;2019;8;16;2;3;1;5;0;0;1;0;0;0;0;0
11;11;11041128;2019;8;10;2;3;0;7;0;1;0;0;0;0;0;0
11;1;1044201;2019;9;12;2;3;0;4;0;0;0;1;0;0;1;0
11;1;1033102;2019;8;20;2;3;5;3;2;1;1;0;0;0;0;0
11;9;9010402;2019;9;15;2;3;5;3;0;1;1;0;0;0;0;0
11;11;11030721;2019;9;7;2;3;3;2;0;1;1;0;0;0;0;0
11;11;11010310;2019;8;16;2;3;2;6;0;0;1;0;0;0;1;0
11;2;2050801;2019;8;15;2;3;5;2;0;1;0;0;1;0;0;0
11;4;4051445;2019;9;11;2;3;2;2;0;0;1;0;0;1;0;0
11;6;6040808;2019;9;11;2;3;2;6;0;0;1;0;1;0;0;0
11;10;10020517;2019;8;15;2;3;2;6;0;0;1;0;0;0;0;0
11;6;6020301;2019;9;10;2;2;2;6;0;0;1;0;0;0;0;0
11;9;9020802;2019;8;15;2;3;0;3;0;1;1;0;0;0;0;0
11;1;1033202;2019;9;11;2;3;2;2;0;0;1;0;0;0;0;0
11;1;1033102;2019;8;15;2;3;2;6;0;0;1;0;0;0;1;0
11;8;8041036;2019;9;11;2;3;5;3;0;0;1;0;0;0;0;0
11;5;5010101;2019;8;15;2;3;5;3;0;1;1;0;0;0;0;0
11;12;12214424;2019;9;11;2;3;3;6;0;0;1;0;0;0;0;0
11;7;7010104;2019;9;7;2;3;2;7;0;0;0;0;1;0;1;0
11;6;6030608;2019;8;14;2;3;0;1;0;1;0;0;0;0;0;0
11;4;4030621;2019;8;12;2;3;5;3;0;1;1;0;0;0;0;0
11;9;9051901;2019;9;10;2;3;0;1;0;1;0;0;0;0;0;0
11;1;1011203;2019;8;11;2;3;2;6;0;1;1;0;0;0;0;0
11;1;1011203;2019;9;7;2;3;1;5;0;1;1;0;0;0;0;0
11;2;2050602;2019;8;13;2;3;5;3;0;1;1;0;0;0;0;0
11;9;9010401;2019;9;14;2;3;5;3;0;1;1;0;0;0;0;0
11;6;6040807;2019;8;11;2;2;5;2;0;1;1;0;0;0;0;0
11;1;1011401;2019;9;10;2;3;0;1;0;1;1;0;0;0;0;0
11;11;11030619;2019;8;10;2;3;0;6;0;0;1;0;1;0;0;0
11;10;10040933;2019;9;10;2;3;2;6;0;0;0;0;1;1;0;0
11;1;1011102;2019;9;14;2;3;5;3;0;0;1;0;1;0;0;0
11;2;2050801;2019;8;10;2;3;5;5;0;1;0;0;0;0;1;0
11;2;2010104;2019;9;10;2;3;5;3;0;0;1;0;0;0;1;0
11;8;8041035;2019;8;9;2;3;5;3;0;0;1;0;0;0;0;0
11;10;10030727;2019;9;9;2;3;2;6;0;1;1;0;0;0;0;0
11;1;1022204;2019;9;9;2;2;5;2;0;0;1;0;1;0;0;0
11;4;4030623;2019;8;9;2;3;0;1;0;1;0;0;0;0;0;0
11;4;4020311;2019;9;9;2;2;6;7;0;0;0;1;0;0;1;0
11;12;12214422;2019;8;8;2;3;1;1;0;0;1;0;0;0;0;0
11;4;4051653;2019;9;8;2;3;2;6;0;0;1;0;1;0;0;0
11;2;2010104;2019;8;8;2;3;2;6;0;0;1;0;0;0;0;0
11;9;9041501;2019;9;8;2;2;2;6;0;0;1;0;0;0;0;0
11;4;4051446;2019;8;7;2;3;5;2;0;1;1;0;0;0;0;0
11;4;4030417;2019;9;8;2;3;5;2;0;1;1;0;0;0;0;0
11;7;7030303;2019;9;10;2;2;9;7;0;0;1;0;0;0;0;0
11;6;6020410;2019;8;7;2;3;5;2;0;1;1;0;0;0;0;0
11;2;2040701;2019;8;5;2;3;5;2;1;0;1;0;1;0;0;0
11;2;2020204;2019;9;13;1;3;6;7;0;0;0;1;0;0;1;0
11;2;2050802;2019;8;0;2;3;0;1;2;0;0;0;1;0;0;0
11;3;3071537;2019;9;0;1;3;5;3;2;0;1;0;0;0;1;0
11;3;3040614;2019;8;23;2;3;0;1;2;1;0;0;0;0;0;1
11;6;6030607;2019;9;17;1;2;6;4;0;0;1;1;0;0;0;0
11;1;1044203;2019;8;21;2;3;5;3;2;1;1;0;0;0;0;1
11;1;1044202;2019;9;20;1;3;6;4;2;1;0;1;0;0;0;0
11;4;4020313;2019;9;18;1;3;5;2;0;1;1;0;0;0;0;0
11;11;11041023;2019;8;20;2;3;0;7;1;1;1;0;0;0;0;1
11;8;8010303;2019;9;18;1;3;0;6;0;0;1;0;0;0;1;0
11;6;6010205;2019;8;19;2;3;1;5;2;1;0;0;0;0;1;1
11;10;10010102;2019;9;17;1;3;5;2;0;0;1;0;0;0;0;0
11;5;5030730;2019;8;18;2;3;3;2;0;0;1;0;0;1;0;0
11;10;10010311;2019;9;16;1;3;6;6;0;1;0;1;0;0;0;0
11;12;12103116;2019;8;22;2;2;5;3;2;0;1;0;0;0;1;1
11;11;11041128;2019;9;11;1;3;5;3;0;1;1;0;0;0;0;0
11;2;2010102;2019;9;11;1;3;5;3;0;1;1;0;0;0;0;0
11;2;2050801;2019;8;20;2;2;1;1;2;0;1;0;1;0;0;1
11;5;5030730;2019;9;10;1;3;5;2;0;1;1;0;0;0;0;0
11;5;5010313;2019;8;20;2;2;5;2;1;0;1;0;1;0;0;1
11;1;1011301;2019;9;10;1;3;1;5;0;1;1;0;0;0;0;0
11;10;10020414;2019;8;17;2;3;3;6;0;0;1;0;1;0;0;0
11;9;9010301;2019;9;8;1;3;2;6;0;0;1;0;0;0;0;0
11;3;3020307;2019;8;14;2;2;3;6;0;1;0;0;0;0;1;0
11;2;2050801;2019;8;22;7;3;2;6;2;0;1;0;1;0;0;0
11;1;1011302;2019;8;21;7;2;5;3;2;1;0;0;0;0;1;0
11;8;8010212;2019;8;13;2;2;2;6;0;1;1;0;0;0;0;0
11;4;4030620;2019;8;8;2;2;3;6;0;1;1;0;0;0;0;0
11;2;2050801;2019;8;21;7;3;0;1;2;0;0;0;1;0;0;0
11;3;3040512;2019;8;20;7;3;1;5;1;0;1;0;0;0;0;0
11;7;7070702;2019;8;5;2;3;0;3;1;0;1;0;1;0;0;0
11;11;11010205;2019;8;19;7;2;0;7;1;0;0;1;0;0;1;0
11;1;1011201;2019;8;7;2;3;6;2;0;1;0;1;0;0;0;0
11;4;4041238;2019;8;18;7;3;5;3;0;0;1;0;0;0;0;0
11;8;8020620;2019;8;18;7;2;5;3;0;1;0;0;0;0;1;0
11;8;8010118;2019;8;13;1;3;2;6;0;0;1;0;1;0;0;0
11;8;8010214;2019;8;17;7;3;1;5;0;1;0;0;0;0;1;0
11;10;10040830;2019;8;17;7;3;5;2;0;1;1;0;0;0;0;0
11;6;6040810;2019;8;8;1;3;5;2;0;1;1;0;0;0;0;0
11;4;4030931;2019;8;17;7;3;2;6;0;1;1;0;0;0;0;0
11;4;4030931;2019;8;23;1;3;2;6;2;0;1;0;0;0;0;0
11;11;11010204;2019;8;16;7;2;5;3;0;0;1;0;1;0;0;0
11;1;1044103;2019;8;15;7;3;5;3;0;1;0;0;1;0;0;0
11;1;1022106;2019;8;22;1;3;5;3;2;1;0;0;1;0;0;0
11;1;1011306;2019;8;14;7;3;0;1;0;0;0;0;1;0;0;0
11;6;6010209;2019;8;19;1;3;0;2;0;1;1;0;0;0;0;0
11;1;1033102;2019;8;13;7;3;5;3;0;1;1;0;0;0;0;0
11;1;1011101;2019;8;18;1;3;1;5;0;1;1;0;0;0;0;0
11;8;8020727;2019;8;13;7;3;6;4;0;1;0;1;0;0;0;0
11;4;4051446;2019;8;13;7;3;2;6;0;0;1;0;0;0;0;0
11;5;5010206;2019;8;17;1;3;5;2;0;0;1;0;1;0;0;0
11;12;12301204;2019;8;17;1;3;0;1;0;0;0;0;1;0;0;0
11;2;2010102;2019;8;13;7;3;1;5;0;1;1;0;0;0;0;0
11;8;8020620;2019;8;13;7;3;2;6;0;0;1;0;0;0;0;0
11;6;6030504;2019;8;17;1;3;2;6;0;0;1;0;1;0;0;0
11;1;1044201;2019;8;13;7;3;1;6;0;0;1;0;0;0;0;0
11;6;6010103;2019;8;15;1;3;5;3;0;0;1;0;1;0;0;0
11;1;1033102;2019;8;12;7;3;2;6;0;0;1;0;0;0;0;0
11;2;2030302;2019;8;12;7;3;2;6;0;0;1;0;0;0;0;0
11;9;9020502;2019;8;14;1;3;1;6;0;0;1;0;1;0;0;0
11;8;8010301;2019;8;11;7;3;3;6;0;1;1;0;0;0;0;0
11;12;12302107;2019;8;10;7;3;2;2;0;0;1;0;1;0;0;0
11;4;4020311;2019;8;14;1;3;3;6;0;0;1;0;1;0;0;0
11;2;3061441;2019;8;9;7;3;1;6;0;1;1;0;0;0;0;0
11;1;1011201;2019;8;14;1;3;6;2;0;1;0;1;0;0;0;0
11;3;3040818;2019;8;8;7;3;1;5;0;1;1;0;0;0;0;0
11;9;9010301;2019;8;7;7;2;5;2;0;0;1;0;0;0;0;0
11;10;10010205;2019;8;21;1;2;0;1;2;1;0;0;0;0;0;0
11;1;1011304;2019;8;11;1;3;5;7;0;0;1;0;0;0;1;0
11;1;1011102;2019;8;4;7;3;8;1;2;0;1;0;0;0;0;0
11;7;7060601;2019;8;12;7;3;6;7;0;0;1;1;0;0;0;0
11;2;2040502;2019;8;10;1;3;5;2;0;0;1;0;0;0;0;0
11;2;2030301;2019;8;0;7;2;6;4;2;1;0;1;0;0;0;0
11;12;12214527;2019;8;3;1;3;0;1;2;1;0;0;0;0;0;0
11;5;5010314;2019;8;0;1;3;5;3;2;1;1;0;0;0;0;0
11;4;4030725;2019;8;13;7;3;5;2;0;1;1;0;0;0;0;0
11;7;7040405;2019;8;18;6;3;5;3;0;1;0;0;0;0;0;0
11;11;11030721;2019;8;22;7;2;0;1;2;1;0;0;0;0;0;0
11;4;4030931;2019;8;23;6;3;6;7;2;0;1;1;0;0;0;0
11;2;2020206;2019;8;22;7;3;2;7;2;1;1;0;0;0;0;0
11;8;8010212;2019;8;21;6;2;5;3;2;1;1;0;0;0;0;0
11;11;11051229;2019;8;10;7;3;0;7;0;1;0;0;0;0;0;0
11;3;3061429;2019;8;19;6;3;5;3;0;1;1;0;0;0;0;0
11;7;7010104;2019;8;18;7;3;5;3;0;0;1;0;0;0;0;0
11;4;4020312;2019;8;19;6;3;5;3;0;1;1;0;0;0;0;0
11;12;12214424;2019;8;18;7;3;2;6;0;0;1;0;0;0;0;0
11;6;6020411;2019;8;18;6;3;5;3;0;1;1;0;0;0;0;0
11;1;1011201;2019;8;17;7;3;5;2;0;1;1;0;0;0;0;0
11;3;3061228;2019;8;17;6;3;5;5;0;0;1;0;1;0;0;0
11;2;2030301;2019;8;23;7;3;1;5;2;1;1;0;0;0;0;0
11;4;4030725;2019;8;17;6;2;5;3;0;1;1;0;0;0;0;0
11;4;4030827;2019;8;17;6;2;0;7;0;1;0;0;0;0;0;0
11;5;5030730;2019;8;18;7;3;0;6;0;0;1;0;1;0;0;0
11;7;7010102;2019;8;16;6;3;5;2;0;0;1;0;1;0;0;0
11;7;7040402;2019;8;17;7;3;5;3;0;1;1;0;0;0;0;0
11;3;3010102;2019;8;13;6;3;4;6;0;0;1;0;0;0;0;0
11;1;1011303;2019;8;9;6;3;3;6;0;0;1;0;0;0;1;0
11;10;10030727;2019;8;15;7;3;0;7;0;1;0;0;0;0;0;0
11;1;1044202;2019;8;15;6;3;0;7;0;0;0;0;1;0;0;0
11;5;5010311;2019;8;23;7;3;2;6;2;0;1;0;0;0;0;0
11;4;4030725;2019;8;15;6;3;1;5;0;1;1;0;0;0;0;0
11;8;8010118;2019;8;21;7;3;3;6;2;0;1;0;1;0;0;0
11;12;12301203;2019;8;15;6;3;2;6;0;0;1;0;1;0;0;0
11;5;5010312;2019;8;19;7;3;6;4;1;0;1;1;0;0;0;0
11;12;12103220;2019;8;14;6;3;5;2;0;1;0;0;0;0;1;0
11;1;1011102;2019;8;13;6;3;5;3;0;1;1;0;0;0;0;0
11;5;5020627;2019;8;15;7;3;2;2;0;0;1;0;0;0;0;0
11;1;1033202;2019;8;19;7;2;0;7;0;1;0;0;0;0;0;0
11;7;7040403;2019;8;13;6;3;5;7;0;0;1;0;0;0;0;0
11;9;9020702;2019;8;14;7;3;5;3;0;1;1;0;0;0;0;0
11;8;8020622;2019;8;13;6;3;5;2;0;1;1;0;0;0;0;0
11;3;3040818;2019;8;14;7;3;2;3;0;0;1;0;0;0;0;0
11;4;4030827;2019;8;13;6;3;2;6;0;0;1;0;0;0;0;0
11;4;4030519;2019;8;12;6;3;5;2;0;1;1;0;0;0;0;0
11;9;9041501;2019;8;13;7;3;2;6;0;0;1;0;0;0;0;0
11;8;8030831;2019;8;13;7;3;5;2;0;0;1;0;0;0;0;0
11;9;9010302;2019;8;12;6;3;5;3;0;1;0;0;0;0;1;0
11;3;3040614;2019;8;11;6;3;0;3;0;1;0;0;0;0;1;0
11;9;9051901;2019;8;12;7;3;5;3;0;1;0;0;0;0;0;0
11;5;5020417;2019;8;11;6;3;0;3;0;0;1;0;1;0;0;0
11;7;7030303;2019;8;11;7;3;5;2;0;1;1;0;0;0;0;0
11;7;7050501;2019;8;9;6;3;1;5;0;1;1;0;0;0;0;0
11;1;1011204;2019;8;9;6;3;5;3;0;1;1;0;0;0;0;0
11;9;9041601;2019;8;11;7;2;8;1;0;0;0;0;1;0;0;0
11;8;8010404;2019;8;9;6;3;2;6;0;0;1;0;0;0;0;0
11;4;4030931;2019;8;6;7;2;8;7;0;0;1;0;0;0;0;1
11;12;12224229;2019;8;8;6;3;5;2;0;1;1;0;0;0;0;0
11;2;2030401;2019;8;12;7;3;5;3;0;0;1;0;0;0;0;0
11;8;8020727;2019;8;8;6;3;6;4;0;0;1;1;0;0;0;0
11;8;8010213;2019;8;16;7;3;5;3;0;1;1;0;0;0;0;0
11;1;1033101;2019;8;8;6;3;5;2;0;1;1;0;0;0;0;0
11;7;7070701;2019;8;7;6;3;1;5;0;0;1;0;0;1;0;0
11;3;3061434;2019;8;3;6;3;6;4;2;0;1;1;0;0;0;0
11;7;7020201;2019;8;15;6;3;5;3;0;0;1;0;0;0;0;0
11;2;2040701;2019;8;7;6;3;5;2;0;1;1;0;0;0;0;0
11;7;7040405;2019;8;9;6;3;6;4;0;0;1;1;0;0;0;0
11;6;6010207;2019;8;19;6;3;5;3;0;0;1;0;1;0;0;0
11;9;9051702;2019;8;16;6;2;5;7;0;0;1;0;1;0;0;0
11;2;2030302;2019;8;13;6;3;0;2;0;1;0;0;0;0;1;0
11;1;1011305;2019;8;16;6;2;1;5;0;0;1;0;0;0;1;0
11;1;1011302;2019;8;1;6;3;0;1;2;0;0;0;0;0;1;0
11;1;1033101;2019;8;13;6;2;5;2;0;0;1;0;0;0;0;0
11;9;9051901;2019;8;20;6;3;0;6;1;1;0;0;0;0;1;0
11;3;3071638;2019;8;8;6;3;0;6;0;0;0;0;1;0;0;0
11;3;3040818;2019;8;20;6;3;5;2;1;1;1;0;0;0;0;0
11;1;1022204;2019;8;8;6;2;5;3;0;1;0;0;0;0;0;0
11;9;9020701;2019;8;17;6;3;5;2;0;1;1;0;0;0;0;0
11;11;11051229;2019;8;11;6;3;0;6;0;0;1;0;0;0;0;0
11;6;6030608;2019;8;9;6;2;1;5;0;1;1;0;0;0;0;0
11;8;8020625;2019;8;19;6;2;0;2;0;0;1;0;0;0;1;0
11;4;4030417;2019;8;4;6;3;1;5;2;1;1;0;0;0;0;0
11;6;6010102;2019;8;19;6;2;6;4;0;1;0;1;0;0;0;0
11;1;1011401;2019;8;9;5;3;5;2;0;1;1;0;0;0;0;0
11;8;8010303;2019;8;18;6;3;2;6;0;1;1;0;0;0;0;0
11;1;1044201;2019;8;21;5;3;1;5;2;1;1;0;0;0;0;0
11;12;12103116;2019;8;18;6;3;1;5;0;1;1;0;0;0;0;0
11;12;12231102;2019;8;19;5;3;3;6;1;1;1;0;0;0;0;0
11;11;11030619;2019;8;18;5;3;5;3;0;1;0;0;0;0;0;0
11;2;2020206;2019;8;18;6;3;6;4;0;1;0;1;0;0;0;0
11;1;1011305;2019;8;17;6;3;1;5;0;1;0;0;0;0;1;0
11;7;7040405;2019;8;18;5;3;5;2;0;1;1;0;0;0;0;0
11;1;1011105;2019;8;18;5;3;2;6;0;0;1;0;0;0;0;0
11;7;7030301;2019;8;16;6;2;5;2;0;1;1;0;0;0;0;0
11;1;1011201;2019;8;17;5;3;5;3;0;1;0;0;0;0;1;0
11;4;4051655;2019;8;16;6;3;5;2;0;1;0;0;0;0;1;0
11;9;9030901;2019;8;19;5;3;5;3;0;0;1;0;1;0;0;0
11;1;1022106;2019;8;17;5;3;6;4;0;0;1;1;0;0;0;0
11;1;1011105;2019;8;22;6;3;2;2;2;1;1;0;0;0;0;0
11;4;4051654;2019;8;15;5;3;0;7;0;1;0;0;0;0;0;0
11;1;1011204;2019;8;15;5;3;5;3;0;1;1;0;0;0;0;0
11;9;9031001;2019;8;16;6;2;5;2;0;1;1;0;0;0;0;0
11;3;3040614;2019;8;15;5;3;5;3;0;1;0;0;0;0;0;0
11;6;6020303;2019;8;14;5;3;3;2;0;0;1;0;1;0;0;0
11;5;5030731;2019;8;22;6;3;5;2;2;1;1;0;0;0;0;0
11;7;7010102;2019;8;14;5;3;3;5;0;1;1;0;0;0;0;0
11;4;4041241;2019;8;22;6;2;5;2;2;1;1;0;0;0;0;0
11;3;3040614;2019;8;14;5;3;5;2;0;1;1;0;0;0;0;0
11;4;4030930;2019;8;21;6;3;5;2;1;1;1;0;0;0;0;0
11;2;2030302;2019;8;14;5;3;4;7;0;1;0;0;0;0;0;0
11;11;11030721;2019;8;20;6;3;0;2;1;1;1;0;0;0;0;0
11;5;5030832;2019;8;14;5;3;5;3;0;1;1;0;0;0;0;0
11;5;5040936;2019;8;14;5;3;5;2;0;1;1;0;0;0;0;0
11;8;8010117;2019;8;16;6;2;3;6;0;0;1;0;1;0;0;0
11;1;1011204;2019;8;16;6;3;5;3;0;0;1;0;0;0;1;0
11;4;4030620;2019;8;13;5;3;0;2;0;0;1;0;0;0;1;0
11;8;8040933;2019;8;14;5;2;2;6;0;0;1;0;0;0;0;0
11;12;12304314;2019;8;15;6;3;5;2;0;0;1;0;1;0;0;0
11;1;1011204;2019;8;12;5;3;5;3;0;1;0;0;0;0;0;0
11;1;1044101;2019;8;15;6;3;5;2;0;1;1;0;0;0;0;0
11;9;9010402;2019;8;12;5;3;5;3;0;0;1;0;0;0;0;0
11;5;5010339;2019;8;12;6;3;2;6;0;0;1;0;0;0;0;0
11;12;12214424;2019;8;10;5;3;0;6;0;0;1;0;1;0;0;0
11;5;5010209;2019;8;11;6;3;5;3;0;1;1;0;0;0;0;0
11;7;7040405;2019;8;10;5;3;0;7;0;0;1;0;0;0;1;0
11;1;1033201;2019;8;11;6;3;2;6;0;0;1;0;0;0;0;0
11;3;3040818;2019;8;13;1;3;5;3;0;0;1;0;0;0;0;0
11;9;9051801;2019;9;8;2;3;5;3;0;0;1;0;0;0;0;1
11;12;12304313;2019;9;7;2;3;5;3;0;0;1;0;0;0;1;1
11;8;8010301;2019;9;7;2;3;5;3;0;0;1;0;0;0;0;1
11;7;7050501;2019;9;6;2;3;2;2;2;0;1;0;0;0;1;1
11;8;8030831;2019;9;14;2;3;6;2;0;0;1;1;0;0;0;1
11;11;11051229;2019;9;6;2;3;5;2;1;1;1;0;0;0;0;1
11;4;4010102;2019;9;5;2;3;2;6;0;0;1;0;0;0;0;1
11;9;9051901;2019;9;18;2;3;5;3;0;1;1;0;0;0;0;1
11;4;4030415;2019;9;22;1;3;5;3;2;1;1;0;0;0;0;0
11;1;1033203;2019;9;3;1;3;1;5;2;0;1;0;0;0;0;0
11;8;8010212;2019;9;21;1;3;1;5;2;0;1;0;0;0;0;0
11;8;8010212;2019;9;21;1;2;6;7;2;1;0;1;0;0;0;0
11;7;7060603;2019;9;21;1;3;1;5;2;0;1;0;0;0;0;0
11;7;7040403;2019;9;18;1;3;2;7;0;0;1;0;1;0;0;0
11;7;7050505;2019;9;14;1;3;1;5;0;0;1;0;0;0;1;0
11;8;8010212;2019;9;2;1;2;0;1;2;1;0;0;0;0;0;0
11;2;2050802;2019;9;1;1;3;0;7;2;0;0;0;0;0;1;0
11;12;12231101;2019;9;0;1;2;0;1;2;1;0;0;0;0;0;0
11;2;2030301;2019;9;0;1;3;2;7;2;1;1;0;0;0;0;1
11;4;4030620;2019;9;0;1;3;5;3;2;0;1;0;0;0;0;0
11;12;12214125;2019;9;13;1;3;2;6;0;0;1;0;0;0;0;0
11;1;1011105;2019;9;13;1;3;0;7;0;0;0;0;0;0;1;0
11;8;8010118;2019;9;0;1;3;3;6;2;1;1;0;0;0;0;0
11;1;1044102;2019;9;11;1;3;5;2;0;0;1;0;0;0;0;0
11;7;7070701;2019;9;11;1;3;2;2;0;0;1;0;0;0;0;0
11;3;3030406;2019;9;11;1;3;5;3;0;0;1;0;0;0;0;0
11;11;11051330;2019;9;10;1;3;0;3;0;1;0;0;0;0;1;0
11;8;8010213;2019;9;21;7;3;5;3;2;1;1;0;0;0;0;0
11;4;4030620;2019;9;23;7;2;0;1;2;0;0;0;0;0;1;0
11;3;3040818;2019;9;23;7;2;5;3;2;0;1;0;0;0;0;0
11;6;6040804;2019;9;22;7;3;0;1;2;0;0;0;1;0;0;1
11;1;1044103;2019;9;17;7;3;6;4;0;0;1;1;0;0;0;0
11;6;6030502;2019;9;14;7;3;5;3;0;0;1;0;1;0;0;0
11;9;9051701;2019;9;16;7;3;5;3;0;1;1;0;0;0;0;0
11;5;5010101;2019;9;16;7;2;4;6;0;0;1;0;1;0;0;0
11;10;10030727;2019;9;16;7;3;2;6;0;0;1;0;0;0;0;0
11;8;8020625;2019;9;15;7;2;5;2;0;0;1;0;0;0;1;0
11;10;10040829;2019;9;15;7;3;5;2;0;0;1;0;1;0;0;0
11;8;8020621;2019;9;14;7;3;5;3;0;0;1;0;0;0;0;0
11;4;4030417;2019;9;14;7;3;0;1;0;0;0;0;1;0;0;0
11;3;3071536;2019;9;14;7;3;6;4;0;1;0;1;0;0;0;0
11;3;3050925;2019;9;14;7;3;1;1;0;1;1;0;0;0;0;0
11;4;4030726;2019;9;14;7;3;2;6;0;0;1;0;0;0;0;0
11;9;9020702;2019;9;11;7;3;0;1;0;1;0;0;0;0;0;0
11;1;1011401;2019;9;10;7;3;1;1;0;1;1;0;0;0;0;0
11;7;7030301;2019;9;9;7;3;5;3;0;1;1;0;0;0;0;0
11;8;8041039;2019;9;14;7;3;6;7;0;0;1;1;0;0;0;0
11;2;2020203;2019;9;1;7;3;1;5;2;1;1;0;0;0;1;0
11;2;2020205;2019;9;22;6;3;1;1;2;0;1;0;0;0;1;0
11;2;2010103;2019;9;21;6;3;0;1;2;1;0;0;0;0;0;0
11;2;2050803;2019;9;21;6;3;5;2;2;1;1;0;0;0;0;0
11;3;3010101;2019;9;20;6;2;5;2;2;0;1;0;1;0;0;0
11;3;3061131;2019;9;11;6;3;5;3;0;1;1;0;0;0;0;0
11;1;1011203;2019;9;11;6;2;6;2;0;0;1;1;0;0;0;0
11;4;4051655;2019;9;11;6;3;3;6;0;0;1;0;1;0;0;0
11;1;1044102;2019;9;10;6;3;2;6;0;0;1;0;0;0;0;0
11;7;7050504;2019;9;19;6;3;1;5;2;0;1;0;0;0;1;0
11;1;1011201;2019;9;15;6;2;0;1;0;0;0;0;0;0;1;0
11;1;1011306;2019;9;9;6;3;2;2;0;0;0;0;1;1;0;0
11;2;2020205;2019;9;19;6;3;6;4;1;0;1;1;0;0;0;0
11;9;9010402;2019;9;19;6;3;5;2;1;1;1;0;0;0;0;0
11;1;1011302;2019;9;8;6;3;2;2;0;1;1;0;0;0;0;0
11;1;1022103;2019;9;14;6;3;2;6;0;0;1;0;0;0;0;0
11;1;1044201;2019;9;8;6;3;3;6;0;0;1;0;1;0;0;0
11;1;1011306;2019;9;14;6;3;1;7;0;1;1;0;0;0;0;0
11;2;2040701;2019;9;8;6;3;0;7;0;0;0;0;0;1;0;0
11;11;11030720;2019;9;18;6;2;6;4;0;0;1;1;0;0;0;0
11;8;8020727;2019;9;7;6;2;6;4;0;0;1;1;0;0;0;0
11;4;4030621;2019;9;14;6;3;5;3;0;1;1;0;0;0;0;0
11;8;8010118;2019;9;18;6;3;1;5;0;0;1;0;0;0;0;0
11;1;1044203;2019;9;14;6;3;2;6;0;0;1;0;0;0;0;0
11;9;9020502;2019;9;6;6;3;5;3;0;0;1;0;0;0;0;0
11;7;7010101;2019;9;16;6;3;2;2;0;1;1;0;0;0;0;0
11;4;4041136;2019;9;13;6;3;5;2;0;1;1;0;0;0;0;0
11;10;10030727;2019;9;12;6;3;2;6;0;0;1;0;0;0;0;0
11;3;3050920;2019;9;16;6;3;5;2;0;1;1;0;0;0;0;0
11;5;5020627;2019;9;12;6;2;5;2;0;0;1;0;0;0;0;0
11;1;1033102;2019;9;16;6;3;9;1;0;0;1;1;0;0;0;0
11;12;12214422;2019;9;12;6;3;2;6;0;0;1;0;0;0;1;0
11;1;1044103;2019;9;16;6;3;5;2;0;1;1;0;0;0;0;0
11;10;10020414;2019;9;12;6;3;2;2;0;0;1;0;1;0;0;0
11;4;4020313;2019;9;11;6;2;3;6;0;0;1;0;1;0;0;0
11;1;1011402;2019;9;15;6;3;0;1;0;1;0;0;0;0;0;0
11;4;4030726;2019;9;15;6;2;5;2;0;1;1;0;0;0;0;0
11;4;4030623;2019;9;12;6;3;5;2;0;1;0;0;0;1;0;0
11;1;1011401;2019;9;19;6;1;9;7;1;0;1;1;0;0;1;0
11;4;4041343;2019;9;6;5;2;0;7;0;1;1;0;0;0;0;0
11;1;1011306;2019;9;4;5;2;6;2;2;0;1;1;0;0;0;1
11;7;7040405;2019;9;22;5;3;5;2;2;0;1;0;0;0;0;0
11;2;2020204;2019;9;20;5;3;2;6;2;0;1;0;0;0;0;0
11;6;6040810;2019;9;20;5;3;5;2;2;1;1;0;0;0;0;0
11;12;12214125;2019;9;18;5;2;0;7;0;1;0;0;0;0;0;0
11;10;10030727;2019;9;18;5;2;5;3;0;0;1;0;0;0;0;0
11;3;3071639;2019;9;21;5;3;5;3;2;1;1;0;0;0;0;0
11;6;6020303;2019;9;10;5;3;5;2;0;1;1;0;0;0;0;0
11;1;1022104;2019;9;17;5;3;5;3;0;1;0;0;0;0;0;1
11;10;10030727;2019;9;17;5;3;2;6;0;0;1;0;0;0;0;0
11;1;1044202;2019;9;12;5;3;2;6;0;0;1;0;0;0;0;0
11;12;12103218;2019;9;11;5;3;5;2;0;1;1;0;0;0;0;0
11;3;3061131;2019;9;11;5;3;5;2;0;1;1;0;0;0;0;0
11;3;3020209;2019;9;9;5;3;5;3;0;1;1;0;0;0;0;0
11;10;10010310;2019;9;9;5;3;2;6;0;0;1;0;0;1;0;0
11;4;4020313;2019;9;8;5;3;3;6;0;0;1;0;0;0;0;0
11;6;6030607;2019;9;8;5;3;2;6;0;0;1;0;0;1;0;0
11;7;7040406;2019;9;8;5;3;5;2;0;1;1;0;0;0;0;0
11;3;3040512;2019;9;8;5;3;0;2;0;1;1;0;0;0;0;0
11;9;9010402;2019;9;8;5;3;0;2;0;0;1;0;1;0;0;1
11;5;5030731;2019;9;8;5;2;5;3;0;1;0;0;0;0;1;0