LAND;BEZ;LOR_ab_2021;UJAHR;UMONAT;USTUNDE;UWOCHENTAG;UKATEGORIE;UART;UTYP1;ULICHTVERH;IstRad;IstPKW;IstFuss;IstKrad;IstGkfz;IstSonstige;USTRZUSTAND
11;4;4020209;2019;9;17;5;3;0;5;0;0;0;0;1;0;1;0
11;8;8020726;2019;9;17;5;3;5;3;0;0;1;0;0;0;0;0
11;12;12224230;2019;9;17;5;3;5;2;0;1;1;0;0;0;0;0
11;4;4051654;2019;9;17;5;2;6;7;0;0;1;1;0;0;0;0
11;4;4030726;2019;9;17;5;3;5;3;0;0;1;0;0;0;0;0
11;5;5040934;2019;9;16;5;2;0;1;0;1;0;0;0;0;0;0
11;5;5040936;2019;9;7;5;3;5;3;0;1;1;0;0;0;0;0
11;4;4030931;2019;9;15;5;3;6;4;0;0;1;1;0;0;0;0
11;9;9041401;2019;9;7;5;2;6;4;0;0;1;1;0;0;0;0
11;5;5010312;2019;9;15;6;2;5;3;0;0;1;0;1;0;0;0
11;10;10020414;2019;9;15;5;3;6;2;0;0;1;1;0;0;0;0
11;1;1022104;2019;9;15;6;3;1;5;0;1;1;0;0;0;0;0
11;6;6040701;2019;9;15;6;3;5;3;0;1;1;0;0;0;0;0
11;9;9020502;2019;9;7;5;3;0;1;0;0;0;0;1;0;0;1
11;1;1033102;2019;9;15;5;3;5;2;0;1;1;0;0;0;0;0
11;1;1011304;2019;9;21;6;3;2;6;2;0;1;0;0;0;0;0
11;4;4030518;2019;9;15;5;3;5;3;0;0;1;0;0;0;0;0
11;10;10020518;2019;9;6;5;3;5;3;1;0;1;0;0;0;0;1
11;4;4051549;2019;9;7;5;3;5;2;0;1;1;0;0;0;0;1
11;6;6010102;2019;9;11;5;3;0;1;0;1;0;0;0;0;0;0
11;2;2020205;2019;9;14;5;3;5;5;0;1;1;0;0;0;0;0
11;6;6040810;2019;9;16;5;3;5;2;0;1;1;0;0;0;0;0
11;6;6040804;2019;9;15;5;3;6;4;0;1;0;1;0;0;0;0
11;6;6030504;2019;9;6;5;2;2;7;0;0;1;0;0;0;1;1
11;7;7020201;2019;9;16;5;3;2;2;0;1;1;0;0;0;0;0
11;7;7020203;2019;9;14;5;3;5;7;0;0;0;0;1;0;1;0
11;1;1011304;2019;9;16;5;3;0;5;0;0;1;0;1;0;0;0
11;7;7010104;2019;9;14;5;3;5;3;0;1;1;0;0;0;0;0
11;4;4030620;2019;9;16;5;2;5;2;0;0;1;0;0;0;1;0
11;9;9010401;2019;9;14;5;3;0;2;0;0;1;0;1;0;0;0
11;7;7040402;2019;9;15;5;3;0;6;0;0;1;0;0;0;1;0
11;12;12214125;2019;9;15;5;3;2;2;0;0;1;0;1;0;0;0
11;4;4020310;2019;9;6;5;3;0;1;0;0;0;0;1;0;0;1
11;12;12301204;2019;9;6;5;3;5;3;0;0;1;0;1;0;0;1
11;5;5010312;2019;9;15;5;3;1;5;0;1;1;0;0;0;0;0
11;11;11030618;2019;9;15;5;3;1;5;0;0;1;0;0;0;0;0
11;12;12103117;2019;9;6;5;2;0;3;1;0;1;0;1;0;0;1
11;3;3010102;2019;9;14;5;3;5;3;0;0;1;0;0;0;0;0
11;8;8020622;2019;9;18;5;2;0;7;1;0;0;0;1;0;0;1
11;11;11040926;2019;9;14;5;2;6;4;0;1;0;1;0;0;0;0
11;2;2040703;2019;9;13;5;3;5;3;0;1;0;0;0;0;1;0
11;11;11030720;2019;9;13;5;2;5;3;0;1;1;0;0;0;0;0
11;12;12231101;2019;9;14;5;3;5;3;0;1;1;0;0;0;0;0
11;1;1044203;2019;9;13;5;3;2;6;0;0;1;0;0;0;0;0
11;12;12214424;2019;9;11;5;3;3;6;0;0;1;0;0;1;0;0
11;2;2040701;2019;9;11;5;3;2;6;0;1;0;0;0;0;0;0
11;4;4031032;2019;9;23;5;2;5;7;2;0;1;0;0;0;0;0
11;1;1022106;2019;9;14;5;3;6;4;0;0;0;1;0;0;1;0
11;10;10020414;2019;9;15;5;3;5;3;0;1;1;0;0;0;0;0
11;2;2040502;2019;9;12;4;3;2;6;0;1;1;0;0;0;0;0
11;2;2010102;2019;9;20;5;3;5;3;2;0;1;0;0;0;0;0
11;1;3071536;2019;9;14;4;3;3;3;0;1;1;0;0;0;0;0
11;3;3040818;2019;9;19;5;3;0;4;2;0;0;1;1;0;0;0
11;7;7020201;2019;9;18;5;2;3;6;0;0;1;0;0;0;0;0
11;1;1011302;2019;9;20;4;3;3;6;2;0;1;0;0;0;0;0
11;1;1044202;2019;9;19;4;3;5;2;0;1;1;0;0;0;0;0
11;4;4031032;2019;9;18;5;3;5;3;0;0;1;0;0;0;0;0
11;5;5020523;2019;9;18;5;2;5;3;0;1;1;0;0;0;0;0
11;7;7050504;2019;9;19;4;2;1;5;0;0;1;0;0;0;0;0
11;6;6030504;2019;9;17;5;2;5;2;0;0;1;0;1;0;0;0
11;1;1011302;2019;9;18;4;3;1;5;0;1;0;0;0;1;1;0
11;12;12103116;2019;9;17;5;2;6;4;0;0;1;1;0;0;0;0
11;12;12103117;2019;9;18;4;3;2;6;0;0;1;0;0;0;0;0
11;4;4031032;2019;9;10;5;3;1;5;0;1;1;0;0;0;0;0
11;4;4030417;2019;9;18;4;3;1;5;0;0;1;0;0;0;0;0
11;4;4051654;2019;9;10;5;3;5;3;0;0;1;0;1;0;0;0
11;5;5020417;2019;9;10;5;3;5;3;0;0;1;0;1;0;0;1
11;8;8041037;2019;9;18;4;3;5;3;0;0;1;0;1;0;0;0
11;4;4051653;2019;9;18;4;3;2;6;0;0;1;0;0;0;0;0
11;1;1044101;2019;9;9;5;3;3;6;0;0;1;0;0;0;0;0
11;5;5010314;2019;9;18;4;3;3;6;0;0;0;0;1;0;1;0
11;3;3061429;2019;9;9;5;3;5;3;0;1;1;0;0;0;0;0
11;9;9020502;2019;9;17;4;3;5;2;0;0;1;0;1;0;0;0
11;4;4020310;2019;9;9;5;3;3;6;0;0;0;0;1;0;1;0
11;1;1011306;2019;9;17;4;3;5;2;0;1;0;0;1;0;0;0
11;8;8020622;2019;9;7;5;3;2;7;0;1;1;0;0;0;0;0
11;3;3040508;2019;9;16;4;2;5;3;0;1;1;0;0;0;0;0
11;1;1011303;2019;9;8;5;3;5;3;0;1;0;0;1;0;0;1
11;2;2020202;2019;9;7;5;3;5;2;0;1;1;0;0;0;0;1
11;4;4031032;2019;9;16;4;3;2;3;0;1;1;0;0;0;0;0
11;12;12214424;2019;9;5;5;2;0;3;2;1;1;0;0;0;0;1
11;2;2010103;2019;9;16;4;3;1;5;0;1;1;0;0;0;0;0
11;1;1022207;2019;9;16;5;2;6;4;0;1;0;1;0;0;0;0
11;1;1011301;2019;9;8;4;3;3;6;0;1;1;0;0;0;0;0
11;8;8020621;2019;9;15;4;3;3;6;0;1;0;0;0;0;0;0
11;9;9020702;2019;9;15;4;3;0;3;0;1;0;0;0;0;1;0
11;6;6010101;2019;9;15;4;3;5;3;0;1;1;0;0;0;0;0
11;8;8010213;2019;9;16;4;3;2;2;0;1;0;0;0;0;1;0
11;1;1011204;2019;9;15;4;3;2;2;0;1;0;0;0;0;1;0
11;4;4010102;2019;9;21;4;3;2;6;2;0;1;0;0;0;0;0
11;9;9051702;2019;9;12;4;3;5;2;0;1;1;0;0;0;0;0
11;1;1011204;2019;9;21;4;3;5;3;2;0;1;0;0;0;0;0
11;5;5020524;2019;9;20;4;3;6;4;2;1;0;1;0;0;0;0
11;7;7030301;2019;9;11;4;3;6;2;0;0;1;1;0;0;0;0
11;1;1033203;2019;9;11;4;2;2;2;0;0;0;0;1;0;0;0
11;11;11030721;2019;9;20;4;3;5;2;2;0;1;0;1;0;0;0
11;1;1044101;2019;9;10;4;3;2;3;0;0;1;0;0;0;1;0
11;4;4041137;2019;9;20;4;2;6;4;2;0;1;1;0;0;0;0
11;9;9020601;2019;9;0;4;3;5;3;2;0;1;0;0;0;0;0
11;1;1033202;2019;9;19;4;3;1;5;2;0;1;0;0;0;0;0
11;9;9041402;2019;9;10;4;3;6;4;0;1;0;1;0;0;0;0
11;3;3030715;2019;9;19;4;3;5;2;1;0;1;0;0;0;0;0
11;3;3061131;2019;9;19;4;3;4;6;1;1;0;0;0;0;0;0
11;4;4041344;2019;9;10;4;3;0;5;0;0;1;0;1;0;0;0
11;3;3061131;2019;9;19;4;3;3;6;0;1;0;0;0;0;0;0
11;6;6020304;2019;9;15;4;3;5;3;0;1;0;0;0;0;1;0
11;2;2050802;2019;9;18;4;3;0;1;0;1;1;0;0;0;0;0
11;12;12214125;2019;9;10;4;2;5;2;0;0;1;0;0;0;0;0
11;5;5030833;2019;9;17;4;3;5;3;0;0;1;0;0;0;0;0
11;5;5030730;2019;9;14;4;3;5;2;0;1;0;0;0;0;1;0
11;11;11041022;2019;9;17;4;3;2;6;0;0;1;0;0;0;0;0
11;9;9051901;2019;9;9;4;3;5;3;0;1;1;0;0;0;0;0
11;4;4020313;2019;9;10;4;3;5;3;0;0;1;0;0;0;0;0
11;3;3061430;2019;9;17;4;3;5;2;0;1;1;0;0;0;0;0
11;7;7040403;2019;9;14;4;3;5;2;0;1;1;0;0;0;0;0
11;7;7040402;2019;9;16;4;3;5;3;0;0;1;0;0;0;1;0
11;4;4031032;2019;9;14;4;3;5;3;0;0;1;0;1;0;0;0
11;11;11020516;2019;9;16;4;3;2;6;0;0;1;0;0;0;0;0
11;6;6010101;2019;9;14;4;3;5;2;0;1;1;0;0;0;0;0
11;1;1011202;2019;9;7;4;3;5;2;0;1;0;0;1;0;0;0
11;9;9020501;2019;9;12;4;3;5;3;0;0;0;0;0;0;1;0
11;5;5010314;2019;9;9;4;3;0;2;0;0;1;0;0;0;1;0
11;8;8041035;2019;9;14;4;3;5;2;0;0;1;0;1;0;0;0
11;12;12231102;2019;9;12;4;3;1;5;0;1;1;0;0;0;0;0
11;6;6010210;2019;9;12;4;3;5;3;0;0;1;0;1;0;0;0
11;4;4051549;2019;9;10;4;2;5;2;0;1;0;0;0;0;1;0
11;2;2030401;2019;9;11;4;3;0;7;0;0;1;0;0;0;0;0
11;4;4041137;2019;9;13;4;2;6;4;0;0;0;1;1;0;0;0
11;9;9020501;2019;9;11;4;3;5;2;0;1;0;0;0;1;0;0
11;1;1044203;2019;9;10;4;3;1;5;0;1;1;0;0;0;1;0
11;10;10030724;2019;9;9;4;3;5;7;0;0;1;0;0;0;0;0
11;8;8010301;2019;9;10;4;3;5;2;0;1;1;0;0;0;0;0
11;4;4030622;2019;9;9;4;3;1;5;0;1;1;0;0;0;0;0
11;7;7020201;2019;9;12;4;3;5;2;0;0;1;0;0;0;0;0
11;1;1011102;2019;9;8;4;3;2;2;0;0;1;0;1;0;0;0
11;11;11040926;2019;9;8;4;3;5;2;0;1;1;0;0;0;0;0
11;11;11030618;2019;9;9;4;3;0;6;0;0;1;0;0;1;0;0
11;2;2040703;2019;9;8;4;3;5;2;0;1;1;0;0;0;0;0
11;7;7010102;2019;9;7;4;3;6;7;0;0;0;0;0;0;1;0
11;12;12304314;2019;9;7;4;3;5;2;0;1;1;0;0;0;0;0
11;9;9051801;2019;9;12;4;3;5;3;0;1;1;0;0;0;0;0
11;2;2010102;2019;9;7;4;3;3;6;0;1;1;0;0;0;0;0
11;4;4010101;2019;9;6;4;2;0;3;0;0;1;0;1;0;0;0
11;12;12301203;2019;9;5;4;3;0;3;2;1;1;0;0;0;0;0
11;5;5010101;2019;9;5;4;3;0;7;1;0;0;0;1;0;0;0
11;9;9051901;2019;9;6;4;3;5;2;0;1;1;0;0;0;0;0
11;9;9041402;2019;9;14;4;3;0;2;0;0;1;0;0;0;1;0
11;5;5010101;2019;9;0;4;3;6;4;2;0;0;1;0;0;1;0
11;12;12214527;2019;9;16;4;3;9;1;0;0;1;0;0;0;0;0
11;12;12214424;2019;9;12;3;3;5;3;0;0;1;0;0;0;0;0
11;8;8010117;2019;9;15;4;3;5;2;0;1;1;0;0;0;0;0
11;11;11030721;2019;9;17;3;3;1;5;0;1;1;0;0;0;0;0
11;12;12214424;2019;9;15;4;3;3;6;0;0;1;0;1;0;0;0
11;4;4030415;2019;9;15;4;2;0;7;0;1;1;0;0;0;0;0
11;11;11040926;2019;9;8;3;3;5;3;0;1;0;0;0;0;0;0
11;11;11051330;2019;9;15;4;3;5;2;0;1;1;0;0;0;0;0
11;10;10010310;2019;9;15;4;3;5;7;0;0;0;0;1;0;1;0
11;3;3040614;2019;9;14;3;3;5;3;0;0;1;0;1;0;0;0
11;1;1011202;2019;9;11;4;3;0;1;0;1;0;0;0;0;0;0
11;2;2030402;2019;9;23;3;3;1;5;2;0;0;0;0;0;1;0
11;7;7040405;2019;9;13;4;3;5;3;0;0;1;0;0;0;0;0
11;1;1044201;2019;9;12;4;3;5;2;0;1;1;0;0;0;0;0
11;1;1022202;2019;9;15;3;3;5;2;0;1;1;0;0;0;0;0
11;5;5010314;2019;9;20;3;2;6;4;1;0;1;1;0;0;0;0
11;1;1022202;2019;9;8;4;2;0;7;0;0;1;0;0;0;0;0
11;5;5020523;2019;9;13;3;3;2;7;0;0;1;0;0;0;0;0
11;1;1011201;2019;9;20;3;3;2;6;2;1;1;0;0;0;0;0
11;1;1033101;2019;9;16;3;2;5;3;0;0;1;0;1;0;0;0
11;12;12214527;2019;9;15;3;3;5;3;0;1;1;0;0;0;0;0
11;8;8020622;2019;9;19;3;3;5;2;1;0;1;0;0;0;0;0
11;6;6030606;2019;9;12;3;3;1;5;0;0;1;0;1;0;0;0
11;5;5020625;2019;9;16;3;3;5;2;0;0;1;0;0;0;0;0
11;1;1011202;2019;9;14;3;2;0;1;0;0;0;0;0;0;1;0
11;2;2030401;2019;9;16;3;3;3;6;0;0;1;0;1;0;0;0
11;9;9020802;2019;9;18;3;3;2;6;0;0;1;0;0;0;0;0
11;9;9010301;2019;9;16;3;3;5;3;0;0;1;0;0;0;0;0
11;2;2040502;2019;9;14;3;3;2;7;0;1;1;0;0;0;0;0
11;5;5010311;2019;9;16;3;3;5;7;0;0;1;0;1;0;0;0
11;6;6030607;2019;9;13;3;3;5;3;0;0;1;0;0;0;1;0
11;4;4051446;2019;9;15;3;3;1;5;0;1;1;0;0;0;0;0
11;12;12103220;2019;9;16;3;3;5;3;0;0;1;0;1;0;0;0
11;6;6030609;2019;9;15;3;3;2;6;0;0;1;0;0;0;1;0
11;9;9020701;2019;9;17;3;3;5;2;0;1;0;0;0;0;1;0
11;1;1044102;2019;9;15;3;3;2;6;0;1;1;0;0;0;0;0
11;4;4030725;2019;9;13;3;3;0;3;0;0;1;0;0;0;1;1
11;1;1022102;2019;9;15;3;3;0;4;0;0;0;1;0;0;1;0
11;2;2030302;2019;9;15;3;3;2;7;0;1;1;0;0;0;0;0
11;10;10020415;2019;9;13;3;2;1;5;0;0;1;0;0;0;1;1
11;12;12301205;2019;9;14;3;3;2;6;0;0;1;0;0;0;0;0
11;6;6030501;2019;9;16;3;2;5;3;0;1;1;0;0;0;0;0
11;10;10040933;2019;9;14;3;3;3;6;0;1;1;0;0;0;0;0
11;11;11040925;2019;9;14;3;3;5;3;0;1;1;0;0;0;0;0
11;3;3040614;2019;9;12;3;3;5;2;0;1;1;0;0;0;0;0
11;10;10010310;2019;9;14;3;3;5;2;0;1;1;0;0;0;0;0
11;8;8010211;2019;9;11;3;3;5;7;0;0;1;0;0;0;0;0
11;4;4041342;2019;9;13;3;3;0;5;0;0;1;0;1;0;0;0
11;8;8020622;2019;9;11;3;3;5;2;0;0;1;0;0;0;1;0
11;4;4030931;2019;9;12;3;3;6;7;0;0;1;1;0;0;0;0
11;2;2020202;2019;9;10;3;3;5;2;0;1;1;0;0;0;0;0
11;3;3051017;2019;9;10;3;3;0;2;0;0;0;0;1;1;0;0
11;8;8041036;2019;9;10;3;2;5;7;0;0;1;0;1;0;0;0
11;1;1011303;2019;9;10;3;3;5;2;0;0;1;0;0;0;1;0
11;3;3040818;2019;9;10;3;3;6;2;0;0;1;1;0;0;0;1
11;1;1044202;2019;9;10;3;3;5;2;0;1;1;0;0;0;0;0
11;4;4030725;2019;9;10;3;2;5;2;0;0;1;0;1;0;0;1
11;9;9020701;2019;9;9;3;3;6;2;0;0;1;1;0;0;0;0
11;4;4030417;2019;9;10;3;3;0;1;0;1;0;0;0;0;0;1
11;3;3061126;2019;9;22;3;3;0;1;2;1;0;0;0;0;0;0
11;11;11051229;2019;9;9;3;3;1;5;0;1;0;0;0;1;0;0
11;1;1044103;2019;9;10;3;3;0;7;0;1;0;0;0;0;0;1
11;11;11030721;2019;9;8;3;3;0;6;0;1;1;0;0;0;0;0
11;7;7040401;2019;9;8;3;3;5;2;0;1;1;0;0;0;0;0
11;5;5010101;2019;9;8;3;3;2;6;0;0;1;0;0;0;1;0
11;8;8020727;2019;9;9;3;3;6;7;0;0;1;1;0;0;0;0
11;4;4051448;2019;9;8;3;3;5;3;0;0;1;0;0;0;0;0
11;2;2020203;2019;9;9;3;3;5;2;0;1;0;0;0;0;1;1
11;11;11030618;2019;9;7;3;3;6;4;0;0;0;1;1;0;0;0
11;2;2020205;2019;9;21;3;2;3;7;2;1;1;0;0;0;0;0
11;3;3051017;2019;9;7;3;3;5;2;0;1;1;0;0;0;0;0
11;1;1011103;2019;9;7;3;3;2;6;0;0;1;0;0;0;0;1
11;6;6010205;2019;9;7;3;2;6;4;0;0;1;1;0;0;0;0
11;2;2050803;2019;9;7;3;3;5;2;0;1;1;0;0;0;0;1
11;1;1011202;2019;9;6;3;3;5;3;0;1;1;0;0;0;0;0
11;1;1011302;2019;9;23;3;3;5;3;2;1;0;0;1;0;0;0
11;8;8041036;2019;9;16;3;3;5;3;0;1;1;0;0;0;0;0
11;10;10010205;2019;9;18;3;3;5;3;0;1;1;0;0;0;0;0
11;4;4030620;2019;9;17;3;3;0;4;0;1;0;1;0;0;0;0
11;10;10030724;2019;9;8;3;3;0;3;0;0;1;0;0;0;1;0
11;8;8010117;2019;9;14;3;3;2;6;0;0;1;0;0;0;1;0
11;4;4051652;2019;9;17;3;2;5;2;0;0;1;0;1;0;0;0
11;6;6020409;2019;9;16;3;3;5;3;0;0;1;0;0;0;1;0
11;12;12301203;2019;9;19;3;1;5;3;2;0;1;0;1;0;0;0
11;5;5010207;2019;9;11;3;3;2;6;0;0;1;0;0;0;1;0
11;2;2030402;2019;9;14;2;3;1;5;0;1;1;0;0;0;0;0
11;3;3061228;2019;9;1;3;3;5;3;2;0;1;0;0;0;0;1
11;8;8010212;2019;9;14;2;3;2;2;0;0;1;0;1;0;0;0
11;2;2040701;2019;9;14;3;3;1;5;0;0;1;0;0;0;1;0
11;10;10040828;2019;9;10;2;3;5;3;0;1;0;0;0;0;1;0
11;11;11020513;2019;9;6;2;2;6;7;1;1;0;1;0;0;0;0
11;11;11051332;2019;9;8;2;3;2;2;0;1;1;0;0;0;0;0
11;11;11020411;2019;9;22;2;3;1;1;2;0;1;0;0;0;0;1
11;7;7030301;2019;9;16;2;3;5;3;0;1;0;0;0;0;0;0
11;7;7020204;2019;9;12;2;2;5;3;0;1;1;0;0;0;0;1
11;11;11051331;2019;9;5;2;3;6;7;2;0;1;0;0;0;1;1
11;12;12231101;2019;9;21;2;2;5;3;2;0;1;0;1;0;0;0
11;12;12302109;2019;9;20;2;3;5;3;2;0;1;0;0;0;0;1
11;1;1011303;2019;9;18;2;3;6;7;0;0;1;1;0;0;0;0
11;12;12103116;2019;9;19;2;3;5;3;2;0;1;0;0;0;0;1
11;1;1011203;2019;9;18;2;3;3;6;0;1;1;0;0;0;0;0
11;5;5020625;2019;9;5;2;3;6;2;2;0;1;1;0;0;0;1
11;12;12304313;2019;9;18;2;2;6;4;0;0;1;1;0;0;0;0
11;1;1022101;2019;9;19;2;3;2;6;1;0;1;0;0;0;0;1
11;1;1022206;2019;9;18;2;3;2;6;0;0;1;0;0;0;0;1
11;1;1011306;2019;9;17;2;3;5;3;0;1;1;0;0;0;0;0
11;4;4051447;2019;9;17;2;3;5;2;0;1;1;0;0;0;0;0
11;6;6030605;2019;9;13;2;3;2;6;0;0;1;0;1;0;0;1
11;12;12214125;2019;9;16;2;3;6;4;0;0;1;1;0;0;0;1
11;7;7040403;2019;9;17;2;3;5;3;0;0;1;0;0;0;0;0
11;8;8020621;2019;9;12;2;3;2;6;0;0;1;0;0;0;1;1
11;4;4020311;2019;9;17;2;3;5;2;0;1;1;0;0;0;0;0
11;12;12214423;2019;9;16;2;3;5;3;0;0;1;0;0;0;0;1
11;6;6030503;2019;9;16;2;3;5;2;0;0;1;0;0;0;0;1
11;5;5010311;2019;9;17;2;3;5;3;0;1;1;0;0;0;0;0
11;6;6040809;2019;9;10;2;3;2;7;0;0;1;0;0;0;0;1
11;4;4020311;2019;9;10;2;3;1;5;0;1;0;0;0;1;0;1
11;4;4030623;2019;9;15;2;3;2;6;0;0;1;0;0;0;0;0
11;1;1044201;2019;9;16;2;3;5;3;0;0;1;0;0;0;0;1
11;5;5020524;2019;9;16;2;2;6;2;0;0;1;1;0;0;0;1
11;7;7050506;2019;9;23;2;3;5;2;2;0;1;0;0;0;1;0
11;4;4051447;2019;9;16;2;3;6;4;0;0;1;1;0;0;0;1
11;7;7050506;2019;9;16;2;3;5;2;0;0;1;0;0;0;0;0
11;5;5020625;2019;9;15;2;3;5;2;0;1;1;0;0;0;0;1
11;2;2020206;2019;9;15;2;3;2;6;0;0;1;0;0;0;0;0
11;9;9051901;2019;9;9;2;3;8;1;0;0;1;0;0;0;0;1
11;5;5010101;2019;9;15;2;3;4;1;0;0;1;0;0;0;0;0
11;8;8010301;2019;9;15;2;3;5;3;0;1;1;0;0;0;0;1
11;4;4030726;2019;9;9;2;3;5;2;0;0;1;0;0;0;1;1
11;8;8010508;2019;9;8;2;3;2;6;0;0;1;0;0;0;0;0
11;5;5010207;2019;9;12;2;2;5;2;0;0;1;0;1;0;0;0
11;5;5010339;2019;9;14;2;3;2;6;0;0;1;0;0;0;0;1
11;8;8020625;2019;9;9;2;3;0;6;0;0;1;0;1;0;0;1
11;8;8010510;2019;9;12;2;2;5;3;0;1;1;0;0;0;0;0
11;4;4030622;2019;9;14;2;3;6;4;0;1;0;1;0;0;0;1
11;3;3040512;2019;9;15;2;3;2;6;0;0;1;0;0;0;0;0
11;2;2030402;2019;9;14;2;3;5;3;0;1;1;0;0;0;0;1
11;6;6040806;2019;9;12;2;2;5;2;0;0;1;0;1;0;0;0
11;2;2020205;2019;9;9;2;3;6;2;0;0;1;1;0;0;0;1
11;3;3030405;2019;9;7;2;3;2;7;0;0;1;0;1;0;0;0
11;2;2050602;2019;9;14;2;3;2;6;1;0;1;0;0;1;0;1
11;1;1011304;2019;9;8;2;3;0;3;0;1;0;0;1;0;0;0
11;5;5020625;2019;9;16;6;3;5;2;0;0;1;0;0;0;0;0
11;12;12302212;2019;9;16;6;3;2;6;0;0;1;0;0;0;0;0
11;8;8041037;2019;9;16;6;3;1;1;0;0;1;0;1;0;0;0
11;1;1033102;2019;9;16;6;3;3;6;0;0;1;0;1;0;0;0
11;1;1011303;2019;9;16;6;3;5;2;0;1;1;0;0;0;0;0
11;8;8030831;2019;9;15;6;2;5;2;0;1;1;0;0;0;0;0
11;9;9010402;2019;9;15;6;3;0;1;0;1;0;0;0;0;0;0
11;4;4041137;2019;9;14;6;3;2;6;0;0;1;0;0;0;0;0
11;5;5030731;2019;9;14;6;3;5;3;0;0;1;0;0;0;1;0
11;2;2010102;2019;9;14;6;3;0;5;0;0;1;0;1;0;0;0
11;9;9020701;2019;9;14;6;3;5;2;0;1;1;0;0;0;0;0
11;11;11030618;2019;9;14;6;3;6;7;0;0;1;1;0;0;0;0
11;4;4030623;2019;9;14;6;2;3;6;0;0;1;0;0;0;1;0
11;1;1011303;2019;9;13;6;3;2;6;0;1;1;0;0;0;0;0
11;4;4051446;2019;9;13;6;3;5;7;0;0;1;0;0;0;0;0
11;1;1022104;2019;9;21;6;3;0;1;2;0;0;0;1;0;0;0
11;3;3071536;2019;9;21;6;3;0;1;2;0;0;0;0;0;1;0
11;9;9010202;2019;9;21;6;3;5;3;2;0;1;0;0;0;0;0
11;1;1033101;2019;9;13;6;3;2;6;0;0;1;0;0;0;0;0
11;5;5010103;2019;9;12;6;3;5;3;0;0;1;0;0;0;0;0
11;8;8020727;2019;9;12;6;3;5;2;0;0;1;0;1;0;0;0
11;12;12224230;2019;9;12;6;2;2;6;0;0;1;0;1;0;0;0
11;3;3010101;2019;9;7;6;3;3;6;0;1;1;0;0;0;0;0
11;9;9041301;2019;9;12;6;3;2;6;0;0;1;0;0;0;0;0
11;1;1011303;2019;9;7;6;3;0;3;0;0;0;0;1;0;0;0
11;10;10030724;2019;9;12;6;3;5;3;0;0;1;0;0;0;0;0
11;11;11010310;2019;9;6;6;2;4;7;0;0;1;0;0;0;1;0
11;4;4030827;2019;9;11;6;3;1;5;0;1;1;0;0;0;0;0
11;10;10040828;2019;9;9;6;3;5;3;0;1;1;0;0;0;0;0
11;7;7020204;2019;9;9;6;2;5;3;0;1;1;0;0;0;0;0
11;11;11030721;2019;9;9;6;3;0;7;0;0;1;0;0;0;0;0
11;8;8020728;2019;9;8;6;3;6;4;0;0;1;1;0;0;0;0
11;4;4041134;2019;9;8;6;3;5;2;0;0;1;0;0;0;0;0
11;7;7050502;2019;9;8;6;3;1;1;0;0;1;0;0;0;0;0
11;10;10020518;2019;9;7;6;3;5;3;0;0;1;0;0;0;1;0
11;1;1022206;2019;9;14;6;3;0;6;0;0;1;0;0;0;1;0
11;10;10010308;2019;9;15;5;2;5;2;0;1;0;0;0;0;0;0
11;4;4020310;2019;9;11;5;3;5;7;0;0;1;0;0;0;0;0
11;1;1011201;2019;9;21;5;3;0;3;2;0;1;0;1;0;0;0
11;4;4041137;2019;9;17;5;3;2;7;0;0;1;0;1;0;0;0
11;2;2020206;2019;9;10;5;3;3;6;0;0;1;0;0;1;0;0
11;8;8010509;2019;9;20;5;3;6;4;2;0;1;1;0;0;0;0
11;5;5020625;2019;9;10;5;3;2;7;0;0;1;0;1;0;0;0
11;2;2020206;2019;9;19;5;3;6;4;1;1;0;1;0;0;0;0
11;2;2010102;2019;9;16;5;2;5;2;0;0;1;0;1;0;0;0
11;5;5020625;2019;9;19;5;3;6;4;1;1;0;1;0;0;0;0
11;1;1011105;2019;9;9;5;3;1;5;0;1;1;0;0;0;0;0
11;10;10020623;2019;9;16;5;3;6;4;0;0;1;1;0;0;0;0
11;1;1033101;2019;9;9;5;3;0;6;0;0;1;0;0;0;1;0
11;1;1022106;2019;9;15;5;3;5;3;0;0;1;0;0;0;0;0
11;5;5020626;2019;9;15;5;3;2;6;0;0;1;0;0;0;0;0
11;1;1011401;2019;9;14;5;3;2;3;0;0;1;0;1;0;0;0
11;11;11010103;2019;9;19;5;3;5;3;1;0;1;0;0;0;0;0
11;8;8020622;2019;9;8;5;3;0;2;0;1;1;0;0;0;0;0
11;2;2050802;2019;9;8;5;3;5;2;0;1;1;0;0;0;0;0
11;8;8020622;2019;9;7;5;2;5;2;0;1;1;0;0;0;0;0
11;4;4020310;2019;9;14;5;2;6;4;0;0;0;1;0;0;1;0
11;9;9051901;2019;9;14;5;2;5;7;0;1;1;0;0;0;0;0
11;7;7060604;2019;9;7;5;3;5;3;0;1;1;0;0;0;0;0
11;8;8010404;2019;9;17;5;2;5;3;0;0;1;0;0;0;0;0
11;1;1011303;2019;9;14;5;3;6;4;0;1;0;1;0;0;0;0
11;1;1022206;2019;9;17;5;2;5;2;0;1;1;0;0;0;0;0
11;5;5010209;2019;9;14;5;3;1;1;0;1;1;0;0;0;0;0
11;11;11040926;2019;9;13;5;2;6;4;0;0;1;1;0;0;0;0
11;2;2030301;2019;9;2;5;3;1;5;2;0;1;0;0;0;0;0
11;1;1044101;2019;9;13;5;3;3;6;0;0;1;0;0;1;0;0
11;8;8010508;2019;9;12;5;3;5;2;0;0;1;0;0;0;0;0