LAND;BEZ;LOR_ab_2021;UJAHR;UMONAT;USTUNDE;UWOCHENTAG;UKATEGORIE;UART;UTYP1;ULICHTVERH;IstRad;IstPKW;IstFuss;IstKrad;IstGkfz;IstSonstige;USTRZUSTAND
11;7;7030301;2019;10;12;4;3;1;5;0;1;1;0;0;0;0;1
11;1;4030931;2019;10;19;4;3;0;7;2;0;0;0;0;0;1;1
11;7;7010102;2019;10;19;4;3;5;2;2;1;1;0;0;0;0;0
11;8;8010301;2019;10;5;4;3;0;3;2;1;1;0;0;0;0;1
11;2;2030301;2019;10;19;4;3;3;6;2;0;1;0;0;1;0;1
11;6;6040810;2019;10;11;4;2;5;2;0;1;1;0;0;0;0;0
11;3;3040818;2019;10;10;4;3;2;6;0;1;1;0;0;0;0;0
11;2;2020204;2019;10;22;4;3;5;3;2;0;1;0;0;0;1;1
11;12;12214424;2019;10;7;4;3;2;6;0;0;1;0;0;0;0;0
11;5;5010312;2019;10;10;4;3;6;7;0;0;1;1;0;0;0;0
11;1;1011401;2019;10;14;4;3;0;1;0;0;0;0;1;0;0;1
11;3;3020210;2019;10;6;4;3;5;3;0;1;0;0;0;0;1;1
11;1;1011306;2019;10;18;4;3;2;6;2;0;1;0;0;0;0;0
11;9;9051702;2019;10;6;4;2;5;3;2;1;1;0;0;0;0;1
11;4;4020310;2019;10;18;4;3;2;6;2;0;1;0;0;0;0;0
11;1;1033101;2019;10;6;4;3;6;4;2;1;0;1;0;0;0;1
11;12;12301203;2019;10;6;4;3;5;2;1;0;1;0;0;0;0;1
11;1;1022106;2019;10;10;3;3;5;2;0;1;1;0;0;0;0;1
11;9;9010301;2019;10;21;3;3;5;2;2;0;1;0;0;0;0;1
11;2;2020203;2019;10;19;4;3;2;6;2;0;1;0;1;0;0;1
11;1;1011302;2019;10;20;3;3;1;5;2;1;0;0;0;0;1;1
11;3;3071536;2019;10;18;3;3;2;6;0;0;1;0;1;0;0;1
11;2;2040503;2019;10;17;3;3;6;7;0;0;1;1;0;0;0;1
11;4;4041344;2019;10;18;3;2;0;1;2;1;0;0;0;0;0;1
11;12;12103117;2019;10;19;4;2;6;4;2;0;0;1;1;0;0;1
11;1;1033101;2019;10;20;3;3;6;4;2;0;1;1;0;0;0;1
11;10;10030724;2019;10;7;5;3;0;3;0;0;0;0;1;0;1;1
11;1;1011303;2019;10;13;5;3;2;2;0;1;1;0;0;0;0;0
11;12;12103218;2019;10;5;5;3;5;7;2;0;1;0;0;0;1;1
11;5;5030731;2019;10;6;5;3;2;2;1;0;1;0;0;0;0;1
11;7;7040406;2019;10;13;5;3;1;5;0;0;0;0;0;1;1;0
11;8;8010118;2019;10;6;5;3;2;2;2;0;1;0;1;0;0;1
11;5;5030833;2019;10;12;5;3;2;7;0;0;1;0;0;0;0;1
11;7;7060603;2019;10;12;5;3;0;1;0;1;0;0;0;0;0;1
11;1;1033101;2019;10;6;5;3;0;1;2;0;0;0;1;0;0;1
11;1;1033102;2019;10;9;5;3;2;2;0;0;1;0;0;0;0;1
11;1;1033202;2019;10;6;5;3;2;6;2;0;1;0;0;1;0;1
11;1;1011102;2019;10;8;5;2;1;5;0;1;0;0;0;0;1;1
11;7;7060603;2019;10;10;5;3;2;6;0;0;1;0;0;0;0;1
11;7;7040404;2019;10;8;5;3;5;2;0;1;1;0;0;0;0;1
11;1;1033101;2019;10;9;5;3;1;5;0;1;1;0;0;0;0;0
11;3;3030716;2019;10;8;5;3;2;6;0;0;1;0;0;0;0;1
11;12;12103219;2019;10;8;5;3;2;6;0;0;1;0;0;0;0;1
11;1;1011301;2019;10;8;5;3;5;2;0;1;1;0;0;0;0;1
11;4;4020310;2019;10;8;5;2;0;7;0;1;0;0;0;0;0;1
11;6;6030609;2019;10;12;4;3;5;3;0;1;1;0;0;0;0;0
11;5;5020626;2019;10;18;4;3;5;3;2;0;1;0;1;0;0;0
11;3;3071536;2019;10;9;4;3;5;2;0;1;0;0;0;0;1;0
11;4;4030931;2019;10;18;4;3;5;3;2;1;1;0;0;0;0;0
11;7;7070703;2019;10;20;4;3;5;2;2;0;1;0;0;0;0;0
11;4;4030620;2019;10;10;5;3;5;3;0;1;1;0;0;0;0;0
11;3;3051021;2019;10;20;4;3;5;3;2;1;1;0;0;0;0;0
11;3;3071537;2019;10;19;4;3;5;3;2;1;1;0;0;0;0;0
11;4;4010103;2019;10;6;5;3;0;6;1;0;1;0;1;0;0;0
11;8;8030830;2019;10;14;5;3;5;7;0;0;1;0;0;0;0;0
11;6;6020411;2019;10;16;4;3;5;3;0;0;1;0;0;0;0;0
11;4;4020209;2019;10;14;4;2;5;3;0;1;0;0;0;0;0;0
11;8;8041035;2019;10;14;4;3;5;3;0;1;1;0;0;0;0;0
11;1;1033102;2019;10;17;4;3;6;4;2;1;0;1;0;0;0;0
11;12;12301204;2019;10;13;4;3;1;5;0;0;1;0;0;0;0;0
11;5;5030730;2019;10;17;4;2;0;1;0;0;0;0;1;0;0;0
11;4;4020311;2019;10;13;4;3;6;4;0;0;1;1;0;0;0;0
11;4;4020209;2019;10;17;4;3;5;2;0;1;1;0;0;0;0;0
11;2;2050601;2019;10;9;5;2;6;4;0;1;0;1;0;0;0;0
11;3;3040818;2019;10;17;4;3;1;5;1;1;1;0;0;0;1;1
11;6;6010206;2019;10;7;5;2;0;4;0;1;0;1;0;0;0;0
11;2;2010102;2019;10;14;4;3;6;7;0;0;1;1;0;0;0;0
11;2;2020203;2019;10;16;4;3;5;2;0;1;1;0;0;0;0;0
11;9;9010101;2019;10;7;4;3;5;2;0;1;0;0;0;0;1;0
11;1;1044101;2019;10;16;4;2;1;5;0;0;1;0;0;0;0;0
11;8;8041037;2019;10;16;4;3;5;7;0;0;1;0;1;0;0;0
11;1;1022207;2019;10;16;4;3;3;6;0;1;0;0;0;1;0;0
11;8;8030829;2019;10;15;4;3;2;6;0;0;1;0;0;0;0;0
11;12;12231101;2019;10;15;4;3;3;6;0;0;1;0;1;0;0;0
11;6;6020409;2019;10;15;4;3;5;2;0;1;1;0;0;0;0;0
11;11;11040926;2019;10;15;4;3;5;3;0;1;1;0;0;0;0;0
11;2;2020202;2019;10;8;5;3;0;6;0;0;0;0;1;0;1;0
11;5;5020625;2019;10;12;4;3;6;7;0;0;1;1;0;0;0;0
11;3;3020209;2019;10;10;4;3;5;2;0;1;0;0;0;0;1;0
11;7;7040405;2019;10;7;5;3;2;6;0;0;1;0;0;0;1;1
11;1;1044103;2019;10;10;4;3;5;2;0;1;1;0;0;0;0;0
11;10;10030726;2019;10;10;4;3;5;3;0;1;0;0;0;0;0;0
11;1;1011105;2019;10;9;4;3;6;4;0;0;1;1;0;0;0;0
11;3;3040614;2019;10;8;4;3;5;3;0;1;0;0;0;0;1;0
11;7;7020204;2019;10;8;4;3;5;2;0;1;0;0;0;0;0;0
11;7;7010101;2019;10;8;4;3;2;6;0;0;1;0;0;0;0;0
11;2;2030401;2019;10;13;4;3;1;7;0;1;1;0;0;0;0;0
11;10;10010310;2019;10;7;4;3;0;7;0;0;1;0;0;0;0;0
11;2;2010104;2019;10;7;4;3;0;6;0;0;1;0;1;0;0;0
11;1;1033202;2019;10;7;4;3;5;7;0;1;1;0;0;0;0;0
11;7;7020202;2019;10;7;4;3;2;7;0;0;1;0;0;0;0;0
11;9;9052001;2019;10;7;4;3;2;6;0;0;1;0;0;0;0;0
11;5;5010206;2019;10;6;5;3;0;1;2;0;0;0;1;0;0;1
11;8;8010508;2019;10;13;4;3;0;2;0;0;1;1;0;0;0;0
11;5;5040934;2019;10;7;4;2;6;4;2;0;1;1;0;0;0;0
11;12;12214527;2019;10;13;4;3;5;2;0;1;1;0;0;0;0;0
11;8;8010214;2019;10;12;4;3;5;7;0;1;1;0;0;0;0;0
11;9;9030901;2019;10;6;4;3;1;5;2;1;1;0;0;0;0;0
11;12;12214423;2019;10;5;4;3;1;5;2;0;1;0;0;0;1;1
11;9;9020701;2019;10;12;4;3;0;7;0;0;1;0;1;0;0;0
11;11;11030619;2019;10;12;4;3;5;2;0;0;1;0;0;0;1;0
11;5;5020626;2019;10;11;4;3;1;5;0;1;0;0;0;0;1;0
11;1;1044203;2019;10;11;4;3;2;6;0;0;1;0;0;0;0;0
11;6;6040703;2019;10;1;4;2;9;1;2;0;1;0;0;0;0;0
11;4;4030623;2019;10;16;3;3;2;6;0;1;1;0;0;0;0;0
11;1;1011301;2019;10;8;5;3;5;2;0;1;1;0;0;0;0;0
11;3;3061429;2019;10;18;3;3;6;7;1;0;1;1;0;0;0;0
11;4;4051446;2019;10;19;3;3;2;6;2;0;1;0;1;0;0;0
11;10;10010309;2019;10;19;3;3;5;3;2;0;1;0;0;0;0;0
11;8;8020619;2019;10;19;3;3;5;7;2;0;1;0;1;0;0;0
11;2;2030402;2019;10;19;3;3;1;5;2;1;0;0;0;0;1;0
11;11;2050602;2019;10;19;3;3;2;6;2;0;1;0;0;0;0;0
11;5;5010209;2019;10;19;3;2;6;4;2;0;1;1;0;0;0;0
11;11;11020412;2019;10;22;3;3;5;2;2;0;1;0;0;0;0;0
11;3;3020209;2019;10;22;3;3;5;2;2;0;1;0;1;0;0;0
11;4;4030623;2019;10;15;3;3;0;6;0;1;0;0;0;0;1;0
11;1;1033203;2019;10;13;3;3;2;2;0;1;1;0;0;0;0;0
11;9;9010202;2019;10;12;3;3;5;3;0;0;1;0;0;0;0;0
11;3;3061227;2019;10;19;5;3;3;6;2;0;1;0;1;0;0;0
11;12;12214424;2019;10;12;3;3;6;4;0;0;0;1;0;0;1;0
11;5;5010314;2019;10;10;3;3;0;2;0;0;1;0;0;0;1;0
11;9;9010301;2019;10;10;3;3;5;2;0;1;1;0;0;0;0;0
11;3;3040818;2019;10;22;5;3;1;5;2;0;1;0;0;0;0;0
11;6;6030609;2019;10;9;3;3;2;6;0;1;1;0;0;0;0;0
11;7;7060603;2019;10;17;3;3;2;2;0;0;1;0;1;0;0;0
11;3;3040818;2019;10;17;3;3;6;4;0;0;1;1;0;0;0;0
11;8;8010404;2019;10;17;3;3;0;7;0;1;0;0;0;0;0;0
11;9;9010202;2019;10;16;3;3;2;6;0;0;1;0;0;0;0;0
11;7;7060603;2019;10;8;3;3;2;6;0;0;1;0;0;0;1;0
11;9;9020701;2019;10;6;3;3;5;3;0;1;1;0;0;0;0;0
11;12;12301203;2019;10;1;3;2;9;1;2;0;1;0;0;0;0;0
11;7;7050502;2019;10;7;5;3;0;1;0;1;0;0;0;0;0;1
11;5;5030731;2019;10;7;3;3;5;3;0;0;1;0;1;0;0;0
11;12;12301206;2019;10;16;3;3;1;5;0;0;1;0;1;0;0;0
11;4;4031032;2019;10;16;3;3;2;6;0;0;1;0;1;0;0;0
11;1;1022103;2019;10;15;3;3;5;2;0;1;0;0;0;1;0;0
11;2;2020203;2019;10;16;3;3;1;5;0;1;1;0;0;0;0;0
11;1;1022204;2019;10;7;3;3;6;2;1;0;1;1;0;0;0;0
11;5;5020627;2019;10;15;3;3;2;6;0;0;1;0;0;0;0;0
11;6;6020305;2019;10;15;3;3;6;2;0;0;1;1;0;0;0;0
11;12;12214125;2019;10;7;3;3;2;6;0;0;1;0;0;0;0;0
11;6;6010207;2019;10;15;3;3;3;6;0;1;1;0;0;0;0;0
11;4;4030725;2019;10;15;3;3;6;4;0;0;0;1;1;0;0;0
11;5;5030833;2019;10;15;3;3;5;2;0;1;1;0;0;0;0;0
11;6;6020305;2019;10;14;3;3;6;4;0;0;1;1;0;0;0;0
11;2;2040503;2019;10;6;3;3;5;3;0;0;1;0;1;0;0;0
11;8;8041036;2019;10;7;3;3;0;3;2;1;1;0;0;0;0;1
11;1;1011105;2019;10;17;2;3;5;3;1;1;1;0;0;0;0;0
11;5;5020627;2019;10;17;2;3;2;6;0;0;1;0;0;0;0;0
11;1;1033202;2019;10;15;2;3;6;2;0;0;1;1;0;0;0;0
11;3;3040513;2019;10;16;2;3;2;2;0;0;1;0;0;0;1;0
11;8;8041038;2019;10;16;2;3;5;3;0;1;0;0;0;0;1;0
11;3;3030711;2019;10;16;2;3;5;3;0;0;1;0;0;0;0;0
11;4;4030417;2019;10;15;2;3;5;3;0;1;1;0;0;0;0;0
11;8;8041039;2019;10;15;2;3;5;2;0;1;1;0;0;0;0;0
11;3;3061131;2019;10;13;2;3;6;7;0;0;0;1;0;0;1;0
11;6;6040703;2019;10;19;2;2;5;2;0;0;1;0;0;0;0;0
11;3;3071536;2019;10;15;2;3;1;5;0;1;0;0;0;0;1;0
11;11;11030824;2019;10;14;2;2;5;3;0;1;0;0;0;0;1;0
11;5;5010312;2019;10;14;2;2;5;3;0;1;1;0;0;0;0;0
11;4;4051448;2019;10;14;2;3;2;6;0;0;1;0;0;0;0;0
11;7;7040401;2019;10;8;5;2;6;4;0;0;0;1;1;0;0;0
11;5;5020523;2019;10;14;2;2;2;6;0;0;1;0;0;0;0;0
11;6;6040805;2019;10;14;2;3;5;3;0;1;0;0;0;0;1;0
11;11;11040926;2019;10;13;2;3;5;3;0;1;1;0;0;0;0;0
11;2;2040701;2019;10;19;2;3;5;2;2;1;0;0;0;0;1;0
11;6;6010204;2019;10;19;2;3;0;2;2;0;1;0;1;0;0;0
11;8;8010406;2019;10;19;2;3;1;5;2;1;1;0;0;0;0;0
11;1;1011305;2019;10;19;2;3;5;2;2;1;1;0;0;0;0;0
11;9;9010302;2019;10;19;2;3;4;6;2;0;1;0;0;0;0;0
11;1;1044102;2019;10;8;5;3;1;7;0;0;1;0;0;0;0;1
11;2;2030302;2019;10;19;2;3;1;5;2;1;1;0;0;0;0;0
11;1;1011302;2019;10;18;2;3;0;1;1;1;0;0;0;0;0;1
11;1;1011203;2019;10;8;5;3;5;3;0;0;1;0;0;0;0;0
11;1;1011305;2019;10;1;2;3;0;1;2;1;0;0;0;0;0;0
11;6;6030608;2019;10;19;5;2;0;3;2;0;1;0;1;0;0;0
11;5;5030730;2019;10;11;2;3;2;6;0;0;1;0;0;1;0;0
11;3;3030711;2019;10;12;2;3;2;6;0;0;1;0;0;0;0;0
11;7;7030301;2019;10;12;2;3;5;3;0;0;1;0;0;0;0;0
11;11;11020515;2019;10;10;2;3;1;7;0;0;1;0;0;0;0;0
11;3;3050924;2019;10;9;2;3;5;3;0;0;1;0;1;0;0;0
11;4;4051653;2019;10;8;2;3;2;6;0;0;1;0;0;0;0;0
11;9;9051901;2019;10;8;2;3;0;2;0;1;1;0;0;0;0;0
11;1;2040701;2019;10;8;2;3;0;6;0;1;1;0;0;0;0;0
11;11;11030824;2019;10;6;5;3;5;3;2;1;1;0;0;0;0;1
11;1;1011301;2019;10;8;2;3;5;3;0;1;1;0;0;0;0;0
11;10;10020414;2019;10;8;2;3;5;3;0;1;1;0;0;0;0;0
11;12;12224230;2019;10;7;2;3;4;6;1;1;0;0;0;0;0;1
11;2;2050602;2019;10;7;2;3;0;1;0;0;1;0;1;0;0;1
11;4;4020310;2019;10;7;5;3;0;6;0;0;0;0;1;0;0;1
11;6;6030504;2019;10;7;2;3;0;2;1;1;1;0;0;0;0;1
11;9;9020701;2019;10;6;2;3;5;2;2;0;1;0;0;0;0;0
11;8;8020728;2019;10;15;1;2;2;6;0;0;1;0;0;0;0;0
11;6;6040810;2019;10;10;1;2;1;1;0;0;1;0;0;0;0;0
11;1;1044101;2019;10;21;1;3;5;2;2;0;1;0;0;0;0;0
11;12;12103117;2019;10;19;1;2;5;2;2;1;1;0;0;0;0;0
11;5;5020419;2019;10;17;1;3;5;2;1;0;1;0;0;0;0;0
11;12;12103218;2019;10;16;1;3;2;6;0;0;1;0;0;0;0;0
11;9;9010402;2019;10;3;1;2;8;1;2;0;1;0;0;0;0;0
11;8;8010214;2019;10;9;1;3;1;5;0;0;1;0;0;0;1;0
11;4;4031032;2019;10;12;1;3;2;6;0;0;1;0;0;0;0;0
11;2;2040502;2019;10;15;1;3;6;4;0;0;1;1;0;0;0;0
11;2;2020203;2019;10;11;7;3;0;7;0;1;1;0;0;0;0;0
11;7;7060604;2019;10;12;7;3;0;6;0;0;1;0;0;0;0;0
11;9;9010101;2019;10;19;7;2;5;2;2;0;1;0;1;0;0;0
11;5;5030730;2019;10;18;7;2;2;7;0;0;1;0;1;0;1;0
11;1;1011303;2019;10;22;7;3;0;1;2;0;0;0;0;0;1;0
11;8;8010508;2019;10;19;7;3;5;3;2;0;1;0;0;0;0;0
11;6;6020407;2019;10;17;7;3;5;3;1;0;1;0;0;0;1;0
11;8;8010214;2019;10;17;7;2;6;4;1;0;1;1;0;0;0;1
11;6;6010207;2019;10;16;7;3;2;2;0;0;1;0;0;0;0;0
11;1;1022106;2019;10;16;7;3;3;6;0;0;1;0;1;0;0;0
11;5;5030832;2019;10;15;7;3;5;2;0;0;1;0;0;0;0;0
11;2;2030301;2019;10;15;7;3;5;3;0;1;1;0;0;0;0;0
11;7;7010101;2019;10;16;7;2;0;1;0;0;0;0;0;0;1;1
11;4;4030931;2019;10;8;5;3;5;2;0;0;1;0;0;0;0;0
11;5;5010101;2019;10;14;7;3;6;4;0;0;1;1;0;0;0;0
11;11;11020411;2019;10;19;5;3;6;4;2;0;0;1;0;0;1;0
11;1;1011302;2019;10;14;7;3;1;5;0;1;1;0;0;0;0;0
11;8;8010214;2019;10;13;7;3;6;4;0;1;0;1;0;0;0;1
11;11;11010207;2019;10;11;7;3;6;7;0;0;0;1;0;0;1;0
11;2;2030302;2019;10;2;7;3;1;5;2;1;1;0;0;0;1;1
11;7;7010102;2019;10;18;6;3;5;2;2;1;0;0;1;0;0;1
11;7;7010104;2019;10;3;6;2;0;1;2;1;0;0;0;0;0;1
11;8;8010405;2019;10;3;6;3;5;2;2;1;0;0;0;0;1;0
11;7;7010102;2019;10;11;6;3;5;2;0;1;1;0;0;0;0;0
11;7;7010103;2019;10;11;6;3;1;7;0;0;1;0;1;0;0;0
11;3;3020307;2019;10;8;5;3;5;3;0;1;0;0;0;0;1;1
11;4;4030726;2019;10;11;6;3;6;7;0;0;1;1;0;0;0;0
11;4;4030417;2019;10;19;5;3;1;5;2;1;1;0;0;0;0;0
11;11;11010205;2019;10;11;6;3;5;3;0;0;1;0;0;0;1;0
11;2;2020203;2019;10;12;6;3;5;3;0;1;0;0;0;0;0;0
11;2;2040502;2019;10;12;6;3;5;2;0;0;0;0;0;1;1;0
11;8;8020622;2019;10;12;6;3;5;2;0;0;0;0;0;1;1;0
11;11;11010205;2019;10;10;6;3;0;4;0;0;0;1;0;0;1;1
11;4;4020314;2019;10;10;6;3;3;2;0;0;1;0;0;1;0;0
11;1;1022206;2019;10;10;6;3;2;6;0;1;1;0;0;0;0;1
11;4;4051448;2019;10;9;6;3;0;1;0;0;0;0;1;0;0;1
11;1;1033202;2019;10;9;6;2;5;3;0;1;1;0;0;0;0;1
11;2;2010101;2019;10;5;5;3;9;1;1;0;1;0;0;0;0;0
11;2;2040701;2019;10;8;6;3;1;5;0;1;1;0;0;0;0;0
11;5;5020419;2019;10;7;5;3;2;6;0;0;1;0;0;0;1;0
11;7;7040405;2019;10;8;6;3;5;2;0;0;1;0;0;1;0;1
11;4;4051655;2019;10;8;6;3;2;7;0;0;0;0;1;1;0;1
11;11;11030721;2019;10;7;5;3;2;7;0;0;1;0;0;1;0;1
11;4;4030930;2019;10;7;6;3;5;3;0;1;1;0;0;0;0;1
11;11;11020515;2019;10;6;6;3;5;3;1;0;1;0;0;0;1;1
11;1;1044101;2019;10;6;6;3;2;7;2;0;1;0;0;0;0;1
11;11;11040926;2019;10;11;5;3;5;3;0;0;1;0;0;0;0;1
11;12;12302107;2019;10;0;6;2;6;4;2;0;1;1;0;0;0;1
11;1;1011304;2019;10;19;6;3;6;4;2;1;0;1;0;0;0;1
11;3;3040818;2019;10;19;6;3;5;3;2;1;1;0;0;0;0;1
11;6;6040806;2019;10;19;6;3;5;3;2;0;1;0;0;0;0;1
11;3;3061429;2019;10;17;6;3;5;3;1;1;1;0;0;0;0;0
11;11;11030720;2019;10;17;6;3;6;4;0;0;1;1;0;0;0;0
11;2;2040701;2019;10;22;6;3;5;2;2;1;1;0;0;0;0;1
11;5;5020626;2019;10;2;5;2;6;4;2;0;0;1;0;0;1;1
11;2;2020206;2019;10;21;6;3;0;2;2;0;1;0;1;0;0;1
11;1;1033102;2019;10;16;6;2;6;4;0;0;1;1;0;0;0;0
11;2;7040401;2019;10;13;5;3;2;6;0;0;1;0;1;0;0;0
11;6;6020303;2019;10;16;6;3;0;7;0;0;0;0;1;0;1;1
11;3;3071536;2019;10;16;6;3;5;2;0;1;1;0;1;0;0;0
11;2;2040703;2019;10;20;6;3;5;2;2;1;1;0;0;0;0;1
11;12;12224230;2019;10;11;5;3;5;7;0;1;1;0;0;0;0;1
11;1;1033101;2019;10;15;6;3;2;6;0;0;1;0;0;0;0;0
11;10;10030727;2019;10;14;6;3;5;3;0;0;1;0;1;0;0;0
11;6;6010102;2019;10;20;6;3;2;6;2;0;1;0;0;0;0;1
11;1;1011105;2019;10;10;5;3;1;5;0;1;1;0;0;0;1;0
11;9;9052001;2019;10;20;6;3;0;1;2;1;0;0;0;0;0;1
11;2;2050802;2019;10;19;6;2;0;1;2;0;0;0;1;0;1;1
11;11;11041128;2019;10;14;6;3;6;2;0;0;1;1;0;0;0;0
11;6;6010102;2019;10;18;5;3;5;3;1;0;1;0;0;0;0;1
11;6;6020303;2019;10;14;6;3;5;3;0;1;1;0;0;0;0;0
11;10;10020416;2019;10;14;6;3;5;3;0;1;1;0;0;0;0;0
11;6;6030610;2019;10;9;4;1;6;4;0;0;0;1;0;1;0;1
11;8;8030831;2019;10;19;6;3;2;3;2;1;1;0;0;0;0;1
11;9;9031101;2019;10;15;4;3;5;3;0;0;1;0;0;0;0;1
11;12;12231101;2019;10;6;4;3;3;6;1;1;1;0;0;0;0;1
11;3;3061228;2019;10;9;6;3;2;6;0;0;1;0;0;0;0;0
11;6;6020410;2019;10;18;5;3;5;3;0;0;1;0;0;0;1;0
11;1;1011305;2019;10;13;5;3;1;5;0;1;1;0;0;0;0;0
11;1;1022202;2019;10;17;4;3;5;2;0;1;1;0;0;0;0;0
11;2;2050601;2019;10;9;5;3;5;2;0;1;0;0;0;1;0;0
11;12;12214423;2019;10;16;4;3;5;3;0;0;1;0;0;0;0;1
11;8;8010404;2019;10;6;5;2;8;1;1;0;1;0;0;0;0;1
11;10;10010204;2019;10;1;5;2;5;2;2;1;0;0;0;0;1;1
11;1;1011204;2019;10;22;5;3;5;2;2;0;1;0;0;0;1;0
11;4;4020311;2019;10;16;4;3;5;3;0;0;1;0;0;0;0;1
11;10;10010308;2019;10;21;5;2;6;4;2;0;1;1;0;0;0;0
11;1;1011304;2019;10;20;5;3;0;2;2;1;1;0;0;0;0;0
11;4;4051448;2019;10;20;5;3;1;5;2;1;1;0;0;0;0;0
11;4;4051445;2019;10;19;5;3;5;2;2;1;1;0;0;0;0;0
11;4;4030623;2019;10;15;5;3;2;6;0;0;1;0;1;0;0;0
11;2;2050803;2019;10;14;5;3;3;6;0;0;1;0;1;0;0;0
11;4;4030931;2019;10;12;5;3;5;7;0;1;1;0;0;0;0;0
11;8;8010212;2019;10;14;5;3;6;7;0;0;1;1;0;0;0;0
11;11;11051331;2019;10;7;5;3;5;3;0;1;0;0;0;0;0;1
11;1;1011103;2019;10;18;5;3;6;4;2;0;1;1;0;0;0;0
11;5;5020625;2019;10;7;5;3;3;5;0;0;1;0;0;1;0;0
11;7;7010104;2019;10;18;5;2;5;2;2;1;1;0;0;0;0;0
11;4;4051654;2019;10;17;5;3;5;2;0;1;1;0;0;0;0;0
11;2;2020204;2019;10;21;5;2;3;6;2;1;1;0;0;0;0;1
11;1;1011306;2019;10;14;5;2;6;4;0;0;1;1;0;0;0;0
11;1;1011306;2019;10;17;5;3;5;2;0;1;1;0;0;0;0;0
11;7;7060604;2019;10;13;5;3;0;4;0;0;0;1;0;0;1;0
11;11;11030721;2019;10;16;5;2;5;7;0;0;1;0;0;0;1;0
11;6;6040810;2019;10;16;5;3;5;2;0;0;1;0;0;0;0;0
11;4;4030623;2019;10;15;5;2;5;3;0;1;1;0;0;0;0;0
11;11;11040925;2019;10;16;4;3;4;5;1;0;1;0;0;1;0;1
11;9;9030902;2019;10;15;5;2;6;4;0;1;0;1;0;0;0;0
11;3;3030406;2019;10;13;5;3;5;3;0;1;1;0;0;0;0;0
11;9;9010201;2019;10;15;5;2;6;7;0;0;1;1;0;0;0;0
11;4;4030828;2019;10;15;5;2;3;6;0;1;1;0;0;0;0;0
11;10;10010308;2019;10;10;5;3;3;6;0;0;1;0;0;1;0;0
11;4;4041137;2019;10;16;4;3;5;2;0;1;1;0;0;0;0;1
11;9;9010202;2019;10;6;5;3;5;7;2;0;1;0;0;0;0;1
11;4;4030623;2019;10;8;2;3;6;4;0;0;1;1;0;0;0;0
11;1;1044102;2019;10;23;5;3;1;5;2;0;1;0;0;1;0;0
11;12;12103218;2019;11;15;7;3;5;7;0;0;1;0;0;0;0;1
11;12;12301203;2019;10;21;7;2;4;6;2;0;1;0;0;0;0;0
11;2;2020203;2019;10;0;3;3;0;3;2;1;0;0;1;0;0;1
11;3;3050924;2019;11;10;6;3;5;7;0;1;1;0;0;0;0;0
11;2;2020203;2019;10;14;6;3;1;5;0;0;1;0;1;0;0;0
11;12;12302211;2019;10;17;2;2;6;2;2;0;1;1;0;0;0;1
11;1;1011102;2019;10;12;5;3;3;6;0;0;1;0;1;0;0;0
11;2;2010103;2019;10;1;1;2;5;3;2;0;1;0;0;0;0;0
11;4;4051448;2019;10;16;4;3;1;1;0;1;1;0;0;0;0;1
11;3;3020307;2019;11;18;6;3;5;2;2;1;1;0;0;0;0;0
11;3;3071639;2019;10;0;7;2;0;1;2;0;0;0;0;0;1;0
11;7;7050505;2019;10;10;3;3;2;6;0;0;1;0;0;0;0;0
11;6;6040806;2019;11;16;6;3;0;6;1;0;0;0;0;0;1;1
11;4;4030930;2019;10;19;6;3;5;7;2;0;1;0;0;0;0;0
11;4;4030417;2019;10;11;3;3;5;2;0;0;1;0;1;0;0;0
11;5;5020626;2019;11;9;6;3;2;6;0;0;1;0;1;0;0;0
11;4;4030828;2019;10;23;6;3;1;5;2;1;1;0;0;0;1;0
11;4;4030622;2019;10;16;2;3;2;6;1;0;1;0;0;0;0;1
11;4;4020310;2019;10;10;5;3;5;2;0;0;1;0;0;0;0;0
11;12;12103218;2019;10;18;1;3;1;5;2;0;1;0;0;0;0;0
11;4;4020311;2019;10;13;4;3;5;3;0;0;1;0;1;0;0;0
11;1;1022104;2019;11;20;6;2;6;4;2;0;1;1;0;0;0;1
11;2;2010102;2019;10;13;7;2;1;5;0;1;1;0;0;0;0;0
11;2;2020203;2019;10;7;3;3;0;7;1;0;0;0;1;0;0;1
11;8;8010510;2019;10;10;6;3;2;6;0;0;1;0;0;1;0;0
11;10;10040830;2019;10;18;5;3;5;3;2;1;0;0;0;0;1;1
11;1;1044102;2019;10;12;6;3;0;2;0;1;1;0;0;0;0;0
11;4;4020209;2019;10;7;2;3;2;6;0;1;1;0;0;0;0;0
11;10;10010309;2019;10;18;5;3;6;4;2;0;1;1;0;0;0;0
11;8;8041039;2019;11;21;7;3;6;2;2;0;1;1;0;0;0;1
11;1;1011302;2019;10;16;7;3;6;4;0;1;0;1;0;0;0;0
11;1;1044103;2019;10;18;2;2;0;1;2;0;0;0;1;0;0;1
11;8;2020206;2019;10;19;5;3;6;4;2;0;1;1;0;0;0;0