LAND;BEZ;LOR_ab_2021;UJAHR;UMONAT;USTUNDE;UWOCHENTAG;UKATEGORIE;UART;UTYP1;ULICHTVERH;IstRad;IstPKW;IstFuss;IstKrad;IstGkfz;IstSonstige;USTRZUSTAND
11;4;4051655;2019;11;18;2;3;2;7;2;0;1;0;0;0;0;1
11;1;1022206;2019;11;17;2;3;0;1;2;1;0;0;0;0;0;1
11;6;6040810;2019;11;16;2;3;5;3;2;0;1;0;0;0;0;1
11;3;3061126;2019;11;17;2;3;5;2;2;1;1;0;0;0;0;1
11;2;2050802;2019;11;18;2;3;0;7;2;1;0;0;0;0;0;0
11;1;1011301;2019;11;16;2;3;6;2;1;0;1;1;0;0;0;1
11;12;12103117;2019;11;16;2;3;6;6;2;0;1;1;0;0;0;1
11;11;11030618;2019;11;16;2;3;0;3;2;0;1;0;0;0;1;1
11;4;4051448;2019;11;17;2;3;5;3;2;0;1;0;0;0;0;1
11;9;9030901;2019;11;17;2;2;6;4;2;0;1;1;0;0;0;1
11;10;10010309;2019;11;15;2;3;5;2;0;1;1;0;0;0;0;1
11;1;1011202;2019;11;17;2;3;6;4;2;1;0;1;0;0;0;1
11;2;2040701;2019;11;15;2;3;5;3;0;1;0;0;0;0;1;1
11;3;3020209;2019;11;13;2;2;5;3;1;1;1;0;0;0;0;1
11;7;7040401;2019;11;17;2;2;6;2;2;0;1;1;0;0;0;1
11;12;12304314;2019;11;13;2;3;5;3;0;0;1;0;0;0;0;1
11;4;4051551;2019;11;13;2;3;2;3;0;1;1;0;0;0;0;1
11;5;5020627;2019;11;17;2;3;2;6;2;0;1;0;0;0;1;1
11;12;12302211;2019;11;17;2;3;6;2;2;0;0;1;0;0;1;1
11;12;12214422;2019;11;12;2;2;5;2;0;1;0;0;0;1;0;0
11;10;10040931;2019;11;19;2;3;1;5;2;0;1;0;1;0;0;1
11;1;1022106;2019;11;12;2;2;5;2;0;0;1;0;1;0;0;1
11;1;1011302;2019;11;19;2;3;2;6;2;0;1;0;1;0;0;1
11;4;4010101;2019;11;10;2;3;5;2;0;0;1;0;0;0;1;1
11;5;5020521;2019;11;9;2;2;5;2;0;0;1;0;0;0;0;0
11;6;6010207;2019;11;9;2;3;2;2;0;0;1;0;0;0;0;1
11;3;3040614;2019;11;9;2;3;6;4;0;0;1;1;0;0;0;0
11;9;9020601;2019;11;8;2;2;6;4;0;0;1;1;0;0;0;1
11;9;9051901;2019;11;8;2;3;5;2;0;1;1;0;0;0;0;1
11;1;1022104;2019;11;8;2;3;5;2;0;1;0;0;0;0;1;0
11;1;1011301;2019;11;8;2;3;0;1;0;1;0;0;0;0;0;1
11;7;7050501;2019;11;7;2;3;2;6;0;0;1;0;1;0;0;1
11;8;8010301;2019;11;7;2;3;1;5;0;1;1;0;0;0;1;1
11;6;6020409;2019;11;7;2;3;6;4;0;0;1;1;0;0;0;1
11;12;12214125;2019;11;6;2;2;5;2;2;0;1;0;0;0;1;1
11;2;2040703;2019;11;16;1;2;6;4;2;0;1;1;0;0;0;1
11;12;12103219;2019;11;15;1;3;0;3;0;0;1;0;1;0;0;1
11;3;3050925;2019;11;15;1;3;5;3;0;1;1;0;0;0;0;1
11;9;9020802;2019;11;14;1;3;1;7;0;1;0;0;0;0;1;1
11;9;9051801;2019;11;13;1;3;0;7;0;0;0;0;1;0;0;1
11;2;2010101;2019;11;10;1;3;5;3;0;0;1;0;0;0;0;1
11;6;6030504;2019;11;9;1;3;5;3;0;0;1;0;0;0;0;1
11;12;12231101;2019;11;8;1;3;5;3;0;0;1;0;1;0;0;1
11;8;8010118;2019;11;17;1;2;6;4;2;0;1;1;0;0;0;1
11;2;2020203;2019;11;2;1;3;1;5;2;1;1;0;0;0;0;0
11;1;1033102;2019;11;23;1;3;5;3;2;0;1;0;0;0;0;1
11;12;12301203;2019;11;6;1;3;8;1;2;0;1;0;0;0;0;1
11;11;11040925;2019;11;21;1;3;4;1;2;0;1;0;0;0;0;1
11;3;3061228;2019;11;20;1;3;5;2;2;1;1;0;0;0;0;1
11;8;8020726;2019;11;20;1;2;6;3;2;0;1;1;0;0;0;1
11;8;8010117;2019;11;17;1;3;6;4;2;0;1;1;0;0;0;1
11;9;9010301;2019;11;17;1;2;5;2;2;0;1;0;0;0;0;1
11;7;7020203;2019;11;15;1;3;1;7;1;0;1;0;0;0;1;1
11;12;12301206;2019;11;7;1;3;9;1;2;0;1;0;0;0;0;1
11;2;2010102;2019;11;5;7;3;5;3;2;0;1;0;0;0;0;1
11;10;10020412;2019;11;14;7;3;5;2;0;0;1;0;0;0;0;0
11;8;8010117;2019;11;22;7;3;2;6;2;0;1;0;0;0;0;0
11;6;6030608;2019;11;19;7;3;6;2;2;0;1;1;0;0;0;0
11;2;2010103;2019;11;18;7;3;2;6;2;0;1;0;0;0;0;0
11;1;1033203;2019;11;18;7;3;2;6;2;0;1;0;0;0;0;0
11;1;1044103;2019;11;14;7;3;5;2;0;0;1;0;0;0;0;1
11;1;1011301;2019;11;0;7;2;1;5;2;0;1;0;0;0;1;0
11;5;5020419;2019;11;9;7;3;5;2;0;0;1;0;0;0;0;1
11;10;10010308;2019;11;7;7;3;0;1;2;0;0;0;1;0;0;1
11;6;6020409;2019;11;6;7;3;5;3;2;1;1;0;0;0;0;1
11;7;7030303;2019;11;20;7;3;2;6;2;0;1;0;0;0;0;0
11;6;6040809;2019;11;5;7;2;9;1;2;0;1;1;0;0;0;0
11;2;2020203;2019;11;20;7;3;5;2;2;0;1;0;0;0;0;0
11;3;3040614;2019;11;19;7;3;0;3;2;0;1;0;1;0;0;0
11;2;2040703;2019;11;18;7;3;2;6;2;0;1;0;0;0;0;0
11;9;9010202;2019;11;13;7;3;5;2;0;0;1;0;0;0;0;0
11;4;4051655;2019;11;13;7;3;5;7;0;0;1;0;0;0;0;0
11;4;4041238;2019;11;12;7;3;6;7;0;0;1;1;0;0;0;0
11;1;1011303;2019;11;2;7;3;0;2;2;0;1;0;0;0;0;0
11;11;11030619;2019;11;12;7;3;2;6;0;0;1;0;0;0;0;1
11;1;1044103;2019;11;10;7;2;0;5;0;0;1;0;1;0;0;1
11;1;1022104;2019;11;11;6;3;6;4;0;0;1;1;0;0;0;0
11;2;2020206;2019;11;22;6;3;0;3;2;1;1;0;0;0;0;0
11;11;11020515;2019;11;7;6;3;6;4;2;0;1;1;0;0;0;1
11;7;7030301;2019;11;19;6;3;5;2;2;1;1;0;0;0;0;0
11;4;4051448;2019;11;17;6;3;0;5;2;1;1;0;0;0;0;0
11;12;12214424;2019;11;17;6;3;2;6;2;0;1;0;0;0;0;0
11;1;1011201;2019;11;13;1;3;5;3;0;0;1;0;1;0;0;0
11;11;11041027;2019;11;12;1;3;5;3;0;1;1;0;0;0;0;0
11;7;7040401;2019;11;17;6;3;3;6;2;0;1;0;0;1;0;0
11;4;4020313;2019;11;12;1;3;3;6;0;0;1;0;0;0;1;0
11;4;4020310;2019;11;16;6;3;2;6;0;0;1;0;0;0;1;0
11;7;7020203;2019;11;11;1;3;0;5;0;1;1;0;0;0;0;0
11;3;3030406;2019;11;10;1;3;5;3;0;0;1;0;0;0;0;0
11;1;1033202;2019;11;16;6;3;0;1;0;1;0;0;0;0;0;1
11;4;4010101;2019;11;1;1;3;1;1;2;0;1;0;0;0;0;0
11;4;4041241;2019;11;16;1;3;6;2;2;0;1;1;0;0;0;0
11;9;9020802;2019;11;2;1;3;0;1;2;1;0;0;0;0;0;1
11;2;2040701;2019;11;14;6;3;5;3;0;1;1;0;0;0;0;0
11;3;3050919;2019;11;14;6;3;5;3;0;1;1;0;0;0;0;0
11;7;7050501;2019;11;19;1;2;6;4;2;0;1;1;0;0;0;0
11;1;1022204;2019;11;17;1;3;0;1;2;0;0;0;0;0;1;0
11;10;10030724;2019;11;15;6;2;5;3;0;1;1;0;0;0;0;0
11;11;11030720;2019;11;17;7;3;2;6;2;0;1;0;0;0;0;0
11;1;1011301;2019;11;17;7;2;0;1;2;1;0;0;0;0;0;0
11;7;7060604;2019;11;15;6;3;5;3;1;0;1;0;0;0;0;0
11;4;4030724;2019;11;14;6;3;5;3;0;0;1;0;0;0;0;0
11;1;1044103;2019;11;15;7;3;6;4;0;0;1;1;0;0;0;0
11;11;11030619;2019;11;13;7;3;2;6;0;0;1;0;0;0;0;0
11;3;3061227;2019;11;14;6;3;2;6;0;0;1;0;0;0;0;0
11;2;2040703;2019;11;14;6;3;2;2;0;0;0;0;1;0;1;0
11;3;3050925;2019;11;12;7;3;0;5;0;0;1;0;0;0;0;0
11;7;7060604;2019;11;12;7;3;3;6;0;1;1;0;0;0;0;0
11;11;11030721;2019;11;22;7;3;0;2;2;1;1;0;0;0;0;0
11;7;7040401;2019;11;12;6;3;6;7;0;0;1;1;0;0;0;0
11;10;10010311;2019;11;20;7;2;6;4;2;0;1;1;0;0;0;0
11;4;4030620;2019;11;14;6;3;0;7;0;1;1;0;0;0;0;0
11;1;1033101;2019;11;19;7;3;0;5;2;0;1;0;0;0;0;0
11;6;6020409;2019;11;20;7;2;4;6;2;0;1;0;0;0;0;0
11;1;1022102;2019;11;13;6;2;0;6;0;0;1;0;1;0;0;0
11;10;10020413;2019;11;19;7;3;0;1;2;0;0;0;1;0;0;0
11;12;12301203;2019;11;10;7;3;2;6;0;0;1;0;0;0;0;0
11;4;4030415;2019;11;10;7;3;5;2;0;0;1;0;0;0;0;0
11;11;11020411;2019;11;13;6;3;6;7;0;0;1;1;0;0;0;0
11;1;1011303;2019;11;13;6;2;0;2;0;1;1;0;0;0;0;0
11;8;8010211;2019;11;7;7;3;0;1;2;1;0;0;0;0;0;0
11;11;11020412;2019;11;2;7;3;9;1;2;0;1;0;0;0;0;1
11;1;1033101;2019;11;12;6;3;0;2;0;1;1;0;0;0;0;0
11;4;4041241;2019;11;12;6;3;1;5;0;1;1;0;0;0;0;0
11;12;12302110;2019;11;9;6;3;5;3;0;1;1;0;0;0;0;1
11;8;8020622;2019;11;17;6;3;6;2;2;0;1;1;0;0;0;0
11;1;1033203;2019;11;12;6;3;3;6;0;0;1;0;1;0;0;0
11;12;12214527;2019;11;21;6;3;5;3;2;0;1;0;0;0;0;0
11;1;1033102;2019;11;20;6;3;6;7;2;0;1;1;0;0;0;0
11;1;1011305;2019;11;10;6;3;5;5;0;1;0;0;0;0;1;0
11;5;5010339;2019;11;10;6;3;5;7;0;0;1;0;1;0;0;0
11;8;8020619;2019;11;19;6;3;5;2;2;0;1;0;0;0;0;0
11;2;2020205;2019;11;23;6;3;0;7;2;1;0;0;0;0;0;0
11;6;6040809;2019;11;19;6;2;1;7;2;0;1;0;0;0;0;1
11;3;3071536;2019;11;9;6;3;1;5;0;1;1;0;0;0;0;0
11;4;4041137;2019;11;19;6;3;3;5;2;0;1;0;1;0;0;1
11;5;5020417;2019;11;10;6;2;0;7;0;0;1;0;0;0;1;0
11;1;1011202;2019;11;18;6;3;5;2;2;1;1;0;0;0;0;0
11;2;2040701;2019;11;18;6;3;1;5;2;1;1;0;0;0;1;1
11;9;9010301;2019;11;8;6;3;2;6;0;0;1;0;0;0;0;0
11;1;1022206;2019;11;8;6;3;5;2;0;0;1;0;0;0;0;0
11;3;3050925;2019;11;18;6;3;0;5;2;0;1;0;0;0;0;0
11;11;11030618;2019;11;6;6;3;0;6;1;0;1;0;1;0;0;0
11;3;3061131;2019;11;17;6;3;2;6;2;0;1;0;0;0;0;0
11;3;3061126;2019;11;17;6;3;1;5;2;1;1;0;0;0;0;0
11;3;3050924;2019;11;8;6;3;6;7;0;1;0;1;0;0;0;0
11;5;5010339;2019;11;6;6;2;6;4;2;0;1;1;0;0;0;0
11;8;8041035;2019;11;17;6;3;2;6;2;0;1;0;0;0;0;1
11;5;5020625;2019;11;17;6;2;0;1;2;1;0;0;0;0;0;0
11;1;1022103;2019;11;8;6;3;3;6;0;0;1;0;0;1;0;0
11;5;5020522;2019;11;5;6;2;6;4;2;0;0;1;0;0;1;0
11;9;9010402;2019;11;17;6;3;0;7;2;1;0;0;0;0;0;0
11;9;9020702;2019;11;17;6;3;6;7;2;0;1;1;0;0;0;0
11;10;10020413;2019;11;7;6;2;5;3;1;1;1;0;0;0;0;0
11;10;10030724;2019;11;17;6;3;0;5;2;0;1;0;0;0;0;0
11;7;7060604;2019;11;16;5;3;6;2;1;0;0;1;0;0;1;0
11;6;6020411;2019;11;11;6;3;5;3;0;0;1;0;0;0;0;1
11;9;9030901;2019;11;10;6;3;8;7;0;0;1;0;0;0;0;1
11;4;4030931;2019;11;19;5;3;6;7;2;0;0;1;0;0;1;0
11;12;12103117;2019;11;7;5;3;3;6;2;0;1;0;0;0;0;0
11;2;2030401;2019;11;16;6;3;1;5;1;1;1;0;0;0;0;0
11;10;10040932;2019;11;15;6;3;1;5;1;0;1;0;0;0;0;0
11;12;12231102;2019;11;7;5;3;5;3;0;1;1;0;0;0;0;0
11;6;6020410;2019;11;9;5;3;6;2;0;0;1;1;0;0;0;0
11;4;4030620;2019;11;15;6;3;5;2;0;0;1;0;0;0;1;0
11;7;7040401;2019;11;13;6;3;0;6;0;1;1;0;0;0;0;0
11;4;4030518;2019;11;1;5;3;5;2;2;0;1;0;0;1;0;0
11;9;9020802;2019;11;19;5;3;4;6;2;0;1;0;0;0;0;0
11;11;11010310;2019;11;13;6;3;6;4;0;0;1;1;0;0;0;0
11;2;2050602;2019;11;9;6;3;5;2;0;1;1;0;0;0;0;1
11;11;11020412;2019;11;9;6;3;5;2;0;0;1;0;0;0;0;0
11;10;10020517;2019;11;19;5;2;1;5;2;0;1;0;0;0;1;0
11;11;11010310;2019;11;18;5;2;6;4;2;0;0;1;0;0;1;0
11;3;3061227;2019;11;9;6;3;5;3;0;0;1;0;0;0;0;0
11;10;10040931;2019;11;13;6;3;5;3;0;0;1;0;0;0;0;0
11;1;1044201;2019;11;17;5;3;2;6;2;0;1;0;0;0;0;0
11;10;10020413;2019;11;15;5;3;5;3;0;1;1;0;0;0;0;0
11;1;1033203;2019;11;8;6;3;2;6;0;0;1;0;1;0;0;1
11;2;2050804;2019;11;7;6;3;0;6;1;0;1;0;1;0;0;1
11;7;7040403;2019;11;15;5;3;5;2;0;1;1;0;0;0;0;0
11;3;3061227;2019;11;12;6;3;5;3;0;0;1;0;0;0;0;0
11;8;8041037;2019;11;12;5;2;5;2;0;1;1;0;0;0;0;0
11;1;1044201;2019;11;6;6;3;2;6;2;0;1;0;0;0;0;1
11;10;10020414;2019;11;7;6;2;6;2;2;0;1;1;0;0;0;1
11;7;7070701;2019;11;12;5;2;1;7;0;0;1;0;0;0;0;0
11;4;4030929;2019;11;12;5;3;2;6;0;0;1;0;0;0;0;0
11;1;1022103;2019;11;5;6;3;5;2;2;1;0;0;0;1;0;1
11;8;8010404;2019;11;5;6;3;6;2;2;0;1;1;0;0;0;1
11;10;10010207;2019;11;11;5;3;3;6;0;0;1;0;0;0;1;0
11;1;1011304;2019;11;10;5;3;5;7;0;1;1;0;0;0;0;0
11;9;9041301;2019;11;12;6;2;4;6;0;0;1;0;0;0;0;1
11;9;9041501;2019;11;11;6;3;2;6;0;0;1;0;0;0;0;1
11;6;6030609;2019;11;15;5;3;2;6;0;0;1;0;1;0;0;0
11;5;5020417;2019;11;11;6;3;1;5;0;1;0;0;0;0;1;1
11;1;1022201;2019;11;14;5;3;5;2;0;1;1;0;0;0;0;0
11;11;11030721;2019;11;13;5;3;5;2;0;1;1;0;0;0;0;0
11;1;1011305;2019;11;11;6;3;3;5;0;1;1;0;0;0;0;0
11;11;11010308;2019;11;13;5;3;6;4;0;0;1;1;0;0;0;0
11;7;7030303;2019;11;19;6;3;0;7;2;0;0;0;0;0;1;1
11;1;1033203;2019;11;22;5;3;5;2;2;0;1;0;1;0;0;0
11;11;11030720;2019;11;19;5;3;3;6;2;1;0;0;0;0;1;0
11;8;8010404;2019;11;14;5;3;5;2;0;1;1;0;0;0;0;0
11;5;5030833;2019;11;17;5;3;2;6;2;0;1;0;0;0;0;1
11;12;12224230;2019;11;10;5;3;5;3;0;0;1;0;0;0;0;0
11;12;12304314;2019;11;17;5;2;6;2;2;0;1;1;0;0;0;1
11;4;4010102;2019;11;17;5;2;5;2;2;0;1;0;1;0;0;1
11;10;10010308;2019;11;17;5;3;2;6;2;0;1;0;0;0;0;1
11;10;10010310;2019;11;17;5;3;6;2;2;0;1;1;0;0;0;1
11;7;7020201;2019;11;16;5;3;2;6;2;0;1;0;0;0;0;1
11;11;11041027;2019;11;19;5;3;6;3;2;0;1;1;0;0;0;0
11;8;8010301;2019;11;9;5;3;5;3;0;0;1;0;1;0;0;0
11;3;3030406;2019;11;16;5;3;1;5;2;1;1;0;0;0;1;1
11;1;1011303;2019;11;17;5;3;6;4;2;0;1;1;0;0;0;1
11;4;4030827;2019;11;16;5;3;6;2;2;0;1;1;0;0;0;1
11;9;9031101;2019;11;8;5;3;5;3;0;0;1;0;1;0;0;0
11;7;7010101;2019;11;16;5;2;6;4;2;0;1;1;0;0;0;1
11;7;7050505;2019;11;9;5;2;1;7;0;0;1;0;0;0;1;0
11;1;1033202;2019;11;16;5;3;5;2;2;1;1;0;0;0;0;1
11;1;1011203;2019;11;16;5;3;5;2;1;0;1;0;0;0;1;1
11;2;2010103;2019;11;6;5;3;5;5;2;1;0;0;0;0;1;0
11;12;12103116;2019;11;15;5;3;6;4;1;0;1;1;0;0;0;1
11;12;12301205;2019;11;15;5;3;6;4;0;0;1;1;0;0;0;1
11;3;3061434;2019;11;15;5;3;5;2;1;1;0;0;0;0;1;0
11;9;9010402;2019;11;9;5;3;6;2;0;0;1;1;0;0;0;0
11;6;6040810;2019;11;15;5;3;6;4;1;0;0;1;0;0;1;1
11;9;9051702;2019;11;14;5;3;0;1;0;1;0;0;0;0;0;1
11;12;12231101;2019;11;9;5;3;5;3;0;1;1;0;0;0;0;0
11;6;6010206;2019;11;14;5;2;0;7;0;0;1;0;0;0;0;1
11;1;1011302;2019;11;1;5;3;0;1;2;0;0;0;0;0;1;0
11;1;1022201;2019;11;12;5;3;6;4;0;0;1;1;0;0;0;1
11;6;6030609;2019;11;12;5;2;6;2;0;0;1;1;0;0;0;0
11;1;2030302;2019;11;0;5;3;0;1;2;1;0;0;0;0;0;1
11;2;2010102;2019;11;20;4;3;6;4;2;0;1;1;0;0;0;0
11;1;1011303;2019;11;12;5;2;3;6;0;1;0;0;0;0;1;0
11;3;3020210;2019;11;12;5;3;5;3;0;0;1;0;0;0;1;0
11;9;9051901;2019;11;17;4;3;0;5;2;0;1;1;0;0;1;1
11;8;8010115;2019;11;7;4;3;5;3;1;1;0;0;0;0;1;0
11;4;4030827;2019;11;10;5;3;6;4;0;0;1;1;0;0;0;0
11;12;12302212;2019;11;11;5;3;1;5;0;0;1;0;0;0;0;1
11;4;4030623;2019;11;9;5;3;5;2;0;1;1;0;0;0;0;0
11;2;2030302;2019;11;20;4;3;6;4;2;0;1;1;0;0;0;0
11;2;2030301;2019;11;9;5;3;5;3;0;1;1;0;0;0;0;0
11;9;9020701;2019;11;19;4;3;5;3;2;1;1;0;0;0;0;0
11;6;6010207;2019;11;8;5;3;2;2;0;1;1;0;0;0;0;0
11;2;2010102;2019;11;22;5;3;5;3;2;1;1;0;0;0;0;1
11;4;4051656;2019;11;18;4;3;5;2;2;1;1;0;0;0;0;0
11;10;10040931;2019;11;20;5;3;5;2;2;0;1;0;0;0;0;1
11;2;2050804;2019;11;18;5;3;2;6;2;0;1;0;0;0;0;1
11;1;1033201;2019;11;20;5;3;6;2;2;0;1;1;0;0;0;1
11;2;2010103;2019;11;18;4;3;5;2;2;1;1;0;0;0;0;0
11;12;12103115;2019;11;18;4;2;6;4;2;0;1;1;0;0;0;0
11;1;1044203;2019;11;19;5;2;1;1;2;0;1;0;0;1;0;1
11;12;12231102;2019;11;19;5;2;1;5;2;1;1;0;0;0;0;1
11;2;2030401;2019;11;14;4;3;5;3;0;0;1;0;0;0;0;0
11;4;4020310;2019;12;22;4;3;4;1;2;0;1;0;0;1;0;0
11;2;2030301;2019;12;22;4;3;5;2;2;0;1;0;1;0;0;0
11;8;8041035;2019;12;21;4;3;1;1;2;0;1;0;0;0;0;0
11;2;2050801;2019;12;12;4;2;1;1;0;1;1;0;0;0;0;1
11;1;1022104;2019;12;11;4;3;2;6;0;0;1;0;0;0;0;0
11;8;8010405;2019;12;9;4;3;1;5;0;1;1;0;0;0;1;0
11;4;4051448;2019;12;9;4;3;2;2;0;1;1;0;0;0;0;1
11;11;10010203;2019;12;9;4;3;5;2;0;1;1;0;0;0;0;0
11;4;4041240;2019;12;9;4;3;5;3;0;1;1;0;0;0;0;1
11;2;2040703;2019;12;9;4;2;6;4;0;0;1;1;0;0;0;0
11;1;1011203;2019;12;9;4;3;1;5;0;1;1;0;0;0;1;0
11;9;9020502;2019;12;8;4;3;5;3;0;0;1;0;0;0;0;1
11;5;5010311;2019;12;8;4;3;3;6;0;0;1;0;1;0;0;1
11;3;3040614;2019;12;5;4;3;0;3;2;0;0;0;1;0;0;1
11;6;6040805;2019;12;16;4;3;0;2;2;0;1;1;0;0;0;0
11;1;1044102;2019;12;16;4;3;1;5;2;1;1;0;0;0;1;1
11;6;6030609;2019;12;14;4;3;5;2;0;0;1;0;0;0;0;0
11;9;9010302;2019;12;14;4;3;5;3;0;1;1;0;0;0;0;0
11;10;10010309;2019;12;15;3;3;4;6;1;1;1;0;0;0;0;1
11;5;5010314;2019;12;11;3;2;6;4;0;0;1;1;0;0;0;1
11;6;6030503;2019;12;9;3;3;0;2;0;1;1;0;0;0;0;1
11;11;11020411;2019;12;9;3;2;6;4;0;0;1;1;0;0;0;1
11;2;2040503;2019;12;10;3;3;2;6;0;0;1;0;0;0;1;1
11;4;4020311;2019;12;9;3;3;5;3;0;0;1;0;0;0;0;1
11;7;7040403;2019;12;9;3;2;5;3;0;0;1;0;0;0;0;2
11;8;8010303;2019;12;8;3;3;3;6;0;1;1;0;0;0;0;0
11;8;8020621;2019;12;8;3;3;2;6;0;0;1;0;0;0;0;0
11;11;11030824;2019;12;7;3;3;0;1;0;1;0;0;0;0;0;2
11;6;6030503;2019;12;8;3;3;6;2;0;0;1;1;0;0;0;0
11;2;2020203;2019;12;7;3;3;0;2;0;1;0;0;0;0;1;2
11;9;9020701;2019;12;7;3;3;5;2;1;0;1;0;1;0;0;1
11;5;5030730;2019;12;5;3;3;1;5;2;0;1;0;0;0;0;2
11;12;12304314;2019;12;5;3;3;5;2;2;0;1;0;0;0;0;2
11;1;1011401;2019;12;21;3;3;6;2;2;0;1;1;0;0;0;1
11;12;12304313;2019;12;20;3;3;5;2;2;0;1;0;0;0;0;0
11;3;3050925;2019;12;20;3;3;0;1;2;0;0;0;1;0;0;2
11;9;9010402;2019;12;20;3;3;5;2;2;1;1;0;0;0;0;1
11;9;9041501;2019;12;17;3;3;1;1;2;0;1;0;1;0;0;1
11;3;3061429;2019;12;17;3;3;5;2;2;1;1;0;0;0;0;1
11;3;3051017;2019;12;17;3;3;2;6;2;0;1;0;0;0;0;1
11;10;10040931;2019;12;18;3;3;2;2;2;0;1;0;0;0;0;1
11;1;1011302;2019;12;18;3;3;1;5;2;1;1;0;0;0;0;1
11;1;1011304;2019;12;16;3;3;2;2;2;0;1;0;0;0;0;1
11;11;11051331;2019;12;7;3;3;0;6;1;1;1;0;0;0;0;2
11;7;7040404;2019;12;17;3;3;6;2;2;0;1;1;0;0;0;1
11;12;12103117;2019;12;17;3;3;1;5;2;0;1;0;1;0;0;1
11;3;3050925;2019;12;16;3;2;6;4;2;0;1;1;0;0;0;1
11;3;3061228;2019;12;17;3;3;2;6;2;0;1;0;0;0;0;1
11;3;3061227;2019;12;16;3;3;5;3;2;0;1;0;0;0;0;1
11;1;1022101;2019;12;16;3;3;5;2;2;0;1;0;0;0;0;1
11;3;3061126;2019;12;15;3;3;5;3;0;1;1;0;0;0;0;1
11;7;7060603;2019;12;15;3;2;1;5;0;0;1;0;0;0;0;1
11;1;1011203;2019;12;15;3;3;5;3;0;1;1;0;0;0;0;1
11;4;4051445;2019;12;15;3;3;2;6;0;0;1;0;0;0;0;0
11;4;4031032;2019;12;14;3;3;5;2;0;1;1;0;0;0;0;0
11;11;11020515;2019;12;7;3;3;6;2;2;0;1;1;0;0;0;1
11;2;2020204;2019;12;13;3;3;1;5;0;1;1;0;0;0;0;1
11;9;9051901;2019;12;12;3;3;6;6;0;0;1;1;0;0;0;1
11;9;9051901;2019;12;11;3;2;5;2;0;1;1;0;0;0;0;0
11;2;2020203;2019;12;20;2;2;5;2;2;0;1;0;0;0;0;1
11;1;1022206;2019;12;21;2;2;3;6;2;1;0;0;0;0;0;1
11;12;12231101;2019;12;16;2;3;1;5;2;1;0;0;0;0;1;0
11;4;4031032;2019;12;17;2;3;6;2;2;0;1;1;0;0;0;1
11;4;4010101;2019;12;17;2;3;2;6;2;0;1;0;0;0;0;1
11;7;7040402;2019;12;17;2;3;6;2;2;0;1;1;0;0;0;1
11;2;2040502;2019;12;17;2;3;5;3;2;0;1;0;0;0;1;1
11;7;7060604;2019;12;17;2;2;6;4;2;0;1;1;0;0;0;1
11;1;1011301;2019;12;16;2;3;2;6;2;1;1;0;0;0;0;1
11;8;8010509;2019;12;16;2;3;1;5;2;1;1;0;0;0;0;1
11;12;12214423;2019;12;16;2;3;5;3;2;0;1;0;0;0;0;1
11;2;2040502;2019;12;16;2;3;5;2;2;0;1;0;0;0;1;1
11;6;6020409;2019;12;16;2;3;5;2;2;1;1;0;0;0;0;1
11;4;4030519;2019;12;16;2;3;2;6;2;0;1;0;0;0;0;1
11;2;2050802;2019;12;15;2;3;0;7;1;1;0;0;0;0;0;1
11;2;2010102;2019;12;16;2;2;6;4;2;0;1;1;0;0;0;1
11;2;2050602;2019;12;22;2;3;8;1;2;0;1;0;0;0;0;0
11;8;8010301;2019;12;14;2;3;5;3;0;1;1;0;0;0;0;1
11;6;6020303;2019;12;14;2;3;2;6;0;0;1;0;0;1;0;0
11;2;2010104;2019;12;21;2;2;3;6;2;1;1;0;0;0;0;1
11;3;3061430;2019;12;19;2;3;5;7;2;0;1;0;0;0;1;1
11;7;7040405;2019;12;13;2;3;2;6;0;0;1;0;0;1;0;0
11;6;6040810;2019;12;19;2;3;6;2;2;0;1;1;0;0;0;1
11;1;1033102;2019;12;13;2;3;2;6;0;0;1;0;0;1;0;1
11;12;12301203;2019;12;12;2;3;0;5;0;0;1;0;0;0;1;1
11;3;3061228;2019;12;18;2;2;6;2;2;0;1;1;0;0;0;1
11;3;3040512;2019;12;16;2;3;6;4;2;0;1;1;0;0;0;1
11;9;9010202;2019;12;11;2;3;5;2;0;0;1;0;0;0;0;0
11;7;7060604;2019;12;17;2;3;1;5;2;0;1;0;0;0;0;1
11;6;6020411;2019;12;11;2;3;0;3;0;0;0;0;0;0;1;0
11;4;4030621;2019;12;9;2;3;5;2;0;0;1;0;1;0;0;1
11;4;4031032;2019;12;5;2;3;5;7;2;0;1;0;0;1;0;0
11;3;3010101;2019;12;5;2;3;5;3;2;1;1;0;0;0;0;0
11;8;8010508;2019;12;4;2;3;4;6;2;0;1;0;0;0;0;1
11;2;2050802;2019;12;2;2;3;6;4;2;0;1;1;0;0;0;0
11;3;3040614;2019;12;17;2;3;5;7;2;1;1;0;0;0;0;1