LAND;BEZ;LOR_ab_2021;UJAHR;UMONAT;USTUNDE;UWOCHENTAG;UKATEGORIE;UART;UTYP1;ULICHTVERH;IstRad;IstPKW;IstFuss;IstKrad;IstGkfz;IstSonstige;USTRZUSTAND
11;11;11051332;2019;12;7;2;3;5;2;0;1;1;0;0;0;0;0
11;7;7040403;2019;12;22;1;3;5;3;2;0;1;0;0;0;0;0
11;1;1044101;2019;12;21;1;3;1;6;2;0;1;0;0;0;1;0
11;3;3061126;2019;12;19;1;2;6;4;2;0;0;1;0;0;1;0
11;5;5020626;2019;12;18;1;3;5;2;2;0;1;0;1;0;0;0
11;11;11030721;2019;12;14;1;3;0;4;0;1;0;1;0;0;0;0
11;8;8010213;2019;12;13;1;3;5;3;0;0;1;0;0;0;0;0
11;3;3051017;2019;12;10;1;3;2;6;0;0;1;0;0;0;0;0
11;8;8040933;2019;12;4;1;2;5;3;2;0;1;0;0;0;0;0
11;2;2040502;2019;12;1;1;2;6;7;2;0;1;1;0;0;0;0
11;1;1011303;2019;12;1;1;3;5;3;2;0;1;0;0;0;1;0
11;2;2020204;2019;11;15;7;3;0;6;0;0;1;0;1;0;0;0
11;1;1022206;2019;11;12;7;3;5;3;0;1;1;0;0;0;0;0
11;12;12304314;2019;11;0;7;3;2;6;2;0;1;0;0;0;0;0
11;5;5010314;2019;11;9;7;3;6;2;0;0;1;1;0;0;0;0
11;1;1011303;2019;11;3;7;3;2;6;2;0;1;0;0;0;0;0
11;1;1011301;2019;11;23;7;3;1;5;2;1;0;0;0;0;1;0
11;2;2050602;2019;11;19;7;3;5;3;2;0;1;0;1;0;0;0
11;3;3020307;2019;11;18;7;3;5;2;2;1;1;0;0;0;0;0
11;8;8010211;2019;11;18;7;3;5;2;2;0;1;0;0;0;0;0
11;5;5030731;2019;11;16;7;3;5;2;1;0;1;0;0;0;0;0
11;12;12214527;2019;11;16;7;3;2;6;1;0;1;0;0;0;0;0
11;3;3061228;2019;11;18;7;3;2;6;2;0;1;0;0;0;0;0
11;5;5010314;2019;11;14;7;2;6;4;0;0;1;1;0;0;0;0
11;11;11030617;2019;11;12;7;2;5;2;0;0;1;0;0;0;1;0
11;7;7050501;2019;11;14;7;3;2;6;0;0;1;0;0;0;0;0
11;2;2030302;2019;11;7;7;3;0;7;0;1;0;0;0;0;0;0
11;2;2050803;2019;11;4;7;3;0;1;2;0;0;0;0;0;1;0
11;2;2050803;2019;11;19;7;3;6;2;2;0;1;1;0;0;0;1
11;2;2010104;2019;11;17;6;3;5;2;2;0;1;0;0;0;0;0
11;8;8030829;2019;11;19;6;3;5;7;2;0;1;0;0;0;0;1
11;5;5010314;2019;11;18;6;3;5;2;2;1;1;0;0;0;0;0
11;5;5010314;2019;11;18;6;3;6;4;2;0;1;1;0;0;0;0
11;8;8010118;2019;11;18;6;3;0;6;2;0;0;0;1;0;1;0
11;2;2010104;2019;11;17;6;3;3;2;1;1;1;0;0;0;0;0
11;2;2020206;2019;11;16;6;3;5;2;2;1;1;0;0;0;0;0
11;1;1033102;2019;11;15;6;3;1;5;0;0;1;0;0;1;0;0
11;8;8010302;2019;11;14;6;3;5;3;0;0;1;0;0;0;0;1
11;9;9031202;2019;11;12;6;3;0;6;0;0;1;0;1;0;0;1
11;6;6030503;2019;11;12;6;3;5;7;0;0;1;0;0;0;1;0
11;1;1033202;2019;11;12;6;3;5;2;0;0;1;0;0;0;0;0
11;6;6010210;2019;11;11;6;3;6;4;0;0;1;1;0;0;0;0
11;12;12304314;2019;11;11;6;3;5;2;0;0;1;0;0;0;0;0
11;7;7060601;2019;11;11;6;2;1;5;0;0;1;0;0;0;0;0
11;2;2010102;2019;11;9;6;3;6;4;0;0;0;1;0;0;1;0
11;5;5030731;2019;11;9;6;3;2;6;0;0;1;0;0;1;0;0
11;7;7030302;2019;11;9;6;3;5;3;0;1;1;0;0;0;0;0
11;2;2010102;2019;11;16;6;2;0;7;2;1;0;0;0;0;0;0
11;1;1033101;2019;11;9;6;3;2;6;0;0;1;0;0;0;0;0
11;7;7010102;2019;11;9;6;3;6;4;0;1;0;1;0;0;0;1
11;2;2040502;2019;11;8;6;3;5;2;0;1;0;0;0;0;1;0
11;2;2020205;2019;11;8;6;3;6;4;0;1;0;1;0;0;0;1
11;10;10010102;2019;11;7;6;3;6;4;2;0;1;1;0;0;0;1
11;5;5030730;2019;11;19;5;3;2;6;2;0;1;0;0;0;0;1
11;9;9052001;2019;11;19;5;2;1;5;2;0;1;0;0;0;1;1
11;4;4030929;2019;11;19;5;3;2;6;2;0;1;0;0;0;0;1
11;4;4030620;2019;11;18;5;3;3;6;2;0;1;0;1;0;0;1
11;8;8010301;2019;11;18;5;3;2;3;2;0;1;0;0;0;0;1
11;1;1044202;2019;11;18;5;2;6;2;2;0;1;1;0;0;0;1
11;3;3061126;2019;11;19;5;2;6;2;2;0;0;1;0;0;1;0
11;7;7050502;2019;11;18;5;3;5;2;2;0;1;0;0;0;0;1
11;11;11040925;2019;11;17;5;3;0;6;2;0;1;0;1;0;0;1
11;1;1044202;2019;11;17;5;3;2;6;2;0;1;0;0;0;0;1
11;11;11020513;2019;11;17;5;3;5;2;2;0;1;0;0;0;0;1
11;6;6030608;2019;11;17;5;3;6;2;2;0;1;1;0;0;0;1
11;11;11030720;2019;11;17;5;2;6;4;2;1;0;1;0;0;0;1
11;12;12231101;2019;11;17;5;3;1;5;2;0;1;0;0;0;0;0
11;1;1011401;2019;11;17;5;3;5;3;2;1;1;0;0;0;0;1
11;5;5010314;2019;11;17;5;3;6;4;2;0;1;1;0;0;0;1
11;10;10040933;2019;11;16;5;3;5;3;2;1;1;0;0;0;0;1
11;10;10020622;2019;11;16;5;3;6;7;2;0;0;1;0;0;1;0
11;9;9041501;2019;11;16;5;3;6;4;2;0;1;1;0;0;0;1
11;1;1011303;2019;11;15;5;3;5;2;0;1;1;0;0;0;0;0
11;10;10010204;2019;11;14;5;3;6;4;0;0;1;1;0;0;0;0
11;4;4051549;2019;11;21;5;3;5;2;2;1;1;0;0;0;0;1
11;9;9020701;2019;11;12;5;3;1;5;0;0;1;0;0;0;0;0
11;12;12103218;2019;11;13;5;3;2;6;0;0;1;0;0;0;0;1
11;3;3071537;2019;11;13;5;3;7;7;0;1;0;0;0;0;0;0
11;11;11040926;2019;11;12;5;3;5;2;0;0;1;0;0;0;0;0
11;5;5010207;2019;11;12;5;3;2;3;0;0;1;0;1;0;0;0
11;4;4051445;2019;11;20;5;3;5;7;2;0;1;0;1;0;0;1
11;9;9020501;2019;11;12;5;3;5;7;0;0;1;0;0;1;0;0
11;9;9010202;2019;11;20;5;3;5;3;2;1;1;0;0;0;0;1
11;2;2030302;2019;11;11;5;3;5;7;0;1;1;0;0;0;0;0
11;12;12214424;2019;11;10;5;3;5;2;0;1;1;0;0;0;0;0
11;11;11010310;2019;11;10;5;3;6;2;0;0;0;1;0;1;0;0
11;3;3020307;2019;11;10;5;3;1;5;0;1;0;0;0;0;1;0
11;10;10020415;2019;11;8;5;3;5;3;0;1;1;0;0;0;0;0
11;5;5040934;2019;11;8;5;3;2;6;0;0;1;0;0;0;0;0
11;2;2030302;2019;11;7;5;3;6;4;0;1;1;1;0;0;0;1
11;5;5030731;2019;11;5;5;3;5;2;2;1;1;0;0;0;0;1
11;7;7010102;2019;11;18;4;3;2;7;2;1;1;0;0;0;0;1
11;7;7040405;2019;11;17;4;3;6;6;2;1;0;1;0;0;0;0
11;3;3061228;2019;11;19;4;3;5;3;2;0;1;0;0;0;0;1
11;8;8010214;2019;11;20;4;3;1;5;2;1;1;0;0;0;0;0
11;8;8020727;2019;11;16;4;3;6;2;1;0;1;1;0;0;0;1
11;1;1033101;2019;11;19;4;2;1;5;2;0;1;0;0;0;1;1
11;8;8010404;2019;11;19;4;3;6;4;2;0;1;1;0;0;0;1
11;9;9010302;2019;11;19;4;3;2;6;2;0;1;0;0;0;0;1
11;6;6020302;2019;11;18;4;3;6;2;2;0;1;1;0;0;0;1
11;3;3061228;2019;12;8;6;3;5;3;0;1;1;0;0;0;0;1
11;4;4010102;2019;11;18;4;3;5;2;2;0;1;0;0;0;0;1
11;8;8020620;2019;11;18;4;3;8;1;2;0;1;0;0;0;0;1
11;6;6030501;2019;12;8;6;3;5;7;0;0;0;0;1;0;1;0
11;3;3061228;2019;11;17;4;3;2;6;2;0;1;0;0;0;0;1
11;7;7070702;2019;12;5;6;3;5;3;2;0;1;0;0;0;0;0
11;4;4051445;2019;11;17;4;3;5;2;2;1;1;0;0;0;0;1
11;12;12301203;2019;11;17;4;3;6;4;2;0;1;1;0;0;0;1
11;4;4031032;2019;12;6;6;3;2;6;0;0;1;0;0;0;0;1
11;7;7050503;2019;11;17;4;3;5;7;2;0;1;0;1;0;0;1
11;7;7030303;2019;11;17;4;3;5;3;2;0;1;0;0;0;0;1
11;6;6010207;2019;11;17;4;3;5;3;2;1;1;0;0;0;0;1
11;12;12214527;2019;12;6;6;3;5;2;2;0;1;0;0;0;1;2
11;3;3040614;2019;12;6;6;2;5;3;2;1;1;0;0;0;0;0
11;2;2030302;2019;11;17;4;3;5;2;2;1;1;0;0;0;0;1
11;1;1011102;2019;11;17;4;3;5;2;2;0;1;0;1;0;0;1
11;7;7020203;2019;12;7;6;3;5;3;1;1;1;0;0;0;0;0
11;1;1044202;2019;11;17;4;3;6;2;2;0;1;1;0;0;0;1
11;1;1022106;2019;11;20;4;3;5;2;2;1;1;0;0;0;0;0
11;5;5010101;2019;12;7;6;3;5;3;1;1;1;0;0;0;0;1
11;8;8010404;2019;12;0;6;2;6;2;2;0;1;1;0;0;0;0
11;1;1011401;2019;11;22;4;3;0;7;2;0;0;0;0;0;1;1
11;3;3010104;2019;11;13;4;3;3;6;0;1;1;0;0;0;0;0
11;11;11020515;2019;12;13;6;2;6;4;0;0;1;1;0;0;0;1
11;6;6040810;2019;12;13;6;3;2;6;0;0;1;0;0;0;0;1
11;10;10030727;2019;11;13;4;3;2;6;0;0;1;0;0;0;1;0
11;2;2040702;2019;11;12;4;3;0;1;0;0;0;0;0;0;1;0
11;9;9010301;2019;11;12;4;3;2;6;0;0;1;0;0;0;0;1
11;11;11030619;2019;12;12;6;3;5;7;0;0;1;0;0;0;1;1
11;7;7040401;2019;11;12;4;3;3;6;0;1;0;0;0;1;0;0
11;4;4030519;2019;12;12;6;3;0;1;0;0;0;0;1;0;0;1
11;8;2020206;2019;11;11;4;3;2;6;0;0;1;0;0;0;1;0
11;3;3051022;2019;11;11;4;3;5;3;0;0;1;0;0;0;0;0
11;2;2010101;2019;12;12;6;3;0;1;0;0;0;0;1;0;0;1
11;6;6010205;2019;11;10;4;3;2;7;0;0;1;0;0;0;0;0
11;10;10020414;2019;11;16;4;3;6;4;2;0;0;1;0;0;1;1
11;1;1011301;2019;11;9;4;2;5;3;0;1;1;0;0;0;0;0
11;1;1044103;2019;12;11;6;3;6;2;0;0;0;1;0;0;1;0
11;12;12214421;2019;12;11;6;3;0;3;0;0;1;0;1;0;0;1
11;12;12302211;2019;11;7;4;3;5;3;0;0;1;0;0;0;0;0
11;1;1011306;2019;11;16;4;3;6;2;2;0;1;1;0;0;0;1
11;11;11041022;2019;12;10;6;3;3;6;0;0;1;0;0;0;0;1
11;6;6020303;2019;12;18;6;1;6;2;2;0;1;1;0;0;0;1
11;5;5010314;2019;11;7;4;2;5;2;0;0;0;0;0;0;1;0
11;11;11040926;2019;11;16;4;3;6;2;1;0;1;1;0;0;0;1
11;6;6040806;2019;12;17;6;1;6;2;2;0;1;1;0;0;0;1
11;2;2010103;2019;11;16;4;3;5;3;2;1;1;0;0;0;0;1
11;10;10010309;2019;11;5;4;3;5;3;2;0;1;0;1;0;0;0
11;1;1022203;2019;12;17;5;3;1;5;2;1;1;0;0;0;0;1
11;10;10020517;2019;12;13;5;3;0;4;0;0;0;1;0;0;1;0
11;4;4030827;2019;11;15;4;3;2;6;0;0;1;0;0;0;0;1
11;3;3030715;2019;11;15;4;3;6;4;1;0;1;1;0;0;0;1
11;2;2050803;2019;11;15;4;3;6;4;0;0;1;1;0;0;0;1
11;3;3030406;2019;12;12;5;3;5;3;0;0;1;0;0;0;0;0
11;1;1022206;2019;11;15;4;3;2;1;0;1;0;0;0;0;1;1
11;10;10010102;2019;12;12;5;3;0;3;0;0;0;0;0;0;1;0
11;11;11030721;2019;11;7;4;3;0;1;1;1;0;0;0;0;0;0
11;8;8010116;2019;11;17;4;3;4;5;2;0;1;0;1;0;0;0
11;12;12214126;2019;12;9;5;3;6;4;0;0;1;1;0;0;0;0
11;4;4030930;2019;12;9;5;2;2;6;0;0;1;0;1;0;0;1
11;3;3020209;2019;11;7;3;3;6;4;1;0;1;1;0;0;0;0
11;3;3050923;2019;12;9;5;3;2;6;0;1;1;0;0;0;0;0
11;8;8010211;2019;11;19;3;2;0;1;2;1;0;0;0;0;0;0
11;10;10010310;2019;11;18;3;2;6;4;2;0;0;1;0;0;1;0
11;8;8010404;2019;12;23;5;2;6;4;2;0;1;1;0;0;0;0
11;8;8010301;2019;12;8;5;3;2;6;0;0;1;0;0;0;0;0
11;12;12214125;2019;11;17;3;3;5;3;2;0;1;0;1;0;0;0
11;8;8010214;2019;11;16;3;3;5;3;2;0;1;0;0;0;0;0
11;6;6030608;2019;12;7;5;3;1;5;0;1;1;0;0;0;0;0
11;4;4051653;2019;12;21;5;3;5;2;2;1;1;0;0;0;0;0
11;4;4020208;2019;11;16;3;3;2;6;2;0;1;0;0;0;0;0
11;1;1033203;2019;11;16;3;3;2;6;1;0;1;0;0;0;0;0
11;11;11041128;2019;12;7;5;3;5;3;2;1;1;0;0;0;0;1
11;6;6010101;2019;11;16;3;2;6;4;2;0;1;1;0;0;0;0
11;11;11020515;2019;12;7;5;3;5;3;2;1;1;0;0;0;0;1
11;12;12103117;2019;11;16;3;3;2;6;2;0;1;0;0;0;0;0
11;9;9051701;2019;11;16;3;3;0;5;1;0;1;0;0;0;0;0
11;4;4030931;2019;12;21;5;3;1;5;2;0;1;0;0;0;0;0
11;4;4030725;2019;12;0;5;2;0;7;2;0;0;0;0;0;1;0
11;8;8010301;2019;11;15;3;3;3;6;1;1;0;0;0;0;1;0
11;6;6010101;2019;11;20;3;3;5;3;2;1;1;0;0;0;0;1
11;7;7040402;2019;12;10;5;2;5;3;0;1;0;0;0;1;0;0
11;6;6030501;2019;12;19;5;3;1;1;2;0;1;0;1;0;0;1
11;2;2010103;2019;11;19;3;3;5;2;2;1;1;0;0;0;0;0
11;4;4030519;2019;11;19;3;3;5;3;1;0;1;0;0;0;0;0
11;12;12301204;2019;12;17;5;3;6;4;2;0;1;1;0;0;0;0
11;2;2020204;2019;12;18;5;3;0;1;2;0;0;0;1;0;0;0
11;12;12214125;2019;11;19;3;3;2;6;2;0;1;0;1;0;0;0
11;7;7030301;2019;11;19;3;3;1;5;2;1;1;0;0;0;0;0
11;5;5020625;2019;11;19;3;3;5;2;2;0;1;0;0;0;0;0
11;2;2030302;2019;12;17;5;3;6;4;2;0;1;1;0;0;0;0
11;3;3061227;2019;12;17;5;3;3;6;2;0;1;0;0;0;1;0
11;6;6020409;2019;11;18;3;3;2;6;2;0;1;0;0;0;0;0
11;12;12304314;2019;11;15;3;3;5;3;1;0;1;0;0;0;0;0
11;4;4030417;2019;12;18;5;3;1;5;2;1;0;0;0;0;1;0
11;2;2050801;2019;12;17;5;3;6;6;1;0;1;1;0;0;0;0
11;2;2010104;2019;11;14;3;3;5;2;0;0;1;0;0;1;0;0
11;1;1022201;2019;11;15;3;3;0;1;0;0;0;0;1;0;0;0
11;6;6040702;2019;12;18;5;3;5;3;2;1;1;0;0;0;0;0
11;4;4020310;2019;11;14;3;3;1;5;0;0;1;0;0;0;0;0
11;4;4030930;2019;12;16;5;3;0;3;2;1;0;0;1;0;0;1
11;7;7040403;2019;11;14;3;3;5;3;0;1;1;0;0;0;0;0
11;2;2010103;2019;11;13;3;3;5;2;0;1;0;0;0;0;1;0
11;7;7020203;2019;12;16;5;3;5;2;2;0;1;0;1;0;0;1
11;3;3071639;2019;12;16;5;3;1;5;2;1;1;0;0;0;0;0
11;9;9020701;2019;11;13;3;3;5;2;0;0;1;0;0;0;0;0
11;11;11040926;2019;11;10;3;3;5;3;0;0;1;0;0;0;0;0
11;11;11010207;2019;12;16;5;3;6;4;2;0;1;1;0;0;0;1
11;3;3010102;2019;12;14;5;3;5;3;0;1;1;0;0;0;0;0
11;7;7070703;2019;11;10;3;3;0;7;0;0;1;0;0;0;1;0
11;1;1022106;2019;11;12;3;3;0;7;0;0;0;0;1;0;1;0
11;1;1011201;2019;12;15;5;3;2;2;0;1;1;0;0;0;0;0
11;4;4030724;2019;11;9;3;3;3;6;0;0;1;0;1;0;0;0
11;5;5030730;2019;12;14;5;3;2;6;0;0;1;0;0;0;0;0
11;9;9020501;2019;12;14;5;2;6;4;0;0;1;1;0;0;0;0
11;1;1033101;2019;11;9;3;3;5;2;0;0;1;0;0;0;1;0
11;12;12304313;2019;12;14;5;3;0;6;0;0;1;0;1;0;0;0
11;2;2020205;2019;11;7;3;3;0;3;0;1;0;0;1;0;0;0
11;6;6030608;2019;12;14;5;2;5;3;0;1;1;0;0;0;0;0
11;12;12301203;2019;12;13;5;3;2;7;0;0;1;0;0;0;0;0
11;5;5030832;2019;11;7;3;3;2;6;1;0;1;0;0;0;0;0
11;4;4031032;2019;11;7;3;3;5;3;0;1;1;0;0;0;0;0
11;8;8020620;2019;12;13;5;3;5;7;0;1;1;0;0;0;0;0
11;6;6040810;2019;11;7;3;3;1;5;1;0;0;0;0;0;1;0
11;8;8020728;2019;11;12;3;3;6;4;0;0;1;1;0;0;1;0
11;8;8010404;2019;11;10;3;3;3;6;0;1;1;0;0;0;0;0
11;1;1011103;2019;11;11;3;3;1;5;0;1;1;0;0;0;0;0
11;11;11010310;2019;11;10;3;3;6;4;0;0;0;1;0;0;1;0
11;2;2010101;2019;12;13;5;3;1;5;0;0;1;0;0;0;0;0
11;5;5020628;2019;12;18;4;3;5;2;1;0;1;0;0;0;1;0
11;3;3020307;2019;11;10;3;3;5;2;0;0;1;0;0;0;1;0
11;11;11051332;2019;11;13;2;3;5;2;0;1;0;0;0;0;1;0
11;1;1044101;2019;11;8;2;3;5;3;0;0;1;0;0;0;0;0
11;4;4041137;2019;12;7;4;3;6;2;1;0;1;1;0;0;0;0
11;1;1011202;2019;11;8;2;3;6;4;0;1;0;1;0;0;0;0
11;1;1044202;2019;12;14;4;3;6;4;0;0;1;1;0;0;0;0
11;11;11020411;2019;11;15;2;2;6;7;0;0;1;1;0;0;0;0
11;8;8010404;2019;11;21;2;3;6;4;2;0;1;1;0;0;0;0
11;6;6020408;2019;12;19;4;2;5;2;2;0;1;0;1;0;0;0
11;10;10010310;2019;11;20;2;2;5;2;2;1;1;0;0;0;0;0
11;2;2030402;2019;11;19;2;3;0;1;2;1;1;0;0;0;0;0
11;5;5040936;2019;11;17;2;3;5;3;2;1;1;0;0;0;0;0
11;7;7050501;2019;12;18;4;3;5;2;2;0;1;0;1;0;0;0
11;8;8010510;2019;11;16;2;3;2;6;2;0;1;0;0;0;0;0
11;8;8020619;2019;11;16;2;3;5;3;2;0;1;0;1;0;0;0
11;12;12214528;2019;12;18;4;3;9;1;2;0;1;0;0;0;0;0
11;4;4030725;2019;11;16;2;3;2;3;2;1;1;0;0;0;0;0
11;7;7040403;2019;12;18;4;2;6;4;2;0;0;1;1;0;0;1
11;2;2020204;2019;11;15;2;3;1;1;0;0;1;0;0;0;0;0
11;8;8010211;2019;11;18;2;3;0;1;2;1;0;0;0;0;0;0
11;4;4030930;2019;12;17;4;3;1;5;2;1;1;0;0;0;1;0
11;8;8010303;2019;12;17;4;3;6;4;2;1;0;1;0;0;0;0
11;2;2020203;2019;11;11;2;3;5;3;0;1;1;0;0;0;0;0
11;7;7030301;2019;11;14;2;3;0;4;0;1;0;1;0;0;0;0
11;4;4030725;2019;12;17;4;3;0;7;2;0;0;0;1;0;0;0
11;2;2040502;2019;12;16;4;3;5;3;2;1;1;0;0;0;0;0
11;9;9030901;2019;11;15;2;3;7;7;0;0;1;0;0;0;1;0
11;12;12214125;2019;11;15;2;3;4;6;0;0;1;0;0;0;0;0
11;9;9051901;2019;11;15;2;3;2;6;0;0;1;0;0;0;0;0
11;1;1011105;2019;12;18;4;3;5;2;2;1;1;0;0;0;0;0
11;10;10010207;2019;11;15;2;3;2;6;0;0;1;0;0;0;0;0
11;1;1011303;2019;12;15;4;3;5;3;1;0;1;0;0;0;0;0
11;3;3030406;2019;11;13;2;3;6;2;0;0;1;1;0;0;0;0
11;2;2020205;2019;11;11;2;3;5;3;0;1;1;0;0;0;0;0
11;9;9020802;2019;12;23;4;3;6;2;2;0;1;1;0;0;0;0
11;11;11010310;2019;11;9;2;3;0;6;0;0;1;0;1;0;0;0
11;1;1044202;2019;11;8;2;3;6;4;0;1;0;1;0;0;0;0
11;4;4010103;2019;11;8;2;3;9;1;0;0;0;0;0;0;1;0
11;2;2030302;2019;12;23;4;3;2;6;2;0;1;0;0;0;0;1
11;2;2050602;2019;12;22;4;3;2;6;2;0;1;0;0;0;0;0
11;12;12214126;2019;11;6;2;2;5;3;2;1;1;0;0;0;0;0
11;8;8010301;2019;11;0;2;3;1;5;2;1;1;0;0;0;0;0
11;3;3061227;2019;12;14;7;3;2;1;0;1;1;0;0;0;0;1
11;4;4051448;2019;12;14;7;3;0;1;0;1;0;0;0;0;0;1
11;8;8010301;2019;12;13;7;3;4;2;0;1;1;0;0;0;0;1
11;10;10020413;2019;12;13;7;3;5;2;0;0;1;0;0;0;0;1
11;5;5020417;2019;12;13;7;3;0;1;0;1;0;0;0;0;0;1
11;6;6020408;2019;12;12;7;3;5;3;0;0;1;0;0;0;0;1
11;6;6020408;2019;12;12;7;3;5;7;0;0;1;0;0;0;0;1
11;6;6010209;2019;12;11;7;3;5;2;0;1;1;0;0;0;0;1
11;1;1033202;2019;12;11;7;3;2;6;0;0;1;0;1;0;0;1
11;3;3061131;2019;12;10;7;3;5;3;0;1;1;0;0;0;0;1
11;2;2050803;2019;12;5;7;3;6;2;2;0;1;1;0;0;0;1
11;2;2050801;2019;12;3;7;3;0;1;2;0;0;0;0;0;1;1
11;8;8010301;2019;12;23;7;3;5;2;2;0;1;0;0;0;0;1
11;2;2030301;2019;12;23;7;3;2;6;2;0;1;0;0;0;0;1
11;11;11030720;2019;12;21;7;2;6;4;2;0;1;1;0;0;0;1
11;7;7070701;2019;12;20;7;2;5;2;2;0;1;0;0;0;0;1
11;4;4051550;2019;12;19;7;3;6;6;2;1;0;1;0;0;0;1
11;8;8040933;2019;12;16;7;3;2;6;2;0;1;0;0;0;0;1
11;11;11020513;2019;12;17;7;3;0;7;2;0;1;0;0;0;1;0
11;10;10020414;2019;12;17;7;3;6;2;2;0;1;1;0;0;0;1
11;1;1033101;2019;12;15;7;3;0;1;1;0;0;0;1;0;0;1
11;2;2010101;2019;12;15;7;3;5;3;0;0;1;0;0;0;0;1
11;5;5010312;2019;12;22;6;3;6;2;2;0;1;1;0;0;0;0
11;9;9041501;2019;12;21;6;3;1;5;2;1;0;0;0;0;1;1
11;9;9041301;2019;12;13;6;3;6;4;0;0;1;1;0;0;0;0
11;1;1011402;2019;12;13;6;3;5;3;0;0;1;0;0;0;0;0
11;9;9051901;2019;12;13;6;3;0;6;0;0;1;0;0;0;1;0
11;12;12214424;2019;12;12;6;3;6;4;0;0;1;1;0;0;0;0
11;7;7030303;2019;12;11;6;3;5;3;0;0;1;0;0;0;1;0
11;6;6030609;2019;12;7;6;3;6;2;1;0;1;1;0;0;0;1
11;7;7010102;2019;12;10;6;3;5;3;0;1;1;0;0;0;0;0
11;4;4030930;2019;12;10;6;3;5;2;0;0;1;0;1;0;0;0
11;7;7070703;2019;12;10;6;3;0;1;0;1;0;0;0;0;0;2
11;10;10010310;2019;12;10;6;3;0;1;0;0;0;0;1;0;0;2
11;4;4051446;2019;12;9;6;2;6;2;0;0;1;1;0;0;0;0
11;9;9020701;2019;12;9;6;3;4;1;0;0;1;0;0;0;0;2
11;6;6020410;2019;12;8;6;3;5;3;0;0;0;0;1;1;0;1
11;4;4051653;2019;12;8;6;3;5;2;0;1;1;0;0;0;0;0
11;1;1022207;2019;12;8;6;2;0;1;1;0;0;0;1;0;0;2
11;12;12302211;2019;12;8;6;3;3;6;0;1;1;0;0;0;0;0
11;4;4041239;2019;12;7;6;3;5;2;1;1;0;0;0;0;1;0
11;7;7040406;2019;12;7;6;3;5;2;0;1;1;0;0;0;0;1
11;11;11051330;2019;12;7;6;3;5;7;2;1;1;0;0;0;0;1
11;4;4030931;2019;12;14;6;2;6;4;0;0;1;1;0;0;0;0
11;1;1011202;2019;12;19;6;3;5;3;2;0;1;0;0;0;0;0
11;3;3061131;2019;12;19;6;2;0;1;2;1;0;0;0;0;0;0
11;5;5010207;2019;12;19;6;3;2;6;2;0;1;0;0;0;0;0
11;9;9010101;2019;12;18;6;3;1;5;2;1;1;0;0;0;0;0
11;1;1044101;2019;12;18;6;2;5;3;2;1;1;0;0;0;0;0
11;7;7050505;2019;12;17;6;3;2;6;2;0;1;0;0;0;0;0
11;11;11010310;2019;12;17;6;3;2;6;2;0;1;0;0;0;0;1
11;5;5010314;2019;12;16;6;3;0;6;2;0;1;0;0;0;1;0
11;6;6010205;2019;12;16;6;3;2;2;1;0;1;0;0;0;0;0
11;1;1022204;2019;12;16;6;3;0;1;0;1;0;0;0;0;0;0
11;3;3040512;2019;12;16;6;3;8;1;2;0;1;0;0;0;0;0
11;5;5010314;2019;12;15;6;3;5;3;0;0;1;0;0;0;1;0
11;1;1011202;2019;12;15;6;3;2;2;2;0;0;0;0;0;1;1
11;2;2040503;2019;12;15;6;3;2;7;0;1;1;0;0;0;0;0
11;3;3020209;2019;12;14;6;3;6;4;0;0;1;1;0;0;0;0
11;3;3040614;2019;12;6;5;3;6;7;2;1;0;1;0;0;0;0
11;4;4031032;2019;12;13;5;2;6;4;0;0;1;1;0;0;0;0
11;2;2030402;2019;12;11;5;3;5;2;0;1;1;0;0;0;0;0
11;1;1011301;2019;12;16;5;3;3;6;2;1;0;0;0;0;1;0
11;8;8010303;2019;12;16;5;3;5;3;2;1;1;0;0;0;0;0
11;12;12302108;2019;12;16;5;3;6;4;1;0;1;1;0;0;0;1
11;6;6040809;2019;12;15;5;3;3;6;2;0;1;0;0;0;0;1
11;7;7050506;2019;12;15;5;3;5;3;1;0;1;0;0;0;0;1
11;9;9010401;2019;12;15;5;3;5;3;2;0;1;0;0;0;0;1
11;1;1011201;2019;12;14;5;3;1;5;0;0;1;0;0;0;0;0
11;8;8010404;2019;12;20;5;3;6;7;2;0;0;1;0;0;1;1
11;1;1033201;2019;12;13;5;3;0;5;0;0;1;0;1;0;0;1
11;6;6030607;2019;12;13;5;3;2;2;0;0;1;0;0;0;0;1
11;1;1044201;2019;12;12;5;3;5;3;0;1;1;0;0;0;0;1
11;10;10040931;2019;12;12;5;3;5;3;0;1;1;0;0;0;0;1
11;11;11040925;2019;12;12;5;3;0;1;0;0;0;0;1;0;0;1
11;9;9010401;2019;12;12;5;2;5;2;1;1;0;0;0;1;0;0
11;9;9010401;2019;12;11;5;3;8;1;0;0;1;0;0;0;0;1