LAND;BEZ;LOR_ab_2021;UJAHR;UMONAT;USTUNDE;UWOCHENTAG;UKATEGORIE;UART;UTYP1;ULICHTVERH;IstRad;IstPKW;IstFuss;IstKrad;IstGkfz;IstSonstige;USTRZUSTAND
11;1;1011302;2019;12;11;5;3;5;3;0;0;1;0;1;0;0;1
11;2;2010102;2019;12;10;5;3;0;5;0;0;1;0;0;0;0;0
11;8;8020727;2019;12;10;5;2;2;6;0;0;1;0;0;1;0;0
11;9;9051901;2019;12;9;5;3;3;6;0;0;1;0;0;0;1;1
11;2;2020203;2019;12;21;5;2;5;3;2;1;0;0;0;0;0;1
11;1;1011401;2019;12;20;5;3;1;5;0;1;1;0;0;0;0;0
11;8;8020619;2019;12;19;5;2;6;1;2;0;1;1;0;0;0;0
11;5;5030730;2019;12;19;5;3;2;6;2;0;1;0;0;0;0;0
11;6;6030503;2019;12;18;5;3;5;3;2;1;1;0;0;0;0;1
11;2;2030301;2019;12;18;5;3;2;2;2;1;1;0;0;0;0;0
11;3;3030715;2019;12;17;5;2;5;3;2;0;1;0;0;0;0;1
11;3;3051017;2019;12;17;5;2;6;4;2;0;1;1;0;0;0;1
11;4;4010102;2019;12;16;5;3;5;2;2;0;1;0;0;0;0;0
11;1;1011203;2019;12;8;5;3;5;3;0;0;1;0;0;0;1;1
11;9;9010202;2019;12;7;5;3;3;5;0;0;0;0;1;0;1;1
11;3;3040818;2019;12;7;5;3;5;2;0;0;1;0;0;0;0;1
11;3;3061430;2019;12;7;5;3;2;6;1;0;1;0;0;0;0;1
11;6;6030504;2019;12;7;5;2;6;4;0;0;1;1;0;0;0;1
11;1;1033201;2019;12;7;5;3;5;2;2;0;1;0;0;0;0;1
11;9;9051901;2019;12;6;5;3;4;6;2;1;0;0;0;0;0;1
11;8;8041037;2019;12;6;5;3;6;2;1;0;0;1;0;0;1;1
11;12;12231101;2019;12;6;5;3;2;6;2;0;1;0;0;0;0;1
11;5;5020419;2019;12;5;5;3;6;2;2;0;0;1;0;0;1;1
11;9;9010301;2019;12;7;4;3;4;5;0;1;1;0;0;0;0;0
11;3;3061332;2019;12;16;4;3;0;6;1;1;1;0;0;0;0;0
11;8;8010303;2019;12;20;4;3;0;2;2;1;0;0;0;0;1;0
11;12;12301204;2019;12;20;4;3;1;1;2;0;1;0;0;0;0;2
11;3;3051017;2019;12;17;4;3;4;6;1;0;1;0;1;0;0;0
11;1;1022104;2019;12;17;4;3;5;2;2;1;1;0;0;0;0;0
11;6;6020410;2019;12;16;4;3;5;3;0;0;1;0;0;0;0;0
11;9;9020702;2019;12;16;4;3;6;4;2;0;1;1;0;0;0;0
11;11;11010205;2019;12;16;4;3;5;2;2;0;1;0;0;0;0;0
11;1;1033203;2019;12;15;4;3;5;3;0;0;1;0;0;0;0;1
11;10;10010310;2019;12;15;4;3;2;2;1;0;1;0;0;0;0;0
11;4;4030930;2019;12;15;4;3;0;6;0;0;1;0;0;0;1;0
11;5;5030730;2019;12;15;4;2;9;1;0;0;1;0;0;0;0;0
11;5;5020523;2019;12;14;4;2;5;2;0;0;1;0;0;0;0;0
11;7;7040404;2019;12;13;4;3;6;4;0;0;1;1;0;0;0;0
11;4;4030417;2019;12;13;4;3;0;4;0;1;0;1;0;0;0;0
11;1;1011305;2019;12;12;4;3;5;2;0;1;1;0;0;0;0;0
11;8;8020622;2019;12;12;4;3;0;2;0;0;1;0;0;0;1;0
11;3;3030715;2019;12;7;4;3;0;6;1;0;1;0;0;0;1;0
11;9;9020701;2019;12;7;4;3;2;2;1;0;1;0;0;0;0;0
11;4;4051655;2019;12;6;4;3;6;2;2;0;1;1;0;0;0;0
11;12;12302107;2019;12;22;4;2;6;4;2;0;0;1;1;0;0;0
11;1;1044201;2019;12;19;4;3;2;6;2;0;1;0;0;0;0;0
11;1;1011204;2019;12;17;4;3;6;2;2;1;0;1;0;0;0;0
11;4;4030415;2019;12;15;4;1;5;3;0;1;1;0;0;0;0;0
11;9;9031001;2019;12;17;3;3;6;6;2;0;1;1;0;0;0;0
11;12;12214125;2019;12;7;3;3;2;6;0;0;1;0;0;0;0;0
11;1;1011203;2019;12;14;3;3;3;2;0;1;0;0;0;0;1;0
11;12;12214125;2019;12;11;3;2;6;7;0;0;1;1;0;1;1;0
11;7;7060601;2019;12;16;3;3;6;7;2;0;0;1;0;0;1;0
11;4;4041134;2019;12;15;3;3;2;6;1;0;1;0;0;0;1;0
11;12;12231101;2019;12;15;3;3;2;2;1;0;1;0;0;0;0;0
11;1;1022201;2019;12;23;3;3;5;2;2;0;1;0;1;0;0;0
11;7;7070705;2019;12;14;3;3;5;3;0;1;1;0;0;0;0;0
11;4;4041137;2019;12;13;3;3;5;3;0;0;1;0;0;0;0;0
11;7;7040403;2019;12;13;3;3;6;2;0;0;1;1;0;0;0;0
11;11;11030720;2019;12;13;3;3;2;6;0;0;1;0;0;0;0;0
11;11;11020412;2019;12;12;3;3;1;5;0;1;1;0;0;0;0;1
11;9;9020701;2019;12;12;3;3;5;2;0;1;1;0;0;0;0;1
11;1;1022104;2019;12;12;3;3;5;2;0;1;1;0;0;0;0;2
11;5;5020626;2019;12;11;3;3;1;5;0;0;1;0;1;0;0;0
11;2;2020205;2019;12;10;3;3;1;5;0;0;1;0;0;0;0;1
11;2;2030402;2019;12;10;3;3;6;7;0;0;1;1;0;0;0;0
11;4;4051446;2019;12;9;3;2;5;2;0;1;1;0;0;0;0;0
11;5;5010314;2019;12;10;3;3;2;6;0;0;1;0;0;0;0;1
11;3;3040513;2019;12;9;3;3;1;5;0;0;1;0;0;0;1;0
11;10;10040932;2019;12;8;3;3;7;7;0;1;0;0;0;0;0;0
11;2;2020203;2019;12;22;3;3;5;3;2;1;1;0;0;0;0;1
11;1;1022101;2019;12;20;3;3;5;2;2;0;1;0;0;0;0;0
11;9;9020702;2019;12;20;3;3;5;2;2;0;1;0;0;0;0;1
11;2;2020204;2019;12;19;3;3;6;4;2;0;1;1;0;0;0;0
11;5;5010312;2019;12;19;3;3;1;5;2;0;1;0;0;0;0;0
11;7;7040401;2019;12;19;3;3;1;5;2;0;1;0;0;0;0;0
11;1;1011105;2019;12;19;3;3;5;3;2;0;1;0;1;0;0;0
11;3;3040818;2019;12;18;3;3;2;6;2;0;1;0;0;0;0;0
11;4;4030931;2019;12;17;3;3;1;5;2;1;1;0;0;0;0;1
11;6;6030502;2019;12;17;3;3;6;2;2;0;1;1;0;0;0;0
11;1;1022104;2019;12;17;3;3;1;5;2;1;1;0;0;0;1;0
11;8;8030829;2019;12;16;3;2;5;3;2;0;1;0;0;0;0;0
11;6;6020301;2019;12;16;3;3;5;3;1;1;1;0;0;0;0;0
11;4;4020208;2019;12;7;3;2;0;1;2;1;0;0;0;0;0;2
11;7;7030301;2019;12;6;3;3;5;2;2;0;1;0;0;0;0;1
11;11;11020412;2019;12;4;3;3;0;2;2;1;0;0;0;0;1;1
11;2;2040503;2019;12;16;3;3;6;4;2;0;1;1;0;0;0;0
11;11;11030618;2019;12;0;3;2;9;1;2;0;1;0;0;0;0;1
11;1;1022104;2019;12;8;3;3;0;2;0;0;0;1;0;0;1;0
11;6;6040810;2019;12;8;3;3;0;1;0;1;0;0;0;0;0;2
11;4;4041137;2019;12;7;3;3;5;2;0;0;1;0;0;0;0;1
11;3;3030406;2019;12;7;3;3;6;7;0;1;0;1;0;0;0;0
11;4;4030415;2019;12;7;3;3;5;2;1;0;1;0;0;0;0;0
11;12;12214125;2019;12;7;3;2;5;3;2;0;1;0;0;1;0;1
11;12;12301203;2019;12;20;2;3;2;6;2;0;1;0;0;0;0;1
11;9;9041402;2019;12;17;2;3;6;6;0;1;0;1;0;0;0;0
11;1;1011201;2019;12;9;2;3;5;3;0;1;1;0;0;0;0;1
11;8;8020622;2019;12;12;2;3;5;3;0;1;1;0;0;0;0;0
11;5;5040936;2019;12;15;2;3;2;6;1;0;1;0;0;0;0;1
11;12;12214527;2019;12;21;2;3;6;4;2;0;1;1;0;0;0;1
11;6;6010204;2019;12;20;2;3;0;7;2;1;1;0;0;0;0;1
11;11;11030720;2019;12;19;2;3;3;6;2;0;1;0;0;0;0;1
11;2;2020203;2019;12;19;2;3;6;2;2;0;1;1;0;0;0;1
11;7;7040403;2019;12;19;2;3;6;2;2;0;1;1;0;0;0;1
11;5;5030730;2019;12;20;2;3;2;6;0;0;1;0;0;0;0;1
11;9;9020502;2019;12;19;2;3;5;2;2;0;1;0;1;0;0;1
11;2;2050602;2019;12;5;2;3;0;6;2;0;1;0;1;0;0;1
11;3;3071537;2019;12;18;4;3;5;3;2;1;1;0;0;0;0;0
11;7;7060601;2019;12;18;2;3;6;2;2;0;1;1;0;0;0;1
11;12;12214421;2019;12;18;2;2;6;2;2;0;0;1;0;0;1;1
11;6;6010205;2019;12;17;4;3;5;2;2;0;1;0;0;0;0;0
11;8;8010301;2019;12;17;4;3;5;2;2;1;1;0;0;0;0;0
11;12;12302108;2019;12;18;2;2;6;2;2;0;1;1;0;0;0;1
11;8;8010301;2019;12;18;2;3;6;4;2;0;1;1;0;0;0;1
11;3;3071536;2019;12;17;4;2;9;1;2;0;1;0;0;0;0;0
11;7;7030303;2019;12;17;4;3;5;2;2;1;1;0;0;0;0;0
11;6;6020409;2019;12;17;2;3;5;2;2;0;1;0;0;0;0;1
11;4;4030931;2019;12;13;4;3;2;6;0;1;1;0;0;0;1;0
11;8;8030830;2019;12;17;2;3;5;2;2;0;1;0;0;0;1;1
11;4;4020311;2019;12;11;4;3;2;6;0;0;1;0;0;0;0;0
11;9;9030902;2019;12;10;4;3;5;3;0;0;1;0;0;0;0;0
11;7;7060603;2019;12;17;2;2;2;2;2;0;1;0;0;1;0;1
11;7;7010102;2019;12;17;2;3;5;3;2;0;1;0;0;0;1;1
11;9;9051901;2019;12;10;4;3;6;7;0;0;1;1;0;0;0;1
11;5;5020419;2019;12;9;4;3;0;1;0;0;0;0;1;0;0;0
11;6;6020409;2019;12;17;2;3;2;6;2;0;1;0;0;0;0;1
11;1;1011101;2019;12;23;3;3;2;6;2;0;1;0;0;0;0;0
11;8;8010301;2019;12;23;3;2;6;4;2;0;1;1;0;0;0;0
11;3;3051022;2019;12;16;2;2;5;2;2;0;1;0;1;0;0;1
11;3;3020307;2019;12;16;2;3;5;3;2;0;1;0;0;0;1;1
11;9;9010401;2019;12;20;3;3;5;2;2;1;1;0;0;0;0;0
11;6;6040808;2019;12;19;3;3;2;2;2;0;1;0;0;0;0;0
11;5;5020523;2019;12;19;3;3;5;2;2;1;1;0;0;0;0;0
11;10;10020622;2019;12;17;3;3;2;6;2;1;1;0;0;0;0;0
11;4;4041137;2019;12;16;3;3;2;6;2;0;1;0;0;0;0;0
11;4;4030622;2019;12;15;2;3;1;5;1;1;1;0;0;0;0;1
11;8;8041036;2019;12;16;2;3;6;2;2;0;1;1;0;0;0;1
11;1;1011305;2019;12;16;3;3;5;3;2;1;1;0;0;0;0;0
11;10;10020622;2019;12;16;2;3;2;6;2;0;1;0;0;0;0;1
11;6;6020306;2019;12;16;3;3;5;3;2;0;1;0;0;0;0;1
11;4;4030725;2019;12;15;2;3;5;3;1;1;1;0;0;0;0;1
11;4;4051447;2019;12;15;2;3;5;3;0;0;1;0;0;0;0;0
11;5;5010208;2019;12;16;3;2;6;4;2;0;1;1;0;0;0;0
11;2;2050801;2019;12;13;2;3;5;2;0;0;1;0;1;0;0;0
11;1;1011302;2019;12;13;2;3;1;5;0;1;0;0;0;1;0;0
11;1;1022103;2019;12;12;2;3;2;6;0;0;1;0;0;0;1;0
11;10;10010308;2019;12;10;3;2;0;7;1;1;0;0;0;0;0;0
11;12;12103218;2019;12;5;3;3;6;2;2;0;1;1;0;0;0;0
11;8;8030831;2019;12;11;2;3;0;3;0;0;1;0;1;0;0;1
11;4;4051551;2019;12;11;2;3;2;6;0;0;1;0;1;0;0;0
11;7;7020201;2019;12;15;3;3;5;2;0;1;1;0;0;0;0;0
11;10;10040932;2019;12;11;2;2;5;3;0;0;1;0;0;0;0;0
11;3;3040508;2019;12;9;2;2;4;6;0;0;1;0;0;0;0;0
11;7;7070704;2019;12;15;3;3;5;2;0;1;1;0;0;0;0;0
11;7;7070705;2019;12;13;3;3;5;3;0;1;1;0;0;0;0;1
11;2;2010102;2019;12;9;2;3;5;2;0;1;1;0;0;0;0;0
11;9;9041302;2019;12;9;2;3;1;5;0;0;1;0;0;0;0;0
11;6;6040703;2019;12;13;3;3;0;1;0;1;0;0;0;0;0;1
11;10;10020413;2019;12;13;3;3;5;3;0;1;1;0;0;0;0;0
11;3;3030715;2019;12;7;2;2;5;3;1;1;0;0;0;0;1;1
11;4;4041344;2019;12;7;2;3;5;3;2;1;1;0;0;0;0;0
11;8;8010302;2019;12;6;2;3;5;3;1;1;0;0;0;0;1;0
11;4;4051550;2019;12;13;3;3;5;3;0;1;0;0;0;0;0;0
11;8;8010405;2019;12;6;2;3;5;3;2;1;1;0;0;0;0;0
11;4;4031032;2019;12;12;3;3;5;2;0;0;1;0;0;0;0;0
11;9;9051901;2019;12;6;2;3;5;2;2;1;0;0;0;0;1;1
11;11;11020412;2019;12;6;2;3;5;3;2;0;1;0;0;0;0;0
11;2;2010101;2019;12;12;3;3;0;2;0;1;1;0;0;0;0;0
11;3;3030711;2019;12;15;2;3;5;3;1;0;1;0;0;0;1;1
11;1;1044203;2019;12;20;1;3;2;6;2;0;1;0;0;0;1;1
11;1;1044201;2019;12;18;1;3;3;6;2;0;1;0;0;0;0;1
11;5;5030832;2019;12;11;3;2;6;7;0;0;1;1;0;0;0;0
11;11;11040926;2019;12;11;3;3;5;3;0;1;1;0;0;0;0;0
11;7;7010102;2019;12;18;1;3;2;6;2;0;1;0;0;0;0;1
11;8;8010211;2019;12;18;1;3;5;7;2;0;1;0;0;0;1;0
11;4;4020312;2019;12;9;3;3;5;3;0;0;1;0;0;0;0;1
11;8;8020727;2019;12;9;3;3;5;2;0;0;1;0;0;0;0;1
11;3;3040614;2019;12;17;1;3;6;4;2;0;1;1;0;0;0;1
11;1;1011104;2019;12;16;1;3;5;3;2;0;1;0;0;0;0;1
11;9;9030901;2019;12;9;3;3;5;3;0;1;1;0;0;0;0;1
11;5;5010314;2019;12;16;1;3;3;6;2;0;1;0;0;0;0;1
11;6;6040804;2019;12;16;1;3;1;5;2;0;1;0;0;0;0;1
11;4;4030929;2019;12;8;3;3;0;2;0;0;1;0;1;0;0;1
11;8;8010404;2019;12;7;3;3;6;2;2;0;1;1;0;0;0;1
11;3;3030406;2019;12;15;1;3;5;3;1;0;1;0;0;0;0;1
11;6;6040703;2019;12;15;1;3;3;6;0;0;1;0;0;0;0;1
11;4;4030415;2019;12;13;1;3;5;5;0;0;1;0;0;0;0;1
11;8;8020727;2019;12;8;3;3;6;4;0;0;1;1;0;0;0;1
11;7;7040406;2019;12;14;1;3;3;6;0;0;1;0;0;0;0;1
11;12;12302109;2019;12;7;3;3;2;2;0;0;1;0;1;0;0;1
11;5;5020626;2019;12;3;1;2;9;1;2;0;1;0;0;0;0;1
11;8;8010118;2019;12;3;1;3;9;1;2;0;1;0;0;0;0;0
11;10;10040933;2019;12;7;3;3;5;2;0;0;1;0;0;0;1;1
11;9;9010402;2019;12;7;3;3;6;4;2;0;1;1;0;0;0;1
11;3;3071638;2019;12;7;1;3;0;7;0;0;0;0;1;0;1;1
11;10;10040828;2019;12;6;3;3;4;6;2;1;1;0;0;0;0;1
11;12;12231101;2019;12;0;1;2;6;4;2;0;1;1;0;0;0;1
11;7;7060604;2019;12;17;7;2;5;2;2;0;1;0;0;0;0;0
11;7;7040401;2019;12;9;3;2;6;3;0;0;0;1;0;0;1;0
11;11;11030619;2019;12;16;3;1;6;4;2;0;1;1;0;0;0;0
11;5;5030730;2019;12;17;7;2;1;5;2;0;1;0;0;0;0;1
11;7;7070703;2019;12;17;7;3;6;4;2;0;1;1;0;0;0;1
11;12;12224230;2019;12;11;3;1;9;1;0;0;1;0;0;0;0;0
11;3;3040614;2019;12;17;2;3;4;5;0;0;1;0;0;0;1;0
11;10;10010203;2019;12;17;7;3;6;4;2;0;0;1;0;0;1;1
11;12;12231101;2019;12;17;7;2;5;2;2;0;1;0;1;0;0;1
11;3;3030711;2019;12;6;2;3;2;6;2;0;1;0;0;0;0;0
11;5;5030730;2019;12;16;7;3;2;6;2;0;1;0;0;0;0;0
11;1;1022102;2019;12;23;2;3;2;6;2;0;1;0;0;0;0;1
11;7;7070701;2019;12;15;7;3;5;3;0;0;1;0;0;0;0;0
11;10;10030727;2019;12;21;7;3;2;6;2;0;1;0;0;0;0;1
11;4;4020311;2019;12;21;2;2;0;1;2;1;0;0;0;0;0;1
11;1;1044202;2019;12;21;2;3;5;3;2;0;1;0;0;0;0;1
11;4;4051655;2019;12;20;7;2;6;4;2;0;1;1;0;0;0;1
11;3;3020210;2019;12;12;7;3;0;5;0;0;1;0;0;0;1;1
11;12;12304313;2019;12;21;2;3;6;2;2;0;1;1;0;0;0;1
11;2;2020205;2019;12;20;2;3;0;1;2;1;0;0;0;0;0;1
11;4;4030931;2019;12;11;7;3;6;4;0;0;1;1;0;0;0;1
11;12;12214527;2019;12;11;7;3;5;2;0;0;1;0;0;0;0;0
11;4;4030931;2019;12;19;2;3;5;7;2;1;1;0;0;0;0;1
11;1;1033201;2019;12;19;2;3;6;2;2;0;1;1;0;0;0;1
11;4;4030931;2019;12;11;7;3;2;6;0;0;1;0;0;0;0;1
11;8;8010404;2019;12;6;7;3;6;2;2;0;1;1;0;0;0;1
11;5;5020524;2019;12;4;7;3;5;3;2;0;1;0;0;0;0;1
11;4;4030623;2019;12;16;2;3;3;6;2;1;1;0;0;0;0;0
11;6;6030610;2019;12;7;2;3;5;2;1;0;1;0;0;0;1;0
11;4;4041343;2019;12;9;7;3;5;2;0;1;1;0;0;0;0;1
11;1;1011201;2019;12;1;7;3;8;1;2;0;1;0;0;0;0;1
11;1;1044201;2019;12;9;2;3;0;3;0;0;1;0;1;0;0;0
11;2;2010102;2019;12;6;2;3;5;3;2;0;1;0;0;0;1;0
11;11;11041023;2019;12;19;7;2;6;4;2;0;1;1;0;0;0;1
11;8;8010118;2019;12;19;7;3;5;3;2;0;1;0;0;0;1;1
11;9;9020701;2019;12;5;2;3;5;3;2;1;1;0;0;0;0;1
11;1;1044201;2019;12;19;7;3;5;2;2;0;1;0;0;0;0;1
11;1;1044101;2019;12;18;2;3;3;6;2;1;1;0;0;0;0;1
11;2;2010102;2019;12;18;7;3;2;6;2;0;1;0;1;0;0;1
11;8;8010404;2019;12;18;7;3;1;5;2;1;1;0;0;0;0;1
11;6;6020305;2019;12;18;2;3;2;6;2;0;1;0;1;0;0;0
11;12;12214424;2019;12;17;2;3;5;3;2;1;1;0;0;0;0;1
11;11;11040926;2019;12;18;7;3;2;6;2;0;1;0;0;0;0;1
11;8;8010211;2019;12;18;7;3;2;6;2;0;1;0;0;0;0;0
11;1;1044102;2019;12;17;2;3;5;7;2;0;1;0;1;0;0;1
11;11;11010310;2019;12;17;2;3;2;6;2;0;1;0;0;0;0;1
11;5;5010339;2019;12;18;7;3;5;2;2;1;1;0;0;0;0;1
11;2;2020203;2019;12;20;6;3;6;4;2;0;0;1;0;0;1;0
11;10;10010311;2019;12;16;2;3;2;6;2;0;1;0;0;0;0;2
11;9;9030901;2019;12;20;6;3;6;4;2;0;0;1;0;0;1;1
11;8;8041037;2019;12;14;2;2;0;3;0;0;0;0;1;0;1;1
11;2;2020204;2019;12;13;2;3;2;6;0;0;1;0;0;0;0;0
11;12;12224230;2019;12;20;6;2;4;6;2;1;0;0;0;0;0;0
11;3;3071639;2019;12;12;2;3;9;1;0;0;1;0;0;0;1;1
11;7;7010102;2019;12;16;6;3;6;4;2;1;0;1;0;0;0;1
11;4;4051549;2019;12;9;2;3;2;6;0;0;1;0;0;0;0;0
11;10;10010308;2019;12;18;1;3;5;3;2;0;1;0;0;0;1;1
11;6;6030609;2019;12;17;6;3;6;2;2;0;1;1;0;0;0;1
11;12;12302212;2019;12;17;6;3;6;4;2;0;1;1;0;0;0;1
11;4;4051446;2019;12;2;1;3;5;3;2;0;1;0;0;0;0;1
11;9;9052001;2019;12;17;6;3;6;4;2;0;1;1;0;0;0;1
11;1;1011402;2019;12;17;6;3;0;2;2;0;1;1;0;0;0;1
11;12;12103219;2019;12;17;6;3;6;2;2;0;1;1;0;0;0;1
11;3;3050924;2019;12;17;6;3;6;4;2;0;1;1;0;0;0;1
11;4;4051551;2019;12;15;6;3;5;2;1;1;1;0;0;0;0;1
11;8;8041040;2019;12;17;1;2;1;5;2;0;1;0;0;1;0;1
11;4;4041344;2019;12;19;1;3;5;3;2;1;1;0;0;0;0;1
11;10;10010310;2019;12;16;6;3;5;3;2;1;1;0;0;0;0;1
11;8;8020727;2019;12;16;6;3;2;6;2;0;1;0;0;0;0;1
11;6;6030609;2019;12;16;6;3;8;1;2;0;1;0;0;0;0;1
11;12;12214125;2019;12;19;1;3;2;6;2;0;1;0;0;0;0;0
11;1;1044201;2019;12;16;6;3;2;6;2;0;1;0;0;0;1;1
11;6;6040807;2019;12;17;1;3;5;3;2;0;1;0;0;0;0;1
11;6;6030503;2019;12;12;6;2;2;7;0;0;1;0;0;0;0;1
11;9;9051901;2019;12;22;6;3;6;2;2;0;1;1;0;0;0;1
11;6;6040804;2019;12;17;1;3;6;7;2;1;0;1;0;0;0;1
11;2;2010103;2019;12;21;6;3;6;2;2;0;1;1;0;0;0;1
11;4;4030519;2019;12;20;6;3;5;7;2;0;1;0;0;0;1;1
11;10;10010310;2019;12;19;6;3;2;6;2;0;1;0;0;0;0;1
11;4;4010101;2019;12;16;1;3;5;3;2;0;1;0;0;0;0;0
11;9;9020701;2019;12;19;6;3;5;3;2;0;1;0;0;0;0;1
11;6;6010207;2019;12;19;6;3;5;3;2;0;1;0;0;0;0;1
11;8;8010301;2019;12;14;1;3;5;3;0;1;1;0;0;0;0;1
11;8;8010214;2019;12;19;6;3;2;6;2;0;1;0;0;0;0;1
11;8;8041038;2019;12;14;1;2;5;2;0;0;1;0;0;0;0;1
11;7;7020203;2019;12;19;6;3;0;4;2;1;0;1;0;0;0;1
11;4;4020310;2019;12;18;6;3;2;6;2;0;1;0;0;0;0;1
11;4;5030833;2019;12;13;1;3;2;6;0;0;1;0;0;0;0;1
11;12;12214125;2019;12;11;1;3;5;2;0;0;1;0;0;0;0;1
11;12;12304314;2019;12;18;6;3;6;4;2;0;1;1;0;0;0;1
11;4;4031032;2019;12;18;6;3;0;7;2;0;1;0;0;0;0;1
11;9;9010401;2019;12;6;1;3;8;1;2;0;1;0;0;0;0;2
11;4;4030623;2019;12;5;1;3;9;1;2;0;1;0;0;0;0;1
11;4;4041241;2019;12;18;6;2;6;4;2;1;0;1;0;0;0;1
11;5;5030833;2019;12;16;6;2;6;2;2;0;1;1;0;0;0;1
11;4;4030929;2019;12;16;6;2;0;7;2;1;0;0;0;0;0;1
11;9;9041301;2019;12;5;1;3;9;1;2;0;1;0;0;0;0;1
11;2;2050801;2019;12;14;6;3;5;3;0;0;1;0;0;0;0;1
11;1;1011304;2019;12;1;1;2;5;3;2;1;1;0;0;0;0;1
11;9;9030902;2019;12;14;6;3;5;2;0;1;1;0;0;0;0;1
11;4;4041134;2019;12;10;6;3;5;3;0;1;1;0;0;0;0;1
11;3;3030715;2019;12;12;1;3;2;6;0;0;1;0;0;0;0;0
11;11;11040926;2019;12;9;6;3;5;3;0;0;1;0;0;0;0;1
11;4;4041136;2019;12;9;6;3;6;4;0;0;1;1;0;0;0;1
11;8;8010213;2019;12;8;6;3;5;7;0;1;1;0;0;0;0;0
11;11;11030720;2019;12;0;1;1;6;4;2;0;1;1;0;0;0;1
11;8;8010302;2019;12;14;7;2;5;7;0;0;1;0;1;0;0;1
11;2;2020206;2019;12;8;6;3;0;1;0;1;0;0;0;0;0;0
11;8;8041036;2019;12;14;2;3;5;3;0;0;1;0;0;0;0;0
11;8;8010211;2019;12;13;2;3;1;5;0;1;1;0;0;0;0;0
11;12;12103117;2019;12;11;2;3;5;3;0;0;1;0;0;0;0;0
11;8;8010303;2019;12;10;2;3;5;2;0;0;1;0;1;0;0;0
11;4;4010102;2019;12;8;2;3;6;4;0;0;0;1;1;0;0;0
11;6;6020410;2019;12;21;2;2;5;3;2;0;1;0;0;1;0;0
11;9;9020501;2019;12;6;2;2;0;1;2;1;0;0;0;0;0;0
11;8;8030831;2019;12;16;1;3;6;7;2;0;1;1;0;0;0;0
11;11;11040925;2019;12;15;1;3;5;3;0;0;1;0;0;0;0;0
11;4;4041238;2019;12;14;1;3;2;6;0;0;1;0;0;0;0;0
11;6;6020303;2019;12;4;1;3;5;3;2;0;1;0;0;0;0;0
11;4;4030827;2019;12;2;1;3;1;5;2;0;1;0;0;0;0;0
11;11;11010205;2019;12;21;7;2;6;4;2;0;1;1;0;0;0;0
11;1;1011302;2019;12;21;7;3;1;5;2;0;1;0;0;0;1;0
11;8;8010510;2019;12;20;7;3;2;2;2;0;1;0;0;0;0;1
11;1;1044201;2019;12;17;7;3;6;7;2;0;1;1;0;0;0;0
11;1;1022205;2019;12;16;7;3;0;1;2;1;0;0;0;0;0;0
11;7;7040405;2019;12;17;7;3;6;4;2;0;1;1;0;0;0;0
11;2;2040502;2019;12;15;7;3;6;3;0;1;0;1;0;0;0;0
11;6;6010205;2019;12;14;7;3;6;4;0;0;1;1;0;0;0;0
11;8;8020623;2019;12;13;7;3;5;3;0;0;1;0;0;0;1;0
11;1;1011303;2019;12;12;7;3;5;3;0;0;0;0;0;0;1;0
11;4;4030417;2019;12;12;7;3;5;7;0;0;1;0;1;0;0;0
11;8;8010301;2019;12;12;7;3;6;4;0;0;1;1;0;0;0;0
11;2;2030302;2019;12;7;7;3;5;3;2;1;1;0;0;0;0;0
11;8;8010301;2019;12;23;7;2;0;1;2;1;0;0;0;0;0;0
11;1;1011305;2019;12;0;7;2;5;3;2;0;1;0;0;0;1;0
11;4;4030620;2019;12;0;6;2;8;1;2;0;1;0;0;0;0;1
11;1;1022103;2019;12;16;6;3;5;3;2;1;1;0;0;0;0;0
11;2;2020206;2019;12;13;6;3;0;7;0;0;1;0;0;0;0;0
11;9;9052001;2019;12;10;6;3;3;6;0;1;1;0;0;0;0;1
11;7;7030303;2019;12;10;6;3;0;3;0;0;0;0;1;0;1;1
11;2;2020204;2019;12;9;6;3;8;1;0;0;1;0;0;0;0;1
11;4;4041134;2019;12;7;6;3;5;3;1;1;0;0;0;0;1;0
11;1;1011103;2019;12;21;6;3;2;6;2;0;1;0;0;0;0;1
11;5;5010311;2019;12;20;6;3;6;2;2;0;1;1;0;0;0;1
11;4;4041344;2019;12;19;6;3;1;5;2;1;1;0;0;0;0;0
11;8;8020622;2019;12;17;6;3;2;6;2;0;1;0;0;0;0;1
11;7;7020204;2019;12;17;6;3;5;3;2;1;1;0;0;0;0;1
11;11;11030720;2019;12;16;6;3;5;3;2;0;1;0;0;0;0;1
11;9;9051702;2019;12;19;6;2;6;4;2;0;1;1;0;0;0;1
11;3;3040513;2019;12;14;6;2;0;1;0;1;0;0;0;0;0;1
11;6;6040807;2019;12;9;6;2;5;3;0;1;1;0;0;0;0;1
11;12;12103116;2019;12;17;5;3;2;2;2;1;1;0;0;0;0;1
11;8;8010404;2019;12;20;5;3;5;3;2;0;1;0;0;0;0;1