LAND;BEZ;LOR_ab_2021;UJAHR;UMONAT;USTUNDE;UWOCHENTAG;UKATEGORIE;UART;UTYP1;ULICHTVERH;IstRad;IstPKW;IstFuss;IstKrad;IstGkfz;IstSonstige;USTRZUSTAND
11;10;10020622;2019;12;17;5;3;5;2;2;0;1;0;0;0;0;1
11;11;11020514;2019;12;17;5;3;5;3;2;0;1;0;0;0;0;1
11;11;11051229;2019;12;17;5;3;2;6;2;0;1;0;1;0;0;1
11;8;8010303;2019;12;16;5;3;5;3;2;0;1;0;0;0;0;1
11;1;1033201;2019;12;11;5;3;0;1;0;0;1;0;1;0;0;1
11;9;9051702;2019;12;9;5;3;0;1;0;1;0;0;0;0;0;1
11;5;5020625;2019;12;2;5;3;8;1;2;0;1;0;0;0;0;1
11;4;4030518;2019;12;0;5;3;0;1;2;0;0;0;0;0;1;1
11;11;11030720;2019;12;15;5;2;5;1;0;0;1;0;0;0;0;1
11;9;9010301;2019;12;14;5;2;5;2;0;0;1;0;0;0;0;1
11;1;1033203;2019;12;6;5;2;3;6;2;1;1;0;0;0;0;1
11;4;4051655;2019;12;12;4;3;5;2;0;0;1;0;0;0;0;1
11;1;1033201;2019;12;23;4;3;5;7;2;0;1;0;1;0;0;1
11;4;4030929;2019;12;19;4;3;2;7;2;0;1;0;0;0;0;1
11;7;7030303;2019;12;16;4;3;1;1;2;0;1;0;0;0;1;1
11;8;8020728;2019;12;13;4;3;5;3;0;0;1;0;0;0;1;1
11;4;4020208;2019;12;23;3;3;6;2;2;0;1;1;0;0;0;1
11;9;9010301;2019;12;21;3;3;5;2;2;0;1;0;0;0;0;1
11;5;5010101;2019;12;20;3;3;6;2;2;0;1;1;0;0;0;1
11;10;10040931;2019;12;19;3;3;5;3;2;0;1;0;0;0;0;1
11;11;11010308;2019;12;18;3;3;1;5;2;0;1;0;0;0;0;1
11;6;6020304;2019;12;18;3;3;8;1;2;0;1;0;0;0;0;1
11;1;1022201;2019;12;14;3;3;0;1;0;0;1;0;1;0;0;0
11;5;5010339;2019;12;13;3;3;0;6;0;0;1;0;0;0;1;1
11;8;8010404;2019;12;13;3;3;6;4;0;0;1;1;0;0;0;0
11;3;3040818;2019;12;11;3;3;5;2;0;1;1;0;0;0;0;0
11;2;2040502;2019;12;10;3;3;5;3;0;1;0;0;0;0;0;0
11;10;10010204;2019;12;9;3;3;2;2;0;0;1;0;0;0;0;0
11;3;3050923;2019;12;20;2;3;6;4;2;0;1;1;0;0;0;0
11;2;2010104;2019;12;17;2;3;2;2;1;0;1;0;1;0;0;0
11;10;10010206;2019;12;7;2;3;6;7;2;1;0;1;0;0;0;0
11;10;10030724;2019;12;13;2;3;2;6;0;0;1;0;0;0;1;1
11;4;4020311;2019;12;12;2;3;6;7;0;0;1;1;0;0;0;1
11;9;9052001;2019;12;12;2;3;1;5;0;0;1;0;0;0;0;0
11;2;2030302;2019;12;19;2;3;1;5;2;1;1;0;0;0;0;0
11;4;4030931;2019;12;20;2;3;6;4;2;0;1;1;0;0;0;0
11;2;2050803;2019;12;18;2;3;5;7;2;0;1;0;0;0;0;0
11;11;11020514;2019;12;12;2;2;6;4;0;0;1;1;0;0;0;1
11;9;9010302;2019;12;17;2;3;2;6;2;0;1;0;0;0;0;0
11;6;6020306;2019;12;16;2;2;9;1;2;0;1;0;0;0;0;0
11;12;12214527;2019;12;16;2;3;2;6;1;0;1;0;0;0;0;0
11;6;6020301;2019;12;16;2;3;5;3;2;0;1;0;0;0;0;1
11;8;8030831;2019;12;16;2;3;0;5;1;1;1;0;0;0;0;1
11;12;12214125;2019;12;15;2;2;5;2;0;1;1;0;0;0;0;0
11;4;4041136;2019;12;11;2;2;9;7;0;0;1;0;0;0;0;1
11;8;8020620;2019;12;11;2;3;5;3;0;1;1;0;0;0;0;1
11;6;6010210;2019;12;9;2;3;6;4;0;1;0;1;0;0;0;1
11;4;4030931;2019;12;9;2;2;6;2;0;0;1;1;0;0;0;1
11;2;2030402;2019;12;8;2;3;1;5;0;1;0;0;0;0;1;1
11;1;1044101;2019;12;7;2;3;5;3;1;0;1;0;0;0;0;1
11;8;8010404;2019;12;7;2;3;6;2;2;0;1;1;0;0;0;1
11;5;5020625;2019;12;18;2;3;5;3;2;0;1;0;0;0;1;0
11;2;2020205;2019;12;14;1;3;0;1;0;1;0;0;0;0;0;1
11;3;3071639;2019;12;14;1;3;0;5;0;0;1;0;0;0;0;0
11;12;12103218;2019;12;12;1;2;5;2;0;1;1;0;0;0;0;0
11;8;8020619;2019;12;12;1;3;5;2;0;0;1;0;0;0;0;1
11;12;12214422;2019;12;9;1;3;2;2;0;0;1;0;1;0;0;1
11;4;4030931;2019;12;8;1;3;5;3;0;0;1;0;0;0;0;1
11;2;2020206;2019;12;7;1;3;5;3;2;0;1;0;0;0;0;1
11;11;11041128;2019;12;18;1;3;1;5;2;0;1;0;0;0;0;1
11;12;12214424;2019;12;21;1;3;2;6;2;0;1;0;0;0;0;0
11;4;4030930;2019;12;18;1;3;5;3;2;0;1;0;1;0;0;0
11;1;1011402;2019;12;16;1;3;3;6;2;1;0;0;0;0;0;1
11;8;8030831;2019;12;14;1;3;1;5;0;0;1;0;0;0;0;0
11;6;6040703;2019;12;13;1;3;5;3;0;0;1;0;0;0;0;0
11;7;7040403;2019;12;21;7;3;2;2;2;0;1;0;0;0;0;0
11;2;2030401;2019;12;20;7;2;0;3;2;0;1;0;0;0;0;1
11;5;5020419;2019;12;19;7;3;2;6;2;0;1;0;0;0;1;1
11;12;12103117;2019;12;17;7;2;0;4;2;0;0;1;0;0;1;0
11;8;8010404;2019;12;16;7;3;0;1;2;0;0;0;1;0;0;1
11;6;6040807;2019;12;14;7;3;2;2;0;0;1;0;0;0;0;1
11;5;5020625;2019;12;13;7;3;2;7;0;0;1;0;0;0;0;0
11;9;9051702;2019;12;13;7;3;6;4;0;0;1;1;0;0;0;0
11;8;8041036;2019;12;13;7;2;5;2;0;0;1;0;0;0;0;0
11;6;6030607;2019;12;12;7;3;1;1;0;0;1;0;0;0;1;1
11;7;7060601;2019;12;12;7;3;0;3;0;1;1;0;0;0;0;1
11;7;7060604;2019;12;11;7;2;8;1;0;0;1;0;0;0;0;1
11;12;12214422;2019;12;11;7;3;5;7;0;0;1;0;0;0;0;1
11;12;12304314;2019;12;10;7;3;2;6;0;0;1;0;0;0;0;1
11;1;1011301;2019;12;10;7;3;2;6;0;0;1;0;0;0;0;0
11;2;2050801;2019;12;9;7;3;2;6;0;0;1;0;0;0;1;1
11;8;8010301;2019;12;8;7;3;0;3;0;0;1;0;0;0;1;1
11;2;2010104;2019;12;3;7;3;5;2;2;0;1;0;0;0;0;1
11;10;10010204;2019;12;16;6;3;2;6;1;0;1;0;0;0;0;1
11;1;1033102;2019;12;15;6;3;0;3;0;1;1;0;0;0;0;1
11;6;6010103;2019;12;17;6;3;0;7;2;0;1;1;0;0;0;1
11;4;4030415;2019;12;16;6;3;5;3;2;0;1;0;0;0;0;0
11;8;8010301;2019;12;16;6;3;1;5;2;1;1;0;0;0;0;1
11;7;7040403;2019;12;20;6;3;5;2;2;0;1;0;0;0;0;1
11;3;3030406;2019;12;19;6;2;5;2;2;0;1;0;1;0;0;1
11;4;4030929;2019;12;19;6;3;2;6;2;0;1;0;0;0;0;0
11;11;11040926;2019;12;19;6;3;6;2;2;0;1;1;0;0;0;0
11;12;12231102;2019;12;18;6;3;5;3;2;0;1;0;0;0;0;1
11;1;1011102;2019;12;18;6;3;5;3;2;0;1;0;0;0;0;0
11;7;7040401;2019;12;17;6;2;6;4;2;0;1;1;0;0;0;1
11;10;10030725;2019;12;10;6;2;6;4;0;0;1;1;0;0;0;1
11;1;1022206;2019;12;16;6;3;6;2;2;0;1;1;0;0;0;1
11;5;5010206;2019;12;17;6;3;6;4;2;0;1;1;0;0;0;0
11;12;12214125;2019;12;10;6;3;0;5;0;1;1;0;0;0;0;1
11;4;4030929;2019;12;9;6;3;5;3;0;1;1;0;0;0;0;1
11;4;4030519;2019;12;9;6;3;5;3;0;0;1;0;0;0;0;0
11;10;10020412;2019;12;8;6;2;6;4;0;0;1;1;0;0;0;1
11;1;1011204;2019;12;7;6;3;2;2;1;1;1;0;0;0;0;0
11;11;11041023;2019;12;7;6;3;6;4;2;0;1;1;0;0;0;1
11;2;2010102;2019;12;6;6;3;1;5;2;1;1;0;0;0;0;1
11;11;11030721;2019;12;6;6;3;6;2;2;0;1;1;0;0;0;0
11;12;12103218;2019;12;16;6;3;5;2;1;1;1;0;0;0;0;0
11;2;2030302;2019;12;15;6;3;0;3;1;1;1;0;0;0;0;1
11;6;6040804;2019;12;15;6;3;6;4;1;0;1;1;0;0;0;1
11;8;8041036;2019;12;14;6;2;6;4;0;0;1;1;0;0;0;1
11;7;7050501;2019;12;14;6;3;5;3;0;1;0;0;0;1;0;0
11;4;4030931;2019;12;14;6;3;0;6;0;0;1;0;0;0;1;0
11;2;2050802;2019;12;23;6;3;5;3;2;0;1;0;0;0;0;1
11;10;10010311;2019;12;22;6;2;0;1;2;1;0;0;0;0;0;1
11;3;3061227;2019;12;22;6;3;0;5;2;0;1;1;0;0;0;0
11;4;4030417;2019;12;21;6;3;5;3;2;0;1;0;0;0;1;0
11;10;10030727;2019;12;14;6;3;5;2;0;1;0;0;0;0;1;0
11;7;7010101;2019;12;14;6;3;3;6;0;1;0;0;0;0;0;0
11;10;10020414;2019;12;17;6;2;5;2;2;1;1;0;0;0;0;1
11;10;10010310;2019;12;16;6;3;5;2;2;1;1;0;0;0;0;0
11;6;6040804;2019;12;14;6;3;3;6;0;0;1;0;0;0;0;0
11;6;6020301;2019;12;16;6;2;6;2;2;0;1;1;0;0;0;0
11;8;8010211;2019;12;13;6;3;5;7;0;0;1;0;0;0;0;0
11;6;6030609;2019;12;7;6;3;5;2;0;1;1;0;0;0;0;0
11;1;1033201;2019;12;21;6;3;5;2;2;1;1;0;0;0;0;1
11;5;5030833;2019;12;20;6;3;6;2;2;0;1;1;0;0;0;1
11;1;1022201;2019;12;13;6;3;5;3;0;1;1;0;0;0;0;1
11;3;3020307;2019;12;20;6;3;6;2;2;0;1;1;0;0;0;0
11;5;5010311;2019;12;13;6;3;5;7;0;0;1;0;1;0;0;1
11;6;6010102;2019;12;13;6;3;3;6;0;1;1;0;0;0;0;0
11;5;5010102;2019;12;12;6;3;6;4;0;0;1;1;0;0;0;0
11;7;7040401;2019;12;12;6;3;6;7;0;0;1;1;0;0;0;0
11;1;1011101;2019;12;12;6;3;0;7;0;1;1;0;0;0;0;1
11;11;11041128;2019;12;10;6;3;6;4;0;0;1;1;0;0;0;0
11;1;1044203;2019;12;12;5;3;0;2;0;1;1;0;0;0;0;0
11;7;7070701;2019;12;18;5;3;6;2;2;0;1;1;0;0;0;0
11;8;8010301;2019;12;17;5;3;0;7;2;0;0;1;0;0;1;0
11;7;7050503;2019;12;17;5;2;6;4;2;0;1;1;0;0;0;0
11;7;7070703;2019;12;17;5;2;6;4;2;0;1;1;0;0;0;1
11;4;4051655;2019;12;17;5;3;5;2;2;1;1;0;0;0;0;0
11;3;3020307;2019;12;17;5;2;6;2;2;0;1;1;0;0;0;1
11;5;5010314;2019;12;16;5;3;3;6;2;0;1;0;0;0;0;0
11;10;10040931;2019;12;16;5;3;0;3;2;0;1;0;1;0;0;1
11;4;4030417;2019;12;22;5;3;5;2;2;0;1;0;0;0;0;0
11;6;6030502;2019;12;21;5;3;5;3;2;0;1;0;1;0;0;1
11;7;7010102;2019;12;22;5;3;5;3;2;1;1;0;0;0;0;0
11;2;2020203;2019;12;20;5;3;5;3;2;0;1;0;0;0;1;0
11;2;2030301;2019;12;18;5;3;5;3;2;1;0;0;0;0;0;1
11;7;7020202;2019;12;18;5;3;2;6;2;0;1;0;0;0;1;1
11;6;6030504;2019;12;17;5;3;0;2;2;1;1;0;0;0;0;1
11;4;4030931;2019;12;15;5;3;6;4;0;0;1;1;0;0;0;0
11;8;8041037;2019;12;13;5;3;5;3;0;0;1;0;0;0;0;0
11;11;11040926;2019;12;12;5;3;5;3;0;1;0;0;0;0;0;0
11;4;4030417;2019;12;12;5;3;5;2;0;1;1;0;0;0;0;0
11;11;11020411;2019;12;9;5;3;2;7;0;0;1;0;0;0;1;0
11;7;7050502;2019;12;8;5;3;2;6;0;0;1;0;0;0;1;1
11;1;1011305;2019;12;8;5;3;5;7;0;1;1;0;0;0;0;0
11;12;12304314;2019;12;8;5;3;0;2;0;0;1;0;0;0;1;0
11;6;6030503;2019;12;8;5;3;2;6;0;0;1;0;0;0;0;0
11;12;12214125;2019;12;16;5;3;5;3;2;1;1;0;0;0;0;0
11;11;11020412;2019;12;6;5;3;5;3;2;0;1;0;0;0;0;0
11;2;2010103;2019;12;14;5;3;2;6;0;0;1;0;0;0;0;0
11;8;8010510;2019;12;14;5;3;1;5;0;1;1;0;0;0;0;0
11;9;9010402;2019;12;15;5;3;2;6;0;0;1;0;0;0;0;0
11;1;1011303;2019;12;15;5;3;6;2;0;0;1;1;0;0;0;0
11;11;11020515;2019;12;15;5;3;5;3;0;1;1;0;0;0;0;1
11;7;7070701;2019;12;13;5;3;2;2;0;0;1;0;0;0;1;0
11;5;5010314;2019;12;12;4;3;2;6;0;0;1;0;0;0;0;0
11;10;10020415;2019;12;18;4;3;1;6;2;1;1;0;0;0;0;0
11;10;10010310;2019;12;4;4;3;0;6;2;0;1;0;1;0;0;1
11;7;7010102;2019;12;18;4;3;1;7;2;0;1;0;0;0;0;0
11;4;4010102;2019;12;6;4;3;5;7;2;0;1;0;0;1;0;0
11;12;12214422;2019;12;9;4;3;5;3;0;0;1;0;0;0;0;0
11;6;6030608;2019;12;8;4;2;5;2;0;1;1;0;0;0;0;0
11;3;3050923;2019;12;8;4;3;5;3;0;1;1;0;0;0;0;0
11;8;8041037;2019;12;7;4;3;6;4;2;0;1;1;0;0;0;0
11;3;3010101;2019;12;23;4;3;8;1;2;0;1;0;0;0;0;0
11;2;2050802;2019;12;21;3;3;6;4;2;0;1;1;0;0;0;0
11;12;12302212;2019;12;21;4;3;1;5;2;1;1;0;0;0;0;0
11;4;4030725;2019;12;15;3;3;5;5;0;0;1;0;0;0;0;0
11;12;12301204;2019;12;15;3;3;1;7;1;0;1;0;0;0;0;0
11;9;9010101;2019;12;17;4;3;5;3;2;1;1;0;0;0;0;0
11;1;1044101;2019;12;13;3;3;5;3;0;1;1;0;0;0;0;0
11;6;6010207;2019;12;12;3;3;0;6;0;0;1;0;0;0;1;0
11;4;4030931;2019;12;12;3;3;1;5;0;1;1;0;0;0;0;0
11;8;8020620;2019;12;21;4;3;3;6;2;1;1;0;0;0;0;0
11;1;1011306;2019;12;2;3;3;2;7;2;1;1;0;0;0;0;1
11;8;8010406;2019;12;18;3;2;5;2;2;0;1;0;0;0;0;0
11;1;1033101;2019;12;21;4;3;5;2;2;0;1;0;0;0;0;0
11;3;3050923;2019;12;15;3;2;5;2;0;0;1;0;0;0;0;0
11;7;7010102;2019;12;14;4;3;3;6;0;0;1;0;0;0;0;0
11;11;11010103;2019;12;11;3;2;6;4;0;0;1;1;0;0;0;0
11;2;2020203;2019;12;19;2;3;6;7;2;1;0;1;0;0;0;0
11;4;4030725;2019;12;8;4;3;2;6;0;1;1;0;0;0;0;0
11;10;10040828;2019;12;16;4;3;5;3;2;0;1;0;0;0;0;0
11;6;6020411;2019;12;22;2;3;0;3;2;0;0;0;0;0;1;0
11;4;4030931;2019;12;19;2;3;2;2;2;0;1;0;0;0;0;0
11;6;6020304;2019;12;18;4;3;0;7;2;0;1;0;0;0;0;0
11;11;11030721;2019;12;15;4;3;2;6;1;0;1;0;0;0;0;0
11;1;1044203;2019;12;18;2;3;5;2;2;0;1;0;0;0;0;0
11;1;1011304;2019;12;18;2;3;6;7;2;1;1;1;0;0;0;0
11;1;1022206;2019;12;17;2;3;5;3;2;0;1;0;1;0;0;0
11;1;1044202;2019;12;15;4;3;5;2;0;0;1;0;0;0;0;0
11;3;3061430;2019;12;17;2;3;2;6;2;0;1;0;0;0;0;0
11;7;7040405;2019;12;18;4;3;0;7;2;1;0;0;0;0;0;1
11;11;11030720;2019;12;16;2;3;5;3;2;1;1;0;0;0;0;0
11;10;10030727;2019;12;16;2;3;2;6;1;0;1;0;1;0;0;0
11;2;2020204;2019;12;18;4;3;1;5;2;1;1;0;0;0;0;1
11;1;1011303;2019;12;15;2;3;3;6;0;0;1;1;0;0;0;0
11;1;1011201;2019;12;14;2;3;1;5;0;1;1;0;0;0;0;0
11;1;1011304;2019;12;14;2;3;2;2;0;0;1;0;0;0;1;0
11;11;11030721;2019;12;18;4;2;5;2;2;0;1;0;1;0;0;0
11;1;1011202;2019;12;14;4;3;2;2;0;1;1;0;0;0;0;0
11;2;2500729;2018;1;15;4;3;6;4;0;0;1;1;0;0;0;1
11;12;12500824;2018;1;11;2;3;2;6;0;0;1;0;0;0;0;0
11;2;2400520;2018;1;9;3;3;6;4;0;0;1;1;0;0;0;0
11;7;7200308;2018;1;17;2;3;6;7;2;0;1;1;0;0;0;0
11;3;3200206;2018;1;15;4;3;6;7;1;1;0;1;0;0;0;1
11;10;10100208;2018;1;5;2;2;2;6;2;0;1;0;0;0;0;0
11;4;4200207;2018;1;17;2;3;2;6;2;0;1;0;0;0;1;1
11;3;3100101;2018;1;16;5;3;2;6;2;0;1;0;0;0;0;1
11;1;1100310;2018;1;14;2;3;6;4;0;0;1;1;0;0;0;0
11;12;12100205;2018;1;21;7;3;0;1;2;0;0;0;1;0;0;1
11;1;1100310;2018;1;17;3;3;2;6;2;0;1;0;0;0;0;1
11;7;7400823;2018;1;16;4;3;2;6;2;0;1;0;0;0;0;1
11;3;3701660;2018;1;11;5;3;5;2;0;1;1;0;0;0;0;1
11;2;2500729;2018;1;8;2;3;5;2;0;1;1;0;0;0;0;0
11;1;1100207;2018;1;19;4;3;5;7;2;1;1;0;0;0;0;1
11;3;3601449;2018;1;6;5;3;5;2;2;0;1;0;0;0;0;0
11;9;9200613;2018;1;18;4;2;5;3;2;1;1;0;0;0;0;1
11;5;5200528;2018;1;15;1;3;5;3;0;0;1;0;0;0;0;0
11;7;7400823;2018;1;13;3;3;3;6;0;0;1;0;0;1;0;0
11;2;2400625;2018;1;11;7;3;6;4;0;1;0;1;0;0;0;0
11;1;1100102;2018;1;8;3;3;5;3;0;1;1;0;0;0;0;1
11;12;12500824;2018;1;7;6;3;0;7;1;0;0;0;1;0;0;1
11;7;7501133;2018;1;15;2;3;0;3;0;0;1;0;0;0;1;0
11;3;3601142;2018;1;10;5;3;6;2;0;0;0;1;0;0;1;1
11;3;3500934;2018;1;9;4;3;1;5;0;0;1;0;0;1;0;1
11;7;7400825;2018;1;0;1;2;2;6;2;0;1;0;0;0;0;0
11;3;3601142;2018;1;14;4;3;0;6;0;0;0;0;1;0;1;1
11;1;1100310;2018;1;17;4;2;2;6;2;0;1;0;0;0;0;1
11;1;1300836;2018;1;22;6;3;2;6;2;0;1;0;0;0;0;0
11;1;1100310;2018;1;9;3;3;2;6;0;0;1;0;0;0;1;0
11;1;1100310;2018;1;17;5;3;3;6;2;0;1;0;0;0;0;1
11;12;12400723;2018;1;7;3;3;6;2;1;0;1;1;0;0;0;2
11;4;4100101;2018;1;13;1;3;2;6;0;0;1;0;0;0;0;0
11;1;1100310;2018;1;12;2;3;5;3;0;1;0;0;0;0;1;0
11;4;4300414;2018;1;19;4;3;2;6;2;0;1;0;0;0;0;0
11;3;3601451;2018;1;8;2;3;6;4;0;1;0;1;0;0;0;0
11;2;2500727;2018;1;8;5;3;5;3;0;1;1;0;0;0;0;1
11;4;4100101;2018;1;6;2;3;2;6;1;0;1;0;0;0;0;0
11;2;2400521;2018;1;8;5;2;5;3;0;1;1;0;0;0;0;1
11;7;7200411;2018;1;6;3;1;5;2;2;1;0;0;0;1;0;1
11;3;3400830;2018;1;15;5;3;6;3;0;0;1;1;0;0;0;0
11;7;7400927;2018;1;19;2;3;3;6;2;0;1;0;0;0;0;0
11;3;3200309;2018;1;22;7;3;2;6;2;0;1;0;0;0;0;0
11;3;3400826;2018;1;19;3;3;2;6;2;0;1;0;0;0;0;0
11;3;3701660;2018;1;11;6;3;1;5;0;1;1;0;0;0;0;0
11;4;4400726;2018;1;10;2;3;3;6;0;0;1;0;0;0;0;0
11;12;12400721;2018;1;12;4;3;2;6;0;0;1;0;0;0;1;1
11;7;7501133;2018;1;9;3;3;6;4;0;0;1;1;0;0;0;1
11;7;7300619;2018;1;16;5;2;5;3;0;1;1;0;0;0;0;1
11;7;7501133;2018;1;10;4;2;5;3;0;1;1;0;0;0;0;1
11;3;3601451;2018;1;17;1;3;3;6;2;0;0;0;1;0;1;0
11;1;1100310;2018;1;6;3;3;5;3;2;1;1;0;0;0;0;0
11;4;4400725;2018;1;16;2;3;2;6;2;0;1;0;0;0;1;0
11;4;4400726;2018;1;19;4;3;3;6;2;0;1;0;0;0;0;1
11;4;4100101;2018;1;22;6;3;2;6;2;0;1;0;0;1;0;0
11;6;6100101;2018;1;17;2;3;2;6;2;0;1;0;0;0;0;0
11;4;4400725;2018;1;17;5;3;2;6;2;0;1;0;0;0;0;0
11;2;2500727;2018;1;10;7;2;5;3;0;1;1;0;0;0;0;0
11;7;7501133;2018;1;20;2;3;0;1;2;0;0;0;1;0;0;2
11;1;1100205;2018;1;16;4;3;2;6;2;0;0;0;1;0;1;1
11;4;4200308;2018;1;10;5;3;3;6;0;0;1;0;0;1;0;1
11;7;7501030;2018;1;15;2;3;2;6;1;0;1;0;0;0;0;0
11;3;3601451;2018;1;8;3;2;6;4;0;0;1;1;0;0;0;0
11;4;4200311;2018;1;11;5;3;2;6;0;0;1;0;0;0;0;0
11;7;7200308;2018;1;6;3;3;6;2;2;0;1;1;0;0;0;1
11;10;10100103;2018;1;3;1;2;1;5;2;0;1;0;0;1;0;0
11;7;7501133;2018;1;20;3;2;6;2;2;0;1;1;0;0;0;1
11;7;7400822;2018;1;19;4;3;2;6;2;0;1;0;0;0;0;1
11;6;6300629;2018;1;18;3;2;6;4;2;0;1;1;0;0;0;1
11;10;10400837;2018;1;15;5;3;5;2;0;1;1;0;0;0;0;0
11;9;9200613;2018;1;8;2;3;5;2;0;1;1;0;0;0;0;0
11;12;12400723;2018;1;6;5;3;5;2;0;1;1;0;0;0;0;1
11;7;7400720;2018;1;22;6;3;2;6;2;0;1;0;0;0;0;0
11;2;2500729;2018;1;20;4;3;6;2;2;0;1;1;0;0;0;1
11;1;1100310;2018;1;23;7;3;6;7;2;0;1;1;0;0;0;0
11;10;10300733;2018;1;9;4;3;3;6;0;0;1;0;0;1;0;1
11;7;7400824;2018;1;13;6;3;5;2;0;0;1;0;0;0;0;0
11;1;1100102;2018;1;8;3;2;6;4;0;0;1;1;0;0;0;0
11;9;9100101;2018;1;17;4;3;0;4;2;0;0;1;0;0;1;0
11;2;2500729;2018;1;9;3;2;6;4;0;0;1;1;0;0;0;1
11;12;12100205;2018;1;6;6;3;5;3;2;0;1;0;0;0;0;1
11;6;6400737;2018;3;13;7;3;5;2;0;0;1;0;0;0;0;0
11;1;1100310;2018;11;18;2;3;3;6;2;1;1;0;0;0;0;0
11;7;7200308;2018;8;19;5;3;5;2;0;1;1;0;0;0;0;0
11;1;1100206;2018;10;22;6;3;1;5;2;1;1;0;0;0;0;0
11;2;2400521;2018;8;16;3;3;2;6;0;0;1;0;0;0;0;0
11;2;2500728;2018;4;19;2;2;3;6;0;1;0;0;0;0;0;0
11;3;3100101;2018;4;16;4;3;2;6;0;0;1;0;0;0;0;0
11;10;10300733;2018;5;14;4;2;5;3;0;1;1;0;0;0;0;0
11;7;7501133;2018;11;8;6;3;5;3;0;0;1;0;0;0;1;0
11;6;6400735;2018;12;9;3;3;0;3;0;0;1;0;1;0;0;1
11;7;7501133;2018;9;14;5;3;2;6;0;0;1;0;1;0;0;0
11;4;4400726;2018;8;7;6;3;2;6;0;0;1;0;0;0;1;0
11;7;7501133;2018;6;11;6;3;2;6;0;0;1;0;0;0;0;0
11;2;2500830;2018;7;22;4;3;0;1;2;0;0;0;1;0;0;0
11;1;1400940;2018;5;7;4;3;5;3;0;0;1;0;0;0;0;0
11;3;3100101;2018;3;18;6;3;0;3;0;0;1;0;0;0;0;0
11;2;2500835;2018;11;14;3;3;6;7;0;0;0;1;0;0;1;0
11;3;3200309;2018;6;11;1;3;9;1;0;0;1;0;0;0;0;1
11;4;4400830;2018;12;23;5;2;8;1;2;0;1;0;0;0;0;1
11;12;12601031;2018;10;16;7;3;6;7;0;0;1;1;0;0;0;0
11;3;3601449;2018;8;17;5;3;2;6;0;0;1;0;0;0;0;0
11;7;7100206;2018;4;21;4;3;2;6;2;1;1;0;0;0;0;0
11;7;7601236;2018;3;17;1;3;5;2;0;1;1;0;0;0;0;0
11;2;2500729;2018;5;14;5;3;2;6;0;0;1;0;1;0;0;0
11;12;12100101;2018;10;6;5;3;2;6;2;0;1;0;0;0;0;1
11;2;2500727;2018;3;20;6;3;5;2;2;0;1;0;1;0;0;0
11;7;7400927;2018;11;6;3;3;3;6;1;0;0;0;0;1;1;0
11;1;1400940;2018;9;9;1;3;5;3;0;0;1;0;0;0;0;0
11;7;7501030;2018;8;17;6;3;5;3;0;1;1;0;0;0;0;0
11;12;12100101;2018;6;12;2;3;2;6;0;0;1;0;0;0;0;0
11;10;10400837;2018;7;13;2;2;2;6;0;0;1;0;0;0;0;0
11;6;6300527;2018;6;10;3;3;5;2;0;0;1;0;0;0;0;0
11;10;10400837;2018;8;10;5;3;0;1;0;0;0;0;1;0;0;0
11;2;2400522;2018;5;18;5;3;6;4;0;1;0;1;0;0;0;0
11;8;8200624;2018;4;6;5;3;2;6;0;0;1;0;0;0;0;0
11;12;12100101;2018;12;8;3;3;5;2;0;0;1;0;0;0;0;1
11;9;9100305;2018;9;12;7;3;3;6;0;0;1;0;0;0;0;0
11;1;1100310;2018;9;4;1;2;9;1;1;0;1;0;0;0;0;0
11;1;1100104;2018;7;9;6;3;0;1;0;0;0;0;1;0;0;0
11;2;2500727;2018;7;15;7;3;9;1;0;1;0;0;0;0;0;0
11;3;3601142;2018;3;8;4;3;2;6;0;0;1;0;0;0;0;1
11;2;2400625;2018;5;18;6;3;0;6;0;1;0;1;0;0;0;0
11;7;7601236;2018;10;13;5;3;5;3;0;1;1;0;0;0;0;0
11;2;2500727;2018;3;20;6;3;5;2;2;0;1;0;0;0;0;0
11;7;7400927;2018;11;12;6;2;3;6;0;0;1;0;0;1;0;1
11;7;7501030;2018;9;13;2;3;5;2;0;0;1;0;1;0;0;0
11;6;6400735;2018;8;18;7;3;2;6;0;0;1;0;1;0;0;0
11;3;3400723;2018;6;22;3;3;9;1;2;0;1;0;0;0;0;0
11;1;1100310;2018;10;16;3;3;6;2;0;0;1;1;0;0;0;0
11;8;8100521;2018;6;13;5;3;2;6;0;0;1;0;0;0;0;0
11;9;9100101;2018;8;15;6;3;5;2;0;0;1;0;0;0;0;0
11;7;7400927;2018;4;10;7;3;0;7;0;0;1;0;0;0;0;0
11;11;11300724;2018;4;19;7;3;2;6;0;0;1;0;0;0;0;0
11;3;3100101;2018;6;12;6;3;2;6;0;0;1;0;0;0;0;0
11;3;3701657;2018;12;18;6;3;5;7;2;1;1;0;0;0;0;1
11;1;1100311;2018;9;17;2;3;5;3;1;1;0;0;0;0;0;1
11;1;1100102;2018;9;18;3;3;3;6;0;0;1;0;1;0;0;0
11;4;4200310;2018;6;15;3;3;1;5;0;1;1;0;0;0;0;0