LAND;BEZ;LOR_ab_2021;UJAHR;UMONAT;USTUNDE;UWOCHENTAG;UKATEGORIE;UART;UTYP1;ULICHTVERH;IstRad;IstPKW;IstFuss;IstKrad;IstGkfz;IstSonstige;USTRZUSTAND
11;3;3701657;2018;12;12;7;3;5;2;0;1;1;0;0;0;0;0
11;4;4200310;2018;9;14;4;3;2;6;0;0;1;0;0;0;0;0
11;3;3500936;2018;8;19;5;3;0;1;2;0;0;0;1;0;0;1
11;1;1100311;2018;6;8;5;3;3;6;0;0;1;0;1;0;0;0
11;3;3601142;2018;6;16;5;3;5;2;0;1;0;0;0;0;1;0
11;2;2400520;2018;8;12;6;3;0;6;0;0;0;0;1;1;0;0
11;1;1100310;2018;3;12;2;3;5;3;0;1;1;0;0;0;0;1
11;6;6300526;2018;4;17;2;3;1;7;0;0;1;0;0;0;0;0
11;2;2200209;2018;4;15;1;3;0;7;0;1;0;0;0;0;0;0
11;1;1100102;2018;6;19;6;3;2;6;1;0;1;0;0;0;0;1
11;7;7400824;2018;12;20;1;3;2;6;2;0;1;0;0;0;0;1
11;1;1400940;2018;9;16;2;3;5;3;0;0;1;0;0;0;0;0
11;4;4100101;2018;9;11;3;2;2;6;0;0;1;0;0;0;0;0
11;1;1100102;2018;6;12;4;3;5;3;0;0;1;0;0;0;0;0
11;3;3701659;2018;7;7;2;3;5;2;0;1;1;0;0;0;0;0
11;2;2500729;2018;5;8;2;2;3;6;0;1;0;0;0;0;0;0
11;4;4200311;2018;2;13;6;3;3;6;0;0;1;0;0;0;0;0
11;8;8200622;2018;11;2;1;3;2;6;2;0;1;0;0;0;0;0
11;4;4400727;2018;10;20;4;2;2;6;2;0;1;0;0;0;0;0
11;12;12400619;2018;8;22;2;3;0;6;2;0;1;0;1;0;0;0
11;1;1100102;2018;4;17;1;3;0;6;0;0;1;0;1;0;0;0
11;7;7400927;2018;4;9;3;2;2;6;0;0;1;0;0;0;0;1
11;9;9100409;2018;5;8;2;3;2;6;0;0;1;0;0;0;0;0
11;4;4300622;2018;10;8;4;3;5;3;0;0;1;0;0;0;0;0
11;5;5200528;2018;2;9;6;3;6;4;0;0;1;1;0;0;0;0
11;7;7601341;2018;12;8;2;3;2;6;0;0;1;0;0;0;0;1
11;3;3601245;2018;9;17;4;3;0;2;0;1;1;0;0;0;0;0
11;3;3501037;2018;8;11;5;3;2;6;0;0;1;0;0;1;1;1
11;4;4501153;2018;6;15;5;3;2;6;0;0;1;0;0;0;0;0
11;1;1100102;2018;7;12;4;3;3;6;0;0;1;0;1;0;0;0
11;10;10400837;2018;2;13;6;3;2;6;0;0;1;0;0;0;0;0
11;2;2500729;2018;11;3;1;1;6;4;2;0;1;1;0;0;0;0
11;7;7601442;2018;6;13;6;3;6;4;0;0;0;1;0;0;1;0
11;7;7400927;2018;5;9;3;3;2;6;0;0;1;0;0;0;0;0
11;3;3601449;2018;12;18;3;2;5;2;2;0;1;0;0;0;0;1
11;2;2400625;2018;10;20;5;3;6;4;2;1;0;1;0;0;0;0
11;6;6300526;2018;2;16;6;3;6;4;0;0;1;1;0;0;0;0
11;3;3601141;2018;7;16;2;3;6;4;0;1;0;1;0;0;0;0
11;1;1100102;2018;4;11;4;3;2;6;0;0;1;0;0;0;0;0
11;1;1100102;2018;7;21;1;2;5;3;2;0;1;0;0;0;0;0
11;2;2200209;2018;3;17;5;3;6;7;2;1;0;1;0;0;0;1
11;2;2500728;2018;5;16;4;3;3;6;0;1;1;0;0;0;0;0
11;7;7501133;2018;10;14;3;3;5;2;0;0;1;0;0;0;1;1
11;12;12400723;2018;2;8;5;3;6;2;0;0;1;1;0;0;0;1
11;4;4200206;2018;11;22;1;3;5;2;2;0;1;0;0;0;1;0
11;2;2500727;2018;9;17;6;3;5;2;0;1;1;0;0;0;0;0
11;1;1300836;2018;8;21;5;3;5;2;2;1;1;0;0;0;0;0
11;2;2500727;2018;6;10;7;3;5;2;0;1;1;0;0;0;0;0
11;7;7200411;2018;6;16;7;3;2;6;0;0;1;0;0;0;0;0
11;3;3601449;2018;6;15;2;3;2;6;0;0;0;0;1;1;0;0
11;2;2400625;2018;8;15;4;3;2;6;0;0;1;0;0;0;1;0
11;7;7501133;2018;5;9;5;2;6;6;0;1;0;1;0;0;0;0
11;11;11300725;2018;4;17;4;3;3;6;0;1;1;0;0;0;0;0
11;10;10300733;2018;12;20;6;3;2;6;2;0;1;0;0;0;0;0
11;12;12100204;2018;9;8;6;3;5;2;0;1;1;0;0;0;0;0
11;4;4200311;2018;9;19;6;3;6;7;1;1;0;1;0;0;0;0
11;12;12400619;2018;7;14;5;3;2;6;0;0;1;0;1;0;0;0
11;4;4200308;2018;3;15;2;3;2;6;0;0;1;0;0;0;0;0
11;1;1100207;2018;7;16;5;3;2;6;0;0;1;0;0;0;0;1
11;4;4200311;2018;3;17;2;3;2;6;0;0;1;0;0;0;0;0
11;4;4100101;2018;5;14;5;3;3;6;0;0;1;0;1;0;0;0
11;12;12400619;2018;2;8;5;3;2;6;0;0;1;0;0;0;0;0
11;8;9100306;2018;11;21;4;2;2;6;2;0;1;0;0;1;0;0
11;3;3601451;2018;9;9;1;3;5;3;0;1;1;0;0;0;0;0
11;1;1100310;2018;8;10;7;3;9;1;0;0;0;0;1;0;0;1
11;3;3100101;2018;10;16;2;3;2;6;0;0;1;0;0;0;0;0
11;2;2400625;2018;8;3;5;3;6;6;2;1;0;1;0;0;0;0
11;1;1100311;2018;4;10;6;3;3;6;0;0;1;0;1;0;0;0
11;7;7400824;2018;4;15;6;2;8;1;0;0;1;0;0;0;0;0
11;1;1100310;2018;5;17;5;3;3;6;0;0;1;0;0;1;0;0
11;2;2200207;2018;12;19;5;3;2;6;2;0;1;0;0;0;0;1
11;9;9100203;2018;9;3;1;3;9;1;2;0;1;0;0;0;0;1
11;3;3400723;2018;9;16;3;3;3;6;0;0;0;0;1;0;1;0
11;10;10300733;2018;6;10;2;2;3;6;0;0;1;0;1;0;0;0
11;1;1100310;2018;7;16;6;3;5;2;0;1;1;0;0;0;0;0
11;1;1100205;2018;5;13;7;3;1;5;0;1;1;0;0;0;1;0
11;3;3501037;2018;2;15;5;3;2;6;0;0;1;0;0;0;0;0
11;2;2500729;2018;11;15;6;3;2;6;0;0;1;0;0;0;0;0
11;7;7200411;2018;10;15;3;3;1;5;0;0;1;0;1;0;0;0
11;4;4400726;2018;8;13;1;3;2;6;0;0;1;0;0;0;0;0
11;4;4300414;2018;4;19;7;3;3;6;0;0;1;0;0;0;0;0
11;3;3200206;2018;3;17;7;3;0;1;0;0;1;0;0;0;0;1
11;9;9100101;2018;5;3;1;2;5;3;2;1;1;0;0;0;0;0
11;1;1300836;2018;10;11;3;3;6;7;0;0;1;1;0;0;0;0
11;4;4300622;2018;2;15;5;3;3;2;0;0;1;0;0;0;0;0
11;10;10400940;2018;11;19;6;3;2;6;2;0;1;0;0;0;0;1
11;2;2200208;2018;9;18;3;3;3;6;1;0;1;0;1;0;0;0
11;12;12100205;2018;8;8;4;3;5;2;0;0;1;0;0;0;0;0
11;11;11300722;2018;6;15;4;2;0;1;0;0;0;0;1;0;0;0
11;6;6400737;2018;7;13;3;3;2;2;0;0;1;0;0;0;0;0
11;1;1100311;2018;6;0;4;3;5;3;2;1;1;0;0;0;0;0
11;12;12200411;2018;5;11;2;2;0;6;0;0;1;0;1;0;0;0
11;4;4200311;2018;4;15;7;3;3;6;0;0;1;0;0;1;0;0
11;3;3601142;2018;12;18;7;3;5;2;2;1;0;0;0;0;1;1
11;7;7400824;2018;10;6;3;3;2;6;2;0;1;0;0;0;0;0
11;6;6400737;2018;2;5;4;3;0;7;2;0;1;0;0;1;0;0
11;4;4300620;2018;7;8;2;3;3;6;0;1;1;0;0;0;0;0
11;4;4400727;2018;4;12;3;3;2;6;0;0;1;0;0;0;0;0
11;1;1401044;2018;7;14;5;2;6;4;0;1;0;1;0;0;0;0
11;9;9100306;2018;3;9;3;3;2;6;0;0;1;0;0;0;1;1
11;4;4100102;2018;5;8;3;3;3;6;0;0;1;0;0;1;0;0
11;7;7400825;2018;10;6;2;3;2;6;2;0;1;0;0;0;0;0
11;4;4200310;2018;2;19;4;2;6;4;2;0;0;1;1;0;0;0
11;1;1100310;2018;11;19;4;3;6;4;2;1;0;1;0;0;0;1
11;3;3601142;2018;9;19;5;3;3;6;2;1;0;0;0;0;0;1
11;3;3601347;2018;8;16;3;3;5;3;0;1;0;0;0;0;0;0
11;12;12500930;2018;6;11;6;3;5;2;0;0;1;0;0;0;0;0
11;3;3701657;2018;6;6;7;3;1;5;0;0;1;0;1;0;1;0
11;12;12200310;2018;8;17;2;3;2;6;0;0;1;0;0;0;0;0
11;7;7601442;2018;5;12;4;3;6;4;0;1;0;1;0;0;0;0
11;9;9200613;2018;4;15;3;2;2;6;0;0;1;0;0;0;0;0
11;2;2100101;2018;7;18;3;3;6;2;0;0;1;1;0;0;0;0
11;3;3601451;2018;2;11;4;3;2;6;0;0;1;0;0;0;0;0
11;7;7200411;2018;11;9;7;3;1;5;0;1;0;0;0;0;1;0
11;3;3500933;2018;6;13;5;3;0;6;0;0;1;0;1;0;0;1
11;11;11401032;2018;5;16;3;3;2;6;0;0;1;0;0;0;0;0
11;12;12100101;2018;12;13;1;3;2;6;0;0;1;0;0;0;0;1
11;2;2500830;2018;10;5;4;3;0;1;2;0;0;0;1;0;0;1
11;7;7501030;2018;2;16;4;3;2;6;0;0;1;0;0;0;0;0
11;3;3701660;2018;7;20;2;3;3;6;0;1;0;0;0;0;0;0
11;1;1100310;2018;4;5;3;3;5;2;0;0;1;0;1;0;0;0
11;10;10300733;2018;7;13;6;3;3;6;0;0;1;0;0;1;0;0
11;1;1100207;2018;3;15;4;3;0;6;0;0;1;0;0;0;1;0
11;1;1100102;2018;5;15;3;3;2;6;0;0;1;0;0;0;0;0
11;1;1100102;2018;10;17;2;3;2;6;1;0;1;0;0;0;1;1
11;9;9100202;2018;2;14;4;2;9;1;0;0;1;0;0;0;0;0
11;2;2400625;2018;11;18;6;2;3;6;2;1;0;0;0;0;0;0
11;12;12500930;2018;9;15;6;3;0;3;0;1;0;0;0;0;0;0
11;11;11401032;2018;8;11;4;2;5;2;0;1;1;0;0;0;0;0
11;1;1100310;2018;6;4;7;3;3;6;0;1;0;0;0;0;0;0
11;2;2500727;2018;6;17;1;3;0;7;0;1;0;0;0;0;1;0
11;7;7601236;2018;8;6;3;3;5;2;0;1;1;0;0;0;0;0
11;4;4300415;2018;5;14;5;3;2;6;0;0;1;0;0;0;0;0
11;10;10400940;2018;4;6;3;2;5;2;1;0;1;0;1;0;0;0
11;4;4400726;2018;12;17;5;3;2;6;1;0;1;0;0;0;1;1
11;1;2400520;2018;9;14;5;3;6;4;0;0;0;1;1;0;0;0
11;6;6400736;2018;9;8;6;3;2;6;0;0;1;0;0;0;0;1
11;3;3601142;2018;7;3;4;3;3;6;2;0;1;0;1;0;0;0
11;1;1100310;2018;7;14;4;3;5;3;0;1;1;0;0;0;0;0
11;2;2500727;2018;5;18;5;3;5;2;0;1;1;0;0;0;0;0
11;3;3701657;2018;2;13;3;3;3;6;0;0;1;0;0;0;1;0
11;9;9100202;2018;11;18;3;3;6;7;2;1;0;1;0;0;0;1
11;2;2500727;2018;8;7;6;3;2;6;0;0;1;0;1;0;0;0
11;3;3601142;2018;10;7;2;3;2;6;0;0;1;0;0;0;0;0
11;1;1100206;2018;8;23;4;3;3;6;2;1;1;0;0;0;0;0
11;6;6300526;2018;4;19;5;3;2;6;0;0;1;0;0;0;0;0
11;4;4400830;2018;4;17;6;3;2;6;0;0;1;0;0;0;0;0
11;7;7501133;2018;5;11;5;2;2;6;0;0;1;0;1;0;0;0
11;6;6300527;2018;12;12;5;3;6;6;0;1;0;1;0;0;0;0
11;1;1100104;2018;9;19;6;2;6;4;2;0;0;1;0;0;1;1
11;3;3300517;2018;9;12;2;3;5;3;0;1;1;0;0;0;0;0
11;3;3400826;2018;6;16;7;2;3;6;0;1;1;0;0;0;0;0
11;11;11401032;2018;7;10;5;3;5;2;0;1;0;0;0;0;1;0
11;7;7100206;2018;5;20;5;2;6;4;1;0;1;1;0;0;0;0
11;2;2500729;2018;2;15;3;3;6;4;0;0;1;1;0;0;0;0
11;1;1300836;2018;11;16;4;3;5;2;1;0;1;0;0;0;0;0
11;4;4200308;2018;10;18;3;3;2;6;0;0;0;0;1;0;1;0
11;3;3701657;2018;8;3;1;3;0;3;2;1;1;0;0;0;0;0
11;3;3300517;2018;4;4;7;2;9;1;2;0;1;0;0;0;0;0
11;7;7300619;2018;3;12;5;3;2;6;0;0;1;0;0;1;0;1
11;2;2200208;2018;5;22;6;3;0;3;2;0;0;0;1;1;0;0
11;2;2500729;2018;10;18;2;3;2;6;1;1;1;0;0;0;0;1
11;12;12100205;2018;2;19;3;3;1;5;2;0;1;0;0;0;0;0
11;7;7400927;2018;11;23;5;3;2;7;2;0;1;0;0;0;0;0
11;2;2500833;2018;9;15;3;3;0;1;0;1;0;0;0;0;0;0
11;2;2500727;2018;8;20;3;3;1;5;2;1;1;0;0;0;0;0
11;4;4300621;2018;6;12;3;2;5;2;0;1;1;0;0;0;0;0
11;7;7501030;2018;7;9;3;3;2;6;0;0;1;0;0;0;0;0
11;9;9100409;2018;6;16;4;3;2;6;0;0;1;0;0;0;0;0
11;2;2200207;2018;5;13;1;3;1;1;0;0;1;0;0;0;0;0
11;3;3601142;2018;4;22;6;3;6;4;2;1;0;1;0;0;0;1
11;2;2500728;2018;12;13;6;3;5;3;0;1;1;0;0;0;0;1
11;7;7300619;2018;10;6;3;2;3;6;1;0;1;0;0;1;1;0
11;3;3500936;2018;7;11;1;3;1;5;0;1;1;0;0;0;0;0
11;7;7200410;2018;4;15;2;3;1;5;0;1;1;0;0;0;0;1
11;3;3601142;2018;7;16;4;2;1;5;0;1;0;0;0;0;1;0
11;3;3200205;2018;3;16;2;3;5;3;0;1;1;0;0;0;0;0
11;2;2500726;2018;5;19;1;3;2;6;1;0;1;0;0;0;0;0
11;6;6400737;2018;10;18;1;2;0;1;2;0;0;0;1;0;0;0
11;2;2500834;2018;2;14;3;3;1;6;0;0;1;0;0;1;0;0
11;4;4200311;2018;11;9;2;3;5;2;0;0;1;0;0;0;0;0
11;2;2200207;2018;9;19;4;3;3;6;0;0;1;0;1;0;0;0
11;7;7601236;2018;8;7;3;3;2;6;0;0;0;0;1;1;0;0
11;12;12601032;2018;3;20;2;3;6;2;2;0;1;1;0;0;0;1
11;9;9100305;2018;6;7;5;3;2;6;0;0;1;0;1;0;0;0
11;2;2500728;2018;3;17;3;3;6;4;0;0;1;1;0;0;0;1
11;11;11300724;2018;6;16;6;3;2;6;0;0;1;0;0;0;0;0
11;12;12100205;2018;8;11;1;2;1;7;0;0;1;0;0;0;1;0
11;7;7501133;2018;5;9;4;3;2;6;0;0;1;0;0;0;0;0
11;4;4501148;2018;4;16;2;2;2;1;0;0;1;0;0;0;1;0
11;6;6300629;2018;12;7;3;3;0;1;1;1;0;0;0;0;0;1
11;11;11100101;2018;9;11;3;3;5;2;0;1;0;0;0;0;1;0
11;7;7501135;2018;9;22;4;3;5;2;2;0;1;0;0;0;0;0
11;9;9100203;2018;6;12;5;3;5;3;0;0;1;0;0;0;0;0
11;3;3601449;2018;7;10;3;2;0;3;0;1;1;0;0;0;0;0
11;7;7501135;2018;7;19;3;2;1;1;0;0;1;0;1;0;0;0
11;5;5200528;2018;5;6;3;3;3;2;0;0;1;0;1;0;0;0
11;4;4100101;2018;2;1;2;2;8;1;2;0;0;0;0;1;0;0
11;12;12200414;2018;11;13;2;3;2;6;0;0;1;0;0;1;0;1
11;3;3100101;2018;8;12;5;3;9;1;0;0;1;0;0;0;0;0
11;2;2500727;2018;10;22;6;3;5;3;2;1;1;0;0;0;0;0
11;3;3601452;2018;8;16;3;3;3;6;0;1;1;0;0;0;0;0
11;2;2400521;2018;4;12;3;2;5;3;0;1;0;0;0;0;0;0
11;10;10400940;2018;4;10;5;3;5;3;0;0;1;0;0;0;0;0
11;11;11401032;2018;5;8;4;3;5;5;0;1;1;0;0;0;0;0
11;7;7501135;2018;11;14;6;3;6;4;0;0;1;1;0;0;0;0
11;7;7501030;2018;12;16;3;3;1;5;2;1;1;0;0;0;1;1
11;4;4400726;2018;9;7;5;2;2;6;0;0;1;0;1;0;0;0
11;9;9200613;2018;8;8;6;3;5;3;0;1;0;0;0;0;1;0
11;9;9100305;2018;6;12;6;3;5;3;0;1;1;0;0;0;0;0
11;7;7501029;2018;7;22;4;3;8;1;2;1;0;0;0;0;0;0
11;12;12100204;2018;5;18;4;3;5;2;0;1;1;0;0;0;0;0
11;7;7200308;2018;12;17;3;3;2;3;2;0;1;0;0;0;1;1
11;4;4300414;2018;9;18;4;2;5;3;1;0;1;0;0;0;0;0
11;1;1100310;2018;9;20;5;3;0;1;1;1;0;0;0;0;0;0
11;4;4100101;2018;7;23;3;3;0;1;2;0;0;0;1;0;0;0
11;4;4400726;2018;7;11;3;3;2;6;0;0;1;0;0;0;1;0
11;4;4200311;2018;5;9;4;3;2;6;0;0;0;0;0;1;1;0
11;7;7501030;2018;2;8;2;3;2;6;0;0;1;0;0;0;0;0
11;4;4200206;2018;11;16;3;3;3;6;1;0;1;0;0;1;0;1
11;1;1100206;2018;8;23;5;2;5;3;2;1;1;0;0;0;0;0
11;4;4200310;2018;10;13;7;3;5;2;0;1;1;0;0;0;0;0
11;1;1100310;2018;8;11;4;3;5;2;0;1;1;0;0;0;0;0
11;2;2100101;2018;4;7;5;2;1;5;0;1;1;0;0;0;1;0
11;1;1100310;2018;4;14;5;3;2;7;0;0;1;0;0;0;1;0
11;4;4200206;2018;5;21;4;3;1;5;1;0;1;0;0;0;0;0
11;1;1100205;2018;12;18;4;3;6;4;2;0;1;1;0;0;0;0
11;1;1200624;2018;9;12;5;2;0;7;0;0;0;0;1;0;0;0
11;4;4200311;2018;9;17;7;3;5;2;0;0;1;0;0;0;0;0
11;4;4501148;2018;6;11;7;3;0;1;0;0;0;0;1;0;0;0
11;2;2400625;2018;7;20;5;3;5;3;0;1;1;0;0;0;0;0
11;7;7300619;2018;5;10;4;3;2;6;0;0;1;0;0;1;1;0
11;2;2100101;2018;2;17;2;3;5;3;0;0;1;0;0;0;1;0
11;10;10100206;2018;11;20;4;3;5;2;2;1;1;0;0;0;0;0
11;7;7400928;2018;6;20;3;2;9;1;0;0;0;0;1;0;0;0
11;11;11401032;2018;12;16;1;3;2;6;1;0;1;0;0;0;0;0
11;7;7300619;2018;10;14;1;2;9;7;0;0;0;0;1;0;0;0
11;3;3601451;2018;8;13;7;3;3;6;0;1;0;0;0;1;0;0
11;4;4200309;2018;4;13;6;3;5;2;0;0;1;0;1;0;0;0
11;7;7501029;2018;3;18;3;3;2;6;0;0;1;0;0;0;0;0
11;1;1100206;2018;5;10;6;2;5;2;0;1;0;0;0;1;0;0
11;3;3601449;2018;10;11;7;2;6;4;0;0;1;1;0;0;0;0
11;7;7501133;2018;2;16;2;3;5;3;0;1;1;0;0;0;0;0
11;2;2500728;2018;11;16;5;3;6;7;1;0;1;1;0;0;0;0
11;10;10400940;2018;9;18;2;3;5;2;0;1;1;0;0;0;0;0
11;11;11300722;2018;8;0;7;3;0;1;2;1;0;0;0;0;0;0
11;2;2200208;2018;6;9;3;3;3;6;0;1;0;0;0;0;0;0
11;1;1100310;2018;7;19;2;3;2;6;0;0;1;0;1;0;0;0
11;4;4300414;2018;6;16;3;3;2;2;0;0;1;0;0;0;0;0
11;1;1100206;2018;5;14;7;3;0;1;0;0;0;0;1;0;0;0
11;4;4300622;2018;4;20;6;3;2;6;2;0;1;0;1;0;0;1
11;12;12100204;2018;12;14;4;3;2;2;0;0;1;0;0;0;0;1
11;3;3200204;2018;9;16;1;2;2;6;0;0;0;0;1;0;0;0
11;7;7400927;2018;7;13;7;3;2;6;0;0;1;0;0;0;0;0
11;7;7601442;2018;4;0;2;3;1;5;2;0;1;0;0;0;1;0
11;12;12100204;2018;7;18;2;3;5;2;0;1;1;0;0;0;0;0
11;2;2500726;2018;3;20;6;3;3;6;2;0;1;0;0;0;0;0
11;3;3300517;2018;5;14;1;2;5;2;0;1;1;0;0;0;0;0
11;4;4300621;2018;10;15;6;3;5;2;0;0;1;0;1;0;0;0
11;7;4501153;2018;2;15;2;3;0;6;0;0;1;0;0;0;0;0
11;7;7300619;2018;11;19;7;3;2;6;2;0;1;0;0;0;1;1
11;5;5200633;2018;9;7;3;3;6;3;0;0;1;1;0;0;0;0
11;3;3601142;2018;8;8;2;3;3;6;0;1;0;0;0;0;0;0
11;1;1100104;2018;3;7;2;3;2;6;0;0;1;0;0;0;0;0
11;7;7501133;2018;6;15;4;3;0;6;0;0;1;0;0;0;1;0
11;7;7501133;2018;10;12;4;3;2;6;0;0;1;0;0;0;0;0
11;5;5200633;2018;6;11;6;2;5;2;0;0;1;0;0;0;0;0
11;3;3701660;2018;8;15;6;3;6;4;0;1;0;1;0;0;0;0
11;7;7200411;2018;5;16;3;3;0;7;0;0;1;1;0;0;0;0
11;8;8100521;2018;4;5;2;3;2;6;1;0;1;0;0;0;0;0
11;6;6300526;2018;12;11;2;3;5;2;0;1;1;0;0;0;0;0
11;4;4300415;2018;9;10;3;3;2;6;0;0;1;0;0;0;0;0
11;10;10400941;2018;9;8;4;3;5;3;0;0;1;0;0;0;0;0
11;2;2200208;2018;6;15;4;3;0;6;0;1;0;0;0;0;0;0
11;4;4400725;2018;7;17;2;3;3;6;0;0;1;0;0;1;0;0
11;12;12100103;2018;5;14;2;3;5;2;0;1;1;0;0;0;0;0
11;3;3200206;2018;2;13;2;2;0;4;0;0;0;1;0;0;1;0
11;3;3601451;2018;11;19;1;2;0;1;2;0;0;0;1;0;0;1
11;12;12100101;2018;8;13;5;2;5;2;0;1;1;0;0;0;0;0
11;4;4400725;2018;3;13;1;3;2;6;0;0;1;0;0;0;0;0
11;1;1100205;2018;10;15;6;3;3;6;0;0;1;0;1;0;0;0
11;3;3701660;2018;8;8;3;2;5;3;0;1;0;0;1;0;0;0
11;7;7400927;2018;4;9;2;3;2;6;0;0;1;0;1;0;0;0
11;4;4300414;2018;4;20;3;2;6;4;2;0;1;1;0;0;0;0
11;4;4200311;2018;5;15;3;3;2;6;0;0;1;0;0;0;1;0
11;4;4200311;2018;10;11;4;3;2;6;0;0;1;0;0;1;1;0
11;7;7501133;2018;12;19;2;3;5;7;2;0;1;0;0;0;1;0
11;7;7501029;2018;9;13;4;3;3;6;0;0;1;0;1;0;0;0
11;11;11300722;2018;8;5;5;3;0;7;1;1;0;0;0;0;0;0
11;4;4300414;2018;6;18;5;3;2;7;0;0;1;0;0;0;0;0
11;2;2500835;2018;7;15;4;3;5;3;0;0;1;0;1;0;0;0
11;4;4200206;2018;2;1;1;3;1;5;2;0;1;0;0;1;0;0
11;3;3701660;2018;11;17;2;3;2;6;2;0;1;0;0;0;0;0
11;7;7200410;2018;6;14;7;3;6;4;0;1;1;1;0;0;0;0
11;1;1100102;2018;5;13;3;3;0;2;0;1;1;0;0;0;0;0
11;12;12100205;2018;12;16;5;2;2;6;2;0;1;0;0;0;0;1
11;2;2200209;2018;10;21;6;2;6;4;2;0;1;1;0;0;0;0
11;1;1100310;2018;2;19;1;3;5;3;2;1;1;0;0;0;0;0
11;4;4300415;2018;8;18;4;3;2;6;0;0;1;0;0;0;0;0
11;1;1100310;2018;4;15;4;3;5;2;0;1;1;0;0;0;0;0
11;7;7400824;2018;3;9;6;3;2;6;0;0;1;0;0;0;0;0
11;4;4200311;2018;5;14;4;3;3;6;0;0;1;0;0;1;0;0
11;8;8200622;2018;10;11;4;3;3;6;0;0;1;0;0;1;0;0
11;1;1100310;2018;2;12;6;3;2;6;0;1;1;0;0;0;0;0
11;4;4200308;2018;11;17;2;3;2;6;2;0;1;0;0;0;0;1
11;12;12100204;2018;9;11;7;3;1;6;0;1;0;0;1;0;0;0
11;3;3601141;2018;8;7;6;3;2;2;0;1;1;0;0;0;0;0
11;1;1100102;2018;6;13;7;3;3;6;0;0;0;0;1;1;0;0
11;3;3200205;2018;3;11;1;3;5;2;0;1;1;0;0;0;0;0
11;3;3701660;2018;6;5;7;3;5;3;0;1;1;0;0;0;0;0
11;3;3500936;2018;6;18;2;2;5;3;0;1;0;0;1;0;0;0
11;4;4200310;2018;8;10;4;2;3;6;0;0;1;0;1;0;0;0
11;7;7501030;2018;5;6;5;2;5;7;0;0;1;0;1;0;0;0
11;11;11100101;2018;4;14;4;3;0;2;0;0;0;1;0;0;1;0
11;3;3601449;2018;12;19;7;3;0;2;2;1;1;0;0;0;0;0
11;4;4300414;2018;9;17;6;3;5;3;0;1;1;0;0;0;0;0
11;6;6400735;2018;9;18;7;3;5;2;0;0;1;0;0;0;0;0
11;10;10300733;2018;2;15;6;3;5;2;0;1;1;0;0;0;0;0
11;12;12100101;2018;11;15;3;3;2;6;0;0;1;0;1;0;0;0
11;1;1300836;2018;6;8;2;2;0;7;0;1;0;0;0;0;0;0
11;4;4400726;2018;12;5;6;3;0;1;2;0;0;0;1;0;0;1
11;2;2400522;2018;10;21;7;3;2;6;2;0;1;0;0;0;1;0
11;1;1100102;2018;8;9;5;3;2;2;0;1;1;0;0;0;0;0
11;4;4300622;2018;4;10;5;3;2;6;0;0;0;0;1;0;1;0
11;4;4200311;2018;3;17;2;3;8;1;0;0;0;0;1;0;0;0
11;2;2400521;2018;5;20;5;3;5;2;0;0;1;0;1;0;0;0
11;4;4300414;2018;10;13;5;3;2;6;0;0;1;0;0;0;1;1
11;4;4300621;2018;2;17;6;3;5;2;0;1;1;0;0;0;0;0
11;3;3400828;2018;11;16;3;2;5;3;1;1;1;0;0;0;0;0
11;9;9100101;2018;9;11;1;2;5;3;0;1;1;0;0;0;0;0
11;4;4300414;2018;8;20;6;3;1;1;2;0;1;0;1;0;0;0
11;10;10100206;2018;6;15;2;3;5;3;0;0;1;0;1;0;0;0
11;10;10400837;2018;7;14;2;3;2;6;0;0;1;0;0;0;0;0
11;6;6300527;2018;6;11;3;3;5;3;0;0;1;0;0;0;1;0
11;1;1100310;2018;8;12;5;3;5;2;0;1;0;0;1;0;0;0
11;6;6300527;2018;5;10;6;3;5;3;0;1;1;0;0;0;0;0
11;3;3200205;2018;4;8;5;3;5;3;0;0;1;0;0;0;0;0
11;1;1100104;2018;12;18;3;3;2;6;2;0;1;0;0;0;0;0
11;7;7400824;2018;9;17;7;3;0;2;0;0;0;0;1;0;0;0
11;9;9200613;2018;7;13;6;3;6;4;0;0;0;1;0;0;1;0
11;9;9200613;2018;7;2;7;3;6;4;2;0;1;1;0;0;0;0
11;4;4200311;2018;3;10;4;2;0;7;0;1;0;1;0;0;0;0
11;3;3601451;2018;5;20;6;3;2;6;2;0;1;0;1;0;0;0
11;7;7400823;2018;10;6;6;3;2;6;2;0;1;0;0;0;0;0
11;5;5200528;2018;2;19;6;3;5;2;2;0;1;0;0;0;0;0
11;11;11300722;2018;11;14;7;3;5;3;0;1;1;0;0;0;0;0
11;7;7400824;2018;9;14;2;2;6;4;0;1;0;1;0;0;0;0
11;2;2500726;2018;8;13;1;3;2;6;0;0;1;0;0;0;0;0
11;7;7501133;2018;3;9;1;3;1;1;0;0;1;0;0;0;0;1
11;4;4400727;2018;6;15;4;3;0;6;0;0;1;0;0;0;0;0
11;3;3601142;2018;10;18;3;3;5;2;2;1;1;0;0;0;0;0
11;1;1100310;2018;6;9;5;3;1;5;0;1;0;0;0;1;0;0
11;2;2400625;2018;8;22;6;3;6;4;2;1;0;1;0;0;0;0
11;1;1100310;2018;4;11;1;3;6;7;0;0;1;1;0;0;0;0
11;7;7400824;2018;4;13;7;3;5;3;0;1;1;0;0;0;0;0
11;11;11300722;2018;6;14;6;3;5;3;0;1;1;0;0;0;0;0