LAND;BEZ;LOR_ab_2021;UJAHR;UMONAT;USTUNDE;UWOCHENTAG;UKATEGORIE;UART;UTYP1;ULICHTVERH;IstRad;IstPKW;IstFuss;IstKrad;IstGkfz;IstSonstige;USTRZUSTAND
11;4;4200206;2018;7;23;7;2;0;1;2;1;0;0;0;0;0;0
11;4;4100101;2018;3;14;5;2;9;1;0;0;0;0;1;0;0;0
11;7;7501133;2018;5;12;7;3;5;2;0;0;1;0;1;0;0;0
11;3;3601142;2018;10;11;6;3;4;6;0;1;0;0;0;0;0;0
11;2;2500830;2018;2;0;6;3;6;4;2;0;0;1;0;0;1;0
11;1;1100102;2018;11;18;7;3;1;5;2;0;1;0;0;0;1;0
11;5;5400943;2018;9;15;2;3;5;3;0;1;1;0;0;0;0;0
11;4;4100101;2018;8;2;1;3;2;6;2;0;1;0;0;0;0;0
11;7;7200308;2018;6;9;4;3;6;2;0;0;1;1;0;0;0;0
11;1;1200624;2018;10;10;4;3;2;1;0;0;1;0;0;0;0;0
11;9;9200613;2018;6;8;5;3;3;6;0;0;1;0;0;0;0;0
11;4;4200206;2018;8;15;6;2;5;7;0;0;1;0;0;0;0;0
11;2;2400521;2018;4;12;1;3;1;5;0;1;1;0;0;0;1;0
11;9;9100101;2018;4;13;7;3;2;3;0;1;1;0;0;0;0;0
11;7;7501030;2018;6;21;6;2;6;4;2;0;1;1;0;0;0;1
11;1;1100310;2018;12;18;1;3;5;2;2;0;1;0;0;0;0;1
11;1;1100310;2018;9;14;2;3;5;2;0;0;1;0;1;0;0;1
11;1;1100102;2018;9;11;3;3;5;3;0;1;1;0;0;0;0;0
11;4;4200308;2018;6;10;4;3;5;3;0;0;1;0;0;1;0;0
11;5;5200528;2018;7;18;1;3;2;6;0;0;1;0;0;0;0;0
11;7;7601442;2018;5;17;2;2;6;4;0;0;1;1;0;0;0;0
11;7;7300619;2018;2;5;6;3;3;3;2;0;1;0;0;0;1;1
11;2;2200208;2018;11;14;1;3;2;6;0;0;1;0;0;0;1;0
11;10;10300733;2018;10;20;4;3;2;6;2;0;1;0;0;0;0;0
11;3;3701660;2018;8;18;2;3;3;6;0;1;0;0;0;0;0;0
11;3;3601347;2018;4;20;1;3;2;6;2;0;1;0;0;0;0;0
11;3;3701657;2018;4;9;3;3;5;3;0;0;1;0;0;0;0;1
11;7;7200411;2018;5;21;2;3;3;6;1;1;1;0;0;0;0;0
11;4;4200311;2018;10;8;4;3;2;6;0;0;1;0;0;0;0;0
11;1;1100311;2018;2;9;6;3;0;7;0;1;0;0;0;0;0;0
11;12;12100101;2018;12;1;2;3;5;7;2;0;1;0;0;0;0;1
11;12;12400723;2018;9;11;4;3;6;7;0;0;0;1;0;0;1;0
11;4;4100101;2018;8;11;5;3;2;6;0;0;1;0;0;0;0;1
11;7;7400824;2018;6;18;5;3;2;6;0;0;1;0;0;0;1;0
11;4;4200311;2018;7;16;3;3;2;6;0;0;1;0;0;1;0;0
11;1;1300836;2018;2;12;5;3;2;6;0;0;1;0;0;0;0;0
11;1;1100205;2018;11;17;7;3;6;4;2;1;0;1;0;0;0;0
11;12;12500928;2018;6;15;6;3;5;2;0;1;1;0;0;0;0;0
11;1;1300836;2018;5;8;3;3;2;2;0;0;1;0;1;0;0;0
11;12;12500927;2018;12;9;3;3;2;6;0;0;1;0;0;0;0;0
11;4;4300622;2018;10;12;5;3;2;6;0;0;1;0;0;0;0;0
11;1;1100310;2018;2;11;5;3;6;4;0;0;1;1;0;0;0;0
11;7;7300619;2018;7;16;2;3;3;6;0;0;1;0;0;0;0;0
11;4;4200311;2018;4;18;4;3;2;6;1;0;1;0;0;0;0;0
11;1;1401044;2018;7;13;1;3;2;6;0;0;1;0;0;0;0;0
11;4;4100101;2018;3;5;5;3;2;7;1;0;1;0;0;0;0;0
11;3;3500936;2018;5;13;4;2;6;4;0;0;1;1;0;0;0;0
11;4;4300414;2018;10;12;3;3;2;6;0;0;1;0;1;0;0;1
11;6;6400735;2018;2;11;5;3;6;4;0;0;1;1;0;0;0;0
11;7;7200308;2018;11;13;1;2;2;7;0;0;1;0;0;0;0;0
11;1;1100310;2018;9;8;6;3;5;2;0;1;1;0;0;0;0;0
11;11;11300724;2018;8;11;5;3;5;2;0;1;0;0;0;0;1;0
11;11;11100101;2018;6;11;6;3;6;7;0;0;0;1;0;0;1;0
11;5;5200528;2018;6;15;7;3;5;2;0;1;1;0;0;0;0;0
11;9;9200613;2018;6;8;2;3;5;2;0;1;1;0;0;0;0;0
11;1;1100207;2018;8;16;3;3;2;6;0;0;1;0;1;0;0;0
11;4;4400727;2018;5;10;5;3;2;6;0;0;1;0;0;0;0;0
11;12;12601031;2018;4;17;4;2;5;2;0;0;0;0;1;0;1;0
11;3;3601451;2018;12;15;6;2;3;6;1;1;0;0;0;0;1;0
11;3;3601451;2018;9;10;6;3;5;2;0;1;1;0;0;0;0;0
11;3;3701657;2018;9;9;6;2;3;6;0;1;1;0;0;0;0;0
11;1;1100310;2018;7;6;5;3;5;3;0;1;1;0;0;0;0;0
11;4;4200207;2018;7;16;5;3;2;6;0;0;1;0;0;0;0;0
11;6;6300526;2018;3;21;2;3;6;4;2;0;1;1;0;0;0;0
11;1;1100311;2018;5;17;5;3;5;2;0;1;1;0;0;0;0;0
11;7;7501133;2018;2;7;5;3;0;6;0;0;1;0;0;0;1;1
11;2;2500728;2018;11;16;4;3;2;6;1;0;1;0;0;0;0;0
11;4;4200310;2018;9;0;1;2;5;7;2;0;1;0;0;0;0;0
11;6;6100209;2018;8;8;7;2;2;1;0;0;0;0;1;0;1;0
11;3;3400721;2018;10;16;2;3;2;6;0;1;1;0;0;0;0;0
11;12;12400723;2018;8;9;5;2;2;6;0;0;0;0;0;0;1;0
11;2;2500727;2018;4;9;6;3;5;2;0;1;1;0;0;0;0;0
11;9;9100101;2018;4;13;6;3;5;2;0;0;1;0;0;0;0;0
11;7;7400824;2018;5;16;5;3;0;3;0;1;1;0;0;0;0;0
11;10;10100206;2018;12;17;5;3;6;2;2;0;0;1;0;0;1;1
11;3;3601451;2018;9;9;1;2;0;2;0;1;1;0;0;0;0;0
11;4;4300414;2018;9;9;2;3;3;6;0;0;1;0;0;0;0;0
11;6;6100101;2018;6;17;1;3;2;6;0;0;1;0;0;0;0;1
11;10;10300733;2018;7;14;6;3;2;6;0;0;1;0;0;0;0;0
11;1;1100102;2018;5;16;6;3;1;1;0;1;1;0;0;0;0;0
11;12;12500824;2018;2;6;5;3;5;3;2;0;1;0;0;1;0;0
11;3;3601451;2018;11;7;6;3;5;3;0;1;1;0;0;0;0;1
11;7;7601236;2018;10;21;3;3;4;6;2;0;1;0;0;0;0;0
11;4;4200310;2018;8;13;1;2;0;3;0;0;1;0;1;0;1;0
11;3;3601451;2018;4;15;7;3;5;3;0;1;1;0;1;0;0;0
11;4;4300414;2018;3;14;7;3;2;6;0;0;1;0;0;0;0;1
11;12;12100205;2018;5;15;1;2;5;3;0;0;1;0;1;0;0;1
11;1;1401044;2018;10;18;3;2;5;2;2;0;1;0;1;0;0;1
11;9;9200613;2018;1;21;4;3;5;3;2;0;1;0;0;0;0;1
11;7;7200411;2018;11;17;6;3;2;6;2;0;1;0;0;0;0;1
11;12;12500930;2018;9;15;3;2;5;3;0;1;0;0;1;0;0;0
11;7;7601544;2018;8;13;3;3;2;6;0;0;1;0;0;0;0;0
11;3;3100101;2018;6;14;4;2;2;6;0;0;1;0;0;1;0;0
11;12;12400723;2018;7;14;3;3;1;5;0;0;1;0;0;0;1;0
11;1;1100310;2018;6;17;4;3;2;6;0;1;0;0;1;0;0;0
11;9;9200613;2018;5;18;2;3;6;4;0;0;1;1;0;0;0;0
11;4;4300621;2018;4;21;7;3;5;2;2;0;1;0;0;0;0;0
11;2;2500726;2018;7;7;7;3;6;4;0;1;0;1;0;0;0;0
11;1;1100310;2018;5;8;7;3;2;6;0;1;1;0;0;0;0;0
11;3;3701660;2018;1;14;4;3;1;5;0;1;1;0;0;0;0;0
11;4;4400727;2018;11;19;6;3;2;6;2;0;1;0;0;0;0;0
11;10;10300733;2018;10;3;4;3;8;1;2;0;0;0;1;0;0;0
11;7;7300619;2018;8;15;2;3;2;2;0;0;1;0;0;0;0;0
11;4;4200311;2018;4;18;1;3;2;6;0;0;1;0;0;0;0;0
11;7;7601442;2018;4;17;1;2;0;6;0;0;1;0;1;0;0;1
11;4;4300622;2018;5;7;2;3;5;2;0;1;0;0;0;0;1;0
11;3;3601449;2018;10;17;3;3;5;2;1;0;1;0;0;0;1;1
11;12;12100204;2018;1;12;4;3;6;4;0;1;0;1;0;0;0;1
11;4;4300621;2018;12;18;7;2;6;2;2;0;1;1;0;0;0;0
11;1;1100102;2018;9;11;3;3;5;3;0;1;0;0;0;0;0;0
11;1;1100310;2018;8;14;4;2;0;2;0;1;1;0;0;0;0;0
11;3;3601142;2018;6;15;4;3;3;6;0;1;0;0;0;0;0;0
11;3;3601449;2018;7;19;3;3;5;2;0;1;1;0;0;0;0;0
11;2;2500728;2018;1;16;4;3;6;4;0;1;0;1;0;0;0;0
11;2;2500728;2018;11;14;6;3;5;2;0;1;1;0;0;0;0;0
11;2;2200208;2018;6;10;5;3;1;7;0;0;1;0;1;0;0;0
11;3;3400723;2018;5;16;3;3;6;4;0;0;0;1;0;0;1;0
11;4;4200206;2018;12;10;1;3;2;6;0;0;1;0;0;0;0;1
11;3;3701657;2018;10;21;3;3;0;1;2;0;0;0;1;0;0;1
11;9;9100101;2018;1;15;4;3;2;6;0;0;1;0;1;0;0;1
11;4;4300621;2018;7;19;2;3;3;6;0;1;0;0;0;0;0;0
11;12;4100101;2018;4;17;3;3;2;6;0;0;1;0;0;0;0;0
11;1;1100310;2018;7;15;5;3;5;2;0;1;0;0;0;0;1;0
11;7;7400824;2018;3;13;4;2;3;6;0;0;1;0;0;1;0;0
11;4;4300621;2018;5;13;3;2;6;4;0;0;1;1;0;0;0;0
11;7;7501133;2018;10;10;2;3;5;3;0;0;1;0;0;0;0;0
11;12;12200515;2018;1;17;2;2;2;6;1;0;1;0;0;0;1;0
11;1;1100102;2018;11;16;6;3;5;2;1;1;1;0;0;0;0;1
11;11;11401034;2018;9;14;6;3;3;6;0;0;1;0;0;1;0;0
11;7;7200308;2018;8;16;4;3;0;1;0;0;1;0;0;0;0;0
11;4;4501151;2018;6;15;6;3;2;6;0;0;1;0;0;0;0;0
11;10;10400940;2018;6;13;1;2;3;6;0;0;1;0;1;0;0;0
11;3;3601451;2018;8;7;3;2;5;2;0;1;0;0;0;0;1;0
11;3;3601449;2018;5;9;5;3;6;7;0;1;0;1;0;0;0;0
11;7;7601236;2018;4;10;3;3;5;2;0;1;0;0;0;1;0;0
11;7;7200411;2018;12;13;4;3;6;7;0;0;1;1;0;0;0;0
11;12;12100204;2018;9;14;5;2;5;7;0;0;1;0;1;0;0;0
11;11;11300722;2018;9;8;6;3;0;1;0;1;0;0;0;0;0;0
11;2;2400522;2018;7;15;4;3;1;5;0;0;0;0;1;0;1;0
11;2;2100101;2018;7;14;4;2;5;2;0;1;1;0;0;0;0;0
11;4;4200308;2018;5;16;5;2;3;6;0;0;1;0;0;1;0;0
11;1;1100102;2018;1;23;2;2;5;3;2;1;1;0;0;0;0;1
11;11;11401034;2018;11;6;3;3;2;6;1;0;1;0;0;0;0;1
11;5;5200528;2018;8;16;6;3;5;3;0;0;1;0;1;0;0;0
11;4;4200310;2018;10;12;1;3;2;6;0;0;1;0;0;0;0;0
11;1;1401044;2018;8;23;4;2;5;3;2;1;1;0;0;0;0;0
11;12;12200414;2018;4;16;5;3;2;6;0;0;1;0;0;0;0;1
11;7;7200410;2018;4;14;5;3;0;6;0;0;1;0;1;0;0;0
11;11;11401032;2018;5;12;4;3;0;6;0;1;1;0;0;0;0;0
11;4;4400726;2018;12;23;5;3;8;1;2;0;1;0;0;0;0;1
11;11;11300722;2018;9;7;6;2;6;4;2;0;0;1;0;0;1;0
11;7;7200410;2018;9;7;2;2;1;5;0;1;1;0;0;0;0;0
11;12;12100204;2018;6;15;7;3;2;2;0;1;0;0;0;0;1;0
11;7;7501133;2018;7;9;5;3;1;5;0;0;0;0;1;0;1;0
11;12;12100103;2018;5;14;5;2;5;7;0;1;0;0;0;0;1;0
11;1;1100310;2018;1;17;2;3;2;6;0;1;0;0;0;0;1;1
11;7;7601442;2018;11;16;4;3;6;7;0;0;1;1;0;0;0;0
11;7;7200410;2018;10;19;2;3;1;5;1;1;1;0;0;0;1;0
11;11;11401034;2018;8;0;1;2;6;4;2;0;1;1;0;0;0;0
11;3;3701660;2018;4;15;6;3;6;7;0;0;1;1;0;0;0;0
11;4;4200308;2018;3;7;5;2;0;1;0;0;0;0;1;0;0;1
11;12;12100205;2018;5;16;6;3;2;6;0;0;1;0;0;0;0;0
11;7;7300619;2018;10;14;2;3;5;3;0;0;1;0;0;0;1;0
11;1;1100310;2018;1;13;2;1;3;6;0;0;1;0;0;0;1;0
11;4;4400726;2018;11;19;5;3;2;6;2;0;1;0;0;0;0;0
11;7;7501135;2018;9;21;2;2;1;1;2;0;1;0;0;0;0;0
11;2;2400521;2018;8;14;2;3;5;3;0;1;1;0;0;0;0;0
11;3;3500936;2018;6;17;3;2;0;1;0;0;0;0;1;0;0;0
11;9;9100202;2018;7;8;3;3;5;7;0;1;1;0;0;0;0;0
11;2;2200209;2018;6;15;4;3;3;6;0;0;0;0;1;0;1;0
11;12;12200310;2018;5;17;1;3;2;6;0;0;1;0;0;0;0;0
11;1;1300836;2018;4;21;6;3;2;6;2;0;1;0;0;0;0;1
11;6;6300527;2018;12;7;6;3;6;2;1;0;1;1;0;0;0;1
11;3;3701660;2018;10;19;2;3;1;5;2;1;0;0;0;0;1;0
11;2;2500729;2018;7;20;7;3;0;6;1;0;1;0;1;0;0;1
11;4;4200311;2018;4;12;2;3;2;6;0;0;1;0;0;0;1;1
11;4;4300620;2018;7;9;4;3;1;1;0;0;1;0;1;0;0;0
11;3;3400620;2018;3;14;1;3;5;3;0;0;1;0;0;0;0;0
11;7;7501135;2018;5;17;1;3;5;3;0;1;1;0;0;0;0;0
11;6;6300526;2018;10;18;7;3;2;6;2;0;1;0;0;0;0;1
11;6;6300527;2018;1;18;1;3;5;2;2;0;1;0;0;0;0;1
11;3;3200205;2018;11;7;2;3;6;2;0;0;1;1;0;0;0;1
11;2;2500729;2018;9;9;4;3;3;6;0;1;0;0;0;0;0;0
11;2;2500729;2018;8;15;2;3;0;4;0;0;0;1;1;0;0;0
11;6;6400737;2018;6;18;5;3;2;6;0;0;1;0;1;0;0;0
11;2;2500728;2018;3;18;3;3;5;2;2;1;1;0;0;0;0;1
11;10;10300733;2018;6;15;6;3;6;3;0;0;1;1;0;0;0;0
11;3;3100101;2018;8;3;1;1;8;1;2;0;1;0;0;0;1;0
11;7;7601442;2018;5;7;4;3;1;1;0;0;1;0;1;0;1;0
11;1;1100102;2018;4;12;2;3;2;6;0;0;1;0;1;0;0;0
11;5;5200634;2018;12;17;3;3;2;6;2;0;1;0;0;0;0;1
11;12;12100103;2018;9;10;3;3;2;6;0;0;1;0;0;0;0;0
11;7;7400824;2018;9;17;4;3;2;6;0;0;1;0;0;0;0;0
11;4;4400727;2018;6;7;5;3;2;6;0;0;1;0;1;0;0;0
11;2;2500727;2018;7;21;2;3;5;2;1;1;1;0;0;0;0;0
11;10;10400940;2018;7;17;3;3;5;2;0;1;1;0;0;0;0;0
11;3;3200205;2018;5;6;3;3;5;3;0;0;1;0;1;0;0;0
11;7;7300619;2018;12;17;7;3;3;6;2;0;1;0;0;0;0;1
11;4;4400726;2018;10;18;3;3;2;6;1;0;1;0;0;0;0;1
11;7;7300619;2018;1;0;7;2;6;4;2;0;1;1;0;0;0;0
11;7;7400928;2018;7;2;2;1;8;1;2;0;0;0;1;0;0;0
11;4;4300414;2018;4;7;2;2;0;1;0;1;0;0;0;0;0;0
11;6;6300524;2018;7;10;5;3;9;1;0;0;1;0;0;0;0;0
11;4;4200311;2018;3;9;3;3;2;6;0;0;1;0;0;0;0;1
11;4;4200206;2018;5;20;2;3;2;6;0;0;0;0;0;0;1;0
11;7;7400822;2018;10;14;2;3;3;6;0;0;1;0;0;1;0;1
11;1;1100310;2018;1;6;6;3;2;6;2;0;1;0;0;0;0;1
11;7;7400823;2018;11;16;4;3;2;6;2;0;1;0;0;0;0;0
11;4;4501153;2018;9;18;5;3;2;6;1;0;1;0;0;0;1;1
11;3;3701660;2018;8;15;3;3;2;2;0;1;0;0;0;0;1;0
11;3;3601141;2018;6;8;6;3;6;4;0;1;0;1;0;0;0;0
11;12;12100204;2018;6;18;7;3;5;3;0;0;1;0;1;0;0;0
11;9;9200613;2018;8;10;2;2;6;3;0;0;1;1;0;0;0;0
11;3;3601142;2018;5;9;4;3;0;4;0;0;0;1;1;0;0;0
11;1;1100104;2018;4;15;3;3;2;6;0;0;1;0;0;0;0;0
11;7;7200410;2018;12;20;3;3;3;6;2;1;1;0;0;0;0;1
11;12;12100204;2018;9;14;4;3;0;5;0;1;0;0;0;0;1;0
11;9;9200613;2018;9;14;5;2;3;6;0;0;1;0;0;0;0;0
11;4;4200310;2018;7;16;3;3;0;4;0;1;0;1;0;0;0;0
11;3;3601142;2018;7;17;3;3;0;4;0;1;0;1;0;0;0;0
11;7;7501029;2018;5;8;4;3;2;2;0;0;1;0;0;0;0;0
11;3;3601142;2018;1;5;6;2;6;4;2;0;1;1;0;0;0;1
11;7;7501133;2018;11;6;3;3;3;6;2;1;1;0;0;0;0;1
11;4;4200311;2018;8;9;5;3;0;2;0;1;1;0;0;0;0;0
11;12;12100101;2018;10;12;7;3;5;3;0;0;1;0;0;0;0;0
11;3;3601142;2018;8;1;4;3;0;4;2;0;0;1;1;0;0;0
11;12;12200412;2018;4;15;4;3;2;6;0;0;1;0;0;0;0;1
11;7;7300619;2018;4;12;5;3;2;6;0;0;1;0;0;0;0;0
11;3;3701657;2018;5;21;4;3;5;2;1;1;1;0;0;0;0;0
11;1;1300836;2018;12;17;4;3;3;6;2;0;1;0;0;0;0;0
11;12;12601032;2018;9;12;5;3;0;2;0;1;0;0;0;0;1;0
11;10;10100313;2018;8;16;6;3;3;6;0;0;1;0;1;0;0;0
11;7;7300619;2018;6;16;6;3;0;7;0;0;0;0;1;0;1;1
11;6;6400735;2018;7;18;5;3;6;4;0;1;0;1;0;0;0;0
11;1;1100206;2018;5;14;4;3;6;7;0;1;0;1;0;0;0;0
11;2;2500729;2018;1;11;6;3;6;7;0;1;0;1;0;0;0;1
11;6;6400735;2018;11;16;3;3;0;5;0;1;1;0;0;0;1;0
11;6;6400735;2018;6;7;3;2;6;4;0;0;1;1;0;0;0;0
11;1;1100102;2018;12;17;7;3;2;6;2;0;1;0;0;0;0;1
11;4;4200311;2018;10;14;1;3;2;6;0;0;1;0;0;0;0;0
11;12;12200414;2018;8;14;6;2;8;1;0;0;1;0;0;0;0;0
11;4;4300415;2018;4;13;5;2;2;6;0;0;1;0;0;0;0;0
11;1;1400940;2018;3;11;3;3;2;6;0;0;1;0;1;0;0;0
11;12;12400721;2018;5;8;6;2;5;3;0;1;1;0;0;0;0;0
11;7;7300619;2018;10;15;6;3;2;6;0;0;1;0;0;0;1;0
11;3;3601452;2018;1;17;5;3;2;6;2;0;1;0;0;0;0;0
11;1;1100102;2018;11;14;5;3;6;7;0;1;0;1;0;0;0;0
11;8;8200622;2018;9;7;2;3;2;6;0;0;1;0;1;0;0;0
11;3;3500936;2018;8;21;7;3;3;6;2;0;1;0;0;1;0;0
11;3;3400723;2018;6;7;3;3;2;6;0;0;1;0;0;1;0;0
11;11;11401032;2018;7;19;2;3;1;5;0;1;1;0;0;0;0;0
11;4;4300414;2018;6;17;3;3;2;6;0;0;1;0;0;0;0;0
11;7;7601547;2018;5;12;7;3;1;5;0;0;1;0;1;0;0;0
11;3;3400725;2018;4;16;5;2;3;6;0;0;1;0;0;0;0;0
11;11;11401034;2018;12;16;4;3;2;6;1;0;1;0;0;0;0;1
11;7;7400721;2018;9;13;1;3;6;2;0;0;1;1;0;0;0;0
11;1;1400940;2018;7;16;7;2;5;3;0;0;1;0;1;0;0;0
11;4;4300414;2018;4;16;1;3;1;5;0;1;0;0;0;0;1;0
11;6;6400735;2018;7;20;2;3;0;3;1;0;1;0;1;0;0;0
11;4;4400830;2018;3;15;6;3;2;6;0;0;1;0;0;0;0;1
11;1;1100102;2018;5;13;7;3;0;6;0;1;0;0;0;0;0;0
11;3;3500936;2018;10;14;6;3;0;1;0;0;0;0;1;0;0;0
11;4;4200207;2018;1;17;5;3;8;1;2;0;1;0;0;0;0;0
11;7;7400721;2018;11;11;7;3;2;6;0;0;1;0;0;0;0;0
11;7;7601442;2018;9;6;3;2;1;5;1;0;1;0;0;0;0;0
11;7;7400720;2018;8;14;1;3;2;6;0;0;1;0;0;0;0;0
11;5;5200528;2018;6;13;4;3;2;6;0;0;1;0;1;0;0;0
11;3;3400830;2018;10;11;4;3;2;7;0;0;0;0;1;0;1;0
11;3;3701657;2018;6;6;6;3;0;7;0;1;0;0;0;0;0;0
11;1;1300836;2018;8;15;6;3;5;2;0;1;1;0;0;0;0;0
11;7;7501133;2018;5;20;3;3;5;3;0;0;1;0;0;0;0;0
11;7;7501029;2018;4;16;1;3;2;6;0;0;1;0;0;0;0;0
11;3;3100103;2018;12;6;2;3;2;6;1;0;1;0;0;0;0;0
11;3;3400721;2018;9;14;3;3;2;6;0;0;1;0;0;0;0;0
11;6;6400735;2018;9;13;3;3;0;2;0;1;1;0;0;0;0;0
11;7;7200308;2018;6;16;4;3;6;4;0;0;1;1;0;0;0;0
11;4;4400727;2018;7;9;2;3;2;6;0;0;1;0;0;0;0;0
11;2;2500728;2018;5;21;2;3;1;1;1;0;1;0;0;0;0;0
11;12;12100205;2018;1;9;5;3;3;6;0;0;1;0;0;0;0;1
11;12;12400618;2018;11;16;1;3;0;1;1;0;0;0;1;0;0;1
11;3;3601245;2018;8;13;5;3;6;4;0;0;1;1;0;0;0;0
11;1;1100310;2018;3;11;7;3;5;2;0;0;1;0;0;0;0;0
11;3;3701657;2018;10;8;5;2;2;6;0;0;1;0;0;0;0;0
11;10;10300734;2018;8;6;3;2;5;3;0;1;1;0;0;0;0;0
11;10;10300733;2018;4;7;2;3;5;2;0;0;1;0;0;1;0;0
11;3;3400826;2018;4;16;3;3;1;5;0;1;0;0;0;0;1;0
11;7;7400822;2018;5;15;3;3;2;6;0;0;1;0;0;0;1;0
11;3;3100101;2018;10;17;4;3;2;6;2;0;1;0;0;0;0;0
11;3;3300517;2018;12;18;2;3;6;2;2;0;0;1;0;1;0;0
11;7;7200410;2018;9;20;4;3;3;6;2;1;1;0;0;0;0;0
11;1;1100207;2018;8;11;5;3;6;7;0;0;1;1;0;0;0;0
11;1;1100310;2018;6;17;5;3;5;2;0;1;0;0;1;0;0;0
11;6;6400736;2018;7;8;4;3;2;6;0;0;1;0;0;0;0;0
11;3;3500934;2018;1;16;5;3;2;6;2;0;1;0;0;0;0;1
11;4;4300414;2018;11;7;2;3;5;2;0;1;1;0;0;0;0;0
11;7;7400824;2018;6;11;6;3;2;6;0;0;0;0;1;1;0;1
11;3;3701657;2018;5;18;3;3;5;2;0;1;1;0;0;0;0;0
11;12;12200310;2018;12;12;5;3;2;6;0;0;1;0;0;0;1;0
11;7;7501133;2018;10;10;6;3;1;5;0;0;1;0;1;0;0;0
11;3;3300517;2018;1;18;5;2;5;2;2;1;1;0;0;0;0;1
11;6;6300525;2018;1;11;4;2;5;2;0;1;1;0;0;0;0;0
11;7;7200308;2018;1;18;5;3;2;2;2;1;1;0;0;0;0;1
11;9;9200717;2018;1;18;2;3;5;3;2;0;1;0;0;0;1;0
11;12;12100205;2018;1;18;5;3;5;2;2;1;1;0;0;0;0;1
11;9;9501941;2018;1;17;1;3;5;3;2;0;1;0;0;0;0;0
11;3;3100103;2018;1;17;5;2;6;2;2;0;1;1;0;0;0;1
11;5;5100211;2018;1;7;6;2;6;2;1;0;1;1;0;0;0;0
11;1;1200522;2018;1;17;5;3;5;3;2;0;1;0;0;0;0;1
11;4;4100101;2018;1;23;3;2;6;4;2;0;1;1;0;0;0;0
11;11;11300619;2018;1;17;5;2;6;4;2;0;1;1;0;0;0;1
11;2;2500835;2018;1;16;5;3;5;2;2;0;1;0;0;0;0;1
11;12;12200308;2018;1;5;2;3;1;5;2;0;1;0;0;0;1;0
11;8;8100206;2018;1;15;5;3;2;6;1;0;1;0;0;0;0;1
11;12;12200412;2018;1;16;5;3;2;6;0;0;1;0;0;0;1;1
11;8;8100104;2018;1;3;7;3;6;2;2;0;0;1;0;0;1;1
11;6;6200312;2018;1;15;5;3;5;2;0;0;1;0;0;0;0;1
11;2;2200212;2018;1;20;4;3;2;6;2;1;1;0;0;0;0;1
11;8;8100521;2018;1;15;5;3;3;6;1;0;1;0;0;1;0;1
11;3;3300517;2018;1;16;7;2;5;2;2;0;1;0;0;0;0;0
11;8;8200727;2018;1;14;5;3;6;4;0;0;1;1;0;0;0;1
11;1;1100103;2018;1;21;5;3;2;2;2;0;1;0;0;0;1;1
11;9;9502043;2018;1;14;5;2;5;3;0;1;1;0;0;0;0;1
11;1;1401045;2018;1;16;3;3;2;6;2;0;1;0;0;0;0;0
11;4;4200310;2018;1;14;5;2;0;7;0;0;1;0;0;0;0;0
11;2;2500727;2018;1;8;2;3;1;5;0;0;1;0;0;0;1;0
11;6;6300526;2018;1;14;5;3;0;7;0;0;1;0;1;0;0;1
11;5;5200526;2018;1;13;5;2;6;4;0;0;1;1;0;0;0;0
11;7;7400927;2018;1;20;7;3;1;5;2;0;1;0;0;0;0;1
11;11;11401032;2018;1;13;5;3;5;3;0;0;1;0;0;0;0;1
11;1;1100308;2018;1;17;4;3;0;1;2;0;0;0;1;0;0;1
11;11;11200513;2018;1;19;5;2;5;3;2;1;1;0;0;0;0;1
11;8;8100521;2018;1;13;5;3;5;3;0;0;1;0;0;0;0;1
11;1;1100309;2018;1;12;2;3;2;6;0;0;1;0;0;1;0;0
11;12;12200309;2018;1;11;5;3;0;5;0;0;1;0;1;0;0;1
11;2;2400623;2018;1;7;3;3;5;3;1;1;1;0;0;0;0;0
11;12;12500927;2018;1;10;5;3;6;4;0;0;1;1;0;0;0;1
11;2;2400623;2018;1;13;2;3;5;3;0;1;1;0;0;0;0;0
11;9;9100101;2018;1;5;5;3;5;2;2;1;1;0;0;0;0;1
11;11;11100204;2018;1;5;5;3;5;3;2;1;1;0;0;0;0;1
11;4;4300623;2018;1;2;6;3;8;1;2;0;1;0;0;0;0;1
11;4;4300416;2018;1;10;5;3;5;3;0;0;1;0;0;0;0;1
11;4;4400729;2018;1;12;4;3;5;3;0;0;1;0;0;0;0;0
11;1;1100101;2018;1;6;5;3;6;2;2;0;1;1;0;0;0;1
11;9;9200715;2018;1;6;2;3;5;3;2;1;1;0;0;0;0;0
11;1;1100311;2018;1;6;5;3;5;3;2;1;1;0;0;0;0;1
11;6;6400840;2018;1;13;1;3;5;2;0;1;1;0;0;0;0;0
11;2;2100104;2018;1;8;5;3;5;3;0;1;1;0;0;0;0;1
11;3;3601245;2018;1;7;5;3;6;2;2;0;1;1;0;0;0;1
11;1;1300733;2018;1;10;2;3;2;2;0;1;1;0;0;0;0;0
11;12;12200414;2018;1;7;5;3;6;2;2;0;1;1;0;0;0;1
11;1;1200628;2018;1;15;6;3;5;2;1;0;1;0;0;0;0;0
11;12;12500929;2018;1;7;5;3;6;7;1;0;0;1;0;0;1;1
11;6;6400838;2018;1;10;4;3;3;6;0;0;1;0;0;1;0;0
11;10;10400938;2018;1;18;2;3;5;3;2;0;1;0;0;0;0;0
11;8;8100206;2018;1;19;7;3;6;7;2;0;1;1;0;0;0;0
11;2;2500831;2018;1;1;6;2;0;1;2;1;0;0;0;0;0;1