LAND;BEZ;LOR_ab_2021;UJAHR;UMONAT;USTUNDE;UWOCHENTAG;UKATEGORIE;UART;UTYP1;ULICHTVERH;IstRad;IstPKW;IstFuss;IstKrad;IstGkfz;IstSonstige;USTRZUSTAND
11;2;2500834;2018;1;18;3;3;2;2;2;1;1;0;0;0;0;0
11;9;9100305;2018;1;7;5;2;6;2;1;0;1;1;0;0;0;1
11;7;7601442;2018;1;10;6;3;6;6;0;0;1;1;0;0;0;0
11;7;7601236;2018;1;18;4;3;6;7;2;0;1;1;0;0;0;1
11;3;3500933;2018;1;15;3;3;0;3;0;0;0;0;0;0;1;0
11;12;12601235;2018;1;7;4;3;6;2;0;0;0;1;0;0;1;1
11;7;7400928;2018;1;13;4;3;5;2;0;1;0;0;0;1;0;1
11;2;2100102;2018;1;8;2;2;6;2;0;0;1;1;0;0;0;0
11;1;1100312;2018;1;20;4;2;6;4;2;0;1;1;0;0;0;1
11;3;3500936;2018;1;7;4;3;6;4;2;0;0;1;0;0;1;1
11;1;1200623;2018;1;14;7;3;5;7;0;0;1;0;0;0;0;0
11;4;4300412;2018;1;13;4;3;5;2;0;1;1;0;0;0;0;1
11;1;1401047;2018;1;21;5;3;6;2;2;0;1;1;0;0;0;1
11;11;11200513;2018;1;16;4;3;5;3;2;0;1;0;0;0;0;1
11;1;1100207;2018;1;12;3;3;2;7;0;1;1;0;0;0;0;0
11;7;7300618;2018;1;16;4;3;5;2;2;1;1;0;0;0;0;1
11;10;10200629;2018;1;13;2;3;0;6;0;0;0;0;0;0;1;0
11;1;1300834;2018;1;15;4;3;5;3;0;1;1;0;0;0;0;0
11;5;5100105;2018;1;15;4;3;2;6;0;0;1;0;0;0;0;1
11;7;7100102;2018;1;22;7;3;5;3;2;0;1;0;0;0;0;0
11;3;3601452;2018;1;17;4;3;5;3;1;0;1;0;0;0;0;1
11;6;6100209;2018;1;6;2;3;0;7;2;0;1;0;0;0;0;0
11;4;4300412;2018;1;17;4;2;0;4;1;0;1;1;0;0;1;1
11;5;5300840;2018;1;18;4;3;5;3;2;0;1;0;0;0;0;1
11;8;8100417;2018;1;1;7;3;6;2;2;0;1;1;0;0;0;0
11;4;4200311;2018;1;19;4;3;6;2;2;0;1;1;0;0;0;1
11;6;6200421;2018;1;18;4;3;2;6;2;0;1;0;0;0;0;1
11;6;6300633;2018;1;19;4;3;6;2;2;0;1;1;0;0;0;1
11;4;4500938;2018;1;11;3;3;2;7;0;0;1;0;0;0;0;0
11;1;1300733;2018;1;20;4;3;6;2;2;0;1;1;0;0;0;1
11;2;2100104;2018;1;11;2;2;6;4;0;1;0;1;0;0;0;0
11;1;1100101;2018;1;13;4;3;6;4;0;0;1;1;0;0;0;1
11;10;10200420;2018;1;16;6;3;5;3;2;1;1;0;0;0;0;0
11;4;4200311;2018;1;11;4;3;1;5;0;1;1;0;0;0;0;1
11;1;1100311;2018;1;11;4;3;3;1;0;0;1;0;0;0;0;1
11;3;3100103;2018;1;11;4;3;5;3;0;0;1;0;0;0;1;1
11;7;7200307;2018;1;13;4;2;1;5;0;0;1;0;0;0;0;1
11;2;2400623;2018;1;20;5;3;0;7;2;1;0;0;0;0;1;1
11;5;5200524;2018;1;10;4;3;5;3;0;0;1;0;0;0;0;1
11;3;3400725;2018;1;7;2;3;5;3;0;1;0;0;0;0;0;0
11;4;4501042;2018;1;11;4;2;6;4;0;0;1;1;0;0;0;1
11;7;7200409;2018;1;18;1;3;1;5;2;1;1;0;0;0;0;0
11;5;5100315;2018;1;10;4;3;5;3;0;1;0;0;0;1;0;1
11;6;6100206;2018;1;14;6;3;5;2;0;1;1;0;0;0;0;0
11;8;8200725;2018;1;9;4;3;5;3;0;1;1;0;0;0;0;1
11;3;3601449;2018;1;8;4;3;2;7;1;0;1;0;0;0;0;0
11;10;10200629;2018;1;7;4;2;6;4;2;0;1;1;0;0;0;1
11;10;10200422;2018;1;17;2;3;6;4;2;0;1;1;0;0;0;0
11;7;7601544;2018;1;7;4;2;6;2;2;0;1;1;0;0;0;1
11;1;1100311;2018;1;7;4;3;3;6;1;0;1;0;0;1;0;1
11;1;1300733;2018;1;17;7;3;6;2;2;0;1;1;0;0;0;0
11;1;1300730;2018;1;7;4;2;6;2;2;0;1;1;0;0;0;1
11;7;7200308;2018;1;18;2;3;5;3;2;1;0;0;0;0;0;0
11;11;11300721;2018;1;7;4;3;6;4;2;0;1;1;0;0;0;1
11;10;10100315;2018;1;16;1;3;2;2;1;0;1;0;0;0;0;0
11;5;5100209;2018;1;7;4;2;6;4;2;0;1;1;0;0;0;1
11;1;1400938;2018;1;7;6;3;6;2;0;0;1;1;0;0;0;0
11;7;7400927;2018;1;6;4;3;5;2;2;1;1;0;0;0;0;1
11;12;12200515;2018;1;13;3;3;1;7;0;0;1;0;0;0;1;0
11;2;2400623;2018;1;6;4;3;2;3;1;1;1;0;0;0;0;1
11;1;1400937;2018;1;6;4;3;5;3;2;1;1;0;0;0;0;1
11;9;9200715;2018;1;7;2;3;2;6;1;0;1;0;0;0;0;2
11;1;1100416;2018;1;5;4;2;5;3;2;1;1;0;0;0;0;1
11;1;1100205;2018;1;9;4;3;6;4;0;1;0;1;0;0;0;0
11;1;1100206;2018;1;13;7;3;5;3;0;0;1;0;0;0;0;0
11;3;3200308;2018;1;8;4;3;5;3;0;1;1;0;0;0;0;1
11;9;9200512;2018;1;20;4;3;6;4;2;0;1;1;0;0;0;1
11;3;3400721;2018;1;8;3;3;6;4;1;1;0;1;0;0;0;0
11;8;8100310;2018;1;8;4;3;5;3;1;1;1;0;0;0;0;1
11;2;2500833;2018;1;23;5;3;5;2;2;1;1;0;0;0;0;1
11;2;2100102;2018;1;8;4;3;5;7;0;0;1;0;0;0;1;1
11;10;10100210;2018;1;16;3;2;6;4;2;0;1;1;0;0;0;0
11;4;4501151;2018;1;7;4;2;6;2;1;0;1;1;0;0;0;1
11;4;4200308;2018;1;15;4;3;2;6;0;0;1;0;0;1;0;1
11;1;1100310;2018;1;16;2;3;2;6;1;0;1;0;0;0;1;0
11;10;10100311;2018;1;7;4;3;6;2;1;0;1;1;0;0;0;1
11;7;7200409;2018;1;7;4;2;5;7;1;0;1;0;0;0;0;1
11;2;2200209;2018;1;20;7;3;5;2;2;0;1;0;0;0;0;0
11;4;4500936;2018;1;8;4;2;6;4;1;0;1;1;0;0;0;1
11;6;6200311;2018;1;17;4;3;5;3;2;0;1;0;0;0;0;0
11;4;4400832;2018;1;17;4;3;6;2;0;0;1;1;0;0;0;0
11;1;1100205;2018;1;9;2;3;3;6;0;0;1;0;1;0;0;0
11;11;11200514;2018;1;20;3;3;5;3;2;1;1;0;0;0;0;1
11;2;2100103;2018;1;11;2;3;3;6;0;0;1;0;0;0;1;0
11;1;1300836;2018;1;11;3;3;2;6;0;0;1;0;0;0;0;1
11;5;5100210;2018;1;13;2;2;6;2;0;0;1;1;0;0;0;0
11;3;3601449;2018;1;18;3;3;8;1;2;0;1;0;0;0;0;1
11;6;6100101;2018;1;15;3;3;1;5;0;0;1;0;0;0;0;1
11;11;11400927;2018;1;14;6;2;6;2;0;0;1;1;0;0;0;0
11;4;4300623;2018;1;13;3;3;0;5;0;0;0;0;1;0;1;1
11;4;4400729;2018;1;12;4;3;5;3;0;1;1;0;0;0;0;0
11;5;5100316;2018;1;8;5;3;6;4;1;0;1;1;0;0;0;1
11;9;9200715;2018;1;12;3;3;5;2;0;0;1;0;0;0;0;1
11;6;6300629;2018;1;6;2;3;6;4;2;0;1;1;0;0;0;0
11;9;9401534;2018;1;8;3;3;0;7;1;1;0;0;0;0;0;1
11;8;8100207;2018;1;16;1;3;5;3;1;0;1;0;0;0;1;0
11;2;2400521;2018;1;6;3;3;5;3;2;0;1;0;0;0;0;1
11;12;12200412;2018;1;14;6;3;2;6;0;0;1;0;0;0;0;1
11;6;6200313;2018;1;5;3;3;6;2;2;0;1;1;0;0;0;1
11;9;9501838;2018;1;5;4;2;8;1;2;0;1;0;0;0;0;2
11;5;5100315;2018;1;13;3;2;5;2;0;0;1;0;0;0;0;1
11;12;12601236;2018;1;16;6;2;0;2;2;0;1;0;0;0;1;0
11;8;8100415;2018;1;14;3;3;3;6;0;1;0;0;0;0;1;1
11;5;5100315;2018;1;10;4;3;2;6;0;0;1;0;0;0;0;0
11;6;6400736;2018;1;21;3;3;5;3;2;0;1;0;0;0;0;1
11;12;12100204;2018;1;6;2;2;6;4;2;0;1;1;0;0;0;0
11;10;10100101;2018;1;17;3;2;6;4;2;0;1;1;0;0;0;1
11;2;2100101;2018;1;19;7;3;5;3;2;1;1;0;0;0;0;0
11;9;9100304;2018;1;18;3;3;5;3;2;1;1;0;0;0;0;1
11;8;8100416;2018;1;22;6;3;1;5;2;0;1;0;0;0;0;1
11;3;3300413;2018;1;17;3;3;3;6;2;0;1;0;0;0;1;1
11;2;2200210;2018;1;19;3;3;2;6;2;0;1;0;0;0;0;0
11;7;7400927;2018;1;17;3;3;6;4;2;0;1;1;0;0;0;1
11;8;8401139;2018;1;17;3;3;5;3;2;0;1;0;0;0;0;1
11;1;1400938;2018;1;16;2;3;5;3;1;1;1;0;0;0;0;0
11;6;6100102;2018;1;17;3;3;1;5;2;1;1;0;0;0;0;1
11;4;4501042;2018;1;17;3;3;5;2;1;0;1;0;0;0;1;1
11;9;9200715;2018;1;17;3;3;5;2;2;0;1;0;0;0;0;1
11;4;4200309;2018;1;6;3;3;5;3;2;0;1;0;0;0;0;1
11;6;6200315;2018;1;16;2;3;1;5;1;0;1;0;0;0;0;0
11;5;5200527;2018;1;5;2;3;1;7;2;0;0;0;0;0;1;0
11;3;3500934;2018;1;0;2;3;6;4;2;0;1;1;0;0;0;1
11;8;8200831;2018;1;16;7;2;6;4;2;0;1;1;0;0;0;0
11;10;10100311;2018;1;0;2;2;6;7;2;0;0;1;0;0;1;1
11;1;1100416;2018;1;20;5;3;5;3;2;1;1;0;0;0;0;1
11;8;8100314;2018;1;22;2;3;5;2;2;0;1;0;0;0;0;0
11;9;9300920;2018;1;15;3;3;5;2;1;1;1;0;0;0;0;0
11;6;6300633;2018;1;13;2;3;6;4;0;1;0;1;0;0;0;0
11;10;10300734;2018;1;13;2;2;5;7;0;1;1;0;0;0;0;0
11;1;1100309;2018;1;7;2;3;5;3;1;0;1;0;0;0;0;0
11;7;7300619;2018;1;6;2;3;5;3;2;0;1;0;0;0;0;1
11;8;8100104;2018;1;22;7;3;3;6;2;0;1;0;0;0;0;0
11;8;8100312;2018;1;6;2;2;6;4;2;0;1;1;0;0;0;0
11;1;1100310;2018;1;2;4;3;5;3;2;0;1;0;0;0;0;1
11;5;5300737;2018;1;22;5;3;3;6;2;0;1;0;0;0;0;1
11;1;1100416;2018;1;2;7;2;5;3;2;1;1;0;0;0;0;0
11;6;6300634;2018;1;4;2;3;6;2;2;0;1;1;0;0;0;1
11;1;1100309;2018;1;17;4;3;2;6;2;0;1;0;1;0;0;1
11;1;1100101;2018;1;1;2;3;6;4;2;0;0;1;0;0;1;0
11;5;5100208;2018;1;7;3;3;8;1;1;0;1;0;0;0;0;0
11;7;7501029;2018;1;1;2;3;5;3;2;0;1;0;0;0;0;0
11;2;2200210;2018;1;13;2;3;5;3;0;1;1;0;0;0;0;2
11;1;1200627;2018;1;0;2;3;6;4;2;0;1;1;0;0;0;0
11;5;5100211;2018;1;0;2;2;6;7;2;0;0;1;0;0;1;0
11;9;9200511;2018;1;23;6;3;5;3;2;0;1;0;0;0;0;0
11;1;1100101;2018;1;14;2;3;5;2;0;0;1;0;0;0;0;0
11;9;9401329;2018;1;12;4;3;2;6;0;0;1;0;0;0;0;1
11;9;9200715;2018;1;14;2;3;5;3;0;0;1;0;0;0;0;0
11;3;3601452;2018;1;20;2;3;5;3;2;0;1;0;0;0;0;0
11;1;1300835;2018;1;11;2;3;5;2;0;1;0;0;0;0;1;0
11;1;1200517;2018;1;10;2;3;2;6;0;0;1;0;0;0;0;2
11;8;8100312;2018;1;15;6;3;5;2;0;1;0;0;0;0;1;0
11;2;2400623;2018;1;8;4;3;5;3;1;1;1;0;0;0;0;0
11;1;1100207;2018;1;17;2;2;4;2;2;1;0;0;0;0;0;0
11;2;2400623;2018;1;17;7;2;6;4;2;0;1;1;0;0;0;0
11;1;1100102;2018;1;16;5;3;6;2;2;0;1;1;0;0;0;1
11;2;2200209;2018;1;10;1;3;5;3;0;0;1;0;0;0;0;0
11;5;5300737;2018;1;9;6;3;2;6;0;0;1;0;0;0;1;0
11;1;1300733;2018;1;8;3;3;6;2;1;0;1;1;0;0;0;1
11;4;4200309;2018;1;10;2;2;5;2;0;1;1;0;0;0;0;0
11;2;2200213;2018;1;13;7;3;1;5;0;0;1;0;0;0;0;1
11;7;7300618;2018;1;9;3;3;2;7;0;0;1;0;0;0;1;0
11;12;12500926;2018;1;13;2;3;1;7;0;0;1;0;0;0;0;0
11;10;10200417;2018;1;17;3;3;5;2;2;0;1;0;0;0;0;0
11;12;12601134;2018;1;16;2;3;4;7;1;0;1;0;0;0;0;1
11;1;1100205;2018;1;1;7;3;5;3;2;0;1;0;0;0;0;0
11;8;8100310;2018;1;20;4;3;5;3;2;0;1;0;0;0;0;1
11;5;5300735;2018;1;21;2;3;2;6;2;0;1;0;0;0;0;0
11;2;2100105;2018;1;11;2;3;5;2;0;1;1;0;0;0;0;0
11;6;6300633;2018;1;16;6;2;0;2;2;0;1;0;1;0;0;0
11;1;1400942;2018;1;22;7;3;5;3;2;0;1;0;0;0;0;0
11;4;4501148;2018;1;14;4;3;2;6;0;0;1;0;0;0;0;0
11;10;10100312;2018;1;18;5;3;0;2;2;0;1;0;0;0;1;1
11;5;5100101;2018;1;7;2;3;6;2;1;0;1;1;0;0;0;0
11;8;8401139;2018;1;17;1;3;1;5;2;1;1;0;0;0;0;0
11;9;9100407;2018;1;14;6;3;6;4;0;0;1;1;0;0;0;0
11;10;10200418;2018;1;6;4;2;6;4;2;0;0;1;0;0;1;2
11;7;7501031;2018;1;16;2;3;5;2;2;0;1;0;0;0;0;0
11;8;8401241;2018;1;16;1;3;5;3;1;0;1;0;0;0;0;0
11;5;5200528;2018;1;21;2;2;4;1;2;0;1;0;0;0;0;0
11;3;3400724;2018;1;14;1;3;5;3;0;0;1;0;0;0;0;0
11;9;9200715;2018;1;19;2;2;9;1;2;0;1;0;0;0;0;0
11;3;3601451;2018;1;18;1;2;5;2;2;0;1;0;0;0;0;1
11;1;1200628;2018;1;18;2;3;2;6;2;1;1;0;0;0;0;0
11;8;8401242;2018;1;21;1;3;1;5;2;0;1;0;0;0;0;0
11;11;11200513;2018;1;17;2;3;5;2;2;1;0;0;0;0;1;0
11;10;10100205;2018;1;15;1;2;8;1;0;0;1;0;0;0;0;1
11;6;6400844;2018;1;16;2;3;5;2;2;0;1;0;0;0;0;0
11;3;3601450;2018;1;18;1;2;0;1;2;1;0;0;0;0;0;1
11;1;1401048;2018;1;23;7;3;2;6;2;0;1;0;0;0;0;1
11;1;1401049;2018;1;16;2;2;6;4;2;0;0;1;1;0;0;0
11;8;8100310;2018;1;18;7;3;5;3;2;1;1;0;0;0;0;1
11;2;2500834;2018;1;18;7;3;5;2;2;1;1;0;0;0;0;1
11;4;4501151;2018;1;15;2;3;5;2;0;0;1;0;1;0;0;0
11;12;12500825;2018;1;17;3;3;6;2;1;0;1;1;0;0;0;1
11;5;5200423;2018;1;17;7;2;3;6;2;0;1;0;0;0;0;0
11;4;4501040;2018;1;14;2;3;5;3;0;1;0;0;0;0;1;0
11;10;10200422;2018;1;15;7;3;6;4;0;0;1;1;0;0;0;0
11;7;7400927;2018;1;14;2;3;2;2;0;0;1;0;0;0;1;0
11;1;1100415;2018;1;9;3;3;6;4;0;0;1;1;0;0;0;1
11;11;11300721;2018;1;14;7;3;5;7;0;0;1;0;0;0;0;0
11;6;6200421;2018;1;18;3;3;6;2;2;0;1;1;0;0;0;1
11;2;2300314;2018;1;12;2;3;1;5;0;1;1;0;0;0;0;0
11;3;3601245;2018;1;13;7;3;6;6;0;1;0;1;0;0;0;0
11;6;6200422;2018;1;11;2;3;5;7;0;1;1;0;0;0;0;0
11;10;10200423;2018;1;2;7;3;6;2;2;0;0;1;0;0;1;1
11;11;11300725;2018;1;6;2;3;6;4;2;0;0;1;0;0;1;0
11;12;12601032;2018;1;8;7;3;2;6;0;0;1;0;0;0;0;1
11;1;1300732;2018;1;10;7;3;5;3;0;0;1;0;0;0;0;1
11;4;4500938;2018;1;9;2;3;5;2;0;0;1;0;0;0;0;0
11;4;4300619;2018;1;17;3;3;6;2;2;0;1;1;0;0;0;1
11;5;5100316;2018;1;11;7;3;5;7;0;0;1;0;1;0;0;1
11;3;3500932;2018;1;9;2;3;5;2;0;1;1;0;0;0;0;0
11;9;9100101;2018;1;11;2;3;6;4;0;0;1;1;0;0;0;0
11;4;4300416;2018;1;11;7;2;5;2;0;1;1;0;0;0;0;0
11;6;6200313;2018;1;9;2;2;6;4;0;0;1;1;0;0;0;0
11;1;1100310;2018;1;12;7;3;2;6;0;0;1;0;0;0;0;1
11;7;7100102;2018;1;7;2;3;5;2;1;0;1;0;0;0;0;0
11;1;1100206;2018;1;12;7;3;0;1;0;1;0;0;0;0;0;0
11;3;3701555;2018;1;7;2;3;6;4;0;1;0;1;0;0;0;0
11;4;4501041;2018;1;13;7;3;2;6;0;0;1;0;0;0;0;1
11;8;8100206;2018;1;21;7;3;2;6;2;0;1;0;0;0;0;0
11;1;1100416;2018;1;7;2;3;6;4;0;1;0;1;0;0;0;0
11;7;7501134;2018;1;18;6;3;0;4;2;0;1;1;0;0;0;1
11;3;3601140;2018;1;7;2;3;5;3;0;1;1;0;0;0;0;0
11;8;8100312;2018;1;17;6;3;1;5;2;0;1;0;0;0;0;1
11;5;5300737;2018;1;9;2;3;5;3;0;1;0;0;0;1;0;0
11;11;11100309;2018;1;14;6;3;6;4;0;0;1;1;0;0;0;1
11;1;1100313;2018;1;9;2;3;1;5;0;1;1;0;0;0;0;0
11;6;6200313;2018;1;14;6;3;0;4;0;0;0;1;0;0;1;1
11;1;1400938;2018;1;13;6;3;6;4;0;0;1;1;0;0;0;0
11;4;4200311;2018;1;1;1;2;5;2;2;0;1;0;0;0;0;0
11;9;9501736;2018;1;13;6;3;0;1;0;1;0;0;0;0;0;1
11;10;10400836;2018;1;17;1;3;6;4;2;0;1;1;0;0;0;0
11;7;7400826;2018;1;11;6;3;2;6;0;0;1;0;0;1;1;0
11;9;9200715;2018;1;7;1;2;6;2;0;0;1;1;0;0;0;0
11;3;3500934;2018;1;12;1;3;5;2;0;0;1;0;0;0;0;0
11;12;12500926;2018;1;14;1;3;5;3;0;0;1;0;0;0;0;0
11;1;1400938;2018;1;15;1;3;2;6;0;0;1;0;0;0;0;0
11;1;1400940;2018;1;19;1;3;6;4;2;0;1;1;0;0;0;0
11;2;2500727;2018;1;11;6;3;1;5;0;1;1;0;0;0;0;0
11;2;7400720;2018;1;21;1;3;6;2;2;0;1;1;0;0;0;0
11;7;7400720;2018;1;10;6;3;5;2;0;1;1;0;0;0;0;0
11;1;1200625;2018;1;14;1;3;1;5;0;0;1;0;0;0;1;0
11;2;2300314;2018;1;10;6;3;5;7;0;1;1;0;0;0;0;0
11;6;6100101;2018;1;9;6;3;5;3;0;0;1;0;0;0;0;0
11;7;7300618;2018;1;15;1;2;1;5;0;0;1;0;0;0;0;0
11;6;6200423;2018;1;8;6;3;0;7;0;1;0;0;0;0;0;0
11;1;1100310;2018;1;8;6;3;5;3;0;1;1;0;0;0;0;0
11;9;9100304;2018;1;11;7;3;2;2;0;0;1;0;0;0;0;0
11;8;8100312;2018;1;8;3;3;5;3;0;0;1;0;0;0;0;2
11;4;4501045;2018;1;8;6;2;5;2;1;1;0;0;0;1;0;1
11;4;4501040;2018;1;18;3;3;6;4;2;1;0;1;0;0;0;1
11;12;12601031;2018;1;16;7;3;8;1;2;0;1;0;0;0;0;0
11;1;1300834;2018;1;6;6;3;2;6;2;0;1;0;0;0;0;1
11;6;6400841;2018;1;23;7;3;5;3;2;0;1;0;0;0;0;0
11;2;2400624;2018;1;3;6;3;1;5;2;0;1;0;1;0;0;1
11;8;8100312;2018;1;20;7;3;2;6;2;0;1;0;0;0;0;0
11;6;6200313;2018;1;14;6;2;2;6;0;0;1;0;0;0;0;1
11;6;6300527;2018;1;13;6;2;5;2;0;0;1;0;0;0;0;1
11;10;10100312;2018;1;19;7;3;5;3;2;0;1;0;0;0;0;0
11;7;7400721;2018;1;11;6;2;6;2;0;0;1;1;0;0;0;0
11;5;5300841;2018;1;17;7;3;2;6;2;0;1;0;0;0;0;0
11;1;1100308;2018;1;18;6;3;0;5;2;1;1;0;0;0;0;1
11;1;1100312;2018;1;19;6;3;6;2;2;0;1;1;0;0;0;1
11;6;6200421;2018;1;17;7;3;5;3;2;1;1;0;0;0;0;0
11;3;3601140;2018;1;17;3;3;5;2;2;1;1;0;0;0;0;1
11;2;2300316;2018;1;19;6;3;6;4;2;0;1;1;0;0;0;1
11;12;12601032;2018;1;16;7;3;6;4;0;0;1;1;0;0;0;0
11;6;6400838;2018;1;9;6;3;6;7;0;0;1;1;0;0;0;1
11;1;1300834;2018;1;15;7;3;5;2;0;0;1;0;0;0;0;0
11;4;4200311;2018;1;21;6;3;2;6;2;0;1;0;0;0;1;0
11;2;2100104;2018;1;15;7;3;5;2;0;1;1;0;0;0;0;0
11;4;4500939;2018;1;18;6;3;6;2;2;0;1;1;0;0;0;1
11;8;8100209;2018;1;13;7;3;6;4;0;0;1;1;0;0;0;0
11;6;6400844;2018;1;17;6;2;1;5;1;0;1;0;0;0;0;1
11;12;12601235;2018;1;13;7;3;5;3;0;0;1;0;0;0;0;0
11;6;6200315;2018;1;18;3;2;6;4;2;0;1;1;0;0;0;1
11;2;2100101;2018;1;17;5;3;1;5;2;1;1;0;0;0;0;1
11;7;7200308;2018;1;13;7;3;5;2;0;0;1;0;0;0;0;0
11;4;4400831;2018;1;13;7;3;5;3;0;1;1;0;0;0;0;0
11;6;6200421;2018;1;11;5;3;5;2;0;1;0;0;0;0;1;1
11;11;11200514;2018;1;10;7;3;2;6;0;0;1;0;0;0;0;0
11;10;10100311;2018;1;10;5;3;6;2;0;0;0;1;0;0;1;1
11;2;2200212;2018;1;9;7;3;0;1;0;1;0;0;0;0;0;0
11;5;5200528;2018;1;7;5;3;5;3;2;0;1;0;0;0;0;1
11;4;4300620;2018;1;8;7;3;3;2;0;0;1;0;0;0;0;0
11;2;2400521;2018;1;21;5;3;2;7;2;0;1;0;0;0;0;1
11;1;1100206;2018;1;5;7;3;0;1;2;0;0;0;1;0;0;0
11;4;4200308;2018;1;21;5;2;0;7;2;0;1;0;0;0;0;0
11;4;4300414;2018;1;1;7;3;0;7;2;0;1;0;0;0;1;0
11;7;7200308;2018;1;21;5;3;5;2;2;0;1;0;0;0;0;1
11;1;1100207;2018;1;18;5;2;5;2;2;0;1;0;0;0;1;1
11;8;8100311;2018;1;1;7;3;3;6;2;0;1;0;0;0;0;0
11;5;5200420;2018;1;10;5;3;6;4;0;0;1;1;0;0;0;0
11;2;2200208;2018;1;22;7;2;5;3;2;0;1;0;0;0;0;0
11;8;8100105;2018;1;17;5;3;2;6;2;0;1;0;0;0;0;1
11;4;4501042;2018;1;20;6;3;6;4;2;0;1;1;0;0;0;0
11;4;4400835;2018;1;17;5;3;6;2;2;0;1;1;0;0;0;1
11;1;1401049;2018;1;13;6;3;5;2;0;0;1;0;0;0;0;0
11;1;1300836;2018;1;17;5;3;5;2;2;0;1;0;0;0;1;1
11;1;1200624;2018;1;12;6;3;5;2;0;1;1;0;0;0;0;1
11;1;1200520;2018;1;16;5;3;5;2;2;0;0;0;1;0;1;1
11;7;7100102;2018;1;16;5;3;5;2;1;0;1;0;0;1;0;1
11;1;1100310;2018;1;11;6;3;3;6;0;1;1;0;0;0;0;1
11;5;5200421;2018;1;15;5;3;5;3;0;0;1;0;0;0;1;1
11;1;1100102;2018;1;15;5;3;5;2;0;0;1;0;0;0;0;1
11;5;5100316;2018;1;17;6;3;2;6;2;0;1;0;0;0;0;0
11;5;5100211;2018;1;16;3;2;5;2;0;0;1;0;0;0;0;1
11;8;8100520;2018;1;14;5;3;5;3;0;0;1;0;0;0;0;1
11;7;7400823;2018;1;23;2;2;5;3;2;0;1;0;0;0;1;0
11;12;12601236;2018;1;13;5;3;5;2;0;0;1;0;0;0;0;1
11;8;8100209;2018;1;9;6;3;5;3;0;0;1;0;0;0;0;1
11;11;11200410;2018;1;11;3;3;5;3;0;0;1;0;0;1;0;1
11;1;1100309;2018;1;12;5;3;4;6;0;0;0;0;0;0;1;1
11;3;3601450;2018;1;7;6;3;5;2;1;1;1;0;0;0;0;1
11;12;12200309;2018;1;12;5;3;6;7;0;0;0;1;0;0;1;1
11;4;4300620;2018;1;7;6;3;5;2;1;1;0;0;0;0;1;1
11;10;10400940;2018;1;12;5;3;5;3;0;0;1;0;0;0;1;1
11;5;5300737;2018;1;10;5;3;5;2;0;0;0;0;0;1;1;2
11;9;9501941;2018;1;6;6;3;2;6;2;0;1;0;0;0;0;1
11;1;1200517;2018;1;10;5;2;5;3;0;0;1;0;0;0;0;1
11;5;5100208;2018;1;17;5;2;6;2;1;0;1;1;0;0;0;1
11;1;1300836;2018;1;5;6;3;5;2;2;1;1;0;0;0;0;0
11;12;12200310;2018;1;18;3;3;3;6;2;1;1;0;0;0;0;1
11;5;5400943;2018;1;17;5;3;6;2;2;0;1;1;0;0;0;1
11;7;7400824;2018;1;16;6;3;2;6;1;0;1;0;0;0;0;0
11;5;5100317;2018;1;9;5;3;2;6;0;0;1;0;0;0;0;1
11;5;5100314;2018;1;16;6;3;2;6;1;0;1;0;0;0;0;0
11;2;2300419;2018;1;9;5;3;4;1;0;0;1;0;0;0;0;0
11;4;4400830;2018;1;15;6;3;5;3;0;0;1;0;1;0;0;0
11;12;12400619;2018;1;9;5;3;2;2;0;0;1;0;0;0;0;1
11;10;10400940;2018;1;14;6;3;5;7;0;1;1;0;0;0;0;1
11;9;9200715;2018;1;7;5;3;5;3;1;1;1;0;0;0;0;0
11;2;2400521;2018;1;7;5;3;5;2;1;1;1;0;0;0;0;1
11;7;7601340;2018;1;15;6;3;5;2;1;0;1;0;0;0;0;0
11;9;9100409;2018;1;6;5;3;6;4;2;0;1;1;0;0;0;0
11;12;12500926;2018;1;19;6;3;2;2;0;0;1;0;0;0;0;0
11;6;6300632;2018;1;17;6;2;1;5;2;0;1;0;1;0;0;0
11;4;4300622;2018;1;5;5;3;5;3;2;1;1;0;0;0;0;1
11;12;12400722;2018;1;19;6;2;6;4;2;0;0;1;1;0;0;0
11;6;6300526;2018;1;17;5;2;6;4;2;0;1;1;0;0;0;1
11;6;6300526;2018;1;16;6;2;5;2;1;1;1;0;0;0;0;0
11;9;9100101;2018;1;17;5;3;5;2;2;1;1;0;0;0;0;1
11;11;11400927;2018;1;22;6;3;0;1;2;1;0;0;0;0;0;0
11;4;4200311;2018;1;18;5;3;6;2;2;0;1;1;0;0;0;1
11;2;2300315;2018;1;13;6;3;6;7;0;1;1;1;1;0;0;0
11;7;7601238;2018;1;18;5;2;6;4;2;0;1;1;0;0;0;1
11;6;6300634;2018;1;8;5;3;2;6;0;0;1;0;0;0;0;0
11;8;8100415;2018;1;18;5;3;6;2;2;0;1;1;0;0;0;1
11;1;1200520;2018;1;7;5;2;6;2;2;0;1;1;0;0;0;1
11;10;10200421;2018;1;18;5;2;6;4;2;0;1;1;0;0;0;1
11;6;6400839;2018;1;14;5;3;1;5;0;0;1;0;0;0;0;1
11;3;3100103;2018;1;18;5;2;6;2;2;0;1;1;0;0;0;1
11;6;6300528;2018;1;17;5;3;5;3;2;1;1;0;0;0;0;1
11;6;6100102;2018;1;19;5;3;6;4;2;0;1;1;0;0;0;1
11;7;7100102;2018;1;17;5;3;5;2;1;1;0;0;0;0;1;2
11;11;11400931;2018;1;19;5;2;6;2;2;0;1;1;0;0;0;1