LAND;BEZ;LOR_ab_2021;UJAHR;UMONAT;USTUNDE;UWOCHENTAG;UKATEGORIE;UART;UTYP1;ULICHTVERH;IstRad;IstPKW;IstFuss;IstKrad;IstGkfz;IstSonstige;USTRZUSTAND
11;2;2500832;2018;1;17;5;3;6;2;1;0;1;1;0;0;0;1
11;4;4100101;2018;1;19;5;3;3;6;2;0;1;0;0;0;0;1
11;9;9100101;2018;1;19;5;3;6;2;2;0;1;1;0;0;0;1
11;8;8100104;2018;1;21;5;3;6;2;2;0;1;1;0;0;0;1
11;9;9401534;2018;1;19;5;2;6;7;2;0;1;1;0;0;0;1
11;5;5200631;2018;1;11;4;2;6;4;0;0;1;1;0;0;0;1
11;8;8100206;2018;1;11;4;3;2;1;0;0;1;0;0;0;0;1
11;1;1100103;2018;1;15;4;2;6;4;0;0;1;1;0;0;0;1
11;9;9200715;2018;1;19;5;3;5;2;2;0;1;0;0;0;0;1
11;4;4501042;2018;1;14;4;2;2;6;0;0;1;0;0;0;0;1
11;3;3500933;2018;1;17;4;2;6;4;2;0;1;1;0;0;0;1
11;7;7200307;2018;1;19;5;3;5;7;2;0;1;0;0;0;0;1
11;1;1100309;2018;1;9;3;3;0;3;0;0;1;0;1;0;0;1
11;1;1100205;2018;1;17;4;3;2;2;2;0;1;0;0;0;0;1
11;4;4300413;2018;1;18;3;2;6;4;2;1;0;1;0;0;0;1
11;2;2100102;2018;1;18;5;3;5;3;2;0;1;0;0;0;0;1
11;6;6300631;2018;1;16;4;3;2;2;2;0;1;1;0;0;0;1
11;8;8401139;2018;1;17;5;3;6;4;2;0;0;1;1;0;0;1
11;4;4200311;2018;1;13;4;3;3;6;0;0;1;0;0;0;0;1
11;1;1100416;2018;1;18;5;3;1;6;2;1;1;0;0;0;0;1
11;11;11300725;2018;1;18;4;3;5;7;2;0;0;0;0;0;1;1
11;11;11200514;2018;1;18;4;3;1;5;2;1;1;0;0;0;0;1
11;3;3601245;2018;1;18;5;3;5;3;2;1;1;0;0;0;0;1
11;11;11100102;2018;1;18;3;3;2;6;2;0;1;0;0;0;0;1
11;3;3400619;2018;1;10;4;2;6;7;0;1;0;1;0;0;0;1
11;10;10200629;2018;1;19;5;3;5;2;2;0;1;0;0;0;1;1
11;11;11300826;2018;1;17;5;3;6;3;2;0;1;1;0;0;0;1
11;6;6100205;2018;1;16;5;2;6;4;2;0;1;1;0;0;0;1
11;4;4300413;2018;1;17;3;3;5;3;2;0;1;0;0;0;0;1
11;6;6100206;2018;1;9;4;3;1;5;0;1;1;0;0;0;0;2
11;10;10200417;2018;1;16;5;3;6;4;2;0;1;1;0;0;0;1
11;1;1100206;2018;1;8;4;3;5;3;0;0;1;0;1;0;0;1
11;9;9200819;2018;1;15;5;3;5;2;1;1;0;0;0;0;1;1
11;5;5200633;2018;1;8;4;3;6;4;0;0;1;1;0;0;0;1
11;10;10100210;2018;1;15;5;3;6;4;0;0;1;1;0;0;0;1
11;1;1100104;2018;1;7;4;3;1;5;0;1;1;0;0;0;1;1
11;4;4300622;2018;1;7;4;3;5;3;1;1;1;0;0;0;0;2
11;10;10100205;2018;1;15;5;3;5;3;0;1;1;0;0;0;0;1
11;11;11300723;2018;1;6;4;2;1;5;2;1;1;0;0;0;0;1
11;7;7601544;2018;1;15;5;3;5;3;0;1;1;0;0;0;0;1
11;9;9200511;2018;1;6;4;3;5;7;1;0;1;0;0;0;1;2
11;8;8100314;2018;1;14;5;3;5;3;0;1;1;0;0;0;0;1
11;5;5100210;2018;1;19;4;2;5;3;2;0;1;0;0;0;0;1
11;4;4100101;2018;1;18;4;3;5;3;2;0;1;0;0;0;0;1
11;8;8200726;2018;1;14;5;3;2;6;0;0;1;0;0;0;0;1
11;4;4400835;2018;1;18;4;3;5;3;1;0;1;0;1;0;0;1
11;10;10400940;2018;1;13;5;3;2;6;0;0;1;0;0;0;0;1
11;2;2200209;2018;1;18;4;3;0;1;2;1;0;0;0;0;0;1
11;5;5100316;2018;1;18;5;3;8;1;2;0;1;0;0;0;0;1
11;1;1401045;2018;1;18;4;3;2;6;2;0;1;0;0;0;1;1
11;2;2300417;2018;1;7;5;3;6;4;2;0;0;1;0;0;1;1
11;7;7200308;2018;1;18;4;3;1;5;2;0;1;0;0;0;1;1
11;2;2200208;2018;1;7;5;3;6;4;1;1;0;1;0;0;0;1
11;9;9401534;2018;1;16;3;2;6;4;1;1;0;1;0;0;0;0
11;2;2500835;2018;1;19;3;3;6;2;2;0;1;1;0;0;0;1
11;7;7100205;2018;1;13;5;3;5;2;0;0;1;0;0;0;1;1
11;2;2100106;2018;1;22;3;3;5;2;2;0;1;0;0;0;0;1
11;12;12200515;2018;1;13;5;3;2;1;0;0;1;0;0;0;0;1
11;6;6300525;2018;1;12;5;3;2;1;0;0;1;0;1;0;0;1
11;1;1100311;2018;1;22;3;3;3;6;2;0;1;0;0;0;0;1
11;4;4300624;2018;1;11;5;2;6;2;0;0;1;1;0;0;0;1
11;1;1100207;2018;1;22;3;3;5;3;2;0;1;0;0;0;0;1
11;3;3200308;2018;1;11;5;3;2;6;0;0;1;1;0;0;0;1
11;3;3601449;2018;1;20;3;3;2;2;2;0;1;0;0;0;0;1
11;1;1200519;2018;1;19;3;3;6;6;2;1;0;1;0;0;0;1
11;4;4501152;2018;1;10;5;3;5;2;0;1;1;0;0;0;0;1
11;6;6200421;2018;1;19;3;3;5;3;2;0;1;0;0;0;0;1
11;2;2100102;2018;1;19;3;3;1;5;2;1;0;0;0;0;1;1
11;8;8200623;2018;1;10;5;3;5;2;1;1;1;0;0;0;0;1
11;4;4501152;2018;1;8;3;3;5;3;0;1;1;0;0;0;0;1
11;6;6400844;2018;1;18;3;2;6;4;2;0;1;1;0;0;0;2
11;1;1200626;2018;1;20;2;3;5;3;2;1;0;0;0;0;0;0
11;8;8100102;2018;1;20;3;3;1;1;2;0;1;0;0;0;0;1
11;7;7601442;2018;1;10;5;3;2;6;0;0;1;0;0;0;1;1
11;3;3400724;2018;1;3;3;3;9;1;2;0;0;0;0;0;1;1
11;1;1100206;2018;1;9;5;3;5;2;0;1;0;0;0;0;1;1
11;9;9200717;2018;1;5;3;2;5;2;2;0;1;0;0;0;0;2
11;5;5300841;2018;1;8;5;3;0;6;0;0;1;0;0;0;1;1
11;1;1200628;2018;1;5;3;3;6;2;2;0;1;1;0;0;0;2
11;1;1100308;2018;1;5;3;3;5;2;2;0;1;0;0;0;0;2
11;1;1401043;2018;1;8;5;3;5;3;0;1;1;0;0;0;0;1
11;8;8200832;2018;1;6;3;3;2;2;2;0;1;0;0;0;1;1
11;2;2200207;2018;1;7;3;3;6;2;0;0;1;1;0;0;0;1
11;11;11400929;2018;1;8;5;3;1;5;0;1;1;0;0;0;0;1
11;9;9100306;2018;1;17;3;3;2;6;2;0;1;0;0;0;0;1
11;1;1401049;2018;1;16;3;3;5;7;0;0;1;0;1;0;0;1
11;5;5200420;2018;1;7;5;3;6;4;0;0;1;1;0;0;0;1
11;6;6400737;2018;1;7;3;3;5;3;0;0;1;0;0;0;1;1
11;7;7200307;2018;1;7;5;2;2;6;0;0;1;0;0;0;0;1
11;9;9501737;2018;1;15;3;3;5;7;0;1;1;0;0;0;0;1
11;8;8100102;2018;1;7;5;3;4;5;1;1;1;0;0;0;0;1
11;1;1200522;2018;1;14;3;3;6;2;0;0;1;1;0;0;0;1
11;2;2100102;2018;1;7;5;3;5;3;0;1;0;0;0;0;1;1
11;1;1100311;2018;1;14;3;3;5;2;0;1;1;0;0;0;0;0
11;3;3400723;2018;1;9;1;2;5;3;0;0;1;0;0;0;0;0
11;4;4300517;2018;1;14;3;3;2;6;0;0;1;0;0;0;0;1
11;6;6300528;2018;1;7;5;2;6;4;2;0;1;1;0;0;0;1
11;7;7100102;2018;1;9;1;3;5;3;0;0;1;0;0;0;0;1
11;12;12200308;2018;1;13;3;3;5;3;0;0;1;0;0;0;0;1
11;10;10100104;2018;1;6;4;3;5;3;0;1;0;0;0;0;1;0
11;1;1100310;2018;1;17;4;3;2;2;2;0;1;0;0;0;0;0
11;9;9200819;2018;1;12;1;3;2;6;0;0;1;0;0;0;0;1
11;5;5400942;2018;1;13;1;2;1;5;0;0;1;0;0;0;0;1
11;6;6300633;2018;1;13;3;3;5;3;0;0;1;0;1;0;0;1
11;11;11300721;2018;1;18;4;3;0;5;2;1;1;0;0;0;0;1
11;1;1100103;2018;1;16;1;3;0;2;1;0;1;0;0;0;1;0
11;4;4300412;2018;1;13;3;3;2;6;0;0;1;0;0;0;0;1
11;2;2500726;2018;1;20;4;3;7;7;2;1;0;0;0;0;0;0
11;9;9501939;2018;1;12;3;3;2;6;0;0;1;0;0;0;0;1
11;9;9300920;2018;1;17;4;3;5;3;2;0;1;0;0;0;0;0
11;12;12200412;2018;1;18;4;3;5;7;2;0;1;0;0;0;0;1
11;4;4300619;2018;1;10;6;3;2;6;0;0;1;0;0;0;0;1
11;4;4300622;2018;2;16;5;3;5;2;1;1;1;0;0;0;0;0
11;11;11300723;2018;2;11;5;3;1;5;0;1;1;0;0;0;0;0
11;6;6300528;2018;1;8;6;3;6;2;0;0;1;1;0;0;0;0
11;1;1200520;2018;2;15;5;3;6;7;0;1;0;1;0;0;0;0
11;3;3500933;2018;1;10;6;3;5;3;0;0;1;0;0;0;1;1
11;1;1200517;2018;2;10;5;3;2;6;0;0;1;0;0;0;0;0
11;1;1400938;2018;1;8;6;3;2;6;0;0;1;0;0;0;0;1
11;1;1100102;2018;2;9;5;3;3;6;0;1;0;0;0;1;0;0
11;10;10400940;2018;2;10;5;3;2;6;0;0;1;0;0;0;0;1
11;1;1400938;2018;1;8;6;3;8;1;0;0;1;0;0;0;0;1
11;4;4501042;2018;2;9;5;3;2;7;0;0;1;0;0;0;0;0
11;7;7501029;2018;1;7;6;3;3;6;1;1;0;0;0;0;1;1
11;6;6400838;2018;2;14;5;3;5;2;0;0;1;0;1;0;0;0
11;8;8100209;2018;1;7;6;3;6;2;1;0;1;1;0;0;0;1
11;9;9200716;2018;1;7;6;3;6;4;0;0;1;1;0;0;0;1
11;2;2500835;2018;2;8;5;3;6;4;0;0;1;1;0;0;0;1
11;10;10300731;2018;1;7;6;3;6;2;0;0;1;1;0;0;0;1
11;1;1100206;2018;2;7;5;3;5;2;0;1;1;0;0;0;0;0
11;12;12601235;2018;1;7;6;3;6;3;1;0;1;1;0;0;0;1
11;5;5100315;2018;1;7;6;3;6;2;2;0;1;1;0;0;0;1
11;2;2100104;2018;2;14;5;3;6;2;0;0;1;1;0;0;0;0
11;11;11501238;2018;1;7;6;3;5;2;2;1;1;0;0;0;0;1
11;9;9100203;2018;1;6;6;3;5;5;2;0;1;0;1;0;0;1
11;6;6400840;2018;2;14;5;3;1;5;0;0;1;0;0;0;0;0
11;9;9501737;2018;2;14;5;2;8;1;0;0;1;0;0;0;0;0
11;3;3601244;2018;1;6;6;3;5;3;2;1;1;0;0;0;0;1
11;8;8200622;2018;2;13;5;3;2;6;0;0;1;0;0;0;0;0
11;12;12200310;2018;1;19;6;2;5;3;2;0;1;0;0;0;0;1
11;4;4300622;2018;1;18;6;3;6;7;2;0;1;1;0;0;0;1
11;1;1300835;2018;1;18;6;3;5;3;2;0;1;0;0;0;0;1
11;4;4300414;2018;2;7;5;2;6;2;1;0;0;1;0;1;0;0
11;9;9300923;2018;1;18;6;3;6;4;2;0;1;1;0;0;0;1
11;6;6300528;2018;1;17;6;2;6;4;2;0;1;1;0;0;0;1
11;4;4200308;2018;1;16;6;3;5;2;1;0;1;0;0;0;0;1
11;11;11400931;2018;2;6;5;2;5;3;2;1;1;0;0;0;0;0
11;12;12200412;2018;1;16;6;2;5;3;2;1;1;0;0;0;0;1
11;3;3500935;2018;2;9;5;3;6;4;0;0;0;1;0;0;1;1
11;6;6300526;2018;1;15;6;3;6;2;1;0;1;1;0;0;0;1
11;5;5100313;2018;2;6;5;3;2;6;2;0;1;0;0;0;1;0
11;8;8100417;2018;1;15;6;3;5;3;0;0;1;0;0;0;0;1
11;8;8200623;2018;2;5;5;3;6;2;2;0;1;1;0;0;0;0
11;3;3400830;2018;1;14;6;3;5;3;0;0;1;0;0;0;0;1
11;12;12100205;2018;2;19;5;2;6;4;2;0;1;1;0;0;0;0
11;2;2300314;2018;2;20;5;3;3;6;2;1;0;0;0;0;1;0
11;9;9200818;2018;1;13;6;3;2;2;0;0;1;0;0;0;0;1
11;12;12601235;2018;2;21;5;3;5;3;2;0;1;0;0;0;0;0
11;5;5300737;2018;1;12;6;3;2;6;0;0;1;0;0;1;0;1
11;10;10100209;2018;1;21;4;3;5;3;2;0;1;0;0;0;0;1
11;3;3500935;2018;1;12;6;3;0;3;0;0;1;0;0;0;1;0
11;3;3300412;2018;1;21;4;3;6;6;2;1;0;1;0;0;0;1
11;2;2200210;2018;1;6;6;3;5;3;2;1;1;0;0;0;0;1
11;3;3601142;2018;1;18;4;3;0;7;2;1;1;0;0;0;0;1
11;1;1300733;2018;1;11;6;3;1;5;0;1;1;0;0;0;0;1
11;1;1200522;2018;1;17;4;3;2;2;2;0;1;0;0;0;0;1
11;3;3400619;2018;1;23;4;3;8;1;2;0;1;0;0;0;0;1
11;12;12400721;2018;1;11;6;2;5;3;0;0;1;0;0;0;0;1
11;4;4501150;2018;1;22;4;3;2;6;2;0;1;0;0;0;0;1
11;7;7200409;2018;1;10;6;3;1;5;0;1;1;0;0;0;0;1
11;3;3601450;2018;1;22;4;3;5;3;2;1;1;0;0;0;0;1
11;1;1300834;2018;1;20;6;2;6;4;2;0;0;1;0;0;1;1
11;5;5200633;2018;1;22;4;2;6;4;2;0;1;1;0;0;0;1
11;1;1100102;2018;1;21;4;3;6;2;2;0;1;1;0;0;0;1
11;1;1300733;2018;1;22;6;2;5;3;2;0;1;0;0;0;0;1
11;4;4501042;2018;1;21;4;3;6;4;2;0;1;1;0;0;0;1
11;12;12200412;2018;1;20;6;3;5;2;2;0;1;0;0;0;0;1
11;1;1300733;2018;1;20;4;3;6;2;2;0;1;1;0;0;0;1
11;5;5100314;2018;1;20;4;3;6;2;2;0;1;1;0;0;0;1
11;8;8200833;2018;1;17;5;3;5;3;1;0;1;0;0;0;0;1
11;3;3601141;2018;1;6;4;3;0;7;2;0;1;0;0;0;0;0
11;11;11400931;2018;1;17;5;3;6;2;2;0;1;1;0;0;0;1
11;1;1200522;2018;1;18;4;3;6;7;2;0;1;1;0;0;0;1
11;5;5300839;2018;1;23;5;2;0;3;2;0;1;0;0;0;0;1
11;3;3601245;2018;1;23;5;3;5;2;2;0;1;0;0;0;0;1
11;6;6100205;2018;1;13;4;3;0;7;0;0;0;0;1;0;0;0
11;11;11200411;2018;1;17;5;3;2;6;1;0;1;0;0;0;0;1
11;5;5200420;2018;1;14;5;3;0;2;0;1;1;0;0;0;0;1
11;3;3300516;2018;1;18;4;3;2;6;2;0;1;0;0;0;0;1
11;8;8100416;2018;1;11;4;3;5;3;0;0;1;0;0;0;0;1
11;3;3601245;2018;1;15;5;3;6;4;0;0;1;1;0;0;0;1
11;1;1200522;2018;1;11;4;2;3;2;0;0;1;0;0;1;0;1
11;7;7300516;2018;1;14;5;3;6;7;0;0;1;1;0;0;0;1
11;1;1100308;2018;1;11;4;3;0;1;0;0;0;0;1;0;0;1
11;4;4300623;2018;1;10;5;3;2;6;0;0;1;0;1;0;0;1
11;8;8200623;2018;1;16;5;2;6;4;2;0;1;1;0;0;0;1
11;10;10200420;2018;1;18;4;3;6;2;2;0;1;1;0;0;0;1
11;8;8300934;2018;1;13;5;3;2;6;0;0;1;0;0;0;0;1
11;9;9501941;2018;1;17;5;3;6;2;2;0;1;1;0;0;0;1
11;1;1100206;2018;1;8;4;3;5;2;0;1;1;0;0;0;0;0
11;4;4500937;2018;1;10;5;2;6;2;0;0;1;1;0;0;0;1
11;4;4100101;2018;1;8;4;2;6;4;0;0;1;1;0;0;0;1
11;3;3500933;2018;1;7;4;3;5;3;1;1;1;0;0;0;0;0
11;11;11200410;2018;1;9;5;3;6;4;0;0;1;1;0;0;0;1
11;3;3701554;2018;1;7;4;3;6;2;0;0;1;1;0;0;0;0
11;9;9501939;2018;1;9;5;3;2;6;0;0;1;0;0;0;0;1
11;6;6400844;2018;1;7;4;3;5;3;0;1;0;0;0;0;0;0
11;1;1100205;2018;1;9;5;3;5;2;0;1;1;0;0;0;0;1
11;9;9401329;2018;1;14;4;2;6;4;0;0;1;1;0;0;0;1
11;6;6300634;2018;1;9;5;2;5;2;0;0;1;0;0;0;0;0
11;4;4400831;2018;1;15;4;3;1;5;0;1;1;0;0;0;0;0
11;1;1100206;2018;1;6;3;3;6;7;2;1;0;1;0;0;0;0
11;7;7400823;2018;1;8;5;3;5;3;0;0;1;0;0;0;0;0
11;4;4501042;2018;1;17;3;3;0;4;1;0;0;1;0;0;1;0
11;2;2100103;2018;1;8;5;3;5;2;0;1;1;0;0;0;0;0
11;1;1100310;2018;1;8;5;3;0;2;1;0;1;0;0;0;1;0
11;9;9100408;2018;1;11;3;3;6;7;0;0;1;1;0;0;0;0
11;1;1400942;2018;1;11;3;3;0;2;0;0;1;0;0;0;1;0
11;9;9200510;2018;1;7;5;2;6;4;1;0;0;1;0;0;1;1
11;1;1300836;2018;1;9;3;3;1;5;0;0;1;0;1;0;0;0
11;8;8100206;2018;1;21;5;3;2;6;2;1;1;0;0;0;0;1
11;7;7501031;2018;1;9;3;3;5;2;0;1;1;0;0;0;0;0
11;12;12500929;2018;1;20;5;3;8;1;2;0;1;0;0;0;0;1
11;9;9301228;2018;1;8;3;3;2;6;0;0;1;0;0;0;0;0
11;6;6400842;2018;1;20;5;2;5;2;2;0;0;0;1;0;1;1
11;5;5400942;2018;1;6;3;3;2;6;2;0;1;0;0;0;0;1
11;7;7300517;2018;1;20;5;3;6;2;2;0;1;1;0;0;0;1
11;8;8100521;2018;1;17;3;2;3;6;2;1;0;0;0;0;1;0
11;1;1100205;2018;1;20;5;3;5;3;2;0;1;0;0;0;0;1
11;1;1200626;2018;1;19;5;2;5;3;2;1;1;0;0;0;0;1
11;5;5300737;2018;1;17;3;3;2;2;2;0;1;0;0;0;0;0
11;6;6400843;2018;1;19;5;2;6;2;2;0;1;1;0;0;0;1
11;4;4100101;2018;1;16;3;3;2;6;0;0;1;0;0;1;0;0
11;6;6400844;2018;1;19;5;3;5;3;2;1;1;0;0;0;0;1
11;3;3400620;2018;1;14;3;3;5;3;0;1;1;0;0;0;0;0
11;5;5300841;2018;1;12;3;2;6;4;0;0;1;1;0;0;0;0
11;11;11501238;2018;1;19;5;3;6;2;2;0;1;1;0;0;0;1
11;7;7501030;2018;1;12;3;3;2;2;0;0;1;0;0;0;0;0
11;1;1100415;2018;1;18;5;2;0;7;2;0;1;0;0;0;1;1
11;3;3501038;2018;1;12;3;3;6;4;0;0;1;1;0;0;0;0
11;2;2300419;2018;1;17;5;3;1;5;2;1;1;0;0;0;0;1
11;3;3601243;2018;1;18;4;3;2;6;2;0;1;0;0;0;0;0
11;1;1100309;2018;1;9;3;2;3;6;0;1;0;0;0;0;1;0
11;1;1100102;2018;1;17;4;3;3;6;0;0;1;0;1;0;0;0
11;4;4200311;2018;1;21;3;2;5;3;2;0;1;0;0;0;0;0
11;9;9501939;2018;1;19;3;3;5;2;2;1;1;0;0;0;0;0
11;1;1100309;2018;1;20;4;3;5;3;2;1;1;0;0;0;0;1
11;6;6300633;2018;1;10;4;3;6;4;0;1;0;1;0;0;0;0
11;11;11300618;2018;1;18;3;3;5;2;0;1;1;0;0;0;0;0
11;1;1100309;2018;1;7;4;3;6;7;1;1;0;1;0;0;0;1
11;4;4200311;2018;1;18;3;3;2;6;2;0;1;0;1;0;0;0
11;7;7100205;2018;1;17;3;3;6;2;0;0;1;1;0;0;0;0
11;9;9200715;2018;1;7;4;3;5;2;1;0;1;0;0;0;1;1
11;7;7300516;2018;1;17;3;3;6;7;2;0;1;1;0;0;0;0
11;12;12200310;2018;1;15;4;3;6;4;0;0;1;1;0;0;0;0
11;1;1200517;2018;1;19;2;3;5;7;2;0;1;0;0;0;0;1
11;5;5300737;2018;1;16;4;3;6;4;0;0;1;1;0;0;0;0
11;10;10400940;2018;1;16;4;2;5;3;1;1;0;0;0;0;1;1
11;6;6100206;2018;1;18;2;3;1;7;2;0;1;0;0;0;0;1
11;3;3100103;2018;1;16;4;2;6;4;1;0;1;1;0;0;0;0
11;4;4300624;2018;1;9;2;3;3;6;0;1;1;0;0;0;0;0
11;3;3500936;2018;1;16;2;3;0;6;0;1;1;0;0;0;0;1
11;2;2400624;2018;1;17;4;2;6;4;2;0;1;1;0;0;0;1
11;5;5200528;2018;1;21;2;3;1;5;2;0;1;0;0;0;1;1
11;8;8200832;2018;1;13;4;3;0;2;0;0;1;0;1;0;0;1
11;2;2400623;2018;1;20;2;3;5;3;2;0;1;0;0;0;1;1
11;7;7100206;2018;1;19;2;3;6;4;2;0;0;1;0;0;1;1
11;1;7100101;2018;1;18;4;3;5;3;2;1;1;0;0;0;0;0
11;12;12200412;2018;1;19;2;3;5;2;2;0;1;0;0;0;0;1
11;9;9501939;2018;1;12;4;3;5;7;0;0;1;0;0;0;1;0
11;1;1100309;2018;1;18;2;3;0;6;2;0;1;0;1;0;0;1
11;6;6200421;2018;1;11;4;3;0;7;0;0;1;0;1;0;0;1
11;4;4400728;2018;1;11;4;3;5;7;0;1;1;0;0;0;0;1
11;1;1200517;2018;1;18;2;3;6;4;2;0;1;1;0;0;0;1
11;1;1300733;2018;1;17;2;2;1;5;2;1;1;0;0;0;0;1
11;1;1100206;2018;1;9;4;3;5;3;0;0;1;0;0;0;0;1
11;11;11400930;2018;1;22;2;3;5;3;1;0;1;0;0;0;0;1
11;4;4300619;2018;1;18;4;3;2;6;2;0;1;0;0;0;0;0
11;1;1100207;2018;1;10;2;3;3;7;0;1;1;0;0;0;0;1
11;6;6300528;2018;1;8;4;3;2;6;0;0;1;0;0;0;0;1
11;4;4300414;2018;1;17;2;3;0;6;2;1;0;0;1;0;0;1
11;4;4300518;2018;1;18;4;3;5;2;2;1;1;0;0;0;0;0
11;9;9401534;2018;1;7;4;2;6;2;1;0;1;1;0;0;0;1
11;3;3300516;2018;1;17;2;3;6;2;2;0;1;1;0;0;0;1
11;8;8100207;2018;1;7;4;3;1;5;1;1;1;0;0;0;0;1
11;12;12601031;2018;1;17;2;3;6;2;1;0;1;1;0;0;0;1
11;3;3601450;2018;1;16;2;3;2;6;2;0;1;0;0;0;0;0
11;4;4300414;2018;1;7;4;3;6;2;1;0;1;1;0;0;0;1
11;5;5100316;2018;1;17;2;3;5;2;2;1;0;0;0;0;1;1
11;1;1200517;2018;1;7;4;3;0;6;1;0;1;0;1;0;0;1
11;1;1401049;2018;1;17;2;2;2;6;2;0;1;0;0;0;1;0
11;11;11300721;2018;1;5;4;3;0;1;2;0;1;0;1;0;0;1
11;4;4100101;2018;1;16;2;3;0;1;2;1;0;0;0;0;0;1
11;10;10100210;2018;1;15;2;3;5;3;0;1;1;0;0;0;0;0
11;1;1100103;2018;1;13;4;3;5;3;0;1;1;0;0;0;0;1
11;1;1200520;2018;1;14;2;3;5;2;0;0;1;0;0;0;0;0
11;3;3200205;2018;1;6;3;2;0;5;2;0;1;0;0;0;0;0
11;10;10100311;2018;1;14;2;2;3;6;0;0;1;0;0;1;0;0
11;1;1100308;2018;1;14;2;3;5;2;0;1;0;0;0;0;1;0
11;7;7200307;2018;1;23;3;3;5;2;2;1;1;0;0;0;0;1
11;11;11300724;2018;1;14;2;3;3;2;0;0;1;0;0;1;0;0
11;7;7200307;2018;1;7;3;3;6;4;0;0;1;1;0;0;0;0
11;8;8401139;2018;1;9;3;3;2;6;0;0;1;0;0;0;1;1
11;3;3601450;2018;1;9;2;3;5;2;0;0;1;0;0;0;0;1
11;4;4300619;2018;1;12;3;3;5;2;0;1;1;0;0;0;0;0
11;4;4100101;2018;1;10;3;3;5;2;0;0;1;0;0;0;0;0
11;5;5100208;2018;1;7;2;3;2;6;0;0;1;0;0;0;0;1
11;1;1100313;2018;1;9;2;2;6;4;0;0;1;1;0;0;0;1
11;8;8100415;2018;1;9;3;3;5;3;0;0;1;0;0;0;0;0
11;12;12500930;2018;1;9;2;3;5;2;0;0;1;0;0;0;1;1
11;2;2300417;2018;1;7;3;3;1;5;0;1;0;0;0;1;0;1
11;9;9200715;2018;1;7;3;3;5;3;1;0;1;0;0;0;0;1
11;7;7501134;2018;1;10;3;3;1;5;0;0;1;0;0;0;1;0
11;9;9200715;2018;1;8;2;3;3;6;0;0;1;0;0;1;0;0
11;1;1401046;2018;1;6;3;3;6;4;2;0;1;1;0;0;0;0
11;12;12100103;2018;1;6;3;2;6;2;2;0;1;1;0;0;0;1
11;4;4501043;2018;1;8;2;3;5;3;0;1;1;0;0;0;0;1
11;11;11100308;2018;1;10;3;3;2;6;0;0;1;0;0;0;1;1
11;9;9200818;2018;1;5;3;3;3;6;2;0;1;0;0;0;1;1
11;5;5200629;2018;1;7;2;2;3;6;0;0;1;0;1;0;0;1
11;11;11100309;2018;1;17;3;3;5;2;2;1;1;0;0;0;0;1
11;9;9200715;2018;1;7;2;3;2;6;0;0;1;0;0;0;1;0
11;1;1200627;2018;1;7;2;3;5;3;1;1;1;0;0;0;0;1
11;2;2400624;2018;1;18;3;3;1;5;2;1;0;0;0;0;1;1
11;8;8100209;2018;1;7;2;3;2;7;0;0;1;0;0;0;0;0
11;6;6100205;2018;1;18;3;2;6;4;2;0;1;1;0;0;0;0
11;6;6400844;2018;1;7;2;3;5;2;1;1;1;0;0;0;0;1
11;7;7601442;2018;1;17;3;3;6;2;2;0;1;1;0;0;0;0
11;7;7501029;2018;1;7;2;3;5;2;2;1;1;0;0;0;0;0
11;3;3601450;2018;1;16;3;3;5;3;1;1;1;0;0;0;0;1
11;12;12200309;2018;1;7;2;3;6;4;2;0;1;1;0;0;0;1
11;2;2300314;2018;1;6;2;3;6;4;1;0;1;1;0;0;0;0
11;10;10200524;2018;1;16;3;3;6;4;1;0;1;1;0;0;0;1
11;5;5100211;2018;1;6;2;2;6;4;2;0;1;1;0;0;0;1
11;4;4400726;2018;1;12;1;3;0;1;0;0;0;0;1;0;0;1
11;1;1300733;2018;1;16;3;3;0;7;0;0;1;0;0;0;0;1
11;7;7501032;2018;1;10;1;3;6;4;0;0;1;1;0;0;0;0
11;11;11400928;2018;1;15;3;2;5;3;0;1;1;0;0;0;0;1
11;11;11300722;2018;1;17;1;3;2;7;2;1;1;0;0;0;0;0
11;7;7400720;2018;1;15;3;3;1;5;0;1;1;0;0;0;0;1
11;2;2300419;2018;1;15;1;3;6;4;0;0;0;1;0;0;1;0
11;1;1200626;2018;1;15;3;3;6;2;0;0;1;1;0;0;0;1
11;3;3701554;2018;1;14;1;3;5;2;0;1;1;0;0;0;0;1
11;1;1100313;2018;1;8;3;3;5;2;0;1;1;0;0;0;0;0
11;5;5100316;2018;1;13;1;2;6;4;0;0;1;1;0;0;0;1
11;1;1100313;2018;1;12;3;3;0;2;0;1;0;0;0;0;1;0
11;9;9100407;2018;1;22;1;3;8;1;2;0;1;0;0;0;0;1
11;9;9300920;2018;1;20;3;3;1;5;2;0;1;0;0;0;0;1
11;1;1300836;2018;1;8;1;3;2;6;0;0;1;0;0;0;0;1
11;4;4400728;2018;1;9;3;1;1;5;0;1;0;0;0;1;0;1
11;8;8100105;2018;1;19;1;3;3;6;2;0;1;0;0;0;0;1
11;3;3701657;2018;1;11;2;3;0;5;0;0;1;0;0;0;1;0
11;5;5300735;2018;1;19;1;3;6;4;2;0;0;1;0;0;1;1
11;4;4501045;2018;1;18;1;3;6;4;2;1;0;1;0;0;0;1
11;12;12500927;2018;1;19;2;3;5;2;2;0;1;0;0;0;0;1
11;4;4501042;2018;1;18;1;3;3;6;2;1;1;0;0;0;0;0
11;1;1300732;2018;1;19;2;3;0;7;2;0;0;0;1;0;0;1
11;1;1100207;2018;1;15;7;3;6;4;0;0;0;1;0;0;1;0