LAND;BEZ;LOR_ab_2021;UJAHR;UMONAT;USTUNDE;UWOCHENTAG;UKATEGORIE;UART;UTYP1;ULICHTVERH;IstRad;IstPKW;IstFuss;IstKrad;IstGkfz;IstSonstige;USTRZUSTAND
11;3;3601141;2018;1;18;2;2;2;2;2;1;1;0;0;0;0;1
11;8;8100520;2018;1;16;2;3;3;6;0;0;1;0;0;0;1;0
11;8;8200831;2018;1;14;7;3;2;6;0;0;1;0;0;0;0;0
11;7;7601238;2018;1;13;2;3;1;5;0;1;1;0;0;0;0;0
11;9;9301025;2018;1;14;7;3;5;3;0;0;1;0;0;0;0;0
11;4;4200310;2018;1;13;7;3;5;2;0;1;1;0;0;0;0;0
11;8;8100209;2018;1;13;2;3;5;2;0;0;1;0;0;0;0;0
11;1;1100207;2018;1;11;7;3;5;3;0;0;1;0;0;0;0;0
11;2;2200207;2018;2;9;6;3;2;6;0;0;1;0;0;0;0;0
11;7;7300517;2018;1;11;2;3;0;6;0;0;1;0;1;0;0;1
11;10;10100312;2018;1;7;7;3;5;2;2;1;1;0;0;0;0;1
11;2;2200209;2018;2;6;6;3;9;1;1;0;0;0;1;0;0;0
11;7;7400927;2018;1;10;2;3;5;3;0;0;1;0;0;0;0;1
11;1;1100312;2018;1;2;7;3;6;4;2;0;1;1;0;0;0;0
11;10;10400938;2018;2;6;6;3;0;1;1;1;0;0;0;0;0;2
11;4;4300415;2018;2;13;5;3;0;6;0;1;0;0;0;0;1;0
11;2;2200211;2018;1;10;2;3;6;4;0;1;0;1;0;0;0;0
11;2;2200210;2018;2;9;5;3;5;7;0;1;1;0;0;0;0;0
11;2;2400521;2018;1;15;7;3;2;2;0;0;1;0;0;0;0;0
11;6;6300634;2018;2;10;5;2;6;7;0;1;0;1;0;0;0;0
11;7;7400824;2018;1;10;2;3;5;2;0;0;1;0;0;0;0;0
11;2;2400624;2018;1;9;2;3;2;7;0;1;0;0;0;0;1;0
11;1;1400938;2018;1;9;7;3;5;3;0;0;1;0;0;0;0;0
11;3;3501037;2018;2;10;5;2;5;3;0;1;0;0;0;0;0;0
11;1;1100102;2018;1;8;2;3;2;6;0;0;1;0;0;0;1;1
11;3;3500933;2018;1;16;7;3;8;1;0;0;1;0;0;0;0;0
11;8;8100416;2018;1;23;7;3;5;7;2;1;1;0;0;0;0;0
11;4;4501040;2018;2;19;5;3;2;6;2;0;1;0;0;0;0;0
11;3;3300516;2018;1;8;2;2;9;1;0;0;1;0;0;0;0;1
11;1;1401043;2018;2;19;5;3;6;7;2;0;1;1;0;0;0;0
11;6;6100209;2018;1;7;2;3;0;1;1;0;0;0;1;0;0;1
11;4;4501042;2018;2;19;5;3;2;6;2;1;1;0;0;0;0;0
11;3;3701660;2018;1;7;2;2;0;3;0;1;0;0;0;0;0;0
11;1;1100308;2018;2;12;5;3;6;4;0;0;0;1;0;0;1;0
11;9;9200717;2018;1;22;7;3;5;3;2;0;1;0;0;0;0;0
11;2;2400623;2018;2;19;5;3;5;7;2;1;1;0;0;0;0;0
11;6;6400841;2018;1;7;2;3;5;3;0;0;1;0;0;0;0;0
11;1;1300731;2018;1;20;7;3;6;4;2;0;0;1;0;0;1;1
11;1;1100310;2018;2;18;5;3;5;2;2;1;1;0;0;0;0;0
11;5;5400943;2018;1;7;2;3;5;2;0;1;1;0;0;0;0;0
11;3;3400619;2018;1;7;2;2;6;4;0;0;1;1;0;0;0;0
11;8;8401246;2018;1;19;7;2;6;4;2;0;1;1;0;0;0;1
11;1;1300730;2018;1;17;7;3;5;2;1;0;1;0;0;0;0;0
11;2;2100104;2018;2;17;5;2;6;4;2;0;1;1;0;0;0;0
11;1;2300314;2018;1;18;1;3;6;7;2;0;1;1;0;0;0;0
11;11;11501340;2018;1;11;6;3;4;6;0;1;0;0;0;0;1;0
11;2;2100104;2018;2;17;5;3;2;6;2;0;1;0;0;0;0;0
11;2;2300314;2018;1;3;1;2;6;4;2;0;1;1;0;0;0;1
11;1;1300836;2018;2;11;5;3;6;4;0;0;1;1;0;0;0;0
11;3;3501038;2018;1;4;1;2;5;7;2;0;1;0;0;0;1;1
11;1;1100103;2018;2;20;7;3;6;2;2;0;1;1;0;0;0;0
11;8;8300934;2018;2;17;4;3;2;6;2;0;1;0;0;0;0;0
11;1;1300732;2018;2;19;7;3;4;1;2;0;1;0;1;0;0;0
11;7;7601544;2018;2;18;3;2;6;2;2;0;1;1;0;0;0;0
11;7;7501030;2018;2;20;7;3;2;2;2;0;1;0;0;0;0;0
11;7;7400822;2018;2;18;7;3;2;6;2;0;1;0;0;0;0;0
11;11;11300721;2018;2;16;7;3;6;4;1;0;1;1;0;0;0;0
11;3;3400724;2018;2;7;4;3;5;2;0;1;1;0;0;0;0;1
11;1;1100312;2018;2;15;7;3;2;2;0;0;1;0;1;0;0;0
11;11;11300725;2018;2;9;3;3;5;3;0;0;1;0;0;0;0;1
11;12;12601133;2018;2;14;7;3;6;7;0;0;1;1;0;0;0;1
11;5;5100316;2018;2;12;7;3;2;6;0;0;1;0;0;0;0;0
11;6;6300633;2018;2;1;7;3;4;6;2;1;0;0;0;0;1;2
11;4;4501043;2018;2;12;3;3;5;2;0;1;1;0;0;0;0;1
11;8;8200622;2018;2;19;7;1;6;4;2;0;1;1;0;0;0;0
11;1;1200625;2018;2;11;6;3;5;7;0;1;1;0;0;0;0;0
11;1;1100310;2018;2;10;2;3;6;7;0;1;0;1;0;0;0;0
11;12;12200309;2018;2;19;6;3;3;6;2;0;1;0;0;0;0;0
11;2;2100106;2018;2;6;2;3;5;3;1;1;0;0;0;0;0;1
11;10;10100316;2018;2;17;6;3;2;2;2;0;1;0;0;0;0;0
11;9;9200715;2018;2;14;6;3;5;2;0;0;1;0;0;0;0;0
11;4;4500938;2018;2;10;4;3;2;6;0;0;1;0;0;0;0;0
11;4;4200311;2018;2;14;6;3;2;6;0;0;1;0;0;0;0;0
11;2;2400625;2018;2;6;3;3;0;1;1;0;0;0;1;0;0;2
11;8;8301037;2018;2;13;6;3;2;6;0;0;1;0;0;0;1;0
11;2;2200207;2018;2;13;6;3;5;2;0;0;1;0;0;0;0;0
11;1;1100309;2018;2;13;6;3;6;4;0;0;1;1;0;0;0;0
11;5;5300840;2018;2;21;4;3;1;1;2;0;1;0;0;0;1;2
11;4;4500939;2018;2;12;6;3;2;2;0;0;1;0;0;0;0;0
11;3;3501038;2018;2;11;6;3;1;5;0;0;1;0;0;0;0;0
11;8;8200726;2018;2;1;3;3;0;5;2;0;1;0;0;0;1;1
11;1;1100310;2018;2;15;6;3;5;3;0;1;1;0;0;0;0;0
11;11;11200411;2018;2;7;6;3;5;2;1;1;1;0;0;0;0;0
11;8;8100207;2018;2;13;4;3;6;2;0;0;1;1;0;0;0;0
11;8;8100102;2018;2;7;6;3;5;3;1;0;1;0;0;0;0;0
11;4;4500938;2018;2;14;2;3;1;5;0;1;1;0;0;0;0;0
11;1;1100416;2018;2;22;6;2;0;1;2;1;0;0;0;0;0;0
11;2;2400623;2018;2;21;6;2;0;1;2;1;0;0;0;0;0;2
11;4;4200309;2018;2;19;4;3;6;4;2;0;1;1;0;0;0;0
11;3;3601243;2018;2;19;6;2;6;4;2;0;1;1;0;0;0;0
11;1;1401046;2018;2;14;3;3;5;2;0;0;1;0;0;0;0;0
11;5;5200629;2018;2;4;6;3;1;1;2;0;1;0;0;0;0;0
11;9;9300920;2018;2;5;6;3;2;6;2;0;1;0;0;0;0;0
11;3;3400620;2018;2;16;2;3;2;6;1;0;1;0;0;0;0;1
11;9;9401534;2018;2;6;6;3;2;6;2;1;1;0;0;0;0;0
11;2;2100102;2018;2;12;5;3;6;7;0;0;1;1;0;0;0;0
11;11;11100206;2018;2;17;2;3;5;3;1;0;1;0;1;0;0;0
11;8;8200623;2018;2;17;4;3;1;5;2;0;1;0;0;0;1;0
11;3;3200310;2018;2;9;5;3;5;3;0;1;1;0;0;0;0;0
11;11;11100309;2018;2;19;3;3;6;4;2;0;1;1;0;0;0;0
11;1;1100416;2018;2;8;5;3;5;3;0;1;1;0;0;0;0;0
11;9;9301025;2018;2;8;2;3;6;4;0;0;0;1;0;0;1;0
11;3;3500934;2018;2;7;2;3;5;2;1;1;1;0;0;0;0;1
11;1;1400942;2018;2;8;5;3;5;2;0;0;1;0;0;0;0;0
11;4;4300416;2018;2;9;5;2;5;3;0;0;1;0;0;0;0;0
11;3;3300514;2018;2;8;4;3;2;7;0;0;1;0;0;0;0;1
11;5;5200527;2018;2;12;2;3;5;3;0;1;1;0;0;0;0;0
11;1;1100312;2018;2;9;5;3;0;1;0;1;0;0;0;0;0;2
11;7;7100102;2018;2;14;5;3;3;6;0;0;1;0;0;0;0;0
11;10;10400835;2018;2;15;4;2;6;4;0;0;1;1;0;0;0;0
11;4;4501150;2018;2;14;5;3;0;6;0;0;1;0;0;0;1;0
11;1;1100101;2018;2;10;3;3;1;5;0;0;1;0;0;0;0;1
11;11;11401033;2018;2;15;5;3;1;5;0;0;1;0;0;0;1;0
11;11;11200512;2018;2;15;5;3;5;3;0;1;1;0;0;0;0;0
11;7;7501135;2018;2;8;2;3;5;2;0;1;1;0;0;0;0;1
11;2;2400623;2018;2;18;5;3;2;6;2;0;1;0;0;0;0;0
11;9;9501941;2018;2;18;5;3;0;3;2;0;1;0;0;0;1;0
11;1;1100205;2018;2;18;5;3;0;3;2;0;0;0;1;0;1;0
11;1;1100206;2018;2;10;4;3;5;3;0;0;1;0;0;0;0;1
11;12;12500928;2018;2;19;5;2;1;5;2;0;0;0;1;0;1;0
11;7;7300516;2018;2;6;3;3;1;5;1;1;1;0;0;0;0;1
11;8;8200832;2018;2;20;5;3;6;2;2;0;1;1;0;0;0;0
11;4;4400833;2018;2;20;5;3;1;5;2;0;1;0;0;0;0;0
11;10;10100311;2018;2;7;3;3;2;6;0;0;1;0;0;0;0;2
11;9;9100306;2018;2;23;5;3;5;2;2;1;1;0;0;0;0;0
11;4;4501042;2018;2;21;4;3;6;7;2;0;1;1;0;0;0;0
11;4;4300619;2018;2;19;4;3;2;6;2;1;1;0;0;0;0;0
11;3;3701554;2018;2;23;5;2;4;4;2;1;1;1;0;0;0;1
11;5;5200634;2018;2;18;6;2;6;7;2;0;1;1;0;0;0;1
11;2;2100105;2018;2;18;4;3;5;3;2;1;1;0;0;0;0;0
11;9;9200819;2018;2;10;4;2;0;1;0;0;0;0;1;0;0;0
11;12;12200515;2018;2;8;4;3;1;5;0;0;1;0;0;0;0;0
11;8;8100311;2018;2;16;2;3;5;3;0;0;1;0;0;0;0;0
11;1;1300731;2018;2;17;2;3;2;6;2;0;1;0;0;0;0;1
11;9;9501939;2018;2;15;2;3;6;4;0;0;1;1;0;0;0;0
11;9;9200510;2018;2;17;4;2;5;2;1;1;1;0;0;0;0;0
11;5;5100316;2018;2;16;4;3;2;6;0;0;0;0;0;0;1;0
11;7;7400927;2018;2;18;4;3;0;5;2;0;1;0;1;0;0;1
11;2;2200210;2018;2;16;4;2;6;4;0;0;1;1;0;0;0;0
11;1;1200522;2018;2;16;4;3;5;3;0;0;1;0;0;0;0;0
11;1;1100309;2018;2;16;4;3;3;6;0;1;1;0;0;0;0;0
11;5;5100208;2018;2;15;4;3;5;7;0;0;1;0;0;0;0;0
11;2;2300314;2018;2;14;4;3;5;7;0;0;1;0;0;0;0;0
11;8;8100417;2018;2;5;3;3;6;4;2;0;0;1;0;0;1;0
11;4;4300623;2018;2;13;4;2;2;6;0;0;1;0;0;0;1;0
11;9;9401534;2018;2;16;2;3;2;6;0;0;1;0;0;0;0;0
11;1;1300733;2018;2;17;2;3;2;6;2;0;1;0;0;0;0;1
11;7;7601238;2018;2;12;4;3;2;6;0;0;1;0;0;0;0;0
11;6;6300632;2018;2;11;4;2;1;5;0;0;1;0;0;0;1;0
11;3;3300411;2018;2;5;2;3;5;2;2;0;1;0;0;0;0;1
11;8;8300934;2018;2;16;4;2;5;2;0;0;1;0;0;0;0;0
11;1;1200626;2018;2;9;4;3;0;7;0;0;1;0;1;0;0;1
11;7;7400721;2018;2;12;3;3;5;3;0;0;1;0;0;0;0;0
11;5;5100105;2018;2;18;2;3;5;2;2;1;1;0;0;0;0;0
11;2;2400625;2018;2;9;4;3;2;6;0;0;1;0;0;0;0;0
11;12;12200309;2018;2;8;4;3;5;3;0;1;1;0;0;0;0;0
11;12;12400618;2018;2;15;3;3;5;2;0;1;1;0;0;0;0;0
11;8;8401243;2018;2;13;3;3;5;3;0;1;1;0;0;0;0;0
11;5;5100316;2018;2;18;2;2;6;4;2;0;1;1;0;0;0;1
11;5;5200633;2018;2;12;3;3;0;6;0;0;1;0;0;0;0;0
11;1;1401045;2018;2;13;3;2;0;2;0;0;1;0;0;0;1;0
11;1;1400938;2018;2;6;4;2;5;3;2;1;1;0;0;0;0;0
11;3;3500934;2018;2;20;3;3;5;2;2;1;0;0;0;0;1;0
11;11;11501341;2018;2;9;3;3;2;6;0;0;1;0;0;1;0;0
11;3;3200308;2018;2;18;2;3;5;3;2;1;1;0;0;0;0;0
11;8;8100102;2018;2;12;3;3;2;6;0;0;1;0;0;0;0;0
11;1;1400938;2018;2;18;3;3;5;2;2;0;1;0;1;0;0;0
11;4;4501045;2018;2;18;2;3;5;7;2;0;1;0;0;0;0;1
11;7;7601238;2018;2;19;3;2;6;2;2;0;1;1;0;0;0;0
11;5;5100316;2018;2;17;6;3;5;2;2;1;1;0;0;0;0;0
11;1;1100310;2018;2;23;3;3;5;3;2;1;1;0;0;0;0;0
11;2;2300315;2018;2;16;3;3;1;5;0;1;1;0;0;0;1;0
11;1;1100205;2018;2;15;3;3;5;3;0;1;0;0;0;0;1;0
11;3;3601244;2018;2;14;3;3;5;3;0;1;1;0;0;0;0;0
11;7;7400720;2018;2;9;4;3;6;4;0;0;1;1;0;0;0;0
11;9;9200510;2018;2;13;3;3;6;4;0;0;1;1;0;0;0;0
11;11;11501340;2018;2;7;3;3;5;3;0;0;1;0;0;0;0;2
11;2;2100101;2018;2;19;2;3;1;5;2;1;1;0;0;0;1;0
11;10;10200421;2018;2;6;3;3;5;3;1;1;1;0;0;0;0;0
11;10;10300731;2018;2;13;3;2;1;5;0;1;1;0;0;0;0;0
11;12;12601236;2018;2;12;3;3;2;6;0;0;1;0;0;0;0;0
11;1;1401045;2018;2;8;4;2;6;4;0;1;0;1;0;0;0;0
11;3;3500933;2018;2;6;6;3;6;2;2;0;1;1;0;0;0;0
11;6;6300633;2018;2;10;3;3;2;6;0;0;1;0;0;0;0;0
11;1;1400937;2018;2;7;3;3;6;7;0;1;0;1;0;0;0;0
11;7;7400927;2018;2;10;3;2;5;3;0;0;1;0;0;0;0;0
11;4;4501150;2018;2;16;2;3;6;4;1;0;1;1;0;0;0;1
11;4;4501041;2018;2;12;4;3;2;6;0;0;1;0;0;0;0;0
11;3;3601244;2018;2;9;3;3;5;3;0;1;1;0;0;0;0;0
11;8;8300934;2018;2;15;2;3;2;2;0;1;1;0;0;0;0;0
11;7;7300516;2018;2;19;2;3;6;4;2;0;1;1;0;0;0;0
11;1;1100206;2018;2;18;2;3;2;6;2;0;1;0;0;0;0;1
11;3;3500934;2018;2;16;2;3;0;3;0;0;1;0;0;0;1;0
11;12;12100204;2018;2;19;4;3;5;2;2;0;1;0;0;0;0;0
11;5;5100208;2018;2;21;2;3;6;2;2;0;1;1;0;0;0;0
11;7;7501134;2018;2;18;2;3;6;2;2;0;1;1;0;0;0;0
11;5;5200629;2018;2;14;3;3;6;4;0;0;1;1;0;0;0;0
11;11;11200514;2018;2;18;2;3;5;3;2;0;1;0;0;0;0;0
11;5;5100211;2018;2;20;2;3;5;2;2;0;1;0;0;0;0;1
11;4;4501043;2018;2;17;2;3;5;2;2;0;1;0;0;0;0;0
11;5;5200527;2018;2;17;2;2;6;4;1;0;1;1;0;0;0;0
11;6;6100205;2018;2;20;2;3;6;4;2;0;1;1;0;0;0;0
11;3;3100101;2018;2;16;2;3;5;3;0;1;1;0;0;0;0;0
11;4;4300416;2018;2;16;2;3;5;7;0;1;1;0;0;0;0;0
11;1;1100311;2018;2;17;4;3;5;3;1;0;1;0;0;0;0;1
11;3;3200308;2018;2;15;2;3;6;4;0;0;1;1;0;0;0;0
11;4;4501153;2018;2;16;3;2;5;2;0;1;1;0;0;0;0;2
11;1;1300731;2018;2;19;2;2;0;1;2;0;0;0;1;0;0;2
11;7;7601238;2018;2;15;2;3;5;2;0;1;1;0;0;0;0;0
11;9;9200613;2018;2;22;1;3;1;7;2;0;1;0;0;0;0;1
11;4;4500938;2018;2;12;2;3;5;3;0;0;1;0;0;0;0;0
11;6;6200313;2018;2;14;2;3;6;4;0;1;0;1;0;0;0;0
11;7;7400826;2018;2;11;2;3;0;3;0;1;0;0;0;0;1;0
11;4;4501152;2018;2;7;4;3;5;2;0;0;1;0;0;0;0;1
11;12;12500926;2018;2;15;2;2;5;2;0;1;0;0;0;1;0;0
11;4;4400727;2018;2;8;3;3;6;4;0;0;1;1;0;0;0;1
11;9;9200819;2018;2;21;1;3;9;1;2;0;1;0;0;0;0;1
11;6;6200421;2018;2;15;4;3;3;6;0;0;1;0;0;0;1;0
11;6;6300631;2018;2;15;2;3;2;6;0;0;1;0;0;0;0;0
11;7;7400822;2018;2;11;3;3;5;3;0;1;1;0;0;0;0;0
11;9;9200512;2018;2;21;1;3;5;2;2;0;1;0;0;0;1;0
11;4;4400726;2018;2;14;2;2;5;3;0;0;1;0;0;0;0;0
11;8;8300935;2018;2;14;2;3;0;7;0;0;1;0;0;0;0;0
11;1;1400937;2018;2;20;1;3;5;3;2;0;1;0;0;0;0;1
11;7;7400927;2018;2;13;2;3;5;3;0;0;1;0;0;1;0;0
11;7;7400822;2018;2;12;2;3;2;6;0;0;1;0;0;1;0;0
11;1;1200522;2018;2;11;2;3;6;4;0;0;0;1;0;1;0;0
11;6;6100205;2018;2;10;4;3;5;7;0;0;1;0;0;0;0;0
11;2;2300418;2018;2;15;2;3;5;3;0;1;1;0;0;0;0;0
11;9;9501737;2018;2;10;2;2;6;4;0;0;1;1;0;0;0;0
11;1;1100310;2018;2;6;3;3;5;2;0;0;1;0;0;0;1;2
11;1;1200522;2018;2;17;1;3;5;2;2;0;1;0;1;0;0;1
11;8;8100209;2018;2;10;2;3;5;2;0;0;1;0;0;0;0;0
11;2;2200210;2018;2;10;2;3;5;3;0;1;1;0;0;0;0;1
11;2;2100106;2018;2;14;1;3;0;1;0;1;0;0;0;0;0;1
11;10;10100313;2018;2;8;2;3;2;6;0;0;1;0;0;0;0;0
11;8;8100311;2018;2;21;4;3;5;3;2;0;1;0;0;0;0;1
11;6;6100205;2018;2;6;2;3;5;2;2;0;1;0;0;0;1;1
11;5;5200629;2018;2;6;2;3;5;2;2;1;1;0;0;0;0;1
11;8;8100520;2018;2;6;2;3;6;2;2;0;1;1;0;0;0;1
11;10;10400941;2018;2;12;1;3;5;3;0;0;1;0;0;0;0;0
11;2;2100102;2018;2;6;2;3;2;1;2;0;1;0;0;0;0;2
11;12;12200411;2018;2;12;5;3;5;2;0;1;1;0;0;0;0;0
11;1;1200629;2018;2;7;6;3;5;3;1;1;1;0;0;0;0;1
11;6;6200421;2018;2;3;2;3;5;3;2;0;1;0;0;1;0;1
11;11;11100204;2018;2;14;4;2;6;4;0;0;0;1;0;0;1;0
11;6;6100205;2018;2;18;2;1;6;4;2;0;0;1;0;0;1;0
11;8;8100415;2018;2;18;2;3;3;6;2;1;1;0;0;0;0;1
11;10;10200524;2018;2;11;1;2;6;4;0;0;1;1;0;0;0;1
11;7;7400927;2018;2;22;1;3;5;3;2;0;1;0;0;0;0;1
11;11;11300721;2018;2;18;1;3;0;3;2;0;0;0;1;0;1;1
11;11;11300721;2018;2;17;4;3;1;5;2;0;1;0;0;1;0;0
11;3;3200308;2018;2;17;1;3;6;2;2;0;1;1;0;0;0;1
11;3;3400620;2018;2;14;3;3;6;4;0;0;1;1;0;0;0;0
11;1;2100101;2018;2;16;1;3;2;6;2;0;1;0;0;0;0;1
11;4;4400832;2018;2;16;3;3;6;7;0;1;0;1;0;0;0;0
11;12;12500824;2018;2;16;1;3;2;6;1;0;1;0;0;0;0;1
11;1;1100313;2018;2;16;2;3;3;6;1;0;1;0;1;0;0;0
11;8;8100415;2018;2;3;1;3;2;7;2;0;1;0;0;0;1;1
11;5;5100104;2018;2;14;1;3;0;7;0;0;1;0;0;0;0;0
11;6;6200421;2018;2;14;1;2;0;1;0;0;1;1;0;0;0;0
11;4;4400835;2018;2;17;2;2;5;3;1;0;1;0;0;0;0;1
11;4;4300622;2018;2;17;4;3;5;2;1;0;1;0;0;0;1;0
11;4;4400835;2018;2;13;1;3;6;2;0;0;1;1;0;0;0;0
11;12;12500824;2018;2;15;3;2;2;6;0;0;1;0;0;0;0;0
11;10;10400938;2018;2;22;7;3;9;1;2;0;1;0;0;0;0;1
11;4;4501150;2018;2;9;1;3;5;2;0;1;1;0;0;0;0;0
11;5;5200524;2018;2;20;7;3;5;3;2;0;1;0;0;0;0;0
11;2;2200210;2018;2;1;1;3;5;3;2;0;1;0;0;0;0;0
11;3;3701660;2018;2;19;7;3;6;2;2;0;1;1;0;0;0;1
11;2;2200213;2018;2;18;7;3;6;4;2;1;0;1;0;0;0;0
11;11;11300721;2018;2;11;7;3;5;7;0;0;1;0;0;0;0;0
11;1;1100104;2018;2;14;4;3;6;2;0;0;0;1;0;1;0;0
11;2;2400521;2018;2;11;7;3;5;2;0;0;1;0;0;0;0;0
11;5;5400944;2018;2;8;3;2;6;6;0;0;1;1;0;0;0;0
11;1;1100206;2018;2;12;7;3;5;5;0;1;1;0;0;0;0;1
11;7;7601442;2018;2;13;7;3;2;6;0;0;1;0;0;0;0;0
11;2;2200212;2018;2;16;7;2;2;7;1;0;1;0;0;0;0;0
11;9;9100101;2018;2;9;6;3;5;2;0;1;0;0;0;1;0;0
11;5;5300839;2018;2;17;7;2;1;5;1;0;1;0;1;0;0;0
11;4;4300624;2018;2;10;4;3;2;6;0;0;1;0;0;0;1;1
11;9;9301126;2018;2;18;7;3;2;6;2;0;1;0;0;0;0;1
11;1;1100207;2018;2;18;7;3;5;2;2;1;1;0;0;0;0;0
11;8;8100104;2018;2;8;4;3;2;6;0;0;1;0;0;0;0;1
11;5;5100317;2018;2;18;7;3;2;6;2;0;1;0;0;0;0;0
11;10;10400938;2018;2;7;3;3;5;3;0;0;1;0;0;0;0;1
11;2;2300314;2018;2;16;6;3;1;5;0;1;1;0;0;0;0;0
11;3;3701658;2018;2;20;6;3;0;7;1;1;1;0;0;0;0;1
11;5;5100206;2018;2;15;6;3;5;3;0;0;1;0;0;0;0;0
11;11;11300724;2018;2;22;5;2;5;3;2;1;1;0;0;0;0;1
11;6;6200312;2018;2;18;6;3;5;3;2;0;1;0;0;0;0;1
11;8;8100314;2018;2;13;6;3;5;2;0;0;0;0;1;0;1;0
11;3;3701556;2018;2;14;3;3;6;4;0;0;1;1;0;0;0;1
11;5;5100314;2018;2;11;6;3;6;4;0;0;1;1;0;0;0;0
11;10;10400837;2018;2;16;2;3;5;3;0;0;1;0;0;0;0;0
11;10;10100209;2018;2;12;2;3;2;6;0;0;1;0;0;0;0;0
11;8;8100209;2018;2;11;6;3;6;4;0;0;1;1;0;0;0;0
11;12;12601235;2018;2;19;2;3;2;6;2;0;1;0;0;0;0;1
11;10;10400940;2018;2;10;6;3;5;3;0;0;1;0;0;0;1;0
11;11;11300616;2018;2;20;6;3;6;4;2;0;1;1;0;0;0;0
11;7;7400721;2018;2;0;4;3;0;1;2;1;0;0;0;0;0;0
11;10;10100311;2018;2;9;6;3;5;2;0;1;0;0;0;0;1;0
11;7;7100205;2018;2;19;6;3;5;3;2;1;1;0;0;0;0;1
11;4;4300623;2018;2;15;3;3;6;2;0;0;1;1;0;0;0;1
11;1;1200520;2018;2;19;6;3;5;2;2;1;1;0;0;0;0;1
11;4;4300518;2018;2;8;6;3;2;6;0;0;1;0;0;0;1;1
11;8;8100521;2018;2;16;2;3;2;6;1;0;1;0;0;0;0;0
11;10;10300732;2018;2;16;4;3;5;3;0;1;1;0;0;0;0;0
11;2;2100105;2018;2;9;6;3;5;3;0;1;1;0;0;0;0;0
11;11;11200513;2018;2;15;5;3;0;2;0;1;0;0;0;0;1;0
11;3;3400619;2018;2;10;2;2;1;7;0;0;1;0;0;0;0;1
11;8;8100209;2018;2;16;5;3;5;2;0;1;1;0;0;0;0;0
11;9;9200511;2018;2;6;2;2;5;3;0;0;1;0;0;0;0;2
11;10;10300732;2018;2;17;5;3;5;3;1;1;1;0;0;0;0;0
11;1;1401049;2018;2;16;7;3;5;3;0;0;1;0;0;0;0;0
11;7;7200413;2018;2;19;5;3;2;6;2;0;1;0;0;0;0;0
11;3;3500934;2018;2;14;6;2;6;4;0;0;1;1;0;0;0;0
11;3;3500934;2018;2;16;4;3;1;6;0;0;1;0;0;0;0;0
11;1;1100309;2018;2;14;4;3;5;7;0;0;1;0;0;0;1;0
11;4;4300621;2018;2;8;4;3;2;6;0;1;0;0;0;0;0;0
11;6;6200422;2018;2;8;2;3;5;3;0;1;1;0;0;0;0;2
11;12;12100205;2018;2;15;4;3;5;2;0;0;1;0;0;0;0;0
11;10;10100311;2018;2;12;7;2;5;2;0;0;1;0;0;0;1;0
11;2;2500727;2018;2;14;4;3;5;2;0;1;1;0;0;0;0;0
11;10;10200422;2018;2;16;4;3;6;4;0;0;1;1;0;0;0;0
11;8;8100415;2018;2;22;4;2;6;4;2;0;1;1;0;0;0;0
11;9;9301228;2018;2;17;7;3;8;1;1;0;1;0;0;0;0;0
11;2;2200212;2018;2;19;4;3;2;6;2;0;1;0;0;0;0;0
11;1;1100207;2018;2;23;6;3;2;6;2;0;1;0;0;0;0;0
11;5;5100316;2018;2;19;4;3;2;6;2;0;1;0;0;0;0;0
11;4;4300622;2018;2;13;5;3;5;2;0;1;1;0;0;0;0;0
11;5;5300736;2018;2;7;4;3;2;6;0;0;1;0;0;0;0;0
11;7;7200308;2018;2;13;3;3;6;2;0;0;1;1;0;0;0;0
11;9;9502043;2018;2;8;4;2;5;3;0;0;1;0;1;0;0;0
11;11;11501238;2018;2;9;4;3;2;6;0;0;1;0;1;0;0;0
11;2;2500835;2018;2;13;1;3;5;2;0;1;1;0;0;0;0;0
11;8;8401139;2018;2;6;4;3;5;3;1;1;1;0;0;0;0;0
11;1;1400939;2018;2;14;6;3;6;2;0;0;1;1;0;0;1;0
11;2;2500727;2018;2;11;4;3;1;5;0;1;0;0;0;1;0;0
11;10;10200524;2018;2;12;4;3;6;4;0;0;1;1;0;0;1;0
11;5;5100210;2018;2;17;4;3;6;2;1;0;1;1;0;0;0;0
11;9;9100101;2018;2;7;3;3;1;5;0;1;1;0;0;0;0;0
11;1;1100309;2018;2;9;4;3;5;2;0;1;1;0;0;0;0;0
11;4;4501041;2018;2;15;2;3;6;7;0;0;1;1;0;0;0;0
11;3;3400725;2018;2;17;4;3;0;7;2;1;0;0;0;0;0;0
11;1;1100312;2018;2;15;3;3;5;2;0;1;1;0;0;0;0;0
11;1;1100312;2018;2;16;4;3;6;4;0;1;0;1;0;0;0;0
11;10;10200524;2018;2;16;4;2;6;4;0;0;1;1;0;0;0;0
11;7;7200307;2018;2;14;1;2;0;7;0;0;1;0;0;0;0;0
11;2;2500832;2018;2;14;4;3;2;6;0;1;0;0;0;0;0;0
11;7;7100205;2018;2;13;6;3;6;7;0;0;1;1;0;0;0;0
11;8;8100209;2018;2;14;4;3;2;6;0;1;1;0;0;0;0;0
11;8;8200730;2018;2;12;3;3;0;2;0;0;0;0;0;0;1;0
11;5;5100317;2018;2;14;4;3;6;2;0;0;1;1;0;0;0;0
11;11;11400927;2018;2;14;2;3;2;6;0;0;1;0;0;0;0;0
11;1;1100206;2018;2;14;4;3;2;7;0;0;1;0;0;0;0;0
11;10;10300734;2018;2;15;7;3;2;6;0;0;1;0;0;0;0;0
11;8;8100415;2018;2;13;4;3;2;6;0;0;1;0;0;0;0;0