LAND;BEZ;LOR_ab_2021;UJAHR;UMONAT;USTUNDE;UWOCHENTAG;UKATEGORIE;UART;UTYP1;ULICHTVERH;IstRad;IstPKW;IstFuss;IstKrad;IstGkfz;IstSonstige;USTRZUSTAND
11;1;1401046;2018;3;17;1;3;5;3;1;1;1;0;0;0;0;0
11;8;8401246;2018;3;9;7;3;5;3;0;0;1;0;0;0;1;0
11;7;7601545;2018;3;4;7;3;1;7;2;0;1;0;0;0;0;0
11;1;1401049;2018;3;17;1;3;2;6;0;0;1;0;0;0;0;0
11;2;2300314;2018;2;8;4;3;1;6;0;1;0;0;0;0;1;0
11;5;5100209;2018;3;15;1;3;5;3;0;1;1;0;0;0;0;0
11;4;4500936;2018;3;11;7;2;1;5;0;1;1;0;0;0;0;0
11;1;1100206;2018;3;13;1;3;0;2;0;1;0;0;0;0;1;0
11;1;1400938;2018;3;12;7;3;2;6;0;0;1;0;0;0;0;0
11;5;5100317;2018;3;15;7;3;2;6;0;0;1;0;0;0;0;0
11;4;4200207;2018;3;11;1;2;1;5;0;1;1;0;0;0;0;0
11;2;2500832;2018;3;16;7;3;2;2;0;1;1;0;0;0;0;0
11;3;3500934;2018;3;10;1;3;5;2;0;0;1;0;0;0;0;0
11;7;7100103;2018;3;17;7;3;6;7;0;0;1;1;0;0;0;0
11;1;1300733;2018;3;15;3;3;9;1;0;0;1;0;0;0;0;0
11;6;6200422;2018;3;10;1;3;5;3;0;1;1;0;0;0;0;0
11;11;11400927;2018;3;19;6;3;5;2;2;1;1;0;0;0;0;0
11;4;4300623;2018;3;9;6;3;0;2;0;0;1;0;0;0;1;0
11;2;2400623;2018;3;3;1;3;1;5;2;1;1;0;0;0;0;1
11;5;5100208;2018;3;2;1;2;5;2;2;0;1;0;0;0;0;1
11;3;3500934;2018;3;10;6;3;5;3;0;0;1;0;0;0;0;0
11;2;2300419;2018;3;20;1;3;6;7;2;0;1;1;0;0;0;0
11;10;10300731;2018;3;11;6;3;5;3;0;0;1;0;0;0;0;0
11;6;6200315;2018;3;21;1;3;6;4;2;0;1;1;0;0;0;0
11;11;11401137;2018;3;19;3;3;6;4;2;0;1;1;0;0;0;1
11;10;10400837;2018;3;15;7;3;0;6;0;0;1;0;0;1;0;1
11;12;12500825;2018;3;14;7;3;5;2;0;1;1;0;0;0;0;0
11;4;4501041;2018;3;12;6;2;5;3;0;0;1;0;0;0;0;0
11;12;12601235;2018;3;12;7;3;2;6;0;0;1;0;0;0;0;0
11;12;12200515;2018;3;10;7;3;5;7;0;1;1;0;0;0;0;1
11;10;10200422;2018;3;19;3;2;0;7;2;1;0;0;0;0;0;1
11;12;12200414;2018;3;17;7;3;5;3;1;0;1;0;0;0;0;0
11;8;8200726;2018;3;13;6;3;6;4;0;0;1;1;0;0;0;0
11;8;8100312;2018;3;13;7;3;3;3;0;0;1;0;0;0;0;0
11;10;10100313;2018;3;12;7;2;6;4;0;0;1;1;0;0;0;1
11;9;9301228;2018;3;13;6;3;9;1;0;0;0;0;0;0;1;0
11;6;6100102;2018;3;18;7;3;6;3;2;0;1;1;0;0;0;0
11;4;4400727;2018;3;13;6;3;5;3;0;0;1;0;1;0;0;0
11;6;6400735;2018;3;10;7;3;1;7;0;0;1;0;0;0;0;0
11;1;1300835;2018;3;20;3;2;5;3;2;0;1;0;0;0;0;1
11;7;7400825;2018;3;23;7;2;6;4;2;0;1;1;0;0;0;1
11;10;10100205;2018;3;8;7;2;5;3;0;0;1;0;0;0;1;1
11;12;12500930;2018;3;14;6;3;5;3;0;1;1;0;0;0;0;0
11;2;2400521;2018;3;7;7;3;6;4;0;0;1;1;0;0;0;1
11;7;7501031;2018;3;23;6;3;6;2;2;0;1;1;0;0;0;0
11;2;2200210;2018;3;2;7;3;8;1;2;0;1;0;0;0;0;0
11;12;12200412;2018;3;20;6;3;5;3;2;1;1;0;0;0;0;0
11;3;3300411;2018;3;23;6;3;7;7;2;0;1;0;0;0;0;1
11;2;2300315;2018;3;8;6;2;5;3;0;1;1;0;0;0;0;0
11;9;9501737;2018;3;15;4;2;6;4;0;0;1;1;0;0;0;0
11;5;5200629;2018;3;21;6;3;2;2;2;0;1;0;0;0;0;0
11;6;6400839;2018;3;8;6;2;5;3;0;0;1;0;0;0;0;0
11;10;10100103;2018;3;12;2;3;5;5;0;0;1;0;0;0;0;0
11;4;4501148;2018;3;7;6;3;5;2;0;1;1;0;0;0;0;0
11;6;6200421;2018;3;10;6;3;5;3;0;0;1;0;0;0;0;0
11;9;9200819;2018;3;8;6;3;6;2;0;0;1;1;0;0;0;0
11;12;12200307;2018;3;9;6;3;0;5;0;0;1;0;0;0;0;0
11;8;8100312;2018;3;17;6;3;6;2;0;0;1;1;0;0;0;0
11;1;1100310;2018;3;9;6;3;1;5;0;1;1;0;0;0;0;0
11;8;8100311;2018;3;17;6;3;6;4;0;0;1;1;0;0;0;0
11;9;9100101;2018;3;17;3;3;5;2;1;1;1;0;0;0;0;1
11;7;7601544;2018;3;9;6;3;6;7;0;0;1;1;0;0;0;0
11;2;2200210;2018;3;15;6;3;2;2;0;0;1;0;0;0;0;0
11;2;2300314;2018;3;15;6;3;3;2;0;1;0;0;0;0;1;0
11;2;2100106;2018;3;8;6;3;5;3;0;0;1;0;0;0;0;0
11;11;11100101;2018;3;19;4;3;8;1;2;0;0;0;0;0;1;1
11;6;6400737;2018;3;7;6;3;5;3;0;1;1;0;0;0;0;1
11;8;8401241;2018;3;14;6;3;0;4;0;0;0;1;0;0;1;0
11;6;6100101;2018;3;19;6;3;3;6;2;0;1;0;0;0;0;1
11;1;1100415;2018;3;7;6;3;6;4;0;0;1;1;0;0;0;0
11;4;4500937;2018;3;19;6;3;5;7;2;1;1;0;0;0;0;0
11;12;12200411;2018;3;6;6;3;5;2;1;0;1;0;0;0;0;0
11;12;12500825;2018;3;7;6;3;6;4;0;0;1;1;0;0;0;0
11;1;1100311;2018;3;4;6;3;5;3;1;1;1;0;0;0;0;0
11;4;4500939;2018;3;5;3;2;5;2;2;0;1;0;0;0;0;1
11;5;5300841;2018;3;18;6;3;6;4;2;0;1;1;0;0;0;0
11;2;2100106;2018;3;19;5;3;3;6;2;1;1;0;0;0;0;0
11;4;4300412;2018;3;19;5;3;2;6;2;0;1;0;0;0;0;0
11;2;2500834;2018;3;7;6;3;2;2;0;0;1;0;1;0;0;1
11;4;4100101;2018;3;18;6;3;5;3;1;0;1;0;0;0;0;0
11;3;3601450;2018;3;13;5;3;2;6;0;0;1;0;0;0;0;0
11;2;2200209;2018;3;17;6;3;5;2;1;0;1;0;1;0;0;0
11;1;1100312;2018;3;12;5;3;5;5;0;1;1;0;0;0;0;0
11;1;1300836;2018;3;17;6;3;1;1;0;0;1;0;0;0;0;0
11;3;3300413;2018;3;10;5;2;2;6;0;0;1;0;0;0;0;0
11;5;5300841;2018;3;17;6;3;1;5;1;0;1;0;0;0;1;1
11;5;5100211;2018;3;7;3;3;5;2;0;0;1;0;0;0;0;0
11;9;9501838;2018;3;7;6;3;0;1;0;1;0;0;0;0;0;2
11;3;3701554;2018;3;7;6;3;1;5;0;0;1;0;0;1;0;0
11;3;3601245;2018;3;11;5;3;2;2;0;1;1;0;0;0;0;0
11;1;1100102;2018;3;15;6;3;5;2;0;1;1;0;0;0;0;0
11;8;8100104;2018;3;15;6;3;2;6;0;0;1;0;1;0;0;0
11;3;3500934;2018;3;11;5;3;5;3;0;0;1;0;0;0;0;0
11;4;4200308;2018;3;15;6;3;5;3;0;0;1;0;0;0;0;0
11;4;4300414;2018;3;10;5;3;6;7;0;0;1;1;0;0;0;0
11;7;7400823;2018;3;15;6;2;5;3;0;0;1;0;0;1;0;0
11;12;12100205;2018;3;8;2;3;0;1;0;1;0;0;0;0;0;2
11;1;1100102;2018;3;22;5;3;0;7;2;0;1;0;0;0;0;1
11;2;2500728;2018;3;22;5;3;6;7;2;1;0;1;0;0;0;0
11;5;5200526;2018;3;15;5;3;6;4;0;0;1;1;0;0;0;0
11;10;10300732;2018;3;9;5;3;2;7;0;0;1;0;0;0;0;0
11;3;3400724;2018;3;17;5;3;5;3;0;1;1;0;0;0;0;0
11;2;2400625;2018;3;19;3;2;5;3;2;0;1;0;0;0;1;2
11;6;6300634;2018;3;21;5;3;5;5;2;0;1;0;1;0;0;1
11;9;9501737;2018;3;19;5;3;5;2;2;1;1;0;0;0;0;0
11;1;1100308;2018;3;9;5;3;5;2;0;1;1;0;0;0;0;0
11;1;1400938;2018;3;14;5;3;2;6;0;0;1;0;0;0;0;1
11;6;6300630;2018;3;13;5;3;2;2;0;0;1;0;0;0;0;1
11;2;2100104;2018;3;9;5;3;5;2;0;1;1;0;0;0;0;0
11;2;2500833;2018;3;15;4;3;0;6;0;0;1;0;0;0;1;1
11;10;10100312;2018;3;12;5;3;5;2;0;1;1;0;0;0;0;1
11;7;7501134;2018;3;9;5;3;5;3;0;0;1;0;0;0;0;0
11;4;4100102;2018;3;18;5;3;6;4;2;0;1;1;0;0;0;0
11;2;2300419;2018;3;9;5;3;2;6;0;0;1;0;0;0;0;0
11;7;7200308;2018;3;18;5;3;5;3;2;0;1;0;0;0;0;0
11;8;8100521;2018;3;8;5;3;5;3;0;0;1;0;0;0;0;0
11;9;9200715;2018;3;8;5;3;2;6;0;0;1;0;0;0;0;0
11;9;9200715;2018;3;6;5;3;5;2;1;1;0;0;0;1;0;1
11;8;8100104;2018;3;22;5;3;2;3;2;0;1;0;0;0;0;0
11;7;7100205;2018;3;10;5;3;5;3;0;0;1;0;0;0;0;1
11;10;10200524;2018;3;8;5;3;0;6;0;1;0;0;0;0;1;0
11;5;5100211;2018;3;14;3;3;0;3;0;0;1;0;1;0;0;0
11;12;12500926;2018;3;10;5;3;6;2;0;0;0;1;0;0;1;0
11;3;3601142;2018;3;20;5;3;6;4;2;0;1;1;0;0;0;0
11;2;2100104;2018;3;17;5;3;0;3;2;0;1;0;1;0;0;0
11;3;3400723;2018;3;10;5;3;1;5;0;1;1;0;0;0;0;1
11;2;2400520;2018;2;8;4;3;6;3;0;0;1;1;0;0;0;0
11;11;11401136;2018;3;7;5;3;2;2;0;0;1;0;0;0;0;0
11;5;5200631;2018;3;8;5;3;5;5;0;0;1;0;0;0;0;1
11;5;5200423;2018;3;7;5;2;6;4;0;0;1;1;0;0;0;0
11;9;9401534;2018;3;10;5;3;2;2;0;0;1;1;0;0;0;1
11;1;1100312;2018;3;17;5;3;1;5;2;1;1;0;0;0;0;0
11;3;3601449;2018;3;10;3;3;6;4;0;1;0;1;0;0;0;0
11;9;9200717;2018;3;15;5;3;5;3;0;0;1;0;0;0;0;0
11;6;6300633;2018;3;7;5;3;5;3;0;1;1;0;0;0;0;1
11;3;3601453;2018;3;17;5;3;5;3;2;1;1;0;0;0;0;0
11;1;1401048;2018;3;16;3;3;6;4;0;0;1;1;0;0;0;0
11;8;8200726;2018;3;15;5;2;6;4;0;0;1;1;0;0;0;0
11;5;5300736;2018;3;14;5;3;2;6;0;0;1;0;0;0;0;0
11;9;9401534;2018;3;15;5;3;6;3;0;0;1;1;0;0;0;0
11;2;2500832;2018;3;9;5;3;0;7;0;1;0;0;0;0;0;1
11;1;1100311;2018;3;8;4;3;5;3;0;1;1;0;0;0;0;0
11;6;6200421;2018;3;14;5;2;3;3;0;1;1;0;0;1;0;0
11;3;3500932;2018;3;19;4;2;5;2;2;0;1;0;0;0;0;1
11;9;9300920;2018;3;14;5;3;5;3;0;1;1;0;0;0;0;0
11;8;8100207;2018;3;18;4;3;2;2;2;0;1;0;0;0;0;1
11;7;7601238;2018;3;5;3;3;5;7;2;0;1;0;1;0;0;0
11;6;6100102;2018;3;17;4;3;5;3;0;0;1;0;0;0;0;0
11;1;1100101;2018;3;12;4;3;2;6;0;0;1;0;0;0;0;1
11;6;6400737;2018;3;14;5;3;5;2;0;1;1;0;0;0;0;0
11;4;4400835;2018;3;10;4;3;2;7;0;0;1;0;0;0;0;1
11;8;8200623;2018;3;10;4;3;5;2;0;0;1;0;0;0;0;1
11;10;10400837;2018;3;13;5;2;5;3;0;0;1;0;0;0;0;0
11;2;2400623;2018;3;9;4;3;5;3;0;1;1;0;0;0;0;1
11;1;1300730;2018;3;8;4;3;5;7;0;0;1;0;0;0;0;1
11;1;1100309;2018;3;13;5;3;5;2;0;1;1;0;0;0;0;0
11;1;1100206;2018;3;8;4;3;5;3;0;0;1;0;0;0;0;1
11;10;10200421;2018;3;13;5;3;5;3;0;0;1;0;0;0;0;0
11;1;1100207;2018;3;13;4;3;1;5;0;0;1;0;0;0;0;1
11;12;12601236;2018;3;20;3;3;6;2;2;0;1;1;0;0;0;1
11;2;2500728;2018;3;7;4;3;6;4;0;0;1;1;0;0;0;1
11;9;9502043;2018;3;5;4;3;0;1;2;0;1;0;0;0;1;2
11;4;4501153;2018;3;13;5;3;5;2;0;1;1;0;0;0;0;0
11;5;5200420;2018;3;8;4;2;5;3;0;1;1;0;0;0;0;2
11;2;2300314;2018;3;2;4;3;6;4;2;0;0;1;0;0;1;1
11;2;2200209;2018;2;13;4;3;5;2;0;1;0;0;0;0;1;0
11;9;9100306;2018;3;13;4;3;2;6;0;0;1;0;0;0;0;1
11;4;4501042;2018;3;23;4;3;6;4;2;0;1;1;0;0;0;0
11;3;3500933;2018;2;14;4;2;6;4;0;0;1;1;0;0;0;0
11;11;11400931;2018;2;13;4;3;6;2;0;0;1;1;0;0;0;0
11;3;3601245;2018;3;21;4;2;1;1;2;0;1;0;0;0;0;1
11;11;11300721;2018;2;13;4;3;2;2;0;0;1;0;0;0;0;0
11;6;6100205;2018;3;15;2;3;2;6;0;0;1;0;0;0;0;0
11;2;2400623;2018;3;18;4;3;2;6;2;0;1;0;0;0;0;1
11;9;9301025;2018;3;18;4;2;5;3;2;1;1;0;0;0;0;1
11;3;3200206;2018;2;12;4;3;5;2;0;1;1;0;0;0;0;0
11;4;4400833;2018;3;18;4;2;5;2;1;0;1;0;0;0;0;1
11;5;5200631;2018;2;12;4;3;6;2;0;0;1;1;0;0;0;0
11;4;4501149;2018;3;17;4;3;7;7;0;1;0;0;0;0;0;1
11;2;2100101;2018;2;11;4;3;2;6;0;0;1;0;0;0;1;0
11;7;7100103;2018;3;17;3;2;5;3;1;1;1;0;0;0;0;1
11;10;10200629;2018;2;11;4;3;5;3;0;0;1;0;0;0;0;0
11;4;4100101;2018;2;11;4;3;2;6;0;0;1;0;0;0;1;0
11;6;6100101;2018;3;15;4;3;2;2;0;0;1;0;0;1;1;1
11;2;2300314;2018;2;20;4;3;6;2;2;0;1;1;0;0;0;0
11;9;9100409;2018;3;10;3;3;5;2;0;0;1;0;0;0;0;1
11;1;1300834;2018;3;13;2;3;5;2;0;0;1;0;0;0;0;1
11;10;10200418;2018;3;19;3;3;5;2;2;0;1;0;0;0;0;0
11;8;8100415;2018;3;14;2;3;5;3;0;0;1;0;0;0;1;0
11;1;1100205;2018;3;19;3;3;5;3;2;1;1;0;0;0;0;0
11;11;11300722;2018;3;16;2;3;6;4;0;0;0;1;0;0;1;0
11;3;3601140;2018;3;16;2;3;5;2;0;1;1;0;0;0;0;0
11;11;11501339;2018;3;19;3;2;6;4;2;0;1;1;0;0;0;1
11;8;8200832;2018;3;13;2;3;6;4;0;0;0;1;0;1;0;0
11;4;4501146;2018;3;7;2;3;6;4;1;1;0;1;0;0;0;0
11;11;11401033;2018;3;13;2;2;6;4;0;0;0;1;1;0;0;1
11;8;8100314;2018;3;18;3;3;0;6;1;0;1;0;1;0;0;0
11;10;10100102;2018;3;16;2;2;5;2;0;0;1;0;1;0;0;0
11;10;10200420;2018;3;18;3;3;5;3;2;0;1;0;0;0;0;1
11;7;7601443;2018;3;4;2;3;6;6;2;0;1;1;0;0;0;0
11;1;1200517;2018;3;18;3;3;2;2;2;0;1;0;0;0;0;0
11;10;10100206;2018;3;16;3;2;6;4;0;0;1;1;0;0;0;0
11;6;6200316;2018;3;15;2;3;2;2;0;1;1;0;0;0;0;0
11;12;12200308;2018;3;16;3;3;2;6;0;1;1;0;0;0;0;1
11;3;3601245;2018;3;14;2;3;3;6;0;0;1;0;0;0;0;0
11;4;4501147;2018;3;15;3;3;0;5;0;1;1;0;0;0;0;0
11;12;12100204;2018;3;14;3;3;5;3;0;0;1;0;0;0;0;0
11;7;7300619;2018;3;15;2;3;5;3;0;0;1;0;0;0;0;0
11;1;1100101;2018;3;5;3;3;5;7;2;0;1;0;1;0;0;0
11;9;9502043;2018;3;7;3;3;5;2;0;1;1;0;0;0;0;0
11;4;4200311;2018;3;14;2;2;5;3;0;0;1;0;0;0;0;1
11;5;5200528;2018;3;7;3;3;5;2;0;0;1;0;0;0;0;1
11;1;4501042;2018;3;13;2;3;0;1;0;1;0;0;0;0;0;1
11;8;8100104;2018;3;8;3;3;5;2;0;1;1;0;0;0;0;1
11;1;1300834;2018;3;18;2;3;3;6;0;0;1;0;0;0;0;0
11;12;12400618;2018;3;9;3;3;4;6;0;0;1;0;0;0;0;2
11;12;12200310;2018;3;11;3;3;6;2;0;0;1;1;0;0;0;1
11;7;7601238;2018;3;18;2;3;2;6;0;0;1;0;0;0;0;0
11;6;6200313;2018;3;11;3;3;2;6;0;0;0;0;0;1;0;1
11;1;1100308;2018;3;18;2;3;5;3;0;1;1;0;0;0;0;0
11;1;1300836;2018;3;13;3;3;2;6;0;0;1;0;0;0;1;1
11;1;1100309;2018;3;17;2;3;5;2;0;1;1;0;0;0;0;0
11;1;1200628;2018;3;5;2;3;6;4;2;0;1;1;0;0;0;0
11;1;1401043;2018;3;16;2;3;4;6;0;0;1;0;0;0;0;0
11;12;12400617;2018;3;17;2;3;5;3;0;0;1;0;0;0;0;0
11;12;12100102;2018;3;16;2;2;4;2;0;0;1;0;0;0;0;0
11;1;1100309;2018;3;15;2;3;3;6;0;1;1;0;0;0;0;0
11;2;2200210;2018;3;16;2;3;2;6;0;0;1;0;1;0;0;0
11;3;3701555;2018;3;18;1;3;5;5;1;0;1;0;1;0;0;0
11;6;6400841;2018;3;15;2;3;5;2;0;1;0;0;0;0;1;0
11;9;9200818;2018;3;17;1;3;2;6;0;0;1;0;0;0;0;0
11;9;9501939;2018;3;15;2;3;2;6;0;0;1;0;0;0;0;0
11;1;1401049;2018;3;17;1;3;2;6;0;0;1;0;0;0;0;0
11;8;8100312;2018;3;15;2;3;5;2;0;0;1;0;0;0;0;0
11;2;2500832;2018;3;14;1;3;6;2;0;0;1;1;0;0;0;0
11;3;3701658;2018;3;15;1;3;1;5;0;1;1;0;0;0;0;0
11;4;4500939;2018;3;9;2;3;5;3;0;1;1;0;0;0;0;0
11;10;10100311;2018;3;12;1;3;5;2;0;0;1;0;0;0;0;0
11;4;4400726;2018;3;12;1;3;5;7;0;0;1;0;0;0;0;0
11;3;3500935;2018;3;16;2;3;6;7;0;0;1;1;0;0;0;0
11;5;5100314;2018;3;11;1;3;2;7;0;0;1;0;0;0;0;0
11;4;4501148;2018;3;12;1;2;5;7;0;0;1;0;1;0;0;0
11;2;2500833;2018;3;8;2;3;2;6;0;0;1;0;0;0;1;0
11;12;12500930;2018;3;17;1;2;5;3;0;0;1;0;0;0;0;0
11;7;7601341;2018;3;8;2;3;2;6;0;0;1;0;0;0;0;0
11;1;1100416;2018;3;15;1;3;0;1;0;1;0;0;0;0;0;0
11;1;1300836;2018;3;15;2;3;6;4;0;0;1;1;0;0;0;0
11;1;1100309;2018;3;23;1;3;6;4;2;0;1;1;0;0;0;0
11;11;11300721;2018;3;20;1;3;2;6;2;0;1;0;1;0;0;0
11;2;2500832;2018;3;7;2;3;5;3;0;1;1;0;0;0;0;0
11;1;1200517;2018;3;20;1;3;8;1;2;0;1;0;0;0;0;0
11;5;5100211;2018;3;14;2;3;5;3;0;0;1;0;0;0;0;0
11;1;1200517;2018;3;14;2;3;2;6;0;0;1;0;0;0;0;0
11;1;1300834;2018;3;19;1;3;6;2;2;0;1;1;0;0;0;0
11;3;3601346;2018;3;13;1;3;5;2;0;1;1;0;0;0;0;0
11;4;4400830;2018;3;14;2;3;5;2;0;1;1;0;0;0;0;0
11;7;7100204;2018;3;14;2;3;1;5;0;0;1;0;1;0;0;0
11;11;11200411;2018;3;10;1;2;8;1;0;0;1;0;0;0;0;0
11;7;7601341;2018;3;14;2;3;2;6;0;0;1;0;0;0;0;0
11;5;5100316;2018;3;10;1;3;1;5;0;0;1;0;0;0;0;0
11;5;5100211;2018;3;16;2;3;6;4;0;1;0;1;0;0;0;0
11;7;7400721;2018;3;8;1;3;6;7;0;0;0;1;0;0;1;0
11;1;1300733;2018;3;13;2;3;5;3;0;0;1;0;0;0;0;0
11;3;3601142;2018;3;11;2;3;2;2;0;0;1;0;0;0;0;0
11;5;5100317;2018;3;8;1;2;5;3;0;0;1;0;0;0;1;0
11;7;7601237;2018;3;15;2;3;5;3;0;0;1;0;0;0;0;0
11;4;4300517;2018;3;16;2;3;6;7;0;0;1;1;0;0;0;0
11;9;9501838;2018;3;7;1;2;9;1;0;0;1;0;0;0;0;0
11;1;1300836;2018;3;17;2;2;5;2;0;1;1;0;0;0;0;0
11;9;9401329;2018;3;17;2;3;2;7;1;0;1;0;0;0;0;0
11;1;1100310;2018;3;3;1;3;5;3;2;0;1;0;0;0;0;0
11;7;7501029;2018;3;9;2;3;2;6;0;0;1;0;0;0;1;0
11;5;5100316;2018;3;20;7;3;2;2;2;0;1;0;0;0;0;0
11;11;11100309;2018;3;18;2;3;6;4;1;0;1;1;0;0;0;0
11;10;10200420;2018;3;20;7;3;2;6;2;0;1;0;0;0;0;0
11;6;6100101;2018;3;20;2;3;5;2;2;1;1;0;0;0;0;0
11;5;5200629;2018;3;13;2;3;0;6;0;0;1;0;0;0;1;0
11;11;11200512;2018;3;20;7;2;0;1;2;1;0;0;0;0;0;0
11;4;4300619;2018;3;20;2;3;5;2;2;0;1;0;0;0;0;0
11;8;8200832;2018;3;18;2;3;2;6;1;0;1;0;0;0;0;0
11;9;9300920;2018;3;19;7;2;9;1;2;0;0;0;1;0;0;0
11;3;3601245;2018;3;18;7;3;5;2;1;0;1;0;1;0;0;0
11;5;5100104;2018;3;5;2;3;5;3;0;0;1;0;0;0;0;0
11;8;8100105;2018;3;17;7;3;3;6;0;0;1;0;0;0;0;0
11;1;1300835;2018;3;5;2;3;0;2;2;0;1;0;0;0;1;0
11;2;2400624;2018;3;16;7;3;5;2;0;1;1;0;0;0;0;0
11;4;4500939;2018;3;12;1;3;5;2;0;0;1;0;0;0;0;0
11;3;3601346;2018;3;16;7;2;5;7;0;0;0;0;1;0;1;0
11;4;4501041;2018;3;17;1;3;0;6;1;0;1;0;1;0;0;0
11;8;8401241;2018;3;15;1;3;5;3;0;0;1;0;0;0;1;0
11;3;3200205;2018;3;14;7;3;2;2;0;0;1;0;1;0;0;0
11;1;1100309;2018;3;20;1;3;1;5;2;1;1;0;0;0;1;0
11;1;1100206;2018;3;13;7;2;6;4;0;1;0;1;0;0;0;0
11;5;5100104;2018;3;16;1;3;2;4;0;0;1;1;0;0;0;0
11;8;8200831;2018;3;12;7;3;6;7;0;0;1;1;0;0;0;0
11;6;6300631;2018;3;11;7;3;6;4;0;0;1;1;0;0;0;0
11;1;1300732;2018;3;8;1;3;6;2;0;0;1;1;0;0;0;0
11;11;11200514;2018;3;10;7;3;1;7;0;0;1;0;0;0;0;0
11;9;9200819;2018;3;10;7;3;2;6;0;0;1;0;0;0;0;0
11;8;8401244;2018;3;9;1;3;2;6;0;0;1;0;0;0;1;0
11;4;4300620;2018;3;5;1;2;8;1;2;0;1;0;1;0;0;0
11;8;8100314;2018;3;9;7;3;5;3;0;0;1;0;0;0;1;0
11;5;5100210;2018;3;12;1;3;2;6;0;0;1;0;0;0;0;0
11;7;7300516;2018;3;0;7;3;5;2;2;0;1;0;0;0;1;0
11;9;9100407;2018;3;3;7;2;8;1;2;0;1;0;0;0;0;0
11;7;7601339;2018;3;6;1;3;1;1;0;0;1;0;0;0;0;0
11;5;5100315;2018;3;18;6;3;5;3;2;0;1;0;0;0;0;0
11;1;1400937;2018;3;13;1;2;9;1;0;0;1;0;0;0;0;0
11;2;2200211;2018;3;17;6;3;3;6;0;1;1;0;0;0;0;0
11;11;11400931;2018;3;9;6;3;6;7;0;0;0;1;0;0;1;0
11;8;8100102;2018;3;21;7;3;6;4;2;0;1;1;0;0;0;0
11;3;3601142;2018;3;5;6;3;5;3;1;0;1;0;0;0;0;1
11;4;4200309;2018;3;23;6;2;1;7;2;0;1;0;0;0;0;0
11;1;1100103;2018;3;2;7;3;7;7;2;0;0;0;1;0;0;0
11;1;1200628;2018;3;3;7;2;8;1;2;0;1;0;0;0;0;0
11;2;2200210;2018;3;9;6;3;5;3;0;1;1;0;0;0;0;0
11;2;2400623;2018;3;9;7;3;0;4;0;0;0;1;0;0;1;0
11;1;1300836;2018;3;16;6;3;5;2;0;0;1;0;0;0;0;0
11;9;9501737;2018;3;11;7;3;2;6;0;0;1;0;0;0;0;0
11;1;1200624;2018;3;14;6;3;2;6;0;0;1;0;0;0;0;1
11;1;1300836;2018;3;12;7;3;2;6;0;0;1;0;0;0;0;0
11;9;9100304;2018;3;0;7;2;1;1;2;0;1;0;0;0;0;1
11;10;10400938;2018;3;14;6;3;2;6;0;0;1;0;0;0;0;0
11;9;9200717;2018;3;0;7;3;5;3;2;0;1;0;0;0;0;2
11;12;12601134;2018;3;15;7;3;5;3;0;1;1;0;0;0;0;0
11;1;1100416;2018;3;13;6;3;1;5;0;0;1;0;0;0;0;1
11;2;2100105;2018;3;15;7;3;5;3;0;0;1;0;0;0;0;0
11;3;3300413;2018;3;17;6;3;5;2;0;0;1;0;0;0;1;0
11;6;6200422;2018;3;15;7;3;1;5;0;0;1;0;0;0;0;0
11;12;12500926;2018;3;16;7;3;0;2;0;0;0;0;0;0;1;0
11;11;11400928;2018;3;17;6;3;5;2;0;1;1;0;0;0;0;0
11;7;7501030;2018;3;17;6;3;2;2;1;0;1;0;0;0;0;2
11;4;4501044;2018;3;17;6;3;2;6;0;0;1;0;0;0;0;0
11;3;3400723;2018;3;13;6;3;6;4;0;0;1;1;0;0;0;0
11;7;7300516;2018;3;17;6;3;2;6;1;0;1;0;0;0;0;0
11;10;10100210;2018;3;14;6;3;5;3;0;1;0;0;0;0;1;0
11;2;2300417;2018;3;21;6;2;6;4;2;0;0;1;0;0;1;2
11;1;1100309;2018;3;19;6;3;3;6;2;1;1;0;0;0;0;0
11;8;8100520;2018;3;19;6;3;2;6;2;0;1;0;0;0;0;2
11;2;2200212;2018;3;21;6;3;2;6;2;0;1;0;0;0;0;0
11;6;6200420;2018;3;18;6;3;1;1;2;0;1;0;1;0;0;2
11;4;4200311;2018;3;5;6;3;5;2;2;0;1;0;0;0;0;1
11;6;6400735;2018;3;13;6;3;8;1;0;0;1;0;0;0;0;1
11;1;1300834;2018;3;7;6;3;2;6;0;0;1;0;0;0;1;1
11;9;9200715;2018;3;8;6;2;2;6;0;1;1;0;0;0;0;1
11;7;7100102;2018;3;10;6;3;6;2;0;0;1;1;0;0;0;0
11;8;8100312;2018;3;8;6;3;2;6;0;0;1;0;0;0;0;1
11;3;3701554;2018;3;8;6;3;6;7;0;1;0;1;0;0;0;1
11;7;7400823;2018;3;15;6;3;2;6;0;0;1;0;0;0;0;1
11;11;11400929;2018;3;15;6;3;3;6;0;1;1;0;0;0;0;1
11;5;5200527;2018;3;10;6;3;5;2;0;0;1;0;0;0;0;1
11;6;6200317;2018;3;16;6;3;1;5;0;0;1;0;0;0;0;1
11;1;1100312;2018;3;11;6;3;5;2;0;1;0;0;1;0;0;1
11;2;2200212;2018;3;16;6;3;6;2;0;0;1;1;0;0;0;1
11;8;8100314;2018;3;13;6;3;6;4;0;1;0;1;0;0;0;1
11;4;4300416;2018;3;13;6;2;3;6;0;1;0;0;0;1;0;0
11;9;9501838;2018;3;17;6;3;2;7;1;0;1;0;0;1;0;1