LAND;BEZ;LOR_ab_2021;UJAHR;UMONAT;USTUNDE;UWOCHENTAG;UKATEGORIE;UART;UTYP1;ULICHTVERH;IstRad;IstPKW;IstFuss;IstKrad;IstGkfz;IstSonstige;USTRZUSTAND
11;4;4400835;2018;3;10;5;3;1;5;0;1;1;0;0;0;0;1
11;5;5100315;2018;4;12;3;3;6;7;0;0;1;1;0;0;0;0
11;10;10100311;2018;4;14;2;3;5;2;0;0;1;0;0;0;0;0
11;10;10400938;2018;4;8;6;3;5;3;0;1;1;0;0;0;0;0
11;11;11300721;2018;3;9;5;3;6;4;0;0;1;1;0;0;0;1
11;10;10100311;2018;3;9;5;3;2;6;0;0;1;0;0;0;1;1
11;7;7400720;2018;4;9;6;3;5;7;0;0;1;0;0;0;0;0
11;1;1401044;2018;4;20;2;2;6;4;2;1;0;1;0;0;0;0
11;4;4300623;2018;4;10;6;3;0;7;0;0;1;0;0;0;0;0
11;2;2400522;2018;3;8;5;3;3;6;0;1;1;0;0;0;0;0
11;4;4400726;2018;4;12;3;3;2;6;0;0;1;0;0;0;0;0
11;5;5100103;2018;4;17;2;3;2;6;0;1;1;0;0;0;0;0
11;6;6200313;2018;4;9;6;3;8;1;0;0;0;0;1;0;0;0
11;8;8401242;2018;3;8;5;2;5;7;0;0;1;0;0;0;0;1
11;5;5400945;2018;4;17;3;3;8;1;0;0;0;0;1;0;0;0
11;6;6100206;2018;4;20;6;3;2;6;2;0;1;0;0;0;0;0
11;7;7601236;2018;3;8;5;3;0;5;0;0;0;0;0;0;1;1
11;10;10400941;2018;4;12;5;3;5;3;0;1;1;0;0;0;0;0
11;11;11401137;2018;3;1;5;2;5;2;2;0;1;0;0;0;1;1
11;1;1100311;2018;4;12;3;3;5;3;0;0;1;0;1;0;0;0
11;1;1100415;2018;4;17;5;3;5;7;0;0;1;0;1;0;0;0
11;1;1100102;2018;4;16;5;3;2;6;0;0;1;0;0;0;0;1
11;1;1400939;2018;3;12;5;3;5;3;0;1;1;0;0;0;0;0
11;11;11501341;2018;4;16;5;3;0;1;0;1;1;0;0;0;0;0
11;4;4100101;2018;4;18;2;2;0;1;0;0;0;0;0;0;1;0
11;1;1100311;2018;4;12;5;3;5;2;0;1;1;0;0;0;0;0
11;12;12200515;2018;3;9;4;3;0;3;0;1;0;0;0;0;1;0
11;2;2400522;2018;4;12;3;3;5;7;0;0;1;0;0;0;1;0
11;11;11200513;2018;4;15;5;3;0;4;0;0;0;1;0;0;1;0
11;6;6100209;2018;3;16;4;3;2;2;0;0;1;0;0;0;0;0
11;8;8300934;2018;4;14;5;3;0;3;0;0;1;0;0;0;1;0
11;4;4400832;2018;3;11;4;3;6;2;0;0;1;1;0;0;0;1
11;4;4500936;2018;4;11;3;3;0;6;0;0;1;0;0;0;1;0
11;4;4501042;2018;4;14;5;3;6;4;0;0;1;1;0;0;0;0
11;4;4501045;2018;4;7;5;3;5;3;0;1;1;0;0;0;0;1
11;3;3200205;2018;4;10;5;2;5;3;0;0;1;0;0;0;0;0
11;12;12200412;2018;3;13;4;2;2;6;0;0;1;0;0;0;0;1
11;4;4501148;2018;4;13;5;3;2;6;0;0;1;0;0;0;0;0
11;7;7400823;2018;3;14;4;3;2;6;0;0;1;0;0;0;0;1
11;4;4500939;2018;4;11;3;3;5;3;0;1;1;0;0;0;0;1
11;4;4501045;2018;4;12;5;3;2;6;0;0;1;0;0;0;0;0
11;9;9200819;2018;4;11;5;3;2;6;0;0;1;0;0;0;0;0
11;7;7200409;2018;4;15;3;3;1;5;0;0;1;0;1;0;0;0
11;11;11300723;2018;3;15;4;3;5;3;0;0;1;0;0;0;0;1
11;6;6200421;2018;4;10;5;3;5;2;0;0;1;0;0;0;0;0
11;4;4500939;2018;4;9;5;3;2;6;0;0;1;0;0;0;0;0
11;1;1100206;2018;3;15;4;3;5;3;0;0;1;0;0;0;0;1
11;3;3400722;2018;3;15;4;3;5;3;0;1;1;0;0;0;0;1
11;2;2300315;2018;4;11;3;3;5;2;0;0;1;0;0;0;0;0
11;2;2400521;2018;4;8;5;3;5;2;0;0;1;0;0;0;1;0
11;9;9200511;2018;3;15;4;2;5;7;0;0;1;0;0;0;1;1
11;10;10200420;2018;4;7;5;2;5;2;0;1;1;0;0;0;0;0
11;1;1100415;2018;4;13;3;2;0;1;0;1;0;0;0;0;0;0
11;12;12500930;2018;3;14;4;3;3;6;0;0;1;0;0;0;0;1
11;5;5200423;2018;4;5;5;3;5;7;1;0;1;0;1;0;0;0
11;12;12100101;2018;3;13;4;2;5;3;0;0;1;0;1;0;1;1
11;10;10300734;2018;4;13;3;3;2;6;0;0;1;0;0;0;0;0
11;4;4100101;2018;3;10;4;3;5;3;0;0;1;0;0;0;0;1
11;4;4100101;2018;4;22;5;3;9;1;2;0;1;0;0;0;0;1
11;9;9100407;2018;3;9;4;3;2;6;0;0;1;0;0;0;0;1
11;3;3500934;2018;4;5;5;3;8;1;2;0;1;0;0;0;0;1
11;1;1200522;2018;3;9;4;3;5;2;0;1;1;0;0;0;0;1
11;8;8401241;2018;3;8;4;3;2;2;0;1;1;0;0;0;0;1
11;8;8100209;2018;4;11;3;3;2;6;0;0;1;0;0;0;0;0
11;3;3701554;2018;4;0;5;3;0;1;2;1;0;0;0;0;0;1
11;1;1200628;2018;3;8;4;3;5;2;0;1;1;0;0;0;0;1
11;5;5400943;2018;3;20;4;3;5;3;2;0;1;0;0;0;0;0
11;3;3601245;2018;4;13;5;3;5;3;0;0;1;0;0;0;0;0
11;10;10100315;2018;4;16;2;3;2;2;0;0;1;0;0;0;0;0
11;6;6300525;2018;3;20;4;3;5;3;2;1;1;0;0;0;0;1
11;3;3300514;2018;4;16;5;3;0;3;0;1;1;0;0;0;0;0
11;7;7400928;2018;3;20;4;2;5;7;2;0;1;0;0;0;0;1
11;5;5300737;2018;4;10;3;3;2;6;0;0;1;0;0;0;1;0
11;1;2100104;2018;4;18;4;3;6;4;0;0;0;1;0;0;1;0
11;12;12500926;2018;3;17;4;3;0;6;0;0;1;0;1;0;0;1
11;8;8401243;2018;3;17;4;3;5;3;0;0;1;0;0;0;0;1
11;4;4400726;2018;4;9;3;3;5;3;0;1;1;0;0;0;0;1
11;4;4501045;2018;4;18;4;3;5;2;0;1;1;0;0;0;0;0
11;10;10300732;2018;4;17;4;3;2;6;0;0;1;0;0;0;0;0
11;1;1300733;2018;3;16;4;3;5;5;0;1;1;0;0;0;0;1
11;7;7400927;2018;3;16;4;3;5;3;0;0;1;0;0;0;0;1
11;2;2300316;2018;4;20;4;2;5;2;1;0;1;0;1;0;0;0
11;4;4300619;2018;3;16;4;3;5;2;0;1;0;0;0;0;1;1
11;1;1100311;2018;3;8;3;3;0;6;0;1;1;0;0;0;0;0
11;9;9501736;2018;4;17;4;3;0;6;0;0;1;0;1;0;0;0
11;1;1100310;2018;4;19;2;3;3;6;1;1;0;0;0;0;0;0
11;2;2500835;2018;4;17;4;3;5;3;0;1;1;0;0;0;0;0
11;6;6200422;2018;3;23;3;3;5;2;2;0;1;0;0;0;1;0
11;1;1100205;2018;4;15;4;3;1;5;0;1;0;0;0;0;1;0
11;1;1100102;2018;3;21;3;3;5;2;2;0;0;0;1;0;1;0
11;8;8301036;2018;4;16;4;3;5;3;0;0;1;0;0;0;0;0
11;5;5100104;2018;3;21;3;3;3;6;2;1;1;0;0;0;0;0
11;9;9301025;2018;4;15;4;3;2;6;0;0;1;0;0;0;1;0
11;4;4501043;2018;4;15;4;3;1;5;0;0;1;0;0;0;0;0
11;7;7400928;2018;4;7;3;2;5;3;0;0;1;0;0;0;0;0
11;8;8100314;2018;3;20;3;3;2;7;2;1;1;0;0;0;0;0
11;3;3501037;2018;4;15;4;3;2;6;0;0;1;0;0;0;1;0
11;1;1400938;2018;4;14;4;3;2;6;0;0;1;0;0;0;0;0
11;7;7601443;2018;3;19;3;3;5;3;2;0;1;0;0;0;0;0
11;2;2500726;2018;4;14;4;2;5;3;0;1;0;0;0;0;0;0
11;4;4100101;2018;4;23;2;3;5;3;2;0;1;0;0;0;0;0
11;4;4501042;2018;4;14;4;3;1;7;0;0;0;0;1;0;0;0
11;4;4200311;2018;3;19;3;2;5;7;2;0;1;0;1;0;0;0
11;9;9100408;2018;4;14;4;3;2;6;0;0;1;0;1;0;0;0
11;4;4200205;2018;3;19;3;3;1;5;2;1;1;0;0;0;1;0
11;1;1200518;2018;4;14;4;2;1;5;0;1;1;0;0;0;0;0
11;8;8100312;2018;3;19;3;3;1;5;1;1;1;0;0;0;1;0
11;12;12100204;2018;4;14;4;3;5;2;0;0;1;0;0;0;0;0
11;1;1100311;2018;4;13;4;3;9;1;0;0;1;0;0;0;0;0
11;11;11200513;2018;4;15;3;3;2;6;0;0;1;0;0;0;0;0
11;1;1200627;2018;3;18;3;3;6;4;0;1;0;1;0;0;0;0
11;8;8401241;2018;4;11;4;3;1;5;0;0;1;0;0;0;0;0
11;12;12400722;2018;4;10;4;3;1;5;0;0;1;0;0;0;0;0
11;4;4300623;2018;3;18;3;3;5;2;0;0;1;0;1;0;0;0
11;7;7100101;2018;3;9;3;3;2;6;0;0;1;0;1;0;0;0
11;6;6100207;2018;4;13;2;3;6;4;0;0;1;1;0;0;0;0
11;12;12200309;2018;4;8;4;2;1;5;0;0;1;0;0;0;0;0
11;11;11200513;2018;3;9;3;3;5;3;0;0;1;0;0;0;0;0
11;12;12100101;2018;3;4;3;3;8;1;2;0;1;0;0;0;0;0
11;2;2200208;2018;4;9;4;3;5;2;0;1;1;0;0;0;0;0
11;8;8100102;2018;3;1;3;3;1;5;2;1;1;0;0;0;0;0
11;3;3701556;2018;3;15;3;3;2;2;0;0;1;0;0;0;1;0
11;1;1100310;2018;4;8;4;3;2;6;0;0;1;0;1;0;0;0
11;9;9501736;2018;4;8;4;2;6;4;0;0;1;1;0;0;0;0
11;1;1100416;2018;4;12;3;3;0;6;0;0;1;0;1;0;0;0
11;1;1400942;2018;3;15;3;3;5;3;0;0;1;0;0;0;0;0
11;2;2500834;2018;4;20;4;3;0;7;2;1;0;0;0;0;0;0
11;8;8200726;2018;3;15;3;3;6;4;0;0;1;1;0;0;0;0
11;12;12200309;2018;4;21;4;3;5;2;2;0;1;0;0;0;0;1
11;2;2500834;2018;3;14;3;3;5;2;0;1;1;0;0;0;0;0
11;10;10400837;2018;3;13;3;3;5;3;0;1;1;0;0;0;0;0
11;7;7601545;2018;3;12;3;3;0;4;0;0;0;1;0;0;1;0
11;9;9200613;2018;3;13;3;3;5;3;0;0;1;0;0;0;0;0
11;6;6200420;2018;4;17;2;3;5;7;0;0;1;0;1;0;0;0
11;5;5300736;2018;4;11;4;3;5;2;0;1;0;0;0;0;1;0
11;4;4501042;2018;4;14;1;3;1;5;0;1;1;0;0;0;0;0
11;1;1100206;2018;4;14;7;3;0;1;0;1;0;0;0;0;0;1
11;7;7100102;2018;4;21;3;3;1;5;2;1;1;0;0;0;0;0
11;4;4300517;2018;4;22;7;2;0;1;2;1;0;0;0;0;0;0
11;12;12500928;2018;4;16;2;3;2;6;0;1;1;0;0;0;0;0
11;10;10400941;2018;4;17;6;3;1;5;0;1;1;0;0;0;0;0
11;3;3500935;2018;4;1;6;3;0;7;2;0;0;1;0;0;1;1
11;9;9200819;2018;4;20;1;3;2;6;2;0;1;0;0;0;1;0
11;7;7501133;2018;4;15;6;2;5;2;0;0;1;0;0;0;0;0
11;1;1401049;2018;4;14;6;2;5;7;0;0;1;0;0;0;1;0
11;10;10100311;2018;4;7;4;3;5;2;0;1;0;0;1;0;0;0
11;2;2100106;2018;4;14;1;3;0;2;0;0;1;0;1;0;0;0
11;12;12500930;2018;4;17;3;3;5;2;0;0;1;0;0;0;0;0
11;12;12500927;2018;4;14;6;2;1;5;0;0;1;0;0;0;0;0
11;9;9100408;2018;4;16;2;2;5;3;0;0;1;0;0;0;0;1
11;7;7501030;2018;4;14;6;3;6;4;0;0;1;1;0;0;0;0
11;1;1100205;2018;4;14;6;3;6;4;0;0;0;1;0;0;1;0
11;3;3100101;2018;4;18;2;3;2;6;0;0;1;0;0;0;1;1
11;2;2300418;2018;4;14;6;3;0;3;0;0;1;0;0;0;1;0
11;1;1100313;2018;4;14;6;3;5;3;0;0;1;0;0;0;0;0
11;3;3400620;2018;4;15;1;3;5;3;0;1;1;0;0;0;0;0
11;3;3701658;2018;4;13;6;3;2;6;0;0;1;0;0;0;1;0
11;9;9200717;2018;4;7;3;3;4;2;0;1;1;0;0;0;0;0
11;3;3701554;2018;4;13;1;3;0;7;0;1;1;0;0;0;0;1
11;8;8100521;2018;4;16;3;3;5;7;0;1;1;0;0;0;0;0
11;12;12200412;2018;4;13;6;3;5;3;0;1;1;0;0;0;0;0
11;7;7100205;2018;4;14;2;3;6;4;0;1;0;1;0;0;0;0
11;12;12100205;2018;4;13;6;3;2;6;0;0;1;0;0;0;1;1
11;11;11400931;2018;4;12;6;3;2;6;0;0;1;0;0;0;1;1
11;3;3300517;2018;4;0;4;2;5;3;2;0;1;0;0;0;1;0
11;5;5200629;2018;4;13;1;3;2;6;0;0;1;0;0;0;0;0
11;4;4500937;2018;4;11;6;3;2;6;0;0;1;0;0;0;0;1
11;4;4200311;2018;4;8;3;3;5;2;0;0;1;0;0;0;0;0
11;2;2400625;2018;4;11;6;2;6;4;0;0;1;1;0;0;0;1
11;4;4300623;2018;4;16;4;3;6;4;0;0;1;1;0;0;0;0
11;1;1100309;2018;4;13;1;2;5;3;0;1;0;0;0;0;1;0
11;7;7601341;2018;4;11;6;2;5;3;0;0;1;0;0;1;0;1
11;1;1100310;2018;4;10;3;3;1;5;0;1;1;0;0;0;1;0
11;8;8200730;2018;4;14;3;3;5;7;0;0;1;0;1;0;0;0
11;2;2300418;2018;4;10;6;3;5;2;0;1;1;0;0;0;0;1
11;7;7300517;2018;4;9;6;3;5;3;0;1;1;0;0;0;0;1
11;8;8200730;2018;4;14;2;2;0;6;0;0;1;0;1;0;0;0
11;11;11200513;2018;4;9;6;3;5;3;0;0;1;0;0;0;0;1
11;4;4501043;2018;4;9;6;3;0;2;0;1;0;0;0;0;1;1
11;12;12500930;2018;4;13;4;3;5;2;0;0;1;0;1;0;0;0
11;9;9401635;2018;4;11;1;3;5;3;0;1;1;0;0;0;0;0
11;4;4501148;2018;4;8;6;3;2;6;0;0;1;0;0;0;0;1
11;5;5200421;2018;4;16;3;3;1;7;0;0;1;0;0;0;0;0
11;12;12200412;2018;4;8;6;3;4;7;0;0;1;0;0;0;1;0
11;11;11100308;2018;4;20;2;3;9;1;1;0;1;0;0;0;0;1
11;10;10200524;2018;4;7;6;3;5;3;0;1;1;0;0;0;0;1
11;7;7100102;2018;4;7;6;3;5;3;0;1;1;0;0;0;0;0
11;10;10100311;2018;4;13;3;3;5;3;0;1;1;0;0;0;0;0
11;1;1300834;2018;4;20;6;3;5;3;2;0;1;0;0;0;0;1
11;7;7501032;2018;4;18;6;3;6;4;0;0;1;1;0;0;0;0
11;8;8100311;2018;4;10;2;2;5;3;0;1;1;0;0;0;0;1
11;4;4200308;2018;4;17;6;3;6;4;0;0;1;1;0;0;0;0
11;4;4501042;2018;4;17;6;3;5;3;0;0;1;0;0;0;0;0
11;1;1100102;2018;4;9;4;3;2;2;0;0;1;0;0;0;0;0
11;6;6200313;2018;4;9;1;3;6;7;0;0;0;1;0;0;1;0
11;7;7100205;2018;4;16;6;3;5;3;0;1;1;0;0;0;0;0
11;1;1100206;2018;4;19;3;3;1;5;0;1;1;0;0;0;0;0
11;1;1100312;2018;4;15;6;3;6;7;0;0;1;1;0;0;0;0
11;5;5100316;2018;4;21;2;3;1;5;1;0;1;0;0;0;0;0
11;5;5100316;2018;4;22;6;2;5;2;2;1;1;0;0;0;0;1
11;1;1300733;2018;4;16;6;3;2;6;0;1;1;0;0;0;0;0
11;5;5100104;2018;4;16;1;3;0;1;0;0;0;0;1;0;0;0
11;6;6300525;2018;4;15;6;2;4;7;0;0;1;0;0;0;0;0
11;3;3300411;2018;4;9;4;1;6;2;0;0;1;1;0;0;0;0
11;3;3601245;2018;4;4;1;3;5;3;2;0;1;0;0;0;0;0
11;6;6400839;2018;4;12;2;3;0;1;0;0;0;0;1;0;0;1
11;12;12100204;2018;4;17;6;3;5;2;0;0;1;0;0;0;1;0
11;7;7601236;2018;4;17;6;3;5;2;0;0;1;0;0;0;1;0
11;7;7400824;2018;4;8;4;3;1;5;0;1;1;0;0;0;0;0
11;8;8200730;2018;4;4;1;3;1;5;2;0;1;0;0;0;0;0
11;7;7601546;2018;4;18;3;2;2;6;0;0;1;0;1;0;0;0
11;6;6100205;2018;4;19;5;3;5;2;1;0;1;0;1;0;0;0
11;2;2300417;2018;4;16;2;3;6;4;0;0;1;1;0;0;0;0
11;1;1100308;2018;4;9;5;3;6;7;0;1;0;1;0;0;0;0
11;12;12200515;2018;4;16;5;3;3;6;0;1;0;0;0;0;0;0
11;9;9501736;2018;4;21;5;3;5;3;2;0;1;0;0;0;0;0
11;4;4501042;2018;4;9;3;3;2;6;0;1;1;0;0;0;0;0
11;6;6300629;2018;4;15;3;3;2;6;0;1;0;0;0;0;1;0
11;12;12601235;2018;4;20;5;3;6;4;2;0;1;1;0;0;0;0
11;5;5100316;2018;4;13;3;3;6;4;0;1;0;1;0;0;0;0
11;6;6400840;2018;4;18;5;3;5;3;0;0;1;0;0;0;0;0
11;7;7400823;2018;4;16;2;3;6;4;0;0;1;1;0;0;0;1
11;1;1401046;2018;4;18;5;2;5;7;0;0;1;0;1;0;0;0
11;4;4200308;2018;4;18;5;3;5;3;0;0;1;0;0;0;0;0
11;2;2200209;2018;4;16;4;3;6;4;0;1;0;1;0;0;0;0
11;1;1200628;2018;4;17;1;3;0;1;1;0;0;0;1;0;0;0
11;4;4300412;2018;4;18;5;3;3;6;0;0;1;0;0;0;0;0
11;8;8100415;2018;4;9;3;3;0;3;0;1;0;0;1;0;0;0
11;4;4501045;2018;4;14;3;3;2;6;0;0;1;0;1;0;0;0
11;4;4400835;2018;4;18;5;3;0;1;0;1;0;0;0;0;0;0
11;10;10200421;2018;4;17;5;3;5;3;0;0;1;0;0;0;0;0
11;9;9200715;2018;4;13;2;3;2;6;0;0;1;0;0;0;0;0
11;12;12601235;2018;4;17;5;3;5;2;0;0;1;0;0;0;1;0
11;4;4501043;2018;4;11;4;3;2;6;0;1;1;0;0;0;0;0
11;4;4501043;2018;4;19;7;2;3;6;0;1;1;0;0;0;0;0
11;9;9100101;2018;4;15;2;2;5;3;0;1;1;0;0;0;0;0
11;3;3500936;2018;4;17;5;3;6;4;0;0;1;1;0;0;0;0
11;7;7300517;2018;4;17;5;2;6;4;0;1;0;1;0;0;0;0
11;1;1100205;2018;4;14;4;3;6;4;0;0;0;1;1;0;0;0
11;5;5200631;2018;4;19;7;2;6;4;0;0;1;1;0;0;0;0
11;9;9501939;2018;4;17;5;3;4;6;0;1;0;0;0;0;0;0
11;4;4400727;2018;4;7;3;3;0;2;0;0;1;0;1;0;0;0
11;7;7601544;2018;4;16;5;3;1;5;0;1;1;0;0;0;0;0
11;1;1100308;2018;4;11;3;3;1;5;0;1;1;0;0;0;0;0
11;12;12200309;2018;4;16;5;2;2;7;0;0;1;0;1;0;1;0
11;5;5100316;2018;4;12;5;3;5;2;0;1;1;0;0;0;0;0
11;3;3601450;2018;4;7;2;3;5;3;0;1;0;0;0;0;1;1
11;1;1200519;2018;4;12;5;3;5;3;0;0;1;0;1;0;0;0
11;5;5100316;2018;4;12;5;2;2;7;0;1;1;0;0;0;0;0
11;4;4500937;2018;4;8;4;3;2;6;0;1;1;0;0;0;0;0
11;7;7501031;2018;4;19;7;3;5;2;0;0;1;0;0;0;0;0
11;11;11400929;2018;4;18;3;3;5;3;0;1;1;0;0;0;0;0
11;4;4400727;2018;4;11;5;3;6;2;0;0;1;1;0;0;0;0
11;12;12200309;2018;4;18;2;3;0;2;0;0;1;0;1;0;0;0
11;6;6300528;2018;4;11;5;2;5;3;0;0;1;0;0;0;0;0
11;10;10100311;2018;4;10;5;2;5;2;0;0;1;0;0;0;0;0
11;1;1100206;2018;4;21;3;3;5;2;2;0;0;0;1;0;1;0
11;4;4501043;2018;4;10;5;2;5;2;0;1;1;0;0;0;0;0
11;8;8301036;2018;4;10;2;3;1;5;0;1;1;0;0;0;0;1
11;9;9501737;2018;4;10;5;2;5;2;0;0;1;0;1;0;0;0
11;11;11300721;2018;4;14;5;3;3;6;0;0;1;0;1;0;0;0
11;4;4100101;2018;4;21;1;3;2;6;2;0;1;0;0;0;0;0
11;4;4501045;2018;4;9;5;3;3;6;0;1;1;0;0;0;0;0
11;3;3200205;2018;4;15;5;2;2;2;0;0;1;0;1;0;0;0
11;8;8200623;2018;4;7;4;3;1;5;0;1;1;0;0;0;0;0
11;7;7400927;2018;4;16;7;2;0;6;0;0;1;0;1;0;0;1
11;9;9100306;2018;4;17;3;3;5;7;0;0;1;0;1;0;0;0
11;3;3601450;2018;4;8;5;3;2;6;0;0;0;0;1;0;1;0
11;4;4200308;2018;4;16;2;3;5;3;0;1;1;0;0;0;0;0
11;6;6400839;2018;4;8;5;3;1;5;0;1;1;0;0;0;0;0
11;5;5100317;2018;4;13;5;2;0;7;0;0;1;0;0;0;0;0
11;1;1100207;2018;4;15;7;3;5;2;0;1;1;0;0;0;0;0
11;4;4501043;2018;4;7;5;3;6;4;0;0;1;1;0;0;0;0
11;12;12500930;2018;4;8;5;3;5;2;0;1;1;0;0;0;0;0
11;7;7100102;2018;4;18;1;3;2;2;0;0;1;0;0;0;0;0
11;4;4501044;2018;4;7;5;3;1;5;0;1;1;0;0;0;0;0
11;7;7100206;2018;4;11;3;3;1;7;0;0;1;0;0;0;0;0
11;4;4400834;2018;4;15;7;3;5;2;0;1;1;0;0;0;0;1
11;4;4501042;2018;4;16;3;3;5;7;0;0;1;0;1;0;0;0
11;4;4300414;2018;4;7;5;3;2;6;0;0;1;0;0;0;0;0
11;1;1100415;2018;4;21;5;2;4;1;2;1;0;0;0;0;1;0
11;7;7100102;2018;4;16;2;3;2;6;0;0;1;0;1;0;0;1
11;4;4300623;2018;4;12;5;3;8;1;0;0;1;0;0;0;0;0
11;12;12400619;2018;4;15;5;3;5;2;0;1;1;0;0;0;0;0
11;1;1100309;2018;4;9;5;3;0;1;0;1;0;0;0;0;0;0
11;7;7200409;2018;4;15;5;3;2;6;0;1;1;0;0;0;0;0
11;11;11100102;2018;4;16;4;3;5;2;0;1;1;0;0;0;0;0
11;1;1100207;2018;4;15;5;2;5;3;0;0;1;0;1;0;0;0
11;4;4400833;2018;4;13;7;3;5;2;0;0;1;0;0;0;0;1
11;2;2400623;2018;4;18;4;3;3;2;0;1;1;0;0;0;0;0
11;1;1200628;2018;4;20;5;3;6;4;2;0;1;1;0;0;0;0
11;1;1300834;2018;4;9;3;2;6;4;0;0;1;1;0;0;0;0
11;1;1100311;2018;4;16;4;3;5;2;1;1;1;0;0;0;0;0
11;5;5200631;2018;4;20;5;2;1;5;2;1;1;0;0;0;0;0
11;10;10400940;2018;4;13;3;3;5;2;0;0;1;0;0;0;1;0
11;7;7200307;2018;4;18;4;2;6;4;1;0;1;1;0;0;0;0
11;7;7100102;2018;4;10;3;2;5;2;0;0;1;0;1;0;0;0
11;7;7601546;2018;4;15;5;3;6;2;0;0;1;1;0;0;0;0
11;9;9200715;2018;4;14;3;3;5;3;0;1;1;0;0;0;0;0
11;10;10400939;2018;4;16;4;3;6;6;0;1;0;1;0;0;0;0
11;1;1100308;2018;4;7;4;3;0;1;0;0;0;0;1;0;0;1
11;10;10400941;2018;4;15;5;2;5;3;0;0;1;0;0;0;1;0
11;9;9301126;2018;4;15;2;3;6;4;0;0;1;1;0;0;0;0
11;6;6200421;2018;4;14;4;2;0;3;0;1;0;0;0;1;0;0
11;1;1300732;2018;4;15;4;3;1;5;0;1;1;0;0;0;0;0
11;9;9501838;2018;4;14;5;3;5;2;0;1;1;0;0;0;0;0
11;9;9100304;2018;4;6;4;3;5;2;0;0;1;0;1;0;0;0
11;2;2100101;2018;4;13;5;3;3;6;0;1;1;0;0;0;0;0
11;9;9301025;2018;4;11;7;3;5;3;0;0;0;0;1;0;1;0
11;5;5300840;2018;4;15;4;3;2;6;0;0;1;0;1;0;0;0
11;8;8100206;2018;4;19;5;3;1;5;0;1;1;0;0;0;0;0
11;8;8100209;2018;4;14;3;3;5;3;0;1;1;0;0;0;0;0
11;8;8100520;2018;4;15;4;3;6;4;0;0;0;1;0;0;1;0
11;1;1100309;2018;4;19;5;3;5;7;0;0;1;0;1;0;0;0
11;2;2200212;2018;4;8;2;3;5;3;0;1;1;0;0;0;0;0
11;9;9200715;2018;4;16;4;3;3;6;0;0;1;0;1;0;0;0
11;4;4100101;2018;4;16;4;3;0;2;0;0;1;0;0;0;1;0
11;6;6300525;2018;4;19;5;2;5;2;0;1;1;0;0;0;0;0
11;1;1100102;2018;4;6;2;2;5;3;0;1;1;0;0;0;0;0
11;8;8300934;2018;4;14;4;3;5;2;0;0;1;0;0;0;0;0
11;4;4501042;2018;4;14;4;2;3;6;0;0;1;0;1;0;0;0
11;7;7501030;2018;4;18;5;3;6;2;0;0;1;1;0;0;0;0
11;12;12200414;2018;4;8;4;3;3;6;0;0;1;0;1;0;0;0
11;8;8100417;2018;4;13;4;3;5;3;0;0;1;0;0;0;0;0
11;4;4300619;2018;4;18;5;3;6;4;0;0;0;1;0;0;1;0
11;9;9100407;2018;4;12;2;3;6;7;0;0;1;1;0;0;0;1
11;5;5300737;2018;4;13;4;3;5;2;0;0;1;0;0;0;1;0
11;5;5100316;2018;4;13;5;3;6;7;0;1;0;1;0;0;0;0
11;4;4400833;2018;4;10;4;2;5;2;0;0;1;0;0;0;0;0
11;7;7200409;2018;4;9;7;3;1;5;0;1;1;0;0;0;0;1
11;1;1100313;2018;4;13;4;3;5;3;0;1;1;0;0;0;0;0
11;12;12400722;2018;4;12;5;3;8;1;0;0;1;0;0;0;0;0
11;1;1200517;2018;4;18;3;3;5;2;0;1;1;0;0;0;0;0
11;5;5100316;2018;4;12;4;2;3;6;0;0;1;0;1;0;0;0
11;3;3601245;2018;4;17;5;3;6;4;0;0;1;1;0;0;0;0
11;1;1100207;2018;4;23;2;3;1;5;2;1;1;0;0;0;0;0
11;1;1200522;2018;4;11;4;3;2;6;0;0;1;0;0;0;0;0
11;5;5200421;2018;4;10;4;3;1;5;0;0;1;0;0;0;0;0
11;6;6300527;2018;4;12;5;3;5;2;0;1;0;0;1;0;0;0
11;8;8100209;2018;4;19;1;3;6;7;0;0;1;1;0;0;0;0
11;10;10100312;2018;4;9;4;2;6;4;0;0;1;1;0;0;0;0
11;6;6100102;2018;4;9;4;3;0;5;0;1;1;0;0;0;0;0
11;2;2300316;2018;4;17;5;3;3;2;0;0;0;0;1;1;0;0
11;2;2300314;2018;4;21;4;3;1;5;2;1;1;0;0;0;0;0
11;2;2500832;2018;4;21;7;3;5;2;2;1;1;0;0;0;0;0
11;11;11100308;2018;4;12;5;3;1;5;0;0;1;0;0;0;0;0
11;9;9401329;2018;4;17;3;3;5;7;0;0;0;0;1;0;1;0
11;12;12100204;2018;4;9;4;3;5;2;0;1;1;0;0;0;0;0
11;8;8100310;2018;4;22;7;3;5;2;2;1;1;0;0;0;0;0
11;9;9200510;2018;4;12;5;3;0;4;0;1;0;1;0;0;0;0
11;4;4400726;2018;4;18;3;3;5;3;0;1;1;0;0;0;0;0
11;8;8200730;2018;4;8;4;3;0;1;0;0;1;0;1;0;0;0
11;10;10300734;2018;4;16;5;3;5;2;0;0;1;0;1;0;0;0
11;11;11300721;2018;4;17;2;3;5;2;0;1;1;0;0;0;0;1
11;3;3200207;2018;4;8;4;3;0;1;0;0;0;0;1;0;0;1
11;9;9401329;2018;4;12;5;3;1;5;0;0;1;0;0;0;0;0
11;9;9100306;2018;4;8;4;3;2;6;0;0;1;0;0;0;0;0