LAND;BEZ;LOR_ab_2021;UJAHR;UMONAT;USTUNDE;UWOCHENTAG;UKATEGORIE;UART;UTYP1;ULICHTVERH;IstRad;IstPKW;IstFuss;IstKrad;IstGkfz;IstSonstige;USTRZUSTAND
11;10;10100312;2018;4;16;5;3;5;3;0;0;1;0;0;0;0;0
11;11;11300618;2018;4;11;5;2;1;5;0;0;1;0;0;0;0;0
11;4;4200207;2018;4;14;1;3;0;1;0;1;1;0;0;0;0;0
11;6;6300527;2018;4;7;4;3;6;2;0;0;1;1;0;0;0;0
11;1;1100310;2018;4;16;5;3;1;5;0;1;0;0;0;0;1;0
11;11;11400927;2018;4;17;3;3;5;2;0;1;0;0;0;0;1;0
11;10;10300734;2018;4;11;5;3;5;3;0;1;1;0;0;0;0;0
11;5;5200629;2018;4;15;3;2;6;2;0;0;1;1;0;0;0;0
11;7;7100102;2018;4;23;4;3;5;2;2;0;1;0;0;0;0;0
11;4;4400833;2018;4;16;5;3;1;5;0;0;1;0;1;0;0;0
11;10;10100312;2018;4;16;2;3;2;2;0;0;1;0;0;0;1;0
11;9;9200717;2018;4;7;4;2;5;2;0;0;1;0;1;0;0;1
11;3;3400828;2018;4;11;5;3;5;3;0;1;1;0;0;0;0;0
11;1;1401047;2018;4;7;4;3;5;3;0;0;1;0;0;0;0;0
11;4;4501042;2018;4;11;5;3;3;6;0;0;1;0;1;0;0;0
11;10;10200417;2018;4;15;4;3;6;7;0;1;0;1;0;0;0;0
11;10;10400938;2018;4;16;5;3;0;1;0;0;0;0;1;0;0;0
11;4;4500937;2018;4;11;5;2;3;6;0;0;1;0;0;0;1;0
11;6;6400735;2018;4;16;2;3;8;1;0;0;1;0;0;0;0;1
11;1;1100308;2018;4;21;4;3;5;2;2;1;1;0;0;0;0;0
11;3;3300516;2018;4;11;5;2;1;5;0;0;1;0;1;0;0;0
11;4;4100101;2018;4;4;4;3;5;3;2;0;1;0;0;0;1;0
11;3;3500934;2018;4;11;5;3;5;3;0;1;1;0;0;0;0;0
11;10;10100209;2018;4;16;4;3;5;2;0;1;1;0;0;0;0;0
11;10;10100312;2018;4;10;5;2;6;4;0;0;1;1;0;0;0;0
11;6;6400737;2018;4;16;7;2;0;3;0;1;0;0;0;0;1;0
11;10;10100315;2018;4;20;4;3;5;3;2;0;1;0;0;1;0;0
11;8;8100312;2018;4;9;5;3;0;1;0;1;0;0;0;0;0;0
11;6;6200421;2018;4;9;3;3;5;3;0;0;1;0;0;0;0;0
11;2;2400623;2018;4;9;5;3;5;2;0;1;0;0;0;0;1;0
11;2;2300315;2018;4;14;3;2;5;7;0;0;1;0;1;0;0;0
11;4;4500937;2018;4;18;4;3;3;6;0;1;1;0;0;0;0;0
11;3;3200205;2018;4;18;4;2;6;7;0;0;1;1;0;0;0;0
11;6;6400736;2018;4;9;5;3;2;6;0;1;1;0;0;0;0;0
11;7;7100102;2018;4;13;2;3;0;5;0;1;0;0;0;0;1;0
11;4;4300412;2018;4;18;4;3;2;2;0;0;1;0;0;0;0;0
11;3;3701556;2018;4;8;5;3;5;7;0;0;1;0;1;0;0;0
11;12;12400616;2018;4;11;4;2;1;5;0;0;1;0;1;0;0;0
11;1;1200520;2018;4;9;7;2;2;6;0;0;1;0;0;0;0;1
11;2;2300314;2018;4;18;4;3;5;2;0;1;0;0;0;0;1;0
11;7;7501031;2018;4;8;5;3;5;2;0;0;1;0;0;0;1;0
11;2;2500835;2018;4;23;3;3;2;6;2;1;1;0;0;0;1;0
11;12;12200515;2018;4;18;4;3;5;2;0;0;1;0;0;0;0;0
11;1;1401047;2018;4;22;7;3;2;2;2;1;1;0;0;0;0;0
11;8;8100310;2018;4;17;4;3;5;2;0;1;1;0;0;0;0;0
11;3;3601243;2018;4;8;5;2;5;2;0;0;1;0;1;0;0;0
11;3;3500934;2018;4;8;3;3;2;6;0;0;1;0;0;1;0;0
11;2;2400521;2018;4;17;4;3;5;2;0;1;1;0;0;0;0;0
11;1;1100309;2018;4;8;5;3;6;4;0;0;1;1;0;0;0;0
11;12;12100204;2018;4;12;3;3;2;6;0;0;1;0;0;0;0;0
11;9;9200715;2018;4;17;4;3;5;2;0;1;1;0;0;0;0;0
11;11;11200513;2018;4;16;4;3;2;6;0;0;1;0;1;0;0;0
11;7;7100206;2018;4;8;5;2;0;3;0;1;0;0;0;0;0;0
11;11;11100204;2018;4;9;2;3;5;2;0;1;0;0;0;0;1;1
11;1;1100102;2018;4;7;3;3;0;2;0;1;1;0;0;0;0;0
11;11;11100308;2018;4;19;3;3;5;3;1;0;1;0;0;0;0;0
11;3;3500934;2018;4;7;5;3;5;2;0;1;1;0;0;0;0;0
11;6;6400844;2018;4;8;4;3;5;3;0;1;1;0;0;0;0;0
11;12;12500824;2018;4;8;7;3;0;5;0;0;1;0;1;0;0;0
11;4;4300412;2018;4;18;3;3;3;6;0;0;1;0;0;1;0;0
11;1;1200519;2018;4;7;5;3;2;3;0;0;1;0;0;0;0;0
11;3;3601450;2018;4;19;3;3;1;5;0;1;1;0;0;0;1;0
11;11;11100309;2018;4;18;3;3;0;2;0;1;1;0;0;0;0;0
11;3;3200206;2018;4;7;5;3;2;5;0;1;1;0;0;0;0;0
11;3;3300516;2018;4;21;2;2;9;1;2;0;1;0;0;0;0;0
11;1;1100310;2018;4;18;3;3;1;5;0;1;1;0;0;0;0;0
11;5;5200528;2018;4;18;3;3;5;2;0;0;1;0;1;0;0;0
11;1;1401048;2018;4;7;5;3;2;6;0;0;1;0;0;0;0;0
11;12;12500929;2018;4;18;1;3;5;7;0;0;1;0;0;0;0;0
11;4;4500938;2018;4;22;5;3;5;3;2;0;1;0;0;0;0;0
11;2;2200211;2018;4;8;2;3;0;2;0;1;1;0;0;0;0;1
11;8;8100312;2018;4;19;3;3;5;3;0;0;1;0;1;0;0;0
11;4;4300517;2018;4;15;3;3;2;6;0;0;1;0;0;0;0;0
11;1;1100206;2018;4;16;4;3;2;6;0;1;1;0;0;0;0;0
11;8;8100207;2018;4;17;1;3;2;6;0;1;1;0;0;0;0;0
11;12;12500926;2018;4;20;3;2;5;7;0;0;1;0;1;0;0;0
11;3;3601142;2018;4;19;3;3;5;2;1;1;1;0;0;0;0;0
11;2;2300314;2018;4;20;4;3;1;5;2;1;1;0;0;0;0;0
11;1;1200628;2018;4;7;4;3;0;2;0;1;0;0;1;0;0;0
11;6;6300634;2018;4;13;7;3;2;6;0;0;1;0;0;0;1;1
11;10;;2018;4;16;4;3;3;6;0;0;1;0;0;0;0;0
11;1;1100308;2018;4;18;3;3;1;5;0;1;1;0;0;0;0;0
11;3;3601245;2018;4;19;3;3;5;2;2;1;1;0;0;0;0;0
11;1;1200519;2018;4;1;4;3;6;4;2;0;1;1;1;0;0;0
11;1;1401049;2018;4;17;2;2;6;4;0;1;0;1;0;0;0;1
11;2;2100105;2018;4;19;3;3;5;2;1;1;1;0;0;0;0;0
11;4;4300622;2018;4;21;4;3;0;3;2;1;1;0;0;0;0;0
11;4;4300623;2018;4;19;3;3;6;4;0;0;0;1;0;0;1;0
11;1;1100101;2018;4;16;4;3;2;6;0;0;1;0;0;0;0;0
11;5;5400943;2018;4;18;4;3;5;3;0;1;1;0;0;0;0;0
11;7;7400826;2018;4;13;7;3;2;6;0;0;1;0;0;0;1;1
11;8;8100314;2018;4;19;3;3;2;3;0;1;1;0;0;0;0;0
11;9;9401329;2018;4;14;4;3;2;6;0;1;0;0;0;0;1;0
11;1;1100101;2018;4;11;3;3;5;2;0;1;1;0;0;0;0;0
11;1;1100310;2018;4;21;4;3;2;6;2;0;1;0;0;0;1;0
11;10;10300734;2018;4;17;3;3;0;3;0;0;1;0;1;0;0;0
11;1;1100309;2018;4;19;4;3;5;2;0;1;0;0;0;0;0;0
11;5;5200629;2018;4;20;3;3;2;6;2;0;1;0;0;0;0;0
11;7;7400927;2018;4;20;7;3;5;3;2;0;1;0;0;0;0;0
11;7;7501031;2018;4;18;4;2;1;1;0;0;1;0;0;1;1;0
11;12;12200307;2018;4;16;3;3;2;6;0;0;1;0;0;0;0;0
11;9;9100407;2018;4;17;3;3;5;2;0;1;1;0;0;0;0;0
11;7;7400822;2018;4;18;4;3;2;6;0;0;1;0;0;0;1;0
11;2;2200210;2018;4;16;2;3;5;2;0;1;1;0;0;0;0;1
11;4;4200309;2018;4;17;3;3;6;4;0;1;0;1;0;0;0;0
11;10;10100311;2018;4;17;4;3;2;6;0;0;1;0;0;0;0;0
11;2;2200207;2018;4;17;3;3;5;2;0;0;1;0;0;0;0;0
11;1;1100312;2018;4;17;4;3;2;2;0;1;1;0;0;0;0;0
11;1;1200518;2018;4;6;4;3;3;6;0;0;1;0;1;0;0;0
11;7;7601341;2018;4;17;4;2;2;6;0;0;1;0;1;0;1;0
11;9;9200715;2018;4;19;7;2;9;1;0;0;0;0;1;0;0;0
11;11;11400928;2018;4;16;3;3;2;6;0;0;1;0;0;1;1;0
11;3;3601142;2018;4;17;4;3;5;2;0;1;1;0;0;0;0;0
11;12;12500926;2018;4;9;3;3;6;6;0;0;1;1;0;0;0;0
11;9;9300920;2018;4;17;4;3;1;5;0;1;1;0;0;0;0;0
11;6;6400737;2018;4;14;3;3;5;3;0;1;1;0;0;0;0;0
11;5;5200420;2018;4;7;3;2;6;4;0;0;1;1;0;0;0;0
11;6;6100206;2018;4;7;3;3;2;2;0;0;1;0;1;0;0;0
11;2;2400521;2018;4;17;4;3;0;2;0;0;1;0;1;0;0;0
11;2;2300316;2018;4;13;2;3;6;2;0;0;1;1;0;0;0;0
11;9;9200819;2018;4;8;3;3;2;6;0;0;1;0;0;0;0;0
11;1;1200628;2018;4;15;3;3;5;3;0;0;1;0;0;0;0;0
11;11;11400931;2018;4;8;3;3;0;2;0;1;1;0;0;0;0;0
11;10;10200421;2018;4;17;4;3;2;7;0;0;1;0;1;0;0;0
11;11;11400928;2018;4;14;2;3;5;2;0;1;0;0;1;0;0;0
11;7;7601544;2018;4;16;3;2;5;3;0;1;1;0;0;0;0;0
11;10;10400941;2018;4;16;3;3;5;3;0;1;1;0;0;0;0;0
11;11;11300618;2018;4;17;4;3;6;2;0;0;1;1;0;0;0;0
11;6;6300631;2018;4;14;4;3;0;1;0;0;0;1;1;0;1;0
11;4;4400831;2018;4;16;4;2;5;3;0;1;1;0;0;0;0;0
11;11;11200513;2018;4;15;7;3;0;1;0;0;0;0;1;0;0;1
11;3;3200308;2018;4;16;3;3;5;2;0;0;1;0;0;0;0;0
11;11;11200514;2018;4;16;4;3;2;2;0;1;1;0;0;0;0;0
11;2;2300315;2018;4;7;3;2;5;2;0;1;1;0;0;0;0;0
11;6;6300525;2018;4;16;3;3;2;6;0;0;1;0;0;0;0;0
11;11;11300722;2018;4;16;4;3;2;7;0;1;1;0;0;0;0;0
11;4;4300623;2018;4;19;3;3;0;6;0;0;1;0;0;0;1;0
11;8;8200623;2018;4;11;3;3;5;2;0;1;1;0;0;0;0;0
11;11;11501340;2018;4;11;3;3;5;3;0;1;1;0;0;0;0;0
11;3;3400827;2018;4;7;2;3;5;3;0;0;1;0;0;0;1;1
11;4;4300619;2018;4;16;3;2;5;2;0;0;1;0;1;0;0;0
11;11;11100309;2018;4;15;3;3;5;2;0;1;1;0;0;0;0;0
11;5;5100317;2018;4;8;4;3;0;1;0;0;1;0;1;0;0;0
11;4;4400728;2018;4;18;3;3;5;3;0;1;1;0;0;0;0;0
11;5;5100316;2018;4;17;5;3;5;2;0;0;1;0;0;0;0;1
11;11;11300721;2018;4;14;2;2;6;4;0;0;1;1;0;0;0;0
11;1;1100309;2018;4;14;2;3;1;5;0;0;0;0;1;0;1;0
11;8;8401244;2018;4;17;5;3;5;2;0;0;1;0;0;0;0;0
11;1;1100103;2018;4;12;2;3;2;6;0;1;1;0;0;0;0;0
11;7;7100101;2018;4;16;5;2;5;3;0;1;1;0;0;0;0;0
11;4;4300622;2018;4;12;2;2;1;5;0;1;1;0;0;1;0;0
11;12;12200412;2018;4;16;5;3;1;5;0;0;1;0;0;0;0;1
11;3;3200206;2018;4;10;2;3;5;7;0;0;1;0;0;1;0;0
11;7;7400823;2018;4;10;2;3;2;6;0;0;1;0;0;0;0;0
11;2;2200213;2018;4;10;2;3;1;5;0;1;1;0;0;0;0;0
11;4;4501042;2018;4;10;2;2;5;2;0;0;1;0;0;0;1;0
11;1;1100101;2018;4;16;5;3;6;7;0;0;1;1;0;0;0;1
11;12;12400720;2018;4;9;2;3;5;3;0;0;1;0;0;0;0;1
11;5;5100103;2018;4;16;5;3;3;6;0;0;0;0;1;1;0;1
11;7;7501030;2018;4;15;5;3;6;4;0;0;1;1;0;0;0;1
11;3;3400830;2018;4;15;5;3;1;5;0;0;1;0;0;0;0;0
11;5;5200423;2018;4;8;2;2;5;2;0;0;1;0;1;0;0;1
11;1;1100205;2018;4;15;5;2;1;5;0;1;1;0;0;0;0;1
11;8;8200622;2018;4;15;5;3;5;2;0;1;1;0;0;0;0;1
11;11;11100309;2018;4;15;5;3;5;3;1;1;1;0;0;0;0;1
11;5;5200420;2018;4;8;2;3;1;5;0;0;1;0;0;0;0;1
11;7;7501029;2018;4;15;5;3;0;2;0;0;1;0;1;0;0;1
11;7;7300517;2018;4;8;2;3;5;2;0;1;0;0;0;0;1;0
11;9;9200510;2018;4;7;2;3;2;3;0;1;1;0;0;1;0;0
11;4;4501148;2018;4;14;5;3;5;2;0;0;1;0;0;0;0;0
11;11;11300724;2018;4;5;2;3;2;6;1;0;1;0;0;0;0;0
11;5;5100208;2018;4;13;5;3;5;2;0;0;1;0;0;0;0;0
11;12;12500928;2018;4;18;2;3;0;1;0;1;0;0;0;0;0;0
11;1;1200626;2018;4;12;5;3;0;2;0;1;1;0;0;0;0;1
11;4;4300620;2018;4;12;5;2;0;6;0;0;1;0;1;0;0;1
11;3;3300515;2018;4;15;2;3;0;1;0;0;0;0;1;0;0;0
11;11;11100102;2018;4;11;5;3;5;3;0;0;1;0;1;0;0;1
11;11;11501339;2018;4;12;2;3;0;1;0;1;0;0;0;0;0;0
11;3;3601245;2018;4;11;5;3;5;2;0;1;1;0;0;0;0;1
11;4;4300619;2018;4;8;2;3;8;1;0;0;1;0;0;0;0;0
11;1;1200628;2018;4;11;2;3;2;6;0;0;1;0;0;0;1;0
11;1;1100309;2018;4;10;5;3;0;3;0;1;0;0;0;0;1;1
11;12;12500926;2018;4;20;2;3;5;3;2;0;1;0;0;0;1;0
11;8;8100105;2018;4;9;5;3;5;7;0;0;1;0;0;0;0;1
11;1;1200519;2018;4;17;1;2;0;7;0;0;1;1;0;0;0;0
11;1;1100308;2018;4;9;5;3;1;5;0;1;1;0;0;0;0;1
11;2;2300315;2018;4;15;1;3;1;5;0;1;1;0;0;0;0;0
11;1;1100102;2018;4;9;5;3;0;1;0;0;0;0;1;0;0;1
11;8;8100417;2018;4;18;1;3;6;4;0;0;1;1;0;0;0;0
11;7;7501029;2018;4;8;5;3;2;6;0;0;1;0;0;0;1;1
11;6;6400737;2018;4;20;1;3;0;7;1;1;1;0;0;0;0;0
11;3;3601141;2018;4;22;1;3;5;3;2;1;1;0;0;0;0;0
11;4;4300622;2018;4;8;5;3;6;4;0;0;1;1;0;0;0;0
11;2;2200212;2018;4;17;1;3;1;5;0;1;1;0;0;0;0;0
11;1;1300836;2018;4;8;5;3;3;6;0;1;0;0;0;1;0;0
11;10;10100315;2018;4;17;1;3;2;6;0;0;1;0;0;0;0;0
11;5;5300839;2018;4;8;5;3;5;3;0;1;1;0;0;0;0;1
11;8;8100312;2018;4;17;1;3;3;6;0;0;1;0;1;0;0;0
11;6;6100206;2018;4;8;5;3;5;3;0;0;1;0;0;0;1;0
11;12;12200309;2018;4;16;1;3;1;5;0;1;1;0;0;0;0;0
11;3;3601142;2018;4;7;5;3;5;3;0;0;1;0;0;0;0;1
11;5;5100316;2018;4;16;1;3;5;3;0;1;1;0;0;0;0;0
11;6;6100209;2018;4;14;1;3;5;3;0;1;1;0;0;0;0;0
11;7;7400824;2018;4;7;5;3;5;3;0;1;1;0;0;0;0;0
11;7;7300515;2018;4;13;1;3;5;7;0;1;1;0;0;0;0;0
11;10;10200629;2018;4;7;5;3;2;6;0;0;1;0;0;0;0;0
11;2;2500830;2018;4;11;1;3;5;2;0;1;1;0;0;0;0;0
11;1;1401046;2018;4;6;5;3;1;5;0;1;1;0;0;0;0;1
11;8;8200624;2018;4;10;1;3;5;3;0;1;1;0;0;0;0;0
11;8;8401243;2018;4;0;5;3;0;7;2;0;1;0;0;0;0;0
11;1;1300836;2018;4;10;1;3;1;7;0;0;1;0;1;0;0;0
11;11;11100308;2018;4;9;1;3;5;3;0;1;1;0;0;0;0;0
11;1;1100308;2018;4;12;5;3;0;1;0;0;0;0;1;0;0;1
11;9;9501939;2018;4;0;1;3;2;6;2;0;1;0;1;0;0;0
11;3;3300514;2018;4;10;5;3;0;1;0;1;0;0;0;0;0;1
11;3;3701556;2018;4;12;1;3;5;2;0;1;0;0;1;0;0;0
11;4;4400726;2018;4;12;1;2;1;5;0;1;1;0;0;0;0;0
11;2;2300314;2018;4;3;4;3;2;6;2;0;1;0;0;1;0;1
11;3;3601348;2018;4;14;1;3;2;7;0;0;1;0;0;0;0;0
11;2;2400522;2018;4;23;4;3;6;4;2;0;1;1;0;0;0;0
11;4;4100102;2018;4;14;1;3;2;6;0;0;1;0;0;0;0;0
11;12;12601134;2018;4;13;4;3;5;7;0;1;1;0;0;0;0;0
11;7;7200308;2018;4;7;4;2;0;7;0;1;1;0;0;0;0;1
11;6;6400839;2018;4;20;4;3;5;3;1;1;1;0;0;0;0;0
11;4;4501042;2018;4;17;4;3;1;5;0;0;1;0;0;0;1;0
11;12;12400619;2018;4;9;1;3;8;1;0;1;0;0;0;0;0;0
11;6;6200317;2018;4;15;4;3;2;2;0;0;1;0;0;0;1;0
11;1;1100416;2018;4;1;1;3;0;1;2;1;0;0;0;0;0;0
11;10;10200421;2018;4;16;4;3;2;6;0;0;1;0;0;0;0;0
11;4;4300416;2018;4;17;4;3;2;6;0;0;1;0;0;0;1;0
11;8;8100310;2018;4;12;7;2;3;6;0;1;0;0;0;0;1;0
11;2;2300315;2018;4;17;4;3;6;4;0;0;1;1;0;0;0;0
11;11;11100101;2018;4;9;7;2;9;1;0;0;1;0;0;0;0;0
11;5;5200630;2018;4;17;4;3;2;7;0;0;1;0;0;0;0;0
11;5;5300737;2018;4;18;4;3;5;2;0;0;1;0;0;0;0;0
11;8;8100206;2018;4;19;7;3;1;5;1;1;1;0;0;0;0;0
11;2;2100102;2018;4;18;4;3;5;2;0;1;1;0;0;0;0;0
11;12;12200412;2018;4;19;7;3;2;6;1;0;1;0;0;0;0;0
11;2;2100103;2018;4;18;4;3;5;3;0;0;1;0;1;0;0;0
11;4;4501148;2018;4;18;7;3;5;2;0;0;1;0;0;0;0;0
11;2;2100101;2018;4;16;4;3;5;3;0;1;1;0;0;0;0;0
11;4;4501043;2018;4;17;7;3;0;1;0;0;0;0;1;0;0;0
11;6;6400735;2018;4;15;4;3;0;5;0;1;1;0;0;0;0;0
11;4;4501042;2018;4;17;7;3;2;6;0;1;1;0;0;0;0;0
11;3;3400619;2018;4;15;4;3;2;7;0;0;1;0;0;0;0;0
11;12;12601032;2018;4;17;7;3;5;3;0;0;1;0;0;0;0;0
11;6;6300525;2018;4;17;7;3;5;3;0;1;0;0;1;0;0;0
11;1;1300730;2018;4;17;7;3;6;4;0;0;1;1;0;0;0;0
11;1;1401047;2018;4;15;4;2;5;3;0;1;1;0;0;0;0;0
11;3;3501038;2018;4;13;4;3;5;3;0;0;1;0;0;0;0;0
11;2;2500835;2018;4;17;7;3;5;3;0;0;1;0;0;0;0;0
11;5;5200629;2018;4;14;4;3;2;6;0;0;1;0;0;0;0;0
11;8;8100521;2018;4;17;7;3;2;7;0;0;1;0;1;0;0;0
11;1;1100312;2018;4;14;4;3;0;1;0;0;0;0;1;0;0;1
11;12;12500928;2018;4;17;7;3;2;6;0;0;1;0;0;0;0;0
11;8;8100314;2018;4;13;4;3;6;4;0;0;1;1;0;0;0;0
11;12;12200412;2018;4;16;7;3;6;4;0;1;0;1;0;0;0;0
11;9;9401329;2018;4;12;4;3;5;3;0;0;1;0;0;0;0;0
11;3;3601451;2018;4;17;7;3;5;2;0;1;1;0;0;0;0;0
11;7;7400928;2018;4;11;4;2;2;6;0;0;0;0;0;1;1;1
11;11;3601450;2018;4;16;7;2;2;3;0;0;1;0;0;0;1;0
11;10;10200526;2018;4;14;7;3;6;4;0;0;1;1;0;0;0;0
11;1;1100207;2018;4;22;4;3;5;3;2;0;1;0;0;0;0;0
11;1;1401047;2018;4;22;7;3;1;5;2;0;1;0;0;0;0;0
11;4;4300624;2018;4;10;4;3;3;6;0;1;0;0;0;0;1;0
11;6;6100206;2018;4;20;7;3;6;2;2;0;1;1;0;0;0;0
11;1;1100308;2018;4;20;4;3;5;2;2;1;1;0;0;0;0;0
11;10;10100313;2018;4;15;7;3;2;6;0;0;1;0;0;0;0;0
11;3;3601243;2018;4;10;4;3;0;2;0;1;0;0;0;0;1;0
11;12;12500927;2018;4;15;7;3;5;3;0;1;1;0;0;0;0;0
11;3;3300516;2018;4;10;4;3;5;2;0;0;1;0;0;0;0;0
11;2;2100102;2018;4;14;7;3;3;6;0;1;0;0;0;0;0;0
11;1;1401046;2018;4;10;4;3;2;2;0;0;1;0;0;0;1;0
11;9;9100203;2018;4;18;7;3;5;2;0;1;1;0;0;0;0;0
11;2;2200209;2018;4;14;7;3;2;6;0;0;1;0;0;0;0;0
11;5;5200633;2018;4;20;4;3;5;2;2;0;1;0;0;0;0;0
11;7;7400822;2018;4;13;7;3;5;3;0;1;1;0;0;0;0;0
11;4;4501153;2018;4;19;4;3;0;3;1;0;1;0;1;0;0;0
11;4;4400729;2018;4;13;7;3;0;3;0;1;0;0;0;0;0;0
11;3;3500933;2018;4;10;4;3;5;2;0;0;1;0;0;0;0;0
11;7;7200412;2018;4;17;1;3;0;1;0;1;0;0;0;0;0;0
11;3;3100102;2018;4;7;4;3;0;6;0;1;0;0;0;0;0;1
11;8;8200832;2018;4;19;4;3;2;2;0;0;1;0;1;0;0;0
11;6;6100206;2018;4;13;7;3;0;1;0;1;0;0;0;0;0;0
11;11;11501340;2018;4;16;1;2;0;6;0;1;1;0;0;0;0;0
11;5;5300737;2018;4;18;4;2;5;2;0;0;1;0;0;0;0;0
11;1;1100207;2018;4;9;4;3;0;3;0;1;1;0;0;0;0;1
11;7;7601341;2018;4;15;1;2;8;1;0;0;1;0;0;0;0;0
11;11;11300620;2018;4;20;4;2;5;2;2;0;1;0;0;0;0;0
11;4;4200309;2018;4;13;7;3;5;3;0;1;1;0;0;0;0;0
11;7;7400721;2018;4;15;1;3;2;6;0;0;1;0;0;0;0;0
11;2;2200212;2018;4;19;4;2;6;4;0;0;1;1;0;0;0;0
11;7;7100102;2018;4;12;7;3;0;5;0;0;1;0;0;0;1;0
11;2;2400521;2018;4;12;7;3;5;3;0;0;1;0;0;0;1;0
11;7;7400822;2018;4;9;4;3;2;6;0;0;0;0;0;1;1;1
11;12;12100103;2018;4;12;7;3;2;6;0;0;1;0;0;0;0;0
11;4;4200309;2018;4;13;1;3;2;7;0;1;1;0;0;0;0;0
11;5;5100211;2018;4;8;4;3;5;2;0;0;1;0;0;0;0;1
11;1;1100102;2018;4;12;7;3;0;3;0;1;0;0;0;0;1;0
11;5;5100317;2018;4;13;1;2;0;7;0;1;0;0;0;0;0;0
11;12;12200412;2018;4;8;4;3;5;3;0;0;1;0;1;0;0;1
11;3;3601140;2018;4;13;1;3;2;6;0;0;1;0;1;0;0;0
11;2;2200210;2018;4;7;4;3;5;2;0;1;1;0;0;0;0;1
11;11;11400929;2018;4;11;7;2;6;4;0;0;1;1;0;0;0;0
11;10;10400938;2018;4;7;4;3;2;6;0;0;1;0;0;0;0;1
11;5;5100316;2018;4;11;7;3;5;2;0;0;1;0;1;0;0;0
11;9;9401534;2018;4;12;1;3;2;6;0;0;1;0;0;0;1;0
11;8;8200623;2018;4;7;4;3;5;2;0;1;1;0;0;0;0;1
11;1;1100102;2018;4;10;7;3;1;5;0;1;1;0;0;0;1;0
11;4;4300416;2018;4;12;1;3;2;6;0;0;1;0;0;0;0;0
11;3;3400827;2018;4;7;4;3;5;3;0;0;1;0;0;0;0;0
11;4;4400835;2018;4;22;7;3;2;6;2;1;1;0;0;0;0;0
11;3;3400829;2018;4;11;1;3;5;3;0;1;1;0;0;0;0;0
11;2;2500830;2018;4;10;7;3;0;4;0;0;0;1;1;0;0;0
11;10;10100311;2018;4;5;4;2;2;6;2;0;1;0;0;0;1;1
11;8;8200833;2018;4;10;7;3;5;3;0;0;1;0;0;0;0;0
11;6;6100101;2018;4;11;1;3;5;2;0;1;1;0;0;0;0;0
11;8;8100521;2018;4;19;7;3;1;1;0;0;1;0;0;0;0;0
11;1;1100308;2018;4;5;4;3;0;1;1;1;0;0;0;0;0;1
11;12;12200414;2018;4;7;7;3;5;2;0;0;1;0;1;0;0;0
11;5;5400942;2018;4;23;7;2;4;6;2;0;1;0;0;0;0;0
11;1;1300834;2018;4;20;7;3;5;7;1;0;1;0;1;0;0;0
11;1;1100206;2018;4;9;4;3;8;1;0;1;0;0;0;0;0;0
11;1;1300834;2018;4;19;7;3;5;3;0;1;1;0;0;0;0;0
11;9;9100407;2018;4;15;3;3;0;7;0;0;1;0;0;0;1;0
11;9;9200819;2018;4;22;7;2;8;1;2;0;0;0;1;0;0;0
11;6;6300629;2018;4;19;7;3;5;3;1;0;1;0;0;0;1;0
11;2;2200208;2018;4;21;3;3;5;2;2;1;1;0;0;0;0;0
11;8;8401246;2018;4;6;7;3;0;7;0;0;1;0;1;0;0;0
11;8;8100417;2018;4;18;7;3;6;2;0;0;0;1;0;0;1;0
11;3;3400722;2018;4;7;3;3;5;2;0;1;1;0;0;0;0;0
11;5;5300737;2018;4;0;7;2;1;5;2;0;1;0;0;1;0;0
11;4;4500936;2018;4;17;7;2;2;6;0;0;1;0;0;0;0;0
11;3;3400618;2018;4;16;7;3;5;2;0;1;1;0;0;0;0;0
11;1;1100308;2018;4;16;3;2;0;1;0;1;0;0;0;0;0;0
11;1;1100416;2018;4;9;6;3;1;7;0;1;1;0;0;0;0;0
11;9;9501737;2018;4;15;7;3;3;6;0;1;1;0;0;0;0;0
11;1;1100309;2018;4;14;7;3;6;4;0;0;1;1;0;0;0;0
11;7;7200307;2018;4;17;3;3;5;3;0;0;1;0;0;0;0;0
11;1;1200522;2018;4;16;6;3;6;7;0;0;1;1;0;0;0;0
11;12;12400723;2018;4;13;7;3;5;3;0;0;1;0;0;0;0;0
11;8;8200623;2018;4;17;3;3;2;6;0;0;1;0;0;0;0;0
11;4;4500936;2018;4;19;6;3;0;6;0;0;1;0;1;0;0;0
11;2;2300314;2018;4;13;7;3;5;2;0;1;1;0;0;0;0;0
11;2;2200209;2018;4;17;3;3;5;2;0;1;0;0;0;0;1;0
11;8;8401243;2018;4;12;6;2;1;7;0;0;1;0;1;0;0;0
11;4;4300623;2018;4;20;6;3;5;3;2;0;1;0;0;0;0;0
11;5;5100316;2018;4;13;7;3;6;7;0;0;1;1;0;0;0;0
11;10;10400939;2018;4;16;3;3;2;6;0;1;1;0;0;0;1;0
11;2;2400625;2018;4;12;6;3;0;7;0;1;0;0;0;0;0;0
11;7;7400823;2018;4;12;7;3;5;2;0;0;1;0;0;0;0;0
11;8;8300935;2018;4;16;3;3;1;7;0;0;1;0;0;0;0;0
11;11;11100307;2018;4;18;6;3;1;5;0;1;1;0;0;0;0;0
11;5;5400943;2018;4;9;7;3;5;3;0;1;1;0;0;0;0;0
11;1;1100310;2018;4;15;7;3;2;6;0;0;0;0;1;1;0;0
11;12;12500930;2018;4;16;3;3;5;2;0;0;1;0;0;0;0;0