LAND;BEZ;LOR_ab_2021;UJAHR;UMONAT;USTUNDE;UWOCHENTAG;UKATEGORIE;UART;UTYP1;ULICHTVERH;IstRad;IstPKW;IstFuss;IstKrad;IstGkfz;IstSonstige;USTRZUSTAND
11;7;7601340;2018;4;11;6;3;0;3;0;0;1;0;0;0;0;0
11;4;4500938;2018;4;16;7;3;1;5;0;0;1;0;1;0;0;0
11;10;10200524;2018;4;14;7;2;6;4;0;0;1;1;0;0;0;0
11;2;2300315;2018;4;16;3;3;5;2;0;1;0;0;0;0;1;0
11;8;8100312;2018;4;4;6;3;1;5;0;1;1;0;0;0;0;0
11;9;9100407;2018;4;12;6;3;1;5;0;1;1;0;0;0;0;0
11;5;5200632;2018;4;16;3;3;5;7;0;0;1;0;0;0;1;0
11;8;8100521;2018;4;8;6;3;5;3;0;0;1;0;0;1;0;0
11;10;10400940;2018;4;15;7;2;6;4;0;0;1;1;0;0;0;0
11;8;8200624;2018;4;8;6;3;6;2;0;0;1;1;0;0;0;0
11;7;7501029;2018;4;16;3;3;5;2;0;0;1;0;1;0;1;0
11;3;3400827;2018;4;9;6;3;5;3;0;0;1;0;0;0;0;0
11;2;2100102;2018;4;16;7;2;5;3;0;1;1;0;0;0;0;0
11;10;10400938;2018;4;16;3;3;5;3;0;1;1;0;0;0;0;0
11;3;3601449;2018;4;9;6;3;5;2;0;1;1;0;0;0;0;0
11;8;8200832;2018;4;12;7;3;6;4;0;0;1;1;1;0;0;0
11;3;3701554;2018;4;15;3;3;6;4;0;0;1;1;0;0;0;0
11;12;12200309;2018;4;13;7;3;2;2;0;0;1;0;0;0;0;0
11;4;4100102;2018;4;15;3;3;0;1;0;0;0;0;1;0;0;1
11;9;9100101;2018;4;15;3;3;5;3;0;0;1;0;0;0;0;0
11;8;8100102;2018;4;10;6;3;0;7;0;0;1;0;0;0;1;0
11;2;2500833;2018;4;12;7;3;5;2;0;0;1;0;0;0;1;0
11;9;9100407;2018;4;15;3;2;2;7;0;0;1;0;1;0;0;0
11;2;2200212;2018;4;10;6;3;5;7;0;0;1;0;1;0;0;0
11;1;1401049;2018;4;15;3;3;5;2;0;1;1;0;0;0;0;0
11;4;4501042;2018;4;9;6;3;1;4;0;1;1;1;0;0;0;0
11;5;5100316;2018;4;11;7;3;2;6;0;0;1;0;0;0;0;0
11;3;3501037;2018;4;14;3;3;2;7;0;0;0;0;1;0;1;1
11;6;6100206;2018;4;9;6;3;0;7;0;0;1;0;1;0;0;1
11;3;3601142;2018;4;12;7;2;0;1;0;1;0;0;0;0;0;0
11;10;10300731;2018;4;14;3;3;1;5;0;0;1;0;0;0;0;0
11;4;4501152;2018;4;9;7;3;0;1;0;0;0;0;1;0;0;0
11;2;2100102;2018;4;14;3;3;4;6;0;0;1;0;0;0;0;0
11;2;2100102;2018;4;9;6;2;5;3;0;1;0;0;0;0;0;0
11;6;6300528;2018;4;13;3;3;6;4;0;0;0;1;0;1;0;0
11;3;3601449;2018;4;13;3;2;5;3;0;0;1;0;1;0;0;0
11;1;1100207;2018;4;8;6;3;5;3;0;0;1;0;1;0;0;0
11;1;1100309;2018;4;12;6;3;5;2;0;1;0;0;0;0;0;0
11;7;7400927;2018;4;13;3;2;1;5;0;1;0;0;0;1;0;0
11;2;2400521;2018;4;9;6;3;5;2;0;1;0;0;0;0;1;0
11;9;9100101;2018;4;12;3;2;5;3;0;1;0;0;0;1;0;0
11;6;6100101;2018;4;8;6;2;1;5;0;1;1;0;0;0;0;0
11;1;1400942;2018;4;11;3;3;2;6;0;0;1;0;0;0;0;0
11;3;3501037;2018;4;7;6;3;2;6;0;0;1;0;0;0;0;0
11;1;1200517;2018;4;18;6;2;5;7;0;0;1;0;1;0;0;0
11;1;1100415;2018;4;10;3;3;1;5;0;1;1;0;0;0;0;0
11;12;12100205;2018;4;7;6;3;5;3;0;0;1;0;1;0;0;0
11;8;8100208;2018;4;10;3;3;5;2;0;1;0;0;0;0;1;0
11;9;9200715;2018;4;6;6;3;5;3;0;1;1;0;0;0;0;0
11;1;1100312;2018;4;23;6;3;5;7;2;1;1;0;0;0;0;0
11;12;12500927;2018;4;14;6;2;5;2;0;1;1;0;0;0;0;0
11;12;12601032;2018;4;9;3;3;6;4;0;0;1;1;0;0;0;0
11;7;7601544;2018;4;10;6;3;2;6;0;0;1;0;0;0;0;0
11;12;12100101;2018;4;13;6;3;2;6;0;0;1;0;1;0;0;0
11;1;1200629;2018;4;8;3;3;5;7;0;0;1;0;1;0;0;0
11;2;2300418;2018;4;0;6;3;8;1;2;1;0;0;0;0;0;0
11;7;7200307;2018;4;23;6;3;5;7;2;0;1;0;1;0;0;0
11;7;7300619;2018;4;13;6;3;1;5;0;1;1;0;0;0;1;0
11;6;6300528;2018;4;8;3;3;1;7;0;1;1;0;0;0;0;0
11;1;1300733;2018;4;21;6;3;0;2;2;1;1;0;0;0;0;0
11;3;3601243;2018;4;12;6;3;3;6;0;1;1;0;0;0;0;0
11;6;6100208;2018;4;18;6;3;5;2;0;1;1;0;0;0;0;0
11;5;5200629;2018;4;12;6;3;5;2;0;1;1;0;0;0;0;0
11;7;7501032;2018;4;8;3;3;2;6;0;0;1;0;0;0;1;0
11;7;7501032;2018;4;17;6;3;0;1;0;0;0;0;1;0;0;0
11;2;2200211;2018;4;11;6;3;6;4;0;0;0;1;0;1;0;0
11;2;2400521;2018;4;6;3;3;9;1;0;0;1;0;0;0;0;0
11;6;6200311;2018;4;16;6;3;0;7;0;0;1;0;0;0;1;0
11;12;12400721;2018;4;10;6;3;5;3;0;0;1;0;0;0;0;0
11;2;2200213;2018;4;9;6;2;6;4;0;0;1;1;0;0;0;0
11;9;9200716;2018;4;6;3;3;5;3;0;0;1;0;0;0;0;0
11;12;12100205;2018;4;16;6;3;5;2;0;1;1;0;0;0;0;0
11;9;9100407;2018;4;8;6;3;6;7;0;0;1;1;0;0;0;0
11;11;11300722;2018;4;8;6;2;5;2;0;1;0;0;0;0;1;0
11;1;1100414;2018;4;6;3;3;6;2;0;0;1;1;0;0;0;0
11;1;1200522;2018;4;16;6;3;5;2;0;0;1;0;1;0;0;0
11;6;6100207;2018;4;16;6;3;2;7;0;0;1;0;0;0;0;0
11;9;9200819;2018;4;7;6;3;2;6;0;0;1;0;0;0;1;0
11;2;2100103;2018;4;13;3;3;6;4;0;1;0;1;0;0;0;0
11;4;4500939;2018;4;16;6;2;0;4;0;0;0;1;1;0;0;0
11;10;10400940;2018;4;5;6;2;5;3;1;1;0;0;0;0;1;0
11;3;3601450;2018;4;16;3;3;0;2;0;1;1;0;0;0;0;0
11;2;2400624;2018;4;16;6;3;4;6;0;1;1;0;0;0;0;0
11;4;4300619;2018;4;11;6;3;3;5;0;0;1;0;0;0;1;0
11;7;7200411;2018;4;21;6;3;3;6;2;1;1;0;0;0;0;0
11;4;4200308;2018;4;20;3;3;2;6;2;0;1;0;0;0;0;0
11;8;8200831;2018;4;15;6;2;0;6;0;0;1;0;0;0;1;0
11;4;4400835;2018;4;20;3;3;6;7;1;0;1;1;0;0;0;0
11;1;1100102;2018;4;15;6;3;0;6;0;0;1;0;1;0;0;0
11;1;1100102;2018;4;21;6;3;5;3;2;0;1;0;0;0;0;0
11;8;8100102;2018;4;19;6;3;6;4;0;1;0;1;0;0;0;0
11;1;1100103;2018;4;20;3;3;2;6;1;0;1;0;0;0;0;0
11;2;2300417;2018;4;14;6;3;5;3;0;0;1;0;0;0;0;0
11;4;4300412;2018;4;19;6;3;5;7;0;1;1;0;0;0;0;0
11;1;1100311;2018;4;19;6;3;0;5;0;0;1;0;1;0;0;0
11;4;4300624;2018;4;18;3;2;6;4;0;0;1;1;0;0;0;0
11;7;7601238;2018;4;15;6;3;2;6;0;0;1;0;0;0;0;0
11;6;6100206;2018;4;15;6;2;5;2;0;1;0;0;0;0;0;0
11;9;9200511;2018;4;19;3;2;0;1;0;1;0;0;0;0;0;0
11;1;1300733;2018;4;14;6;3;3;6;0;0;1;0;1;0;0;0
11;6;6400844;2018;4;17;6;3;4;6;0;1;0;0;0;0;0;0
11;11;11400929;2018;4;17;3;1;6;4;0;0;0;1;0;0;1;0
11;10;10100315;2018;4;14;6;3;3;6;0;1;0;0;0;0;1;0
11;3;3601245;2018;4;17;6;3;0;2;0;0;1;0;1;0;0;0
11;3;3601140;2018;4;19;2;3;5;2;0;1;1;0;0;0;0;0
11;1;1401046;2018;4;16;6;3;5;2;0;1;0;0;0;0;1;0
11;10;10300734;2018;4;8;2;3;2;6;0;0;1;0;0;0;0;0
11;3;3400619;2018;4;21;2;3;5;3;2;1;1;0;0;0;0;0
11;4;4300518;2018;4;14;6;3;5;3;0;1;1;0;0;0;0;0
11;1;1200625;2018;4;16;6;3;0;7;0;1;0;0;0;0;0;0
11;4;4500937;2018;4;19;2;3;2;6;0;0;1;0;0;0;0;0
11;8;8100521;2018;4;14;6;3;5;3;0;0;1;0;0;0;0;0
11;4;4300620;2018;4;19;2;3;6;2;0;0;1;1;0;0;0;0
11;1;1300733;2018;4;15;6;3;5;2;0;1;1;0;0;0;0;0
11;4;4501042;2018;4;18;2;3;2;6;0;0;1;0;0;0;0;0
11;1;1100311;2018;4;13;6;3;5;3;0;0;1;0;0;0;0;0
11;8;8200726;2018;4;13;6;3;5;3;0;1;1;0;0;0;0;0
11;7;7400823;2018;4;18;2;3;5;2;0;1;1;0;0;0;0;0
11;1;1100311;2018;4;12;6;3;0;2;0;1;1;0;1;0;0;0
11;6;6300633;2018;4;16;6;2;5;7;0;0;1;0;1;0;0;0
11;10;10400940;2018;4;18;2;3;5;3;0;1;1;0;0;0;0;0
11;2;2200208;2018;4;12;6;3;3;6;0;1;0;0;0;0;0;0
11;10;10400938;2018;4;16;6;2;5;3;0;1;1;0;0;0;0;0
11;12;12200310;2018;4;18;2;3;5;3;0;0;1;0;0;0;0;0
11;2;2300315;2018;4;22;6;3;5;7;2;0;1;0;0;0;0;0
11;6;6300526;2018;4;18;2;3;5;2;0;1;1;0;0;0;0;0
11;8;8401243;2018;4;12;6;3;0;6;0;1;1;0;0;0;0;0
11;8;8301037;2018;4;17;2;3;0;2;0;0;1;0;1;0;0;0
11;11;11400930;2018;4;11;6;3;5;3;0;0;1;0;0;0;0;0
11;1;1100311;2018;4;15;6;3;3;6;0;0;1;0;0;0;0;0
11;1;1100313;2018;4;16;2;3;5;3;0;1;1;0;0;0;0;0
11;8;8100312;2018;4;12;6;3;3;6;0;0;1;0;0;0;0;0
11;2;2300316;2018;4;16;2;3;2;6;0;0;1;0;0;0;0;0
11;7;7300619;2018;4;11;6;3;2;6;0;0;1;0;0;0;0;0
11;6;6400843;2018;4;15;6;3;2;6;0;0;1;0;1;0;0;0
11;9;9501737;2018;4;15;6;3;1;7;0;0;1;0;0;0;0;0
11;2;2200212;2018;4;15;2;3;6;7;0;1;0;1;0;0;0;0
11;6;6200420;2018;4;21;6;2;0;1;2;1;0;0;0;0;0;0
11;1;1100102;2018;4;16;6;3;6;4;0;0;1;1;0;0;0;1
11;1;1100310;2018;4;20;6;3;0;1;2;1;0;0;0;0;0;0
11;4;4300623;2018;4;8;6;3;2;6;0;0;1;0;0;0;1;0
11;11;11300724;2018;4;15;2;3;6;4;0;0;1;1;0;0;0;0
11;2;2200212;2018;4;18;6;3;0;1;0;0;0;0;1;0;0;0
11;8;8200832;2018;4;9;5;3;0;4;0;0;0;1;0;0;1;1
11;7;7400823;2018;4;12;5;2;2;6;0;0;1;0;0;0;0;1
11;4;4300518;2018;4;15;2;3;5;2;0;1;1;0;0;0;0;0
11;9;9301228;2018;4;14;6;2;9;1;0;0;1;0;0;0;0;0
11;1;1200517;2018;4;15;2;2;5;2;0;1;1;0;0;0;0;0
11;1;1100308;2018;4;17;5;3;3;2;0;1;1;0;0;0;0;0
11;1;1200517;2018;4;18;5;3;5;3;0;0;1;0;1;0;0;1
11;6;6300528;2018;4;15;2;3;5;3;0;0;1;0;0;0;0;0
11;2;2300316;2018;4;16;5;2;5;3;0;1;1;0;0;0;0;0
11;3;3300411;2018;4;5;5;3;5;3;0;0;1;0;0;0;0;0
11;1;1100415;2018;4;15;2;3;6;6;0;1;0;1;0;0;0;0
11;6;6300633;2018;4;8;5;3;0;3;0;1;0;0;0;0;1;0
11;2;2300314;2018;4;21;5;2;2;7;2;1;1;0;0;0;0;0
11;1;1100309;2018;4;20;5;3;1;1;2;0;1;0;0;0;0;0
11;3;3701556;2018;4;8;5;3;6;4;0;1;0;1;0;0;0;0
11;2;2100104;2018;4;18;5;3;5;3;0;0;1;0;1;0;0;1
11;5;5100316;2018;4;18;5;3;5;3;0;0;1;0;0;0;0;1
11;10;10100315;2018;4;22;5;2;5;2;2;0;1;0;0;0;0;0
11;7;7100102;2018;5;16;2;3;5;2;0;0;1;0;1;0;0;0
11;9;9100101;2018;5;16;2;3;6;4;0;0;1;1;0;0;0;0
11;12;12500930;2018;5;9;6;3;5;2;0;0;1;0;0;0;1;0
11;2;2500835;2018;5;14;2;3;6;4;0;0;0;1;1;0;0;0
11;2;2500728;2018;5;9;6;3;5;2;0;1;1;0;0;0;0;0
11;3;3601142;2018;5;14;2;3;1;5;0;0;1;0;1;0;0;0
11;8;8100102;2018;5;21;6;3;6;4;2;0;1;1;0;0;0;0
11;1;1200517;2018;5;8;6;3;5;2;0;0;1;0;1;0;0;0
11;7;7501133;2018;5;14;2;3;0;6;0;1;1;0;0;0;0;0
11;7;7400823;2018;5;23;6;2;1;5;2;1;1;0;0;0;0;0
11;3;3400827;2018;5;8;6;3;5;3;0;0;1;0;0;0;0;0
11;9;9401534;2018;5;14;2;3;1;5;0;1;1;0;0;0;0;0
11;8;8100314;2018;5;13;2;3;0;5;0;1;0;0;0;0;1;0
11;4;4100101;2018;5;13;2;3;5;2;0;0;1;0;0;0;0;0
11;7;7501134;2018;5;7;6;3;5;3;0;0;1;0;0;1;0;0
11;12;12100204;2018;5;14;2;3;6;4;0;0;1;1;1;0;0;0
11;3;3701555;2018;5;7;6;3;5;3;0;1;1;0;0;0;0;0
11;1;1100312;2018;5;7;6;2;5;2;0;1;0;0;0;1;0;0
11;12;12200412;2018;5;14;2;2;5;2;0;0;1;0;1;0;0;0
11;10;10300731;2018;5;7;6;3;1;5;0;1;1;0;0;0;0;0
11;4;4501042;2018;5;16;5;3;5;2;0;0;1;0;1;0;0;0
11;9;9200717;2018;5;15;2;2;6;4;0;0;1;1;0;0;0;0
11;4;4200310;2018;5;16;5;3;5;3;0;0;1;0;1;0;0;0
11;8;8200730;2018;5;15;2;3;5;7;0;0;1;0;0;0;0;0
11;7;7100101;2018;5;16;2;3;0;7;0;0;1;0;0;0;0;0
11;6;6200312;2018;5;13;2;3;2;6;0;0;1;0;0;0;0;0
11;6;6300632;2018;5;15;5;3;6;7;0;0;1;1;0;0;0;0
11;11;11100102;2018;5;16;2;3;2;6;0;0;1;0;1;0;0;0
11;9;9300920;2018;5;7;5;3;5;3;0;1;1;0;0;0;0;0
11;11;11300618;2018;5;18;5;3;5;3;0;0;1;0;0;0;0;0
11;1;1300835;2018;5;7;2;3;0;3;0;0;0;0;1;1;0;0
11;2;2500831;2018;5;23;2;3;5;3;2;0;1;0;1;0;0;0
11;2;2100104;2018;5;19;5;3;5;3;1;1;1;0;0;0;0;0
11;2;2200212;2018;5;19;2;2;5;2;0;1;0;0;0;0;0;0
11;10;10100316;2018;5;19;5;3;2;6;0;0;1;0;0;0;0;0
11;12;12100101;2018;5;20;2;3;5;3;1;1;1;0;0;0;0;0
11;1;1200520;2018;5;10;2;3;3;2;0;0;1;0;0;0;1;0
11;7;7200307;2018;5;19;5;3;2;7;0;1;0;0;0;0;1;0
11;4;4501149;2018;5;20;2;3;5;2;1;1;1;0;0;0;0;0
11;8;8100415;2018;5;20;2;3;6;7;0;0;1;1;0;0;0;0
11;3;3500936;2018;5;7;5;3;0;6;0;1;0;0;0;0;1;0
11;2;2300315;2018;5;20;5;3;5;3;1;1;0;0;0;0;1;0
11;9;9200715;2018;5;17;2;3;6;2;0;0;1;1;0;0;0;0
11;12;12400619;2018;5;16;5;3;4;1;0;0;1;0;0;0;0;0
11;12;12200309;2018;5;16;5;3;0;5;0;1;0;0;0;0;1;0
11;10;10200628;2018;5;18;2;3;1;5;0;0;0;0;0;1;1;0
11;4;4501149;2018;5;18;2;3;5;7;0;1;1;0;0;0;0;0
11;1;1200623;2018;5;18;5;3;3;6;0;1;1;0;0;0;0;0
11;5;5100317;2018;5;0;2;3;8;1;2;0;1;0;0;0;0;0
11;4;4500936;2018;5;17;5;3;5;7;0;0;1;0;0;0;1;0
11;4;4501149;2018;5;18;2;3;5;2;0;1;0;0;1;0;0;0
11;5;5100208;2018;5;16;5;3;2;6;0;0;1;0;0;0;0;0
11;8;8100103;2018;5;19;5;3;2;6;0;0;1;0;0;0;0;0
11;5;5200629;2018;5;18;2;3;0;2;0;0;1;0;0;0;1;0
11;10;10200421;2018;5;18;5;2;5;2;0;0;1;0;1;0;0;0
11;12;12500824;2018;5;18;5;2;5;3;0;0;1;0;0;0;0;0
11;1;1100206;2018;5;18;2;3;1;5;0;0;1;0;1;0;0;0
11;3;3500933;2018;5;17;5;3;2;6;0;0;1;0;0;0;0;0
11;9;9501737;2018;5;16;5;2;5;3;0;1;1;0;0;0;0;0
11;9;9300920;2018;5;7;2;3;5;2;0;1;1;0;0;0;0;0
11;5;5100208;2018;5;7;2;2;5;7;0;0;1;0;1;0;0;0
11;3;3601449;2018;5;15;5;2;5;3;0;1;1;0;0;0;0;0
11;9;9502043;2018;5;8;2;3;5;7;0;0;1;0;0;0;0;0
11;5;5100314;2018;5;22;5;3;8;1;2;0;1;0;0;0;0;0
11;1;1300835;2018;5;7;2;3;0;2;0;1;1;0;0;0;0;0
11;3;3500932;2018;5;4;5;3;6;7;2;1;0;1;0;0;0;0
11;10;10100209;2018;5;7;5;2;5;3;0;0;1;0;0;0;0;0
11;3;3500936;2018;5;7;2;3;0;7;0;0;1;0;1;0;0;1
11;7;7100102;2018;5;7;5;3;5;2;0;1;1;0;0;0;0;0
11;4;4500939;2018;5;8;2;3;2;6;0;1;0;0;0;0;0;0
11;8;8100209;2018;5;9;2;3;5;3;0;0;1;0;0;0;0;0
11;1;1100102;2018;5;7;2;3;5;3;0;1;1;0;0;0;0;0
11;1;1300733;2018;5;9;5;3;2;7;0;0;1;0;1;0;1;0
11;11;11401137;2018;5;9;5;3;5;2;0;1;1;0;0;0;0;0
11;5;5200528;2018;5;8;2;2;2;6;0;0;0;0;1;0;1;0
11;2;2200212;2018;5;9;2;3;2;6;0;0;1;0;0;0;1;0
11;4;4300619;2018;5;9;2;3;2;6;0;0;1;0;0;0;0;0
11;6;6200422;2018;5;10;5;3;5;3;0;1;1;0;0;0;0;0
11;6;6100209;2018;5;9;2;3;5;2;0;1;1;0;0;0;0;0
11;6;6400844;2018;5;11;5;3;6;4;0;1;0;1;0;0;0;0
11;1;1100309;2018;5;12;5;2;0;1;0;1;0;0;0;0;0;0
11;2;2100104;2018;5;12;5;3;4;6;0;0;1;0;0;0;0;0
11;3;3200205;2018;5;10;2;3;5;3;0;0;1;0;0;0;0;0
11;6;6400844;2018;5;10;2;3;5;3;0;1;1;0;0;0;0;0
11;12;12601235;2018;5;15;5;3;6;4;0;0;1;1;0;0;0;0
11;1;1100206;2018;5;10;2;3;5;3;0;1;1;0;0;0;0;0
11;3;3200206;2018;5;15;5;3;5;3;0;0;1;0;0;0;0;0
11;12;12400720;2018;5;10;2;3;0;3;0;0;1;0;0;0;1;0
11;6;;2018;5;15;5;3;2;6;0;1;1;0;0;0;0;0
11;4;4501040;2018;5;13;5;3;1;5;0;1;1;0;0;0;0;0
11;6;6100101;2018;5;11;2;3;3;6;0;1;1;0;0;0;0;0
11;8;8100415;2018;5;0;4;3;3;6;2;1;1;0;0;0;0;0
11;1;1100310;2018;5;11;2;2;6;2;0;0;1;1;0;0;0;0
11;2;2200212;2018;5;13;5;3;1;5;0;1;1;0;0;0;0;0
11;9;9200819;2018;5;17;4;3;0;2;0;1;1;0;0;0;0;0
11;5;5300840;2018;5;12;2;3;0;2;0;0;1;0;1;0;0;0
11;1;1300834;2018;5;17;4;3;3;6;0;1;1;0;0;0;0;0
11;1;1100309;2018;5;12;2;3;5;7;0;0;1;0;0;0;1;0
11;1;1401048;2018;5;21;4;3;5;2;0;1;1;0;0;0;0;0
11;8;8100312;2018;5;22;4;3;1;5;2;1;1;0;0;0;0;0
11;4;4200203;2018;5;11;4;3;5;2;0;0;1;0;0;0;0;0
11;7;7400822;2018;5;12;2;2;5;2;0;1;1;0;0;0;0;0
11;9;9200717;2018;5;13;4;3;3;6;0;1;0;0;0;0;1;0
11;6;6300633;2018;5;7;4;2;5;3;0;1;1;0;0;0;0;0
11;1;1100103;2018;5;12;2;3;0;1;0;1;0;0;0;0;0;0
11;6;6300633;2018;5;12;2;2;0;1;0;0;0;0;1;0;0;0
11;7;7100206;2018;5;20;1;3;0;6;1;0;1;0;0;0;1;0
11;12;12100205;2018;5;8;4;3;2;6;0;0;1;0;0;0;0;0
11;11;11300620;2018;5;13;4;3;0;1;0;1;0;0;0;0;0;0
11;2;2200210;2018;5;11;4;3;5;3;0;0;1;0;1;0;0;0
11;9;9100203;2018;5;13;4;2;6;4;0;0;1;1;0;0;0;0
11;2;2400623;2018;5;16;1;3;1;5;0;1;1;0;0;0;1;0
11;2;2400623;2018;5;12;4;2;1;5;0;1;1;0;0;0;0;0
11;9;9200715;2018;5;17;1;3;5;3;0;0;1;0;0;0;0;0
11;6;6200420;2018;5;11;4;3;5;3;0;0;1;0;0;0;0;0
11;1;1300732;2018;5;12;4;3;5;3;0;0;1;0;0;0;0;0
11;12;12200412;2018;5;18;1;2;9;1;0;0;1;1;0;0;0;0
11;3;3601142;2018;5;13;4;3;6;4;0;1;0;1;0;0;0;0
11;2;2500835;2018;5;9;4;2;5;2;0;1;0;0;0;0;1;0
11;4;4500937;2018;5;14;1;3;2;6;0;0;1;0;0;0;0;0
11;1;1200522;2018;5;13;4;3;5;2;0;1;1;0;0;0;0;0
11;1;1300731;2018;5;12;4;3;2;6;0;0;1;0;0;0;0;0
11;1;1100206;2018;5;10;4;2;5;7;0;0;1;0;1;0;0;0
11;7;7100205;2018;5;13;1;3;5;3;0;1;1;0;0;0;0;0
11;4;4501146;2018;5;13;4;3;2;2;0;0;1;0;0;0;0;0
11;7;7300516;2018;5;10;4;2;6;2;0;0;1;1;0;0;0;0
11;2;2300315;2018;5;17;4;3;1;5;0;1;1;0;0;0;1;0
11;1;1100312;2018;5;13;1;3;3;6;0;0;1;0;1;0;0;0
11;8;8401243;2018;5;12;1;2;5;3;0;1;1;0;0;0;0;0
11;4;4300623;2018;5;16;4;3;2;6;0;0;1;0;0;0;0;0
11;5;5100101;2018;5;11;1;3;2;7;0;0;1;0;0;0;0;0
11;1;1100313;2018;5;9;4;3;5;3;0;1;1;0;0;0;0;0
11;11;11100102;2018;5;16;4;2;6;4;0;0;0;1;1;0;0;0
11;9;9501939;2018;5;18;1;3;2;6;0;0;1;0;1;0;0;0
11;3;3500932;2018;5;9;4;3;0;6;0;1;1;0;0;0;0;0
11;3;3601142;2018;5;9;4;2;5;2;0;0;1;0;1;0;0;0
11;10;10100316;2018;5;16;4;2;6;4;0;0;1;1;0;0;0;0
11;2;2100104;2018;5;18;1;2;5;3;0;1;1;0;0;0;0;0
11;7;7100205;2018;5;22;4;3;5;7;2;1;1;0;0;0;0;0
11;4;4100101;2018;5;16;4;3;0;3;0;0;0;0;1;1;0;0
11;4;4300414;2018;5;19;1;3;0;1;0;1;1;0;0;0;0;0
11;8;8100417;2018;5;21;4;3;5;3;1;0;1;0;0;0;0;0
11;1;1100312;2018;5;8;4;3;5;3;0;1;1;0;0;0;0;0
11;7;7100205;2018;5;16;4;3;6;7;0;0;0;1;1;0;0;0
11;7;7501029;2018;5;10;1;3;5;7;0;0;1;0;0;0;0;0
11;1;1100313;2018;5;7;4;3;0;7;0;1;1;0;0;0;0;0
11;6;6300527;2018;5;5;4;3;5;3;0;0;1;0;0;0;0;0
11;11;11401137;2018;5;16;4;2;5;3;0;0;1;0;1;0;0;0
11;2;2400521;2018;5;10;1;3;0;2;0;0;1;0;1;0;0;0
11;6;6200420;2018;5;9;1;3;5;3;0;0;1;0;0;0;0;0
11;2;2100102;2018;5;16;4;3;5;2;0;1;0;0;0;0;1;0
11;10;10400941;2018;5;17;1;3;5;3;0;0;1;0;0;0;0;0
11;7;7400823;2018;5;20;4;3;2;6;2;0;1;0;0;0;0;0
11;2;2300314;2018;5;16;4;3;0;3;0;0;1;0;0;0;1;0
11;5;5100316;2018;5;7;1;3;0;1;0;0;0;0;1;0;0;0
11;7;7100206;2018;5;15;4;3;1;5;0;1;1;0;0;0;0;0
11;8;8100415;2018;5;19;4;3;0;3;0;0;1;0;0;0;1;0
11;2;2300315;2018;5;15;4;3;6;4;0;0;1;1;0;0;0;0
11;4;4200310;2018;5;15;4;2;3;6;0;1;1;0;0;0;0;0
11;3;3200309;2018;5;16;1;3;0;2;0;1;1;0;0;0;0;0
11;4;4501042;2018;5;17;4;2;6;7;0;0;1;1;0;0;0;0
11;1;1300733;2018;5;15;4;3;5;2;0;1;1;0;0;0;0;0
11;10;10200417;2018;5;15;4;2;6;4;0;0;1;1;0;0;0;0
11;4;4400835;2018;5;17;4;3;5;2;0;1;1;0;0;0;0;0
11;8;8401139;2018;5;15;4;3;5;2;0;0;1;0;0;0;0;0
11;1;1200629;2018;5;6;1;3;5;3;0;1;1;0;0;0;0;0
11;3;3701657;2018;5;8;4;3;5;2;0;1;1;0;0;0;0;0
11;12;12100103;2018;5;7;3;3;3;6;0;0;1;0;1;0;0;0
11;4;4400729;2018;5;15;1;3;5;2;0;1;1;0;0;0;0;0
11;4;4200309;2018;5;2;1;3;1;5;2;0;1;0;0;0;0;0
11;1;1100101;2018;5;17;3;3;5;3;0;1;0;0;0;0;0;0
11;3;3601451;2018;5;15;1;3;5;2;0;1;1;0;0;0;0;0
11;10;10100311;2018;5;16;4;2;2;6;0;0;0;0;1;0;1;0
11;10;10100207;2018;5;12;3;3;6;7;0;1;0;1;0;0;0;0
11;12;12500824;2018;5;14;1;2;5;2;0;1;1;0;0;0;0;0
11;1;1100205;2018;5;8;4;3;0;6;0;0;1;0;0;0;1;0
11;9;9300920;2018;5;17;3;3;3;6;0;1;1;0;0;0;0;0
11;8;8200624;2018;5;16;4;3;5;2;0;1;1;0;0;0;0;0
11;7;7300516;2018;5;15;3;3;6;7;0;0;1;1;0;0;0;0
11;1;1400942;2018;5;23;7;3;5;2;2;1;1;0;0;0;0;0
11;6;6100205;2018;5;19;3;3;6;4;0;1;0;1;0;0;0;0
11;6;6300632;2018;5;12;7;3;0;2;0;1;1;0;0;0;0;0
11;2;2500831;2018;5;15;4;3;0;1;0;1;0;0;0;0;0;0
11;2;2200210;2018;5;22;3;3;5;3;2;1;1;0;0;0;0;0
11;1;1100308;2018;5;18;7;3;3;6;0;1;1;0;0;0;0;0
11;1;1100312;2018;5;1;4;3;0;1;2;0;0;0;1;0;0;1
11;3;2400520;2018;5;20;3;3;1;5;0;0;1;0;1;0;0;0
11;5;5300737;2018;5;18;7;3;2;6;0;0;1;0;0;0;0;0
11;3;3300412;2018;5;16;4;2;3;6;0;1;0;0;0;0;1;0
11;2;2200207;2018;5;17;7;3;5;2;0;1;1;0;0;0;0;0
11;7;7400721;2018;5;19;3;3;5;2;0;1;1;0;0;0;0;0
11;8;8401242;2018;5;16;7;3;5;3;0;1;1;0;0;0;0;0
11;9;9501940;2018;5;16;4;3;5;3;0;1;0;0;0;0;0;0
11;1;1100310;2018;5;16;4;3;2;6;0;0;1;0;0;0;1;0
11;5;5100211;2018;5;18;3;3;5;2;0;1;0;0;0;0;1;0
11;9;9501838;2018;5;15;7;3;5;2;0;1;1;0;0;0;0;0
11;12;12200412;2018;5;16;4;3;2;7;0;0;1;0;0;0;0;0