LAND;BEZ;LOR_ab_2021;UJAHR;UMONAT;USTUNDE;UWOCHENTAG;UKATEGORIE;UART;UTYP1;ULICHTVERH;IstRad;IstPKW;IstFuss;IstKrad;IstGkfz;IstSonstige;USTRZUSTAND
11;1;1200624;2018;5;14;4;3;5;2;0;1;1;0;0;0;0;0
11;4;4501148;2018;5;18;3;3;5;2;0;1;1;0;0;0;0;0
11;3;3500934;2018;5;14;7;3;5;2;0;1;1;0;0;0;0;0
11;3;3200205;2018;5;18;3;3;5;2;0;1;0;0;0;0;1;0
11;7;7100205;2018;5;12;7;3;5;2;0;1;1;0;0;0;0;0
11;1;1300733;2018;5;14;4;3;3;6;0;1;0;0;0;0;0;0
11;2;2500833;2018;5;18;3;3;5;3;0;1;1;0;0;0;0;0
11;1;1200625;2018;5;13;7;3;2;7;0;0;1;0;0;0;0;0
11;1;1300733;2018;5;14;4;3;5;3;0;0;1;0;0;0;0;0
11;12;12400721;2018;5;17;3;3;1;5;0;0;1;0;1;0;0;0
11;4;4100101;2018;5;18;7;3;3;6;0;0;1;0;0;0;0;0
11;7;7100205;2018;5;14;4;3;5;3;0;0;1;0;1;0;0;0
11;2;2300315;2018;5;2;4;1;0;7;2;0;0;1;0;0;1;0
11;1;1100206;2018;5;17;3;3;5;3;0;1;1;0;0;0;0;0
11;2;2500834;2018;5;16;7;3;6;4;0;0;1;1;0;0;0;0
11;9;9200716;2018;5;10;3;3;6;7;0;0;1;1;0;0;0;0
11;8;8100310;2018;5;23;3;3;4;1;2;1;0;0;0;0;0;0
11;4;4200207;2018;5;20;3;2;0;1;1;1;0;0;0;0;0;0
11;3;3300412;2018;5;15;7;3;5;3;0;0;1;0;0;0;0;0
11;1;1100309;2018;5;20;3;3;2;6;2;1;1;0;0;0;0;0
11;3;3300413;2018;5;12;3;3;5;2;0;0;0;0;1;0;1;0
11;1;1300834;2018;5;18;7;2;3;5;0;0;1;0;0;0;1;0
11;4;4501153;2018;5;18;3;3;5;2;0;1;1;0;0;0;0;0
11;1;1100310;2018;5;10;3;3;5;2;0;1;1;0;0;0;0;0
11;8;8200730;2018;5;16;7;3;0;2;0;0;1;0;0;0;1;0
11;9;9501939;2018;5;20;7;2;0;1;1;1;0;0;0;0;0;0
11;1;1100309;2018;5;17;3;3;6;4;0;0;1;1;0;0;0;0
11;4;4200203;2018;5;10;3;3;2;2;0;0;1;0;0;0;1;0
11;1;1100207;2018;5;14;7;2;3;1;0;0;1;0;1;0;0;0
11;7;7501133;2018;5;17;3;3;1;5;0;0;0;0;1;1;0;0
11;5;5100101;2018;5;10;3;3;1;5;0;1;1;0;0;0;0;0
11;5;5300840;2018;5;14;7;3;9;1;0;0;1;0;0;0;0;0
11;3;3500932;2018;5;16;3;3;6;4;0;0;0;1;1;0;0;0
11;5;5100209;2018;5;16;3;3;5;2;0;1;0;0;0;0;1;0
11;5;5100315;2018;5;10;3;3;1;5;0;1;1;0;0;0;0;0
11;1;3701556;2018;5;15;7;2;5;3;0;1;1;0;0;0;0;0
11;1;1300731;2018;5;16;3;2;6;4;0;0;1;1;0;0;0;0
11;12;12100101;2018;5;15;3;3;5;3;0;1;1;0;0;0;0;0
11;1;1300836;2018;5;7;3;3;2;2;0;0;0;0;1;1;0;0
11;3;3601243;2018;5;17;7;3;5;3;0;0;1;0;0;0;0;0
11;8;8200832;2018;5;11;7;3;7;7;0;1;0;0;0;0;0;0
11;9;9200819;2018;5;7;3;3;5;2;0;1;1;0;0;0;0;0
11;4;4300412;2018;5;23;7;3;6;4;2;0;1;1;0;0;0;0
11;2;2500833;2018;5;15;3;2;6;4;0;1;0;1;0;0;0;0
11;8;8100102;2018;5;21;7;2;3;6;2;1;0;0;0;0;0;0
11;2;2500830;2018;5;7;3;3;5;2;0;1;1;0;0;0;0;0
11;12;12200309;2018;5;12;7;3;5;7;0;0;1;0;1;0;0;0
11;9;9200510;2018;5;14;3;3;6;4;0;0;1;1;0;0;0;0
11;9;9300920;2018;5;7;3;3;5;2;0;0;1;0;1;0;0;0
11;8;8200832;2018;5;8;7;2;5;3;0;0;1;0;0;0;0;0
11;1;1401048;2018;5;13;3;3;2;6;0;0;1;0;0;0;0;0
11;1;1200517;2018;5;7;3;3;6;4;0;0;1;1;0;0;0;0
11;1;1300834;2018;5;13;3;2;3;6;0;0;1;0;0;0;1;0
11;1;1100308;2018;5;6;3;3;5;3;0;1;1;0;0;0;0;0
11;2;2400521;2018;5;10;3;3;5;2;0;1;1;0;0;0;0;0
11;8;8401139;2018;5;9;7;3;5;3;0;1;1;0;0;0;0;0
11;7;7400826;2018;5;11;3;2;2;6;0;0;1;0;0;0;0;0
11;7;7601442;2018;5;4;3;2;5;2;1;1;0;0;0;0;1;0
11;1;1100313;2018;5;10;7;3;2;2;0;0;0;0;1;0;1;0
11;2;2200212;2018;5;9;3;3;0;2;0;1;0;0;0;1;0;0
11;9;9200819;2018;5;10;7;3;2;6;0;0;1;0;1;0;0;0
11;1;1100101;2018;4;23;2;3;8;1;2;0;1;0;0;0;0;0
11;2;2400623;2018;5;9;3;3;5;3;0;0;1;0;0;0;0;0
11;10;10100208;2018;5;11;7;2;5;3;0;1;1;0;0;0;0;0
11;2;2400625;2018;4;20;2;2;5;2;1;1;1;0;0;0;0;0
11;1;1200626;2018;5;9;3;3;5;3;0;1;1;0;0;0;0;0
11;4;4501043;2018;4;10;2;3;1;5;0;1;1;0;0;0;0;0
11;1;1100207;2018;5;9;3;3;5;3;0;0;1;0;0;0;0;0
11;7;7100102;2018;5;11;7;3;2;6;0;0;1;0;0;0;0;0
11;7;7601236;2018;5;8;3;3;6;2;0;0;1;1;0;0;0;0
11;11;11200411;2018;5;8;3;3;1;5;0;0;1;0;0;0;1;0
11;5;5100208;2018;5;12;7;3;1;5;0;1;1;0;0;0;0;0
11;11;11300721;2018;4;10;2;3;5;3;0;1;1;0;0;0;0;0
11;3;3601244;2018;5;8;3;3;5;3;0;1;0;0;0;0;1;0
11;7;7100102;2018;4;10;2;3;1;5;0;1;1;0;0;0;0;0
11;2;2300316;2018;5;8;3;3;2;6;0;1;0;0;0;0;0;0
11;6;6100206;2018;5;12;7;3;3;6;0;0;1;0;1;0;0;0
11;9;9401534;2018;5;8;3;2;6;4;0;0;0;1;0;0;1;0
11;6;6300526;2018;5;12;7;3;5;3;0;0;1;0;0;0;0;0
11;10;10200524;2018;4;8;2;3;6;4;0;0;1;1;0;0;0;0
11;5;5200632;2018;5;8;3;3;2;6;0;0;1;0;0;0;0;0
11;1;1100416;2018;5;4;7;2;0;1;2;1;0;0;0;0;0;0
11;9;9200511;2018;5;11;3;3;6;4;0;0;1;1;0;0;0;0
11;12;12400721;2018;5;16;6;3;6;2;0;0;1;1;0;0;0;0
11;2;2100103;2018;4;22;2;3;3;6;2;0;1;0;1;0;1;0
11;5;5200629;2018;4;0;2;3;6;2;2;0;1;1;0;0;0;0
11;4;4200308;2018;5;9;3;3;5;7;0;0;1;0;0;0;1;0
11;6;6400735;2018;5;20;6;3;1;5;0;1;1;0;0;0;0;0
11;8;8100209;2018;4;14;2;3;5;2;0;0;1;0;0;0;0;0
11;8;8100416;2018;5;11;3;3;1;7;0;0;1;0;0;0;1;0
11;11;11200514;2018;5;21;6;3;0;3;1;1;0;0;0;0;0;0
11;5;5100101;2018;5;19;6;3;5;3;1;1;0;0;0;0;0;0
11;12;12200412;2018;4;19;2;2;5;2;0;1;0;0;0;1;0;0
11;7;7501135;2018;5;12;3;3;1;5;0;1;1;0;0;0;0;0
11;7;7601545;2018;5;7;6;3;5;2;0;1;1;0;0;0;0;0
11;5;5300839;2018;4;19;2;3;1;5;0;0;0;0;1;0;1;0
11;1;1200628;2018;5;15;6;3;5;7;0;1;1;0;0;0;0;0
11;4;4400832;2018;4;20;2;2;6;4;0;0;1;1;0;0;0;0
11;4;4500939;2018;5;12;3;3;5;2;0;0;1;0;1;0;0;0
11;11;11100203;2018;5;17;6;3;5;3;0;1;1;0;0;0;0;0
11;6;6400844;2018;4;18;2;3;5;2;0;1;1;0;0;0;0;0
11;12;12200515;2018;5;12;3;3;5;3;0;0;1;0;0;0;0;0
11;10;10100206;2018;5;17;6;3;5;3;0;0;1;0;0;0;0;0
11;9;9401635;2018;4;17;2;2;5;2;0;1;1;0;0;0;0;0
11;12;12100205;2018;4;17;2;2;5;2;0;1;1;0;0;0;0;0
11;3;3400827;2018;5;12;3;3;5;3;0;1;1;0;0;0;0;0
11;5;5200528;2018;5;16;6;3;2;2;0;0;1;0;0;0;0;0
11;4;4501041;2018;4;17;2;3;3;6;0;0;1;0;0;0;1;0
11;3;3400724;2018;4;17;2;2;0;2;0;1;1;0;0;0;0;0
11;9;9300920;2018;5;13;3;3;5;3;0;1;1;0;0;0;0;0
11;4;4300517;2018;5;16;6;2;6;4;0;0;1;1;0;0;0;0
11;3;3601244;2018;5;16;6;3;6;4;0;0;1;1;0;0;0;0
11;1;1100308;2018;4;17;2;3;3;6;0;1;0;0;0;0;0;0
11;10;10200420;2018;5;13;3;3;5;3;0;1;1;0;0;0;0;0
11;4;4300619;2018;5;14;6;3;5;2;0;0;1;0;1;0;0;0
11;6;6200421;2018;4;16;2;3;2;2;0;1;1;0;0;0;0;0
11;6;6300633;2018;5;14;3;3;2;6;0;0;1;0;0;0;0;0
11;1;1100310;2018;5;14;6;3;5;3;0;0;1;0;0;0;1;0
11;6;6400841;2018;4;16;2;2;2;7;0;0;1;0;0;0;0;0
11;1;1401044;2018;4;16;2;3;2;6;0;0;1;0;0;0;0;0
11;9;9300921;2018;5;14;3;2;2;7;0;0;1;0;0;0;1;0
11;9;9401431;2018;5;14;6;3;5;3;0;0;1;0;1;0;0;0
11;8;8401244;2018;5;14;3;3;5;7;0;0;1;0;0;0;0;0
11;11;11300722;2018;5;14;6;3;5;3;0;1;1;0;0;0;0;0
11;1;1100103;2018;4;16;2;3;5;3;0;1;1;0;0;0;0;0
11;9;9200818;2018;4;15;2;3;2;6;0;0;1;0;0;0;0;0
11;4;4300412;2018;5;15;3;3;5;3;0;0;1;0;0;0;1;0
11;4;4501042;2018;5;14;6;3;3;6;0;1;1;0;0;0;0;0
11;12;12601235;2018;4;15;2;3;2;6;0;0;1;0;0;0;0;0
11;10;10100205;2018;4;15;2;3;5;7;0;0;1;0;0;0;0;0
11;12;12200309;2018;5;15;3;3;6;4;0;0;1;1;0;0;0;0
11;7;7501031;2018;5;14;6;3;0;7;0;0;0;0;0;0;1;0
11;1;1100206;2018;5;11;6;3;5;2;0;1;1;0;0;0;0;0
11;2;2300314;2018;5;15;3;3;2;5;0;1;1;0;0;0;1;0
11;1;1100206;2018;5;17;6;3;3;6;0;1;1;0;0;0;0;0
11;1;1200517;2018;4;15;2;3;2;6;0;0;1;0;0;0;0;0
11;6;6200422;2018;5;16;3;2;0;6;0;0;1;0;0;0;1;0
11;11;11300721;2018;5;15;6;2;5;2;0;1;1;0;0;0;0;0
11;1;1300836;2018;4;14;2;3;5;7;0;1;1;0;0;0;0;0
11;11;11200411;2018;5;16;3;3;5;2;0;1;1;0;0;0;0;0
11;6;6300528;2018;4;14;2;3;6;4;0;0;1;1;0;0;0;0
11;1;1100102;2018;5;17;3;3;0;2;0;1;1;0;0;0;0;0
11;8;8401246;2018;5;16;3;2;5;3;0;1;1;0;0;0;0;0
11;1;1200628;2018;5;19;6;2;6;2;0;0;1;1;0;0;0;0
11;7;7200409;2018;4;14;2;3;1;5;0;1;1;0;0;0;0;0
11;1;1100102;2018;5;17;3;3;0;1;0;0;0;0;0;0;1;0
11;8;8100312;2018;5;13;6;3;3;6;0;0;1;0;1;0;0;0
11;1;1401044;2018;5;22;3;3;5;5;2;0;1;0;0;0;0;0
11;9;9501941;2018;4;14;2;2;5;2;0;0;1;0;1;0;0;0
11;10;10100101;2018;5;16;2;3;5;3;0;0;1;0;0;0;0;0
11;6;6400735;2018;5;13;6;3;5;2;0;1;1;0;0;0;0;0
11;6;6200422;2018;5;13;6;3;5;3;0;0;1;0;1;0;0;0
11;5;5300736;2018;5;7;2;3;5;2;0;1;1;0;0;0;0;0
11;12;12400722;2018;5;12;6;3;5;3;0;1;1;0;0;0;0;0
11;9;9100408;2018;4;13;2;2;5;3;0;0;1;0;0;0;0;0
11;9;9501737;2018;5;10;2;3;0;2;0;1;1;0;0;0;0;0
11;2;2300419;2018;5;12;6;3;5;3;0;1;0;0;0;0;0;0
11;8;8401242;2018;4;14;2;3;0;1;0;1;0;0;0;0;0;0
11;1;1100206;2018;5;20;2;3;5;3;1;0;1;0;0;0;0;0
11;4;4500939;2018;4;13;2;3;0;4;0;0;1;1;0;0;0;0
11;2;2100105;2018;5;17;2;2;5;7;0;1;1;0;0;0;0;0
11;2;2200212;2018;5;11;6;3;5;2;0;1;1;0;0;0;0;0
11;9;9200715;2018;5;16;2;3;2;7;0;0;1;0;1;0;0;0
11;9;9501737;2018;5;11;6;3;5;2;0;0;1;0;0;0;1;0
11;11;11300620;2018;4;13;2;3;6;2;0;0;0;1;0;0;1;0
11;1;1300835;2018;5;8;2;3;5;2;0;1;1;0;0;0;0;0
11;1;1400939;2018;5;11;6;3;5;7;0;0;1;0;0;0;0;0
11;12;12200310;2018;5;0;2;3;5;3;2;0;1;0;0;1;0;0
11;3;3300514;2018;5;11;6;3;5;3;0;0;1;0;0;0;0;0
11;10;10100209;2018;4;13;2;3;6;4;0;0;1;1;0;0;0;0
11;8;8100206;2018;4;12;2;3;1;5;0;1;1;0;0;0;1;0
11;3;3300514;2018;5;17;2;3;4;6;0;1;0;0;0;0;0;0
11;1;1401044;2018;5;14;6;3;5;3;0;1;1;0;0;0;0;0
11;1;1400942;2018;4;12;2;3;5;3;0;1;1;0;0;0;0;0
11;12;12601134;2018;5;20;6;3;1;5;0;0;0;0;1;0;1;0
11;10;10300731;2018;4;12;2;3;3;6;0;1;1;0;0;0;0;0
11;1;1100207;2018;5;17;2;3;5;3;0;1;1;0;0;0;0;0
11;1;1100310;2018;5;20;6;3;5;7;0;0;1;0;1;0;0;0
11;4;4501042;2018;4;12;2;3;0;7;0;1;0;0;0;0;1;0
11;1;1200522;2018;4;12;2;3;0;2;0;1;0;0;0;0;1;0
11;4;4500937;2018;5;17;2;3;5;3;0;1;1;0;0;0;0;0
11;12;12200515;2018;5;10;6;3;5;2;0;1;1;0;0;0;0;0
11;9;9501838;2018;5;17;2;3;5;7;0;0;1;0;1;0;0;0
11;12;12200412;2018;5;20;6;2;6;4;1;0;1;1;0;0;0;0
11;3;3601141;2018;4;12;2;3;5;2;0;1;1;0;0;0;0;0
11;3;3601244;2018;5;16;2;3;3;6;0;1;0;0;0;1;0;0
11;2;2100102;2018;5;20;6;3;6;4;0;1;0;1;0;0;0;0
11;7;7300619;2018;4;10;2;3;2;6;0;0;1;0;1;0;0;0
11;1;1100207;2018;5;16;2;3;5;2;0;1;1;0;0;0;0;0
11;9;9401329;2018;5;10;6;3;1;5;0;1;1;0;0;0;0;0
11;2;2100102;2018;4;19;1;3;2;6;0;0;1;0;0;0;0;0
11;2;2100101;2018;4;18;1;2;0;1;0;0;1;0;1;0;0;0
11;3;3500935;2018;5;9;6;3;4;6;0;1;1;0;0;0;0;0
11;11;11400929;2018;4;18;1;2;6;7;0;0;1;1;0;0;0;0
11;9;9200715;2018;4;18;1;3;2;6;0;0;1;0;0;0;0;0
11;5;5100208;2018;5;7;5;3;5;3;0;1;1;0;0;0;0;0
11;5;5200420;2018;5;10;2;2;5;3;0;0;1;0;1;0;0;0
11;11;11300722;2018;5;7;5;3;5;2;0;1;1;0;0;0;0;0
11;5;5400943;2018;5;10;2;2;5;2;0;0;1;0;1;0;0;0
11;4;4400834;2018;5;7;5;3;5;3;0;1;1;0;0;0;0;0
11;10;10100311;2018;5;7;2;2;5;2;0;0;0;0;0;0;1;0
11;4;4501153;2018;5;11;2;3;1;5;0;0;1;0;1;0;0;0
11;8;8200624;2018;5;6;5;3;2;6;0;0;1;0;1;0;0;0
11;3;3300411;2018;5;11;2;3;4;6;0;0;1;0;0;0;0;0
11;10;;2018;5;7;2;2;2;6;0;0;1;0;0;0;0;0
11;10;10100311;2018;5;6;2;2;3;6;0;0;1;0;0;1;0;0
11;2;2500834;2018;5;6;5;3;5;5;0;0;1;0;0;0;0;0
11;12;12100101;2018;5;19;2;3;5;3;0;0;1;0;0;0;0;0
11;1;1100207;2018;5;4;5;3;1;1;2;1;0;0;0;1;0;0
11;2;2100106;2018;5;19;2;3;5;2;1;1;1;0;0;0;0;0
11;7;7501135;2018;5;12;5;3;5;3;0;0;1;0;1;0;0;0
11;11;11400927;2018;5;20;5;3;0;3;0;0;1;0;1;0;0;0
11;4;4300415;2018;5;19;2;3;9;1;0;0;1;0;1;0;0;0
11;10;10100311;2018;5;13;5;3;2;6;0;0;1;0;0;0;0;0
11;2;2300315;2018;5;18;2;2;5;2;0;0;1;0;0;0;1;0
11;5;5100316;2018;5;13;5;3;5;2;0;0;1;0;0;0;1;0
11;2;2400625;2018;5;11;5;3;5;2;0;0;1;0;0;1;0;0
11;8;8200622;2018;5;18;2;3;5;2;0;0;1;0;1;0;0;0
11;11;11300618;2018;5;11;5;3;2;2;0;0;1;0;0;0;0;0
11;5;5200528;2018;5;7;5;3;5;2;0;1;1;0;0;0;0;0
11;4;4501045;2018;5;18;2;3;5;2;1;1;1;0;0;0;0;0
11;11;11100308;2018;5;5;5;2;5;3;1;1;1;0;0;0;0;0
11;7;7300619;2018;5;18;2;3;5;3;0;0;1;0;1;0;0;0
11;5;5300839;2018;5;7;5;2;6;4;0;0;1;1;0;0;0;0
11;1;1300836;2018;5;18;2;3;3;6;0;0;1;0;1;0;1;0
11;3;3601346;2018;5;19;5;3;5;2;0;1;1;0;0;0;0;0
11;1;1100102;2018;5;18;5;3;5;2;0;1;1;0;0;0;0;0
11;6;6300528;2018;5;17;2;3;5;3;0;1;1;0;0;0;0;0
11;10;10300733;2018;5;18;5;3;2;6;0;0;1;0;0;0;0;0
11;9;9100306;2018;5;18;2;3;5;3;0;1;1;0;0;0;0;0
11;8;8200832;2018;5;17;5;3;2;6;0;0;1;0;0;0;0;0
11;4;4300619;2018;5;16;2;3;6;4;0;0;1;1;0;0;0;0
11;7;7300516;2018;5;17;5;3;0;3;0;1;0;0;0;0;1;0
11;4;4501043;2018;5;17;5;3;5;3;0;1;1;0;0;0;0;0
11;1;1100103;2018;5;17;2;2;5;2;0;1;1;0;0;0;0;0
11;1;1300733;2018;5;17;2;3;2;6;0;0;1;0;0;0;0;0
11;3;3200207;2018;5;16;5;3;5;3;0;1;1;0;0;0;0;0
11;2;2500836;2018;5;17;2;3;2;6;0;0;1;0;0;0;0;0
11;12;12601235;2018;5;18;2;2;6;4;0;0;0;1;0;0;1;0
11;1;1200518;2018;5;16;5;3;5;7;0;0;1;0;1;0;0;0
11;4;4501151;2018;5;16;2;3;5;3;0;0;1;0;0;0;0;0
11;1;1100206;2018;5;16;5;3;6;4;0;1;1;1;0;0;0;0
11;11;11300724;2018;5;16;2;3;1;5;0;0;1;0;0;0;0;0
11;7;7300618;2018;5;16;5;3;1;5;0;1;1;0;0;0;0;0
11;11;11300725;2018;5;16;2;3;6;4;0;1;0;1;0;0;0;0
11;12;12400722;2018;5;15;2;3;6;4;0;0;0;1;1;0;0;0
11;12;12100205;2018;5;16;5;3;2;6;0;0;1;0;0;0;0;0
11;12;12500927;2018;5;15;2;3;5;3;0;1;1;0;0;0;0;0
11;1;1100308;2018;5;15;2;2;6;4;0;0;0;1;0;0;1;0
11;2;2300314;2018;5;15;5;3;3;6;0;1;1;0;0;0;0;0
11;3;3501038;2018;5;15;2;3;5;2;0;0;1;0;0;0;0;0
11;1;1100103;2018;5;15;2;3;5;3;0;0;1;0;0;0;0;0
11;12;12400723;2018;5;16;5;3;1;5;0;0;1;0;0;0;0;0
11;6;6100207;2018;5;15;2;3;5;2;0;0;1;0;0;0;0;0
11;6;6200312;2018;5;15;5;3;0;6;0;0;0;0;0;0;1;0
11;2;2200210;2018;5;15;2;3;5;3;0;0;1;0;0;0;0;0
11;1;1100416;2018;5;21;5;3;0;1;1;1;0;0;0;0;0;0
11;5;5100316;2018;5;14;2;3;2;6;0;0;1;0;0;0;0;0
11;1;1300732;2018;5;15;2;3;5;2;0;1;1;0;0;0;0;0
11;11;11300722;2018;5;16;4;3;5;7;0;1;0;0;0;0;0;0
11;7;7400721;2018;5;15;2;2;3;6;0;1;0;0;1;0;0;0
11;7;7200308;2018;5;10;4;3;5;7;0;1;1;0;0;0;0;0
11;1;1200517;2018;5;23;4;3;6;2;2;0;0;1;0;0;1;0
11;11;11300722;2018;5;14;2;3;2;6;0;0;1;0;0;0;0;0
11;5;5100210;2018;5;14;2;3;2;6;0;0;1;0;1;0;0;0
11;2;2400624;2018;5;23;4;3;5;3;2;1;0;0;0;0;0;0
11;1;1100309;2018;5;21;4;3;2;6;2;1;1;0;0;0;0;0
11;3;3501038;2018;5;13;2;3;0;3;0;0;1;0;0;0;1;0
11;2;2500833;2018;5;20;4;3;2;7;0;1;1;0;0;0;0;0
11;6;6400844;2018;5;13;2;3;1;5;0;1;1;0;0;0;0;0
11;12;12400618;2018;5;22;4;2;5;2;2;1;1;0;0;0;0;0
11;6;6200317;2018;5;13;2;3;5;3;0;0;1;0;0;0;0;0
11;6;6200421;2018;5;13;4;2;6;4;0;0;1;1;0;0;0;0
11;5;5100105;2018;5;15;4;3;6;2;0;0;1;1;0;0;0;0
11;1;1300733;2018;5;13;2;3;2;6;0;1;1;0;0;0;0;0
11;4;4300416;2018;5;17;4;3;0;6;0;0;1;0;1;0;0;0
11;11;11400929;2018;5;18;4;3;5;2;0;1;0;0;0;0;1;0
11;12;12200309;2018;5;16;2;3;0;1;0;0;0;0;1;0;0;0
11;4;4300416;2018;5;18;4;3;0;6;0;1;0;0;0;0;0;0
11;1;1200623;2018;5;18;4;3;5;2;0;1;1;0;0;0;0;0
11;8;8401244;2018;5;20;2;2;5;3;1;0;1;0;1;0;0;0
11;4;4501042;2018;5;19;4;3;5;3;0;1;1;0;0;0;0;0
11;9;9100306;2018;5;13;2;3;0;1;0;1;0;0;0;0;0;0
11;11;11400931;2018;5;15;4;3;5;2;0;1;1;0;0;0;0;0
11;1;1100206;2018;5;12;2;3;1;5;0;0;1;0;0;0;1;0
11;9;9501736;2018;5;19;4;3;2;6;0;0;1;0;0;0;0;0
11;3;3500936;2018;5;20;4;3;5;3;0;1;1;0;0;0;0;0
11;1;1200628;2018;5;23;1;3;0;7;2;0;0;0;1;0;0;0
11;9;9200715;2018;5;15;4;3;5;3;0;1;1;0;0;0;0;0
11;6;6400843;2018;5;13;4;3;6;4;0;1;0;1;0;0;0;0
11;2;2400623;2018;5;16;1;3;5;3;0;1;1;0;0;0;0;0
11;8;8100313;2018;5;18;1;3;5;7;0;0;1;0;1;0;0;0
11;12;12500825;2018;5;13;4;3;5;2;0;0;1;0;0;0;1;0
11;2;2100102;2018;5;15;1;3;5;3;0;0;1;0;0;0;1;0
11;11;11400929;2018;5;12;4;3;5;3;0;1;0;0;0;0;1;0
11;8;8100105;2018;5;15;1;3;1;5;0;0;1;0;1;0;0;0
11;6;6200315;2018;5;12;4;3;0;3;0;0;1;0;1;0;0;0
11;1;1200629;2018;5;15;1;3;5;2;0;0;1;0;0;0;0;0
11;1;1100102;2018;5;10;4;3;0;7;0;0;1;0;1;0;0;0
11;11;11400927;2018;5;9;4;3;5;3;0;1;0;0;0;1;0;0
11;1;1401047;2018;5;18;1;2;5;2;0;0;1;0;1;0;0;0
11;4;4300518;2018;5;8;4;3;5;2;0;1;1;0;0;0;0;0
11;9;9200715;2018;5;19;1;3;2;6;0;0;1;0;0;0;0;0
11;5;5200633;2018;5;8;4;3;5;2;0;0;1;0;0;0;0;0
11;5;5100103;2018;5;14;1;2;1;7;0;0;1;0;0;0;0;0
11;8;8100417;2018;5;20;1;3;5;3;1;0;1;0;0;0;0;0
11;1;1401045;2018;5;14;4;2;0;1;0;0;1;0;1;0;0;0
11;4;4200311;2018;5;12;1;3;2;6;0;0;1;0;0;0;0;0
11;1;1100309;2018;5;12;1;3;1;5;0;1;1;0;0;0;1;0
11;9;9501939;2018;5;17;4;2;5;3;0;1;1;0;0;0;0;0
11;8;8100415;2018;5;18;4;2;6;4;0;1;0;1;0;0;0;0
11;6;6100205;2018;5;13;1;3;0;3;0;0;1;0;1;0;0;0
11;5;5200632;2018;5;15;4;3;1;1;0;0;1;0;0;0;0;0
11;7;7501031;2018;5;12;1;3;3;2;0;0;1;0;1;0;0;0
11;5;5200629;2018;5;12;1;3;5;3;0;0;1;0;0;0;0;0
11;2;2100102;2018;5;17;4;3;1;5;0;1;0;0;0;0;1;0
11;7;7200307;2018;5;9;1;3;6;2;0;0;1;1;0;0;0;0
11;8;8100105;2018;5;14;1;2;6;4;0;0;1;1;0;0;0;0
11;11;11501340;2018;5;13;4;2;0;1;0;1;0;0;0;0;0;0
11;12;12100204;2018;5;11;1;2;5;7;0;0;1;0;1;0;0;0
11;7;7400927;2018;5;23;1;2;5;3;2;0;1;0;0;0;0;0
11;9;9100306;2018;5;16;1;2;0;7;0;1;0;0;0;0;0;0
11;1;1100309;2018;5;15;4;3;0;1;0;1;0;0;0;0;0;0
11;3;3400618;2018;5;11;1;2;3;6;0;1;1;0;0;0;0;0
11;5;5100101;2018;5;1;1;3;0;1;2;1;0;0;0;0;0;0
11;6;6400844;2018;5;14;7;3;1;5;0;0;1;0;0;0;0;0
11;1;1300836;2018;5;19;4;3;3;6;0;0;1;0;0;0;1;0
11;8;8100520;2018;5;1;1;2;5;3;2;0;1;0;0;0;0;0
11;2;2100106;2018;5;17;7;2;1;6;0;1;0;0;0;1;1;0
11;7;7100101;2018;5;8;4;3;5;2;0;1;1;0;0;0;0;0
11;7;7200308;2018;5;17;7;3;5;3;0;1;1;0;0;0;0;0
11;9;9300923;2018;5;11;7;3;5;3;0;1;0;0;0;0;1;0
11;1;1100311;2018;5;7;4;2;6;4;0;0;1;1;0;0;0;0
11;4;4300517;2018;5;23;7;3;0;5;2;0;1;0;0;0;1;0
11;3;3300413;2018;5;7;4;2;5;3;0;0;1;0;1;0;0;0
11;8;8100209;2018;5;19;7;3;5;7;0;0;1;0;0;0;0;0
11;11;11200410;2018;5;5;4;3;5;2;0;1;1;0;0;0;0;0
11;10;10300732;2018;5;5;4;3;1;5;0;0;1;0;0;0;1;0
11;1;1100102;2018;5;18;7;3;6;4;0;0;1;1;0;0;0;0
11;2;2500833;2018;5;19;7;3;5;7;1;1;1;0;0;0;0;0
11;1;1100311;2018;5;0;4;3;2;6;2;0;1;0;0;0;0;0
11;7;7400826;2018;5;8;3;3;3;6;0;0;1;0;0;0;1;0
11;7;7601547;2018;5;19;7;3;5;3;0;1;1;0;0;0;0;0
11;1;1300733;2018;5;22;3;3;2;6;2;0;1;0;0;0;0;1
11;3;3500935;2018;5;15;7;3;5;7;0;0;1;0;1;0;0;0
11;3;3701555;2018;5;16;7;3;1;5;0;1;1;0;0;0;0;0
11;6;6100103;2018;5;9;3;2;3;6;0;1;0;0;0;0;1;0
11;1;1200623;2018;5;15;7;3;5;3;0;1;1;0;0;0;0;0
11;7;7400823;2018;5;14;7;3;5;3;0;0;1;0;0;0;0;0
11;11;11401136;2018;5;15;3;3;5;3;0;0;1;0;0;0;0;0
11;2;2300419;2018;5;13;7;3;3;6;0;0;1;0;1;0;0;0
11;11;11300722;2018;5;13;7;3;2;6;0;0;1;0;1;0;0;0
11;2;2200209;2018;5;15;3;3;0;2;0;0;1;0;1;0;0;0
11;6;6400844;2018;5;18;7;3;5;2;0;0;1;0;0;0;0;0
11;2;2300316;2018;5;13;7;3;2;6;0;0;1;0;1;0;0;0
11;2;2100101;2018;5;18;3;3;5;7;0;1;1;0;0;0;0;1
11;1;1100310;2018;5;11;7;3;3;6;0;1;0;0;0;0;0;0