LAND;BEZ;LOR_ab_2021;UJAHR;UMONAT;USTUNDE;UWOCHENTAG;UKATEGORIE;UART;UTYP1;ULICHTVERH;IstRad;IstPKW;IstFuss;IstKrad;IstGkfz;IstSonstige;USTRZUSTAND
11;4;4501150;2018;6;14;2;3;1;6;0;0;1;0;0;0;0;0
11;2;2300419;2018;7;14;2;3;2;6;0;0;1;0;0;0;0;0
11;2;2100104;2018;6;17;5;3;1;5;0;1;1;0;0;0;0;0
11;8;8200726;2018;6;20;7;2;3;6;1;1;1;0;0;0;0;0
11;6;6300526;2018;6;13;2;3;5;3;0;1;1;0;0;0;0;0
11;9;9100407;2018;6;16;6;3;2;6;0;1;1;0;0;0;0;0
11;5;5100316;2018;7;13;4;3;0;2;0;1;1;0;0;0;0;0
11;11;11200411;2018;7;13;4;3;6;4;0;0;1;1;0;0;0;0
11;1;1300733;2018;7;8;7;3;5;7;0;0;1;0;0;0;0;0
11;10;10400939;2018;7;11;4;3;0;1;0;1;0;0;0;0;0;0
11;4;4300620;2018;7;16;6;3;5;3;0;1;1;0;0;0;0;0
11;2;2400521;2018;7;13;6;2;3;6;0;1;0;0;0;0;0;0
11;8;8100206;2018;7;10;4;3;5;7;0;0;1;0;0;0;0;0
11;1;1100206;2018;7;9;6;3;6;7;0;0;1;0;0;0;1;0
11;4;4100101;2018;7;10;4;3;5;2;0;0;1;0;0;0;0;0
11;1;1300834;2018;7;11;6;3;2;2;0;1;1;0;0;0;0;0
11;2;2200208;2018;7;9;4;3;1;5;0;1;1;0;0;0;0;0
11;2;2100106;2018;7;2;6;3;5;3;2;0;1;0;0;0;0;0
11;5;5100317;2018;7;7;6;3;1;5;0;1;1;0;0;0;0;0
11;1;1200627;2018;7;8;4;3;5;3;0;0;1;0;1;0;0;0
11;2;2400521;2018;7;2;6;3;5;2;2;0;1;0;0;0;0;0
11;4;4100101;2018;7;15;6;3;2;6;0;0;1;0;0;0;0;0
11;8;8200730;2018;7;8;4;3;1;7;0;0;1;0;0;0;1;0
11;1;1100102;2018;7;0;6;3;0;7;2;1;0;0;0;0;0;0
11;11;11200513;2018;7;16;4;3;0;1;0;0;0;0;1;0;0;0
11;9;9200715;2018;7;22;6;3;5;3;2;1;1;0;0;0;0;0
11;4;4500939;2018;7;17;6;3;5;2;0;0;1;0;0;0;0;0
11;2;2200210;2018;7;23;4;3;5;2;2;1;1;0;0;0;0;1
11;7;7400720;2018;7;20;6;3;4;6;1;1;1;0;0;0;0;0
11;4;4501042;2018;7;6;4;3;3;6;0;0;1;0;0;0;1;0
11;1;1100416;2018;7;20;6;3;1;5;0;1;1;0;0;0;0;0
11;11;11501238;2018;7;22;4;3;5;3;2;1;1;0;0;0;0;1
11;11;11200514;2018;7;19;6;3;5;3;0;1;1;0;0;0;0;0
11;9;9100101;2018;7;19;6;3;5;3;1;0;1;0;1;0;0;0
11;8;8100415;2018;7;6;4;3;5;3;0;0;1;0;0;0;0;0
11;8;8100311;2018;7;19;6;2;1;5;0;1;1;0;0;0;0;0
11;7;7300517;2018;7;19;6;3;5;2;0;1;1;0;0;0;0;0
11;11;11300721;2018;7;5;4;3;0;1;0;0;0;0;1;0;0;1
11;2;2100103;2018;7;19;6;3;5;3;0;1;0;0;0;0;0;0
11;10;10100311;2018;7;5;4;3;0;1;0;0;0;0;1;0;0;1
11;2;2100105;2018;7;0;4;3;5;3;2;1;1;0;0;0;0;1
11;6;6100205;2018;7;18;6;3;0;2;0;0;1;0;1;0;0;0
11;7;7601442;2018;7;0;4;3;5;2;2;0;1;0;0;0;0;1
11;12;12200309;2018;7;20;4;3;5;3;1;1;1;0;0;0;0;0
11;6;6300633;2018;7;16;6;3;2;6;0;1;0;0;0;0;1;0
11;11;11200512;2018;7;17;6;3;4;5;0;1;1;0;0;0;0;0
11;4;4500939;2018;7;17;4;3;5;3;0;0;1;0;1;0;0;1
11;1;1401049;2018;7;16;6;3;1;1;0;1;1;0;0;0;0;0
11;9;9401432;2018;7;17;4;3;5;3;0;0;1;0;0;0;1;0
11;3;3500934;2018;7;16;4;3;5;2;0;1;1;0;0;0;0;0
11;9;9100407;2018;7;16;6;3;3;2;0;1;1;0;0;0;0;0
11;4;4400835;2018;7;16;4;3;5;3;0;0;1;0;0;0;0;1
11;1;1100102;2018;7;16;4;3;2;6;0;0;1;0;1;0;0;1
11;7;7300619;2018;7;16;6;3;5;3;0;1;1;0;0;0;0;0
11;7;7601340;2018;7;16;4;3;2;2;0;0;1;0;0;0;0;1
11;3;3400723;2018;7;15;6;3;5;2;0;0;1;0;1;0;0;0
11;1;1100207;2018;7;16;4;3;1;5;0;1;1;0;0;0;1;1
11;1;1200628;2018;7;15;6;3;3;6;0;1;1;0;0;0;0;0
11;2;2400623;2018;7;16;4;3;6;2;0;0;1;1;0;0;0;0
11;11;11200512;2018;7;15;6;3;6;2;0;0;1;1;0;0;0;0
11;5;5100316;2018;7;16;4;3;5;3;0;0;1;0;1;0;0;1
11;3;3601140;2018;7;15;6;3;5;3;0;1;0;0;1;0;0;0
11;11;11400931;2018;7;16;4;3;5;2;0;0;1;0;0;0;0;0
11;4;4400830;2018;7;16;4;3;2;7;0;1;1;0;0;0;0;1
11;12;12200309;2018;7;15;6;3;2;6;0;0;1;0;0;0;0;0
11;4;4300416;2018;7;22;4;2;6;4;2;0;1;1;0;0;0;1
11;5;5100209;2018;7;19;4;2;2;6;0;0;1;0;0;0;0;0
11;7;7601238;2018;7;14;6;3;2;2;0;0;1;0;0;0;0;0
11;3;3400827;2018;7;18;4;3;1;5;0;1;1;0;0;0;0;1
11;9;9200511;2018;7;14;6;2;6;4;0;1;0;1;0;0;0;0
11;3;3701554;2018;7;12;6;3;2;6;0;1;1;0;0;0;0;0
11;9;9200819;2018;7;22;4;3;8;1;2;0;0;0;1;0;0;0
11;2;2300419;2018;7;12;6;3;1;5;0;1;0;0;0;1;0;0
11;11;11400927;2018;7;7;3;3;5;3;0;1;1;0;0;0;0;0
11;1;1200628;2018;7;18;3;3;5;2;0;1;1;0;0;0;0;0
11;3;3601449;2018;7;12;6;3;5;3;0;1;1;0;0;0;0;0
11;1;1100310;2018;7;23;3;3;5;2;2;1;0;0;0;0;1;1
11;6;6100102;2018;7;19;6;3;0;6;0;0;1;0;0;0;1;0
11;4;4300622;2018;7;15;3;3;5;2;0;1;1;0;0;0;0;0
11;1;1200627;2018;7;18;6;3;5;3;0;0;1;0;0;0;0;0
11;5;5200420;2018;7;19;6;3;2;6;0;0;1;0;0;0;0;0
11;2;2100101;2018;7;14;3;2;5;2;0;1;0;0;0;1;0;0
11;11;11501238;2018;7;19;6;3;2;6;0;0;1;0;0;0;0;0
11;2;2300316;2018;7;19;6;3;1;5;0;1;1;0;0;0;1;0
11;8;8100207;2018;7;11;3;3;5;5;0;0;1;0;0;0;0;0
11;9;9200511;2018;7;21;6;3;1;5;0;0;1;0;0;0;0;0
11;6;6200423;2018;7;11;3;3;5;2;0;1;1;0;0;0;0;0
11;12;12601235;2018;7;11;5;3;5;2;0;0;1;0;0;0;0;0
11;2;2100101;2018;7;10;3;3;1;5;0;0;0;0;1;0;1;0
11;2;2500832;2018;7;0;5;3;2;6;2;1;0;0;1;0;0;0
11;12;12200411;2018;7;9;5;3;3;6;0;0;1;0;0;0;1;0
11;3;3701657;2018;7;9;3;3;5;3;0;1;1;0;0;0;0;0
11;11;11200410;2018;7;14;5;3;5;7;0;0;1;0;1;0;0;0
11;1;1100102;2018;7;11;5;3;2;6;0;0;1;0;0;0;0;0
11;6;6400843;2018;7;9;3;3;1;7;0;0;1;0;0;0;1;0
11;1;1100309;2018;7;11;5;3;6;4;0;0;1;1;0;0;0;0
11;1;1401046;2018;7;10;5;3;2;6;0;0;1;0;0;0;0;0
11;5;5100312;2018;7;8;3;3;2;6;0;0;0;0;1;0;1;0
11;10;10100311;2018;7;9;5;2;5;3;0;1;1;0;0;0;0;0
11;2;2100106;2018;7;8;3;3;2;2;0;0;1;0;0;0;1;0
11;11;11100307;2018;7;19;1;3;1;5;0;1;1;0;0;0;0;0
11;4;4100101;2018;7;8;3;3;5;2;0;0;1;0;0;0;0;0
11;2;2500836;2018;7;9;5;3;5;7;0;1;1;0;0;0;0;0
11;7;7100103;2018;7;21;1;2;9;1;0;0;1;0;0;0;0;0
11;4;4300619;2018;7;9;5;3;5;2;0;1;1;0;0;0;0;0
11;8;8100102;2018;7;3;1;3;0;7;2;1;0;0;0;0;0;0
11;2;2500833;2018;7;8;3;3;5;2;0;1;1;0;0;0;0;0
11;1;1100312;2018;7;8;5;3;1;7;0;1;1;0;0;0;0;0
11;9;9501939;2018;7;8;3;3;2;6;0;0;1;0;0;0;1;0
11;12;12100101;2018;7;14;1;3;5;3;0;0;1;0;0;0;1;0
11;9;9200511;2018;7;14;7;3;0;2;0;1;1;0;0;0;0;0
11;8;8100520;2018;7;5;3;3;2;6;0;0;1;0;0;1;0;0
11;3;3200309;2018;7;6;5;3;5;3;0;1;1;0;0;0;0;0
11;7;7300618;2018;7;5;3;3;1;5;0;0;1;0;1;0;0;0
11;1;1100309;2018;7;12;7;2;6;4;0;0;1;1;0;0;0;0
11;4;4200203;2018;7;22;7;3;5;3;2;1;1;0;0;0;0;0
11;4;4300622;2018;7;15;3;3;2;7;0;0;0;0;0;1;1;0
11;1;1200520;2018;7;14;5;2;5;3;0;1;1;0;0;0;0;0
11;4;4300623;2018;7;11;3;2;5;3;0;1;1;0;0;0;0;0
11;2;2300314;2018;7;20;7;3;5;7;1;1;1;0;0;0;0;0
11;4;4300622;2018;7;13;3;2;5;2;0;0;1;0;0;0;0;0
11;5;5300737;2018;7;7;5;2;4;6;0;0;1;0;0;0;1;0
11;8;8200623;2018;7;9;3;2;6;3;0;0;1;1;0;0;0;0
11;2;2200210;2018;7;19;7;3;1;5;0;1;1;0;0;0;0;0
11;10;10100209;2018;7;14;5;3;2;6;0;0;1;0;0;0;0;0
11;8;8100418;2018;7;18;7;3;5;2;0;0;1;0;1;0;0;0
11;8;8100417;2018;7;9;3;2;4;1;0;0;1;0;0;1;1;0
11;4;4200311;2018;7;9;5;3;0;3;0;0;1;0;0;0;1;0
11;3;3601451;2018;7;12;3;3;5;3;0;1;1;0;0;0;0;0
11;10;10100312;2018;7;18;7;3;5;2;0;1;1;0;0;0;0;0
11;6;6200316;2018;7;16;7;3;5;2;0;0;1;0;0;0;0;0
11;4;4200311;2018;7;8;3;2;3;6;0;0;1;0;1;0;0;0
11;6;6400735;2018;7;0;5;3;8;1;2;0;1;0;0;0;0;0
11;4;4200311;2018;7;14;3;3;0;1;0;1;0;0;0;0;0;0
11;8;8100417;2018;7;14;7;3;3;6;0;1;0;0;0;0;1;0
11;11;11401032;2018;7;3;5;3;0;7;2;1;0;0;0;0;0;0
11;2;2100106;2018;7;22;3;2;2;6;2;0;1;0;0;0;0;0
11;2;2500833;2018;7;10;5;2;0;1;0;1;0;0;0;0;0;0
11;1;1300834;2018;7;14;7;3;6;4;0;0;1;1;0;0;0;0
11;4;4200309;2018;7;12;5;3;0;7;0;1;0;0;0;0;0;0
11;2;2500728;2018;7;13;7;3;5;3;0;0;1;0;0;0;0;0
11;9;9200717;2018;7;21;3;3;1;5;1;1;1;0;0;0;0;0
11;2;2500835;2018;7;19;3;3;0;6;0;0;1;0;1;0;0;0
11;6;6100208;2018;7;18;5;3;1;6;0;1;1;0;0;0;0;0
11;4;4300412;2018;7;18;3;3;3;6;0;0;1;0;0;0;0;0
11;5;5100103;2018;7;13;7;3;2;6;0;0;1;0;0;0;0;0
11;6;6400839;2018;7;19;5;3;1;5;0;1;0;0;0;0;1;0
11;12;12400721;2018;7;13;7;3;5;3;0;0;1;0;0;0;0;0
11;1;1100102;2018;7;17;3;3;3;2;0;0;1;0;1;0;0;0
11;2;2300316;2018;7;22;5;3;5;2;2;1;1;0;0;0;0;0
11;5;5100104;2018;7;17;3;3;5;2;0;0;1;0;1;0;0;0
11;5;5200528;2018;7;12;7;3;2;6;0;0;1;0;0;0;0;0
11;9;9501941;2018;7;10;7;3;5;3;0;0;1;0;0;0;0;0
11;12;12200412;2018;7;22;2;3;0;3;2;1;1;0;0;0;0;0
11;4;4100101;2018;7;21;5;3;2;6;1;0;1;0;0;0;0;0
11;8;8300934;2018;7;20;2;3;5;3;0;0;0;0;1;0;1;0
11;3;3400620;2018;7;20;5;3;2;2;0;0;1;0;0;0;0;0
11;6;6200312;2018;7;9;7;3;4;6;0;1;1;0;0;0;0;0
11;11;11200410;2018;7;15;5;3;6;7;0;1;0;1;0;0;0;0
11;2;2300314;2018;7;20;2;3;3;6;0;1;1;0;0;0;0;0
11;12;12400722;2018;7;18;5;3;2;6;0;0;1;0;0;0;0;0
11;7;7100206;2018;7;18;5;3;5;2;0;1;0;0;0;0;1;0
11;6;6200314;2018;7;10;7;3;2;6;0;0;1;0;0;0;0;0
11;4;4500939;2018;7;19;2;3;5;2;0;1;1;0;0;0;0;0
11;1;1100206;2018;7;18;5;3;2;2;0;0;1;0;0;0;0;0
11;2;2400521;2018;7;18;2;3;6;4;0;1;0;1;0;0;0;0
11;11;11401136;2018;7;9;7;3;5;2;0;1;1;0;0;0;0;0
11;3;3400723;2018;7;18;2;3;5;2;0;1;1;0;0;0;0;0
11;5;5100316;2018;7;18;5;3;5;2;0;0;0;0;1;0;1;0
11;1;1300836;2018;7;19;5;2;0;1;0;1;0;0;0;0;0;0
11;1;1300733;2018;7;17;2;3;2;6;0;0;1;0;1;0;0;0
11;6;6400844;2018;7;9;7;3;5;2;0;1;1;0;0;0;0;0
11;1;1100310;2018;7;23;7;3;6;4;2;1;0;1;0;0;0;0
11;3;3300516;2018;7;18;5;3;8;1;0;0;1;0;0;0;0;0
11;1;1100206;2018;7;17;2;3;2;6;0;0;1;0;0;0;0;0
11;9;9301126;2018;7;22;5;3;0;1;2;0;0;0;1;0;0;0
11;2;2500835;2018;7;23;7;3;5;3;2;0;1;0;0;0;0;0
11;7;7501031;2018;7;17;5;2;5;3;0;0;1;0;0;0;1;0
11;2;2500835;2018;7;19;7;2;5;2;0;0;1;0;1;0;0;0
11;1;1200518;2018;7;17;2;3;5;3;0;0;1;0;1;0;0;0
11;4;4300517;2018;7;18;5;3;5;2;0;0;1;0;0;0;0;0
11;1;1400937;2018;7;12;7;2;6;4;0;0;0;1;1;0;0;0
11;4;4501153;2018;7;17;5;3;5;2;0;1;1;0;0;0;0;0
11;1;1400939;2018;7;3;7;3;9;1;2;0;1;0;0;0;0;0
11;5;5200629;2018;7;17;2;3;6;2;0;0;1;1;0;0;0;0
11;7;7300516;2018;7;17;5;3;0;2;0;1;1;0;0;0;0;0
11;1;1400937;2018;7;14;2;3;3;6;0;1;0;0;0;0;1;0
11;10;10200420;2018;7;1;7;2;9;1;2;0;0;0;1;0;0;0
11;9;9501737;2018;7;20;2;3;5;3;0;0;1;0;0;0;0;0
11;2;2500834;2018;7;17;5;3;6;4;0;0;1;1;0;0;0;0
11;2;2200210;2018;7;20;2;2;5;3;0;1;1;0;0;0;0;0
11;2;2400521;2018;7;8;6;2;5;2;0;1;0;0;0;0;1;0
11;11;11300721;2018;7;17;5;3;5;3;0;1;1;0;0;0;0;0
11;5;5100312;2018;7;8;6;3;1;3;0;0;1;0;0;0;1;0
11;10;10100313;2018;7;17;2;2;5;3;0;0;1;0;1;0;0;0
11;8;8100312;2018;7;17;5;3;5;2;0;1;1;0;0;0;0;0
11;2;2200209;2018;7;6;6;3;5;2;0;1;1;0;0;0;0;0
11;1;1200517;2018;7;15;5;3;2;6;0;0;1;0;0;0;0;0
11;8;8100208;2018;7;16;6;3;2;7;0;1;1;0;0;0;0;0
11;11;11200411;2018;7;17;2;2;1;5;0;1;1;0;0;0;0;0
11;1;1100311;2018;7;15;5;3;5;2;0;1;0;0;0;1;0;0
11;7;7200308;2018;7;17;2;3;5;2;0;1;1;0;0;0;0;0
11;4;4300623;2018;7;22;6;3;6;4;2;1;1;1;0;0;0;0
11;7;7400721;2018;7;17;6;3;1;5;0;0;1;0;0;0;0;0
11;2;2400623;2018;7;8;2;3;3;6;0;1;0;0;0;1;0;0
11;8;8100206;2018;7;15;5;3;0;3;0;0;1;0;1;0;0;0
11;7;7300619;2018;7;8;2;3;5;2;0;0;1;0;0;0;0;0
11;8;8100415;2018;7;16;6;3;5;2;0;1;1;0;0;0;0;0
11;4;4300412;2018;7;9;2;3;0;6;0;0;1;0;1;0;0;0
11;4;4100102;2018;7;16;5;3;5;2;0;1;1;0;0;0;0;0
11;7;7100102;2018;7;9;2;3;2;6;0;0;1;0;0;0;1;0
11;10;10300732;2018;7;17;6;3;5;3;0;1;1;0;0;0;0;0
11;7;7400927;2018;7;14;5;2;6;4;0;0;1;1;0;0;0;0
11;7;7400824;2018;7;16;6;3;5;3;0;1;0;0;0;0;1;0
11;8;8300934;2018;7;15;2;2;6;4;0;0;0;1;0;0;1;0
11;2;2200213;2018;7;14;5;3;0;4;0;1;0;1;0;0;0;0
11;6;6300633;2018;7;11;2;3;1;5;0;1;1;0;0;0;0;0
11;2;2300419;2018;7;2;6;3;6;4;2;0;1;1;0;0;0;1
11;6;6100209;2018;7;15;6;2;5;3;0;1;1;0;0;0;0;0
11;5;5100209;2018;7;11;2;3;5;7;0;0;1;0;0;0;0;0
11;3;3500935;2018;7;13;5;3;1;5;0;1;1;0;0;0;0;0
11;7;7100205;2018;7;12;2;3;5;3;0;0;1;0;0;0;0;0
11;9;9401534;2018;7;17;5;3;6;7;0;1;0;1;0;0;0;0
11;6;6200421;2018;7;12;2;3;1;5;0;1;1;0;0;0;0;0
11;9;9501941;2018;7;15;6;3;5;2;0;1;1;0;0;0;0;0
11;5;5100101;2018;7;15;6;2;5;3;0;0;1;0;1;0;0;0
11;4;4300412;2018;7;13;2;3;5;2;0;1;1;0;0;0;0;0
11;1;1100310;2018;7;23;5;3;0;1;2;0;0;0;1;0;0;0
11;3;3200310;2018;7;16;2;3;2;6;0;0;1;0;0;0;0;0
11;7;7400927;2018;7;13;6;2;2;6;0;0;1;0;0;0;0;0
11;1;1200518;2018;7;15;2;3;5;2;0;0;1;0;1;0;0;0
11;9;9100304;2018;7;11;5;1;0;1;0;0;1;0;1;0;0;0
11;6;6400737;2018;7;15;2;3;5;7;0;1;1;0;0;0;0;0
11;9;9501736;2018;7;12;4;3;2;6;0;0;1;0;0;0;0;0
11;7;7100103;2018;7;14;6;2;6;7;0;0;0;1;0;0;1;0
11;9;9501838;2018;7;10;4;3;4;6;0;1;0;0;0;0;0;0
11;4;4501042;2018;7;13;6;3;5;2;0;0;1;0;0;0;1;0
11;2;2400623;2018;7;14;2;3;5;2;0;0;1;0;0;1;0;0
11;3;3100101;2018;7;22;4;3;5;2;2;1;1;0;0;0;0;0
11;12;12601032;2018;7;15;2;2;6;3;0;0;1;1;0;0;0;0
11;7;7200412;2018;7;13;6;2;6;2;0;0;1;1;0;0;0;0
11;9;9100408;2018;7;12;6;3;5;2;0;1;1;0;0;0;0;0
11;1;1401043;2018;7;15;2;2;1;1;0;0;1;0;0;0;1;0
11;6;6400842;2018;7;21;4;3;5;3;2;1;1;0;0;0;0;0
11;7;7501032;2018;7;16;2;2;2;1;0;0;1;0;0;0;0;0
11;3;3200205;2018;7;21;4;3;5;2;0;1;1;0;0;0;0;0
11;5;5100211;2018;7;12;6;3;0;1;0;1;0;0;0;0;0;0
11;11;11200411;2018;7;19;4;3;5;2;0;0;1;0;1;0;0;0
11;1;1100206;2018;7;7;2;3;3;6;0;1;0;0;0;0;1;0
11;7;7501134;2018;7;18;4;3;2;6;0;0;1;0;0;0;1;0
11;8;8401241;2018;7;12;6;3;2;2;0;0;0;0;1;0;1;0
11;1;1100102;2018;7;12;6;3;5;2;0;0;1;0;1;0;0;0
11;7;7300516;2018;7;18;4;3;5;3;0;0;1;0;0;0;0;0
11;4;4500936;2018;7;6;2;3;5;2;0;0;0;0;1;0;1;0
11;3;3200310;2018;7;18;4;3;5;3;0;1;1;0;0;0;0;0
11;12;12100204;2018;7;11;6;3;1;5;0;1;1;0;0;0;0;0
11;9;9501939;2018;7;18;4;3;6;4;0;0;1;1;0;0;0;0
11;11;11300722;2018;7;11;6;3;2;6;0;0;0;0;1;0;0;1
11;9;9200715;2018;7;8;2;3;2;6;0;1;1;0;0;0;0;0
11;4;4501149;2018;7;17;4;3;5;2;0;1;1;0;0;0;0;0
11;3;3601243;2018;7;8;2;3;0;3;0;1;1;0;0;0;0;0
11;1;1400940;2018;7;16;6;3;5;3;0;0;0;0;1;0;1;0
11;4;4500938;2018;7;10;6;3;6;7;0;0;1;1;0;0;0;1
11;3;3200207;2018;7;17;4;3;5;3;0;1;1;0;0;0;0;0
11;1;1100311;2018;7;8;2;3;2;2;0;0;1;0;0;0;0;0
11;2;2200211;2018;7;20;4;3;1;5;0;0;1;0;0;0;1;0
11;3;3300516;2018;7;9;6;3;5;2;0;1;1;0;0;0;0;0
11;2;2500833;2018;7;20;4;2;6;4;0;1;0;1;0;0;0;0
11;5;5200631;2018;7;9;6;3;0;1;0;0;0;0;1;0;0;0
11;6;6100103;2018;7;8;2;3;1;5;0;0;1;0;1;0;0;0
11;1;1300733;2018;7;20;4;2;5;2;0;0;1;0;1;0;0;0
11;9;9200819;2018;7;7;6;3;2;6;0;0;1;0;0;1;0;1
11;3;3601243;2018;7;6;6;3;5;3;0;1;1;0;0;0;0;0
11;2;2300314;2018;7;0;2;3;0;1;2;0;0;0;1;0;0;0
11;1;1100308;2018;7;8;4;3;0;2;0;1;1;0;0;0;0;0
11;1;1100415;2018;7;16;2;3;5;3;0;0;1;0;0;0;1;0
11;3;3601449;2018;7;2;4;3;1;5;2;0;1;0;0;0;0;0
11;1;1300836;2018;7;17;5;3;5;2;0;0;1;0;0;0;0;1
11;6;6400841;2018;7;19;1;3;1;5;0;0;1;0;0;0;0;0
11;6;6200421;2018;7;17;4;3;2;6;0;0;1;0;0;0;1;0
11;1;1300834;2018;7;14;1;3;5;7;0;0;1;0;1;0;0;0
11;7;7501029;2018;7;17;5;2;5;2;0;0;1;0;1;0;0;0
11;1;1100311;2018;7;19;1;2;5;2;0;0;1;0;0;0;0;0
11;7;7100205;2018;7;17;4;3;0;6;0;0;1;0;1;0;0;0
11;7;7501029;2018;7;17;5;3;6;4;0;0;1;1;0;0;0;1
11;1;1400942;2018;7;17;4;3;5;3;0;0;1;0;0;0;0;0
11;9;9200716;2018;7;17;5;3;6;2;0;0;0;1;0;0;1;1
11;9;9401329;2018;7;19;1;3;3;6;0;1;1;0;0;0;0;1
11;6;6200314;2018;7;16;4;3;5;2;0;1;1;0;0;0;0;0
11;5;5100209;2018;7;17;1;3;5;2;0;0;1;0;0;0;0;0
11;3;3500936;2018;7;19;5;3;5;3;0;1;1;0;0;0;0;1
11;1;1100308;2018;7;12;5;3;0;1;0;0;0;0;1;0;0;1
11;8;8401244;2018;7;19;1;3;6;4;0;0;1;1;0;0;0;0
11;3;3501037;2018;7;15;4;3;5;2;0;1;1;0;0;0;0;0
11;11;11501340;2018;7;17;1;3;1;5;0;1;1;0;0;0;0;0
11;2;2500832;2018;7;19;5;2;0;7;0;0;1;0;0;0;0;1
11;8;8200832;2018;7;13;1;3;3;6;0;1;1;0;0;0;0;0
11;4;4300414;2018;7;16;4;3;5;3;0;0;1;0;0;0;0;0
11;7;7200308;2018;7;7;1;3;2;6;0;0;1;0;0;0;0;0
11;12;12200310;2018;7;21;5;2;0;1;2;0;0;0;1;0;0;1
11;1;1100309;2018;7;21;5;3;5;2;2;1;1;0;0;0;0;1
11;7;7400823;2018;7;12;1;3;5;2;0;0;1;0;0;0;0;0
11;3;3200308;2018;7;15;4;3;0;7;0;1;0;0;0;0;0;0
11;9;9401635;2018;7;9;1;2;5;3;0;1;1;0;0;0;0;0
11;8;8100415;2018;7;23;5;2;6;2;2;0;1;1;0;0;0;1
11;11;11300619;2018;7;15;4;3;5;3;0;1;1;0;0;0;0;0
11;11;11300618;2018;7;23;5;3;5;3;2;1;1;0;0;0;0;1
11;7;7501135;2018;7;9;1;3;5;2;0;0;1;0;0;0;0;0
11;7;7400721;2018;7;15;4;3;0;2;0;0;1;0;1;0;0;1
11;9;9100305;2018;7;8;1;3;5;2;0;0;1;0;1;0;0;0
11;3;3601450;2018;7;15;5;2;5;2;0;1;1;0;0;0;0;1
11;12;12500824;2018;7;15;5;3;2;2;0;1;1;0;0;0;0;1
11;1;1401046;2018;7;4;1;3;8;1;2;0;1;1;0;0;0;0
11;7;7100205;2018;7;22;4;3;0;1;2;1;0;0;0;0;0;0
11;2;2200213;2018;7;1;1;3;1;5;2;1;1;0;0;0;0;0
11;4;4500937;2018;7;14;5;3;0;1;0;0;1;0;1;0;0;1
11;2;2500728;2018;7;18;7;3;5;2;0;1;1;0;0;0;0;0
11;1;1300732;2018;7;13;4;3;5;2;0;1;1;0;0;0;0;0
11;3;11300617;2018;7;23;7;3;6;4;2;0;1;1;0;0;0;0
11;8;8401243;2018;7;12;4;3;0;5;0;0;1;0;0;0;0;0
11;5;5400942;2018;7;14;5;3;2;6;0;0;1;0;0;0;0;1
11;9;9200715;2018;7;13;4;3;5;2;0;0;1;0;0;0;0;0
11;2;2200210;2018;7;13;5;3;0;6;0;0;0;0;1;0;1;1
11;1;1100308;2018;7;23;7;3;2;6;2;0;1;0;1;0;0;0
11;4;4100101;2018;7;12;4;3;0;6;0;0;0;0;1;0;1;0
11;1;1100308;2018;7;21;7;3;0;1;1;1;0;0;0;0;0;0
11;9;9200716;2018;7;12;5;3;5;7;0;0;1;0;0;0;0;1
11;12;12200309;2018;7;12;5;3;5;2;0;0;1;0;0;0;0;1
11;4;4300622;2018;7;12;4;3;5;2;0;1;0;0;0;1;0;0
11;2;2100102;2018;7;12;5;3;5;2;0;0;1;0;0;0;0;1
11;3;3601449;2018;7;19;7;3;0;1;0;0;1;0;1;0;0;0
11;2;2100101;2018;7;11;4;3;5;2;0;1;1;0;0;0;0;0
11;1;1300834;2018;7;20;7;3;5;3;0;1;1;0;0;0;0;0
11;4;4300416;2018;7;11;5;3;0;2;0;0;1;0;0;0;1;1
11;1;1100308;2018;7;11;5;3;2;6;0;0;1;0;0;0;0;1
11;12;12200414;2018;7;18;7;3;5;2;0;1;1;0;0;0;0;0
11;8;8401241;2018;7;10;4;3;1;5;0;0;1;0;1;0;0;0
11;1;1100102;2018;7;18;7;3;5;2;0;0;1;0;0;0;0;0
11;11;11100309;2018;7;10;4;3;5;2;0;1;1;0;0;0;0;0
11;4;4500938;2018;7;11;5;3;5;2;0;1;1;0;0;0;0;1
11;1;1100309;2018;7;10;4;3;1;5;0;1;1;0;0;0;0;0
11;9;9502043;2018;7;18;7;3;5;2;0;1;1;0;0;0;0;0
11;1;1200517;2018;7;10;4;3;5;2;0;1;1;0;0;0;0;0
11;2;2200210;2018;7;10;4;3;5;2;0;1;1;0;0;0;0;0
11;2;2100102;2018;7;9;5;3;1;5;0;1;0;0;0;0;1;1
11;9;9501736;2018;7;18;7;2;3;6;0;1;1;0;0;0;0;0
11;4;4501040;2018;7;9;4;3;0;7;0;1;1;0;0;0;0;0
11;2;2400521;2018;7;17;7;3;5;3;0;1;0;0;1;0;0;0
11;1;1100207;2018;7;8;5;3;5;2;0;1;1;0;0;0;0;1
11;2;2400522;2018;7;8;5;3;2;6;0;0;1;0;0;1;0;1
11;5;5100209;2018;7;17;7;3;5;3;0;1;1;0;0;0;0;0
11;12;12200310;2018;7;8;4;3;5;3;0;1;1;0;0;0;0;0
11;7;7100102;2018;7;8;5;3;5;3;0;0;1;0;0;0;0;1
11;1;1100206;2018;7;8;4;3;1;5;0;1;1;0;0;0;0;0
11;7;7400721;2018;7;8;4;3;5;2;0;1;1;0;0;0;0;0
11;11;11200513;2018;7;16;7;3;5;3;0;0;1;0;0;0;0;0
11;4;4300623;2018;7;7;4;3;2;6;0;0;1;0;0;0;0;0