LAND;BEZ;LOR_ab_2021;UJAHR;UMONAT;USTUNDE;UWOCHENTAG;UKATEGORIE;UART;UTYP1;ULICHTVERH;IstRad;IstPKW;IstFuss;IstKrad;IstGkfz;IstSonstige;USTRZUSTAND
11;1;1300730;2018;7;8;5;3;3;6;0;0;1;0;0;0;1;1
11;2;2400623;2018;7;7;4;3;5;2;0;1;1;0;0;0;0;0
11;1;1300834;2018;7;14;5;3;0;1;0;0;0;0;1;0;0;1
11;2;2300315;2018;7;15;7;3;5;3;0;0;1;0;0;0;0;0
11;3;3300514;2018;7;7;4;3;5;3;0;1;1;0;0;0;0;0
11;6;6100209;2018;7;14;5;2;0;7;0;0;1;0;0;0;0;0
11;8;8401245;2018;7;13;4;3;0;2;0;0;1;0;0;0;1;0
11;9;9501737;2018;7;6;5;2;4;1;1;0;1;0;0;0;0;1
11;3;3701554;2018;7;15;7;2;0;1;0;1;0;0;0;0;0;0
11;3;3601450;2018;7;12;4;3;2;6;0;0;1;0;0;0;0;0
11;5;5100317;2018;7;14;7;3;1;1;0;1;1;0;0;0;1;0
11;2;2200209;2018;7;6;5;2;5;3;1;1;1;0;0;0;0;1
11;5;5300737;2018;7;14;7;3;1;5;0;0;1;0;0;0;0;0
11;11;11400931;2018;7;12;4;3;6;4;0;1;0;1;0;0;0;0
11;11;11100204;2018;7;0;5;2;2;6;2;0;1;0;1;0;0;1
11;6;6200422;2018;7;9;4;3;2;7;0;0;1;0;0;0;0;0
11;7;7100101;2018;7;23;4;3;2;6;2;0;1;0;0;0;0;1
11;10;10100103;2018;7;14;7;3;5;3;0;0;1;0;0;0;0;0
11;6;6400839;2018;7;7;4;2;5;3;0;0;1;0;0;0;0;0
11;1;1100310;2018;7;13;7;3;1;5;0;1;1;0;0;0;0;0
11;6;6200422;2018;7;23;4;3;5;3;2;1;1;0;0;0;0;1
11;2;2500726;2018;7;9;4;3;5;2;0;1;1;0;0;0;0;0
11;7;7100204;2018;7;13;7;3;4;6;0;1;1;0;0;0;0;0
11;10;10100206;2018;7;5;4;3;5;3;0;0;1;0;0;0;0;0
11;10;10100313;2018;7;18;4;3;2;6;0;0;1;0;0;0;1;0
11;7;7400927;2018;7;12;7;3;1;5;0;1;0;0;0;1;0;0
11;9;9502043;2018;7;6;4;3;5;2;0;1;1;0;0;0;0;0
11;5;5400942;2018;7;16;4;3;5;2;0;1;1;0;0;0;0;1
11;10;10400940;2018;7;16;4;3;5;3;0;1;1;0;0;0;0;0
11;9;9100306;2018;7;13;7;3;2;2;0;0;1;0;1;0;0;0
11;1;1100104;2018;7;10;3;3;2;6;0;0;1;0;0;0;0;0
11;6;6400737;2018;7;12;7;3;2;6;0;0;1;0;0;0;0;0
11;4;4501042;2018;7;15;4;3;5;5;0;0;1;0;1;0;0;0
11;6;6400839;2018;7;12;7;3;5;3;0;1;1;0;0;0;0;0
11;9;9401329;2018;7;13;3;3;5;3;0;1;1;0;0;0;0;0
11;5;5200629;2018;7;12;7;3;5;3;0;0;1;0;0;0;0;0
11;10;10100206;2018;7;16;4;3;5;2;0;0;1;0;0;0;1;1
11;11;11100309;2018;7;16;3;3;6;4;0;1;0;1;0;0;0;0
11;4;4501040;2018;7;15;4;2;2;6;0;1;0;0;0;1;0;0
11;7;7100102;2018;7;11;7;3;0;5;0;1;1;0;0;0;0;0
11;7;7601339;2018;7;17;3;3;5;3;0;1;0;0;0;0;0;0
11;9;9501838;2018;7;10;7;2;5;3;0;1;1;0;0;0;0;0
11;7;7100102;2018;7;13;4;3;5;3;0;0;1;0;1;0;0;0
11;9;9501737;2018;7;13;4;3;0;2;0;1;0;0;0;0;1;0
11;2;2200210;2018;7;18;3;3;0;6;0;0;1;0;1;0;0;0
11;3;3601141;2018;7;15;5;3;2;6;0;0;1;0;0;0;1;0
11;10;10400938;2018;7;14;3;3;0;7;0;0;0;0;1;0;0;1
11;6;6100207;2018;7;14;3;3;0;6;0;1;0;0;0;0;1;0
11;5;5100209;2018;7;14;5;3;6;7;0;1;0;1;0;0;0;0
11;1;1100206;2018;7;13;3;2;5;3;0;1;1;0;0;0;0;0
11;6;6300525;2018;7;14;5;3;5;3;0;1;1;0;0;0;0;0
11;5;5300841;2018;7;13;3;3;2;6;0;0;1;0;0;1;0;0
11;5;5200528;2018;7;13;5;3;2;6;0;0;1;0;0;0;0;0
11;4;4300416;2018;7;12;5;3;6;2;0;0;1;1;0;0;0;0
11;8;8100417;2018;7;13;3;3;5;3;0;0;0;0;1;0;1;0
11;11;11300620;2018;7;13;3;3;2;6;0;0;1;0;0;1;0;0
11;1;1300733;2018;7;12;5;3;5;3;0;1;0;0;1;0;0;0
11;9;9100305;2018;7;12;3;3;0;3;0;1;1;0;0;0;0;0
11;1;1401047;2018;7;12;3;3;2;6;0;0;1;0;0;0;0;0
11;1;1100308;2018;7;10;3;3;0;3;0;0;1;0;1;0;0;0
11;9;9501838;2018;7;12;5;3;0;5;0;0;1;0;1;0;0;1
11;12;12400619;2018;7;9;3;3;5;2;0;0;1;0;1;0;0;0
11;3;3701556;2018;7;23;7;2;6;4;2;0;1;1;0;0;0;0
11;12;12400721;2018;7;9;3;3;1;5;0;1;1;0;0;0;0;0
11;10;10300733;2018;7;11;5;3;2;6;0;0;1;0;0;0;0;0
11;12;12500824;2018;7;8;3;3;5;3;0;0;1;0;0;0;1;0
11;12;12400721;2018;7;9;5;3;5;3;0;0;1;0;0;0;0;0
11;12;12200307;2018;7;22;7;2;6;4;2;0;0;1;0;0;1;0
11;6;6100205;2018;7;8;3;3;0;6;0;0;1;0;1;0;0;0
11;1;1100310;2018;7;22;7;3;5;2;2;0;1;0;0;0;0;0
11;4;4500938;2018;7;9;5;3;5;2;0;1;1;0;0;0;0;0
11;2;2200207;2018;7;8;5;3;2;2;0;0;1;0;0;0;0;0
11;3;3601245;2018;7;7;3;3;5;2;0;1;1;0;0;0;0;0
11;1;1100206;2018;7;21;7;3;0;1;2;1;1;0;0;0;0;1
11;2;2500831;2018;7;6;3;3;5;3;0;0;1;0;1;0;0;0
11;7;7300619;2018;7;9;5;3;5;2;0;1;1;0;0;0;0;0
11;7;7200409;2018;7;10;3;3;5;2;0;0;1;0;0;0;0;0
11;7;7400927;2018;7;8;5;3;5;3;0;0;1;0;0;0;1;0
11;6;6400844;2018;7;20;7;3;5;3;1;0;1;0;0;0;0;1
11;7;7400927;2018;7;11;3;3;5;7;0;0;1;0;0;0;0;0
11;1;1200623;2018;7;8;5;3;5;2;0;0;1;0;1;0;0;0
11;2;2300419;2018;7;8;3;2;1;5;0;1;0;0;0;0;1;0
11;12;12100204;2018;7;7;5;3;5;2;0;1;1;0;0;0;0;0
11;1;1400942;2018;7;20;7;3;6;4;0;0;0;1;0;0;1;1
11;10;10300731;2018;7;7;3;2;6;4;0;0;1;1;0;0;0;0
11;11;11501340;2018;7;18;6;3;2;7;0;0;1;0;1;0;0;0
11;1;1100207;2018;7;7;5;3;0;3;0;0;1;0;1;0;0;0
11;6;6300632;2018;7;17;6;3;2;2;0;1;1;0;0;0;0;0
11;6;6200421;2018;7;11;3;3;0;1;0;0;0;0;1;0;0;0
11;7;7200307;2018;7;14;6;3;3;6;0;0;1;0;1;0;0;0
11;1;1100310;2018;7;6;5;3;5;3;0;1;0;0;0;0;1;0
11;11;11401135;2018;7;13;6;3;2;2;0;1;1;0;0;0;0;0
11;2;2400521;2018;7;2;3;3;0;1;2;1;0;0;0;0;0;0
11;12;12200309;2018;7;6;5;3;1;5;0;1;1;0;0;0;1;0
11;8;8401241;2018;7;18;2;3;0;1;0;1;0;0;0;0;0;0
11;1;1100309;2018;7;0;5;3;1;5;2;1;0;0;1;0;0;0
11;8;8200730;2018;7;13;6;3;1;1;0;0;1;0;0;0;0;0
11;11;11300721;2018;7;10;2;2;5;2;0;0;1;0;0;0;1;0
11;6;6400737;2018;7;12;6;3;5;2;0;1;1;0;0;0;0;0
11;8;8100314;2018;7;18;4;3;2;2;0;1;1;0;0;0;0;0
11;2;2500831;2018;7;12;4;3;6;4;0;0;1;1;0;0;0;0
11;6;6200420;2018;7;10;6;3;5;3;0;0;1;0;1;0;0;0
11;7;7501029;2018;7;10;2;3;1;5;0;0;1;0;0;0;0;0
11;2;2100104;2018;7;10;6;3;1;5;0;1;1;0;0;0;0;0
11;1;1200520;2018;7;11;4;3;5;2;0;1;1;0;0;0;0;0
11;1;1100310;2018;7;8;6;3;5;2;0;1;1;0;0;0;0;0
11;10;10300731;2018;7;10;2;2;5;3;0;0;1;0;1;0;0;0
11;9;9200510;2018;7;8;6;3;0;2;0;1;1;0;0;0;0;0
11;1;1100308;2018;7;11;4;3;6;7;0;0;1;1;0;0;0;0
11;5;5300737;2018;7;9;2;3;3;6;0;0;1;0;0;1;0;0
11;10;10100313;2018;7;15;4;3;2;6;0;0;1;0;0;0;0;0
11;3;3701554;2018;7;14;6;3;5;2;0;1;1;0;0;0;0;0
11;8;8401245;2018;7;9;2;3;0;6;0;0;0;0;0;0;1;0
11;8;8401241;2018;7;7;6;3;6;2;0;0;1;1;0;0;0;0
11;9;9200511;2018;7;15;4;3;2;6;0;1;0;0;0;0;1;0
11;6;6200421;2018;7;14;4;3;2;6;0;0;1;0;1;0;0;0
11;1;1200522;2018;7;9;2;3;0;2;0;0;1;0;1;0;0;0
11;1;1100207;2018;7;14;4;3;6;4;0;1;0;1;0;0;0;0
11;2;2300316;2018;7;7;6;3;1;5;0;1;1;0;0;0;0;0
11;7;7100206;2018;7;8;2;3;4;6;0;1;0;0;0;0;0;0
11;12;12200412;2018;7;17;6;3;5;7;0;0;1;0;1;0;0;0
11;7;7100102;2018;7;13;4;3;3;6;0;0;0;0;1;0;1;0
11;5;5100317;2018;7;13;4;3;2;6;0;0;1;0;0;0;0;0
11;1;1300834;2018;7;17;6;3;0;7;0;1;0;0;0;0;0;0
11;1;1200519;2018;7;7;2;3;5;7;0;1;1;0;0;0;0;0
11;1;1100309;2018;7;18;6;3;5;2;0;0;1;0;1;0;0;0
11;10;10100316;2018;7;13;4;3;5;2;0;1;1;0;0;0;0;0
11;11;11100101;2018;7;14;6;3;2;2;0;0;1;0;0;0;0;0
11;8;8300934;2018;7;5;2;3;5;3;0;0;1;0;1;0;0;0
11;7;7400823;2018;7;12;6;3;0;5;0;1;0;0;0;0;1;0
11;11;11401033;2018;7;17;2;3;6;7;0;0;1;1;0;0;0;0
11;8;8100104;2018;7;13;4;3;6;4;0;0;0;1;1;0;0;0
11;1;1200518;2018;7;20;2;3;2;2;1;0;0;0;1;0;1;0
11;12;12601134;2018;7;13;4;3;2;6;0;0;1;0;0;0;0;0
11;5;5300736;2018;7;11;6;2;0;2;0;1;1;0;0;0;0;0
11;1;1100415;2018;7;20;2;3;3;6;0;1;1;0;0;0;0;0
11;7;7400823;2018;7;10;6;2;5;2;0;0;1;0;1;0;0;0
11;2;2100103;2018;7;12;4;3;2;6;0;1;1;0;0;0;0;0
11;6;6100102;2018;7;12;4;3;6;2;0;0;1;1;0;0;0;0
11;11;11300721;2018;7;9;6;3;2;2;0;0;1;0;0;0;0;0
11;1;1100103;2018;7;17;2;3;5;3;0;0;1;0;1;0;0;0
11;2;2400623;2018;7;11;4;2;5;3;0;1;0;0;0;0;1;0
11;11;11200512;2018;7;9;4;3;5;7;0;0;1;0;0;0;0;0
11;6;6100205;2018;7;7;6;2;5;2;0;1;0;0;0;1;0;0
11;4;4400832;2018;7;17;2;3;5;2;0;1;1;0;0;0;0;0
11;4;4200311;2018;7;1;6;3;9;1;2;0;1;0;0;0;0;0
11;3;3601245;2018;7;17;2;3;5;2;0;0;1;0;0;0;0;0
11;9;9501736;2018;7;9;4;3;2;6;0;0;1;0;0;0;0;0
11;9;9200510;2018;7;16;2;3;2;2;0;0;1;0;0;1;0;0
11;3;3300411;2018;7;21;6;3;5;3;1;1;0;0;0;0;0;1
11;3;3200206;2018;7;15;2;3;5;3;0;1;1;0;0;0;0;0
11;4;4300622;2018;7;14;2;3;5;2;0;1;1;0;0;0;0;0
11;1;1100102;2018;7;8;4;2;5;2;0;0;1;0;1;0;0;0
11;7;7400721;2018;7;19;6;2;6;4;0;1;0;1;0;0;0;0
11;6;6200314;2018;7;14;2;3;1;5;0;1;1;0;0;0;0;0
11;2;2100106;2018;7;20;6;3;5;2;1;0;1;0;0;0;0;0
11;8;8200832;2018;7;7;4;2;2;2;0;0;1;0;1;0;0;0
11;8;8401244;2018;7;7;4;3;7;7;0;0;1;0;0;0;0;0
11;9;9501737;2018;7;13;2;3;5;3;0;0;1;0;1;0;0;0
11;8;8100311;2018;7;20;6;3;1;5;0;1;1;0;0;0;0;0
11;11;11300721;2018;7;13;2;3;2;6;0;0;0;0;0;0;1;0
11;1;1100102;2018;7;9;4;3;0;5;0;1;1;0;0;0;0;0
11;4;4501040;2018;7;13;2;3;1;5;0;1;1;0;0;0;0;0
11;8;8100520;2018;7;22;4;3;5;2;2;0;1;0;0;0;0;0
11;2;2300417;2018;7;19;6;3;2;4;1;1;0;1;0;0;0;0
11;4;4300619;2018;7;12;2;3;6;7;0;0;1;1;0;0;0;0
11;4;4100102;2018;7;19;4;3;5;2;0;0;1;0;0;0;0;0
11;11;11300722;2018;7;15;2;3;2;6;0;0;1;0;0;0;0;0
11;8;8401243;2018;7;18;6;3;2;6;0;0;1;0;0;0;0;0
11;5;5100317;2018;7;11;2;3;2;6;0;0;1;0;0;0;0;0
11;2;2200210;2018;7;18;4;3;5;2;0;1;1;0;0;0;0;0
11;8;8100415;2018;7;14;2;3;5;3;0;0;1;0;0;0;1;0
11;8;8401246;2018;7;9;6;3;5;3;0;1;1;0;0;0;0;0
11;9;9401432;2018;7;18;2;2;5;3;0;1;0;0;1;0;0;0
11;2;2200210;2018;7;17;5;3;5;3;0;1;1;0;0;0;0;0
11;3;3500934;2018;7;17;4;3;0;2;0;1;1;0;0;0;0;0
11;9;9501939;2018;7;17;5;3;5;3;0;1;1;0;0;0;0;0
11;7;7300619;2018;7;17;2;2;5;3;0;0;1;0;1;0;1;0
11;11;11400929;2018;7;14;4;3;5;7;0;0;1;0;0;0;0;0
11;6;6400838;2018;7;16;2;2;0;1;0;1;0;0;0;0;0;0
11;1;1100102;2018;7;15;4;3;1;5;0;1;1;0;0;0;1;0
11;2;2500831;2018;7;22;5;3;5;3;2;0;1;0;1;0;0;0
11;4;4300624;2018;7;16;2;3;1;5;0;1;1;0;0;0;0;0
11;12;12200309;2018;7;19;5;3;5;3;0;1;1;0;0;0;0;0
11;9;9100101;2018;7;22;4;2;1;5;2;1;1;0;0;0;0;0
11;7;7601443;2018;7;22;4;2;1;5;2;1;1;0;0;0;0;0
11;12;12500929;2018;7;19;5;3;4;6;0;0;0;0;0;0;1;0
11;2;2400623;2018;7;10;2;3;1;6;0;1;1;0;0;1;0;0
11;11;11300725;2018;7;18;5;3;4;6;0;0;1;0;0;0;0;0
11;3;3300516;2018;7;19;4;2;1;5;0;1;1;0;0;0;0;0
11;11;11100102;2018;7;17;4;2;5;2;0;1;1;0;0;0;0;0
11;1;1300733;2018;7;18;5;3;1;7;0;1;1;0;0;0;0;0
11;4;4200311;2018;7;20;1;2;1;5;0;1;1;0;0;0;0;0
11;5;5100313;2018;7;18;5;3;5;2;0;0;1;0;1;0;0;0
11;11;11501339;2018;7;21;4;1;5;2;2;1;0;0;0;0;1;0
11;11;11501340;2018;7;18;5;3;1;1;0;0;1;0;1;0;0;0
11;4;4100101;2018;7;14;1;3;0;6;0;0;1;0;1;0;0;0
11;12;12200308;2018;7;21;5;3;2;6;1;0;1;0;0;0;0;0
11;11;11200513;2018;7;10;3;3;2;6;0;0;1;0;0;0;0;0
11;1;1100309;2018;7;13;1;3;0;3;0;1;1;0;0;0;0;0
11;1;1100102;2018;7;20;3;3;6;7;0;0;0;1;1;0;0;0
11;1;1200628;2018;7;20;5;3;0;2;0;0;1;0;0;0;1;0
11;7;7100206;2018;7;13;1;3;5;3;0;1;1;0;0;0;0;0
11;2;2400521;2018;7;21;5;2;5;3;2;1;1;0;0;0;0;0
11;3;3400721;2018;7;21;3;3;3;6;1;0;1;0;0;0;1;0
11;4;4501042;2018;7;20;3;3;5;7;0;0;1;0;1;0;0;0
11;1;1100103;2018;7;19;5;3;0;2;0;1;1;0;1;0;0;0
11;9;9200715;2018;7;13;1;3;6;2;0;0;1;1;0;0;0;0
11;6;6300629;2018;7;18;5;2;5;2;0;1;1;0;0;0;0;0
11;4;4501150;2018;7;17;3;3;5;2;0;1;1;0;0;0;0;0
11;2;2100102;2018;7;13;1;3;5;3;0;0;1;0;0;0;0;0
11;5;5100314;2018;7;16;5;2;5;3;0;1;1;0;0;0;0;0
11;5;5200423;2018;7;13;1;3;5;3;0;1;1;0;0;0;0;0
11;12;12100205;2018;7;12;3;3;0;2;0;1;1;0;0;0;0;0
11;4;4500937;2018;7;13;1;3;4;6;0;1;0;0;0;0;0;0
11;6;6400844;2018;7;6;3;3;5;3;0;1;1;0;0;0;0;0
11;1;1200628;2018;7;17;5;3;0;3;0;0;1;0;1;0;0;0
11;1;1200517;2018;7;17;5;2;2;6;0;0;1;0;1;0;0;0
11;4;4300624;2018;7;12;1;3;2;6;0;0;1;0;1;0;0;0
11;3;3400725;2018;7;17;5;3;5;3;0;1;0;0;0;0;1;0
11;2;2500835;2018;7;7;3;3;0;2;0;0;1;0;0;0;0;0
11;1;1200519;2018;7;11;1;3;1;5;0;0;1;0;0;0;1;0
11;7;7100205;2018;7;0;3;3;0;2;2;0;1;0;0;0;0;0
11;6;6300629;2018;7;17;5;3;5;3;0;0;1;0;0;0;0;0
11;4;4200207;2018;7;10;1;3;2;6;0;0;1;0;1;0;0;0
11;1;1300836;2018;7;17;5;3;2;6;0;0;1;0;0;0;0;0
11;2;2100102;2018;7;11;3;3;2;6;0;1;1;0;0;0;0;0
11;3;3300516;2018;7;12;3;3;0;1;0;1;1;0;0;0;0;0
11;10;10200417;2018;7;17;5;3;2;6;0;0;1;0;0;1;0;0
11;11;11100204;2018;7;10;1;3;8;1;0;0;0;0;1;0;0;0
11;1;1100207;2018;7;16;5;3;2;6;0;1;1;0;0;0;0;0
11;8;8300935;2018;7;9;1;3;1;5;0;1;1;0;0;0;0;0
11;4;4300620;2018;7;20;3;2;5;7;0;0;1;0;1;0;0;0
11;2;2500833;2018;7;1;1;2;1;5;2;1;1;0;0;0;1;0
11;4;4400832;2018;7;15;5;2;5;2;0;1;0;0;0;1;0;0
11;1;1100207;2018;7;16;1;3;5;3;0;1;1;0;0;0;0;0
11;1;1100103;2018;7;18;7;3;5;2;0;0;1;0;1;0;0;0
11;5;5200420;2018;7;20;3;3;5;2;0;1;1;0;0;0;0;0
11;12;12100205;2018;7;15;5;3;2;6;0;0;1;0;0;0;1;0
11;6;6100103;2018;7;18;7;3;3;6;0;1;1;0;0;0;0;0
11;4;4500937;2018;7;15;5;3;6;2;0;0;1;1;0;0;0;0
11;11;11300619;2018;7;19;3;2;6;4;0;0;1;1;0;0;0;0
11;11;11100204;2018;7;15;5;3;5;2;0;1;1;0;0;0;0;0
11;5;5100209;2018;7;17;7;3;5;2;0;0;1;0;1;0;0;0
11;5;5100211;2018;7;16;7;3;2;6;0;1;0;0;0;0;0;0
11;8;8401241;2018;7;15;5;3;8;1;0;0;0;0;1;0;0;0
11;1;1400942;2018;7;17;3;3;2;6;0;0;1;0;0;0;0;0
11;1;1200627;2018;7;18;3;2;6;4;0;0;1;1;0;0;0;0
11;12;12200309;2018;7;16;7;3;2;2;0;0;1;0;1;0;0;0
11;2;2100102;2018;7;15;5;3;5;3;0;1;1;0;0;0;0;0
11;6;6300634;2018;7;13;7;3;0;2;0;0;1;0;1;0;0;0
11;6;6300634;2018;7;18;3;3;0;5;0;1;1;0;0;0;0;0
11;12;12400721;2018;7;12;7;3;5;3;0;1;1;0;0;0;0;0
11;8;8100314;2018;7;18;3;3;5;2;0;0;1;0;0;0;0;0
11;5;5100208;2018;7;17;5;3;2;6;0;0;1;0;0;0;0;0
11;6;6100210;2018;7;12;7;3;1;5;0;1;1;0;0;0;0;0
11;2;2100104;2018;7;9;3;3;5;2;0;1;0;0;0;0;1;0
11;5;5200528;2018;7;10;7;3;0;2;0;1;1;0;0;0;0;0
11;8;8200725;2018;7;7;3;2;1;1;0;0;0;0;1;1;1;0
11;2;2200208;2018;7;15;5;2;5;1;0;1;1;0;0;0;0;0
11;9;9200512;2018;7;10;7;3;5;2;0;0;1;0;1;0;0;0
11;1;1300834;2018;7;10;5;3;5;3;0;1;0;0;0;0;1;0
11;9;9100408;2018;7;6;3;3;9;1;0;0;0;0;1;0;0;0
11;7;7601340;2018;7;10;5;3;1;5;0;0;1;0;0;0;1;0
11;4;4501042;2018;7;14;7;3;5;2;0;1;1;0;0;0;0;0
11;3;3701555;2018;7;8;5;3;5;3;0;1;1;0;0;0;0;0
11;6;6100209;2018;7;11;3;3;5;3;0;0;1;0;0;0;0;0
11;4;4501043;2018;7;13;7;3;1;5;0;1;1;0;0;0;0;0
11;12;12100103;2018;7;17;3;3;3;6;0;0;1;0;0;0;0;0
11;5;5400942;2018;7;8;5;2;2;6;0;0;1;0;0;0;0;0
11;7;7400927;2018;7;12;7;3;0;1;0;0;0;0;1;0;0;0
11;4;4300619;2018;7;16;3;3;5;3;0;1;0;0;1;0;0;0
11;7;7300515;2018;7;13;7;2;9;1;0;0;0;0;1;0;0;0
11;11;11100308;2018;7;16;3;3;6;4;0;1;0;1;0;0;0;0
11;11;11300721;2018;7;14;5;3;5;3;0;0;1;0;0;0;0;0
11;5;5100211;2018;7;0;7;3;0;1;2;0;0;0;1;0;0;0
11;9;9100408;2018;7;7;5;3;5;2;0;1;1;0;0;0;0;0
11;12;12100101;2018;7;16;3;2;5;2;0;0;1;0;0;0;0;0
11;3;3601140;2018;7;15;3;3;0;2;0;1;1;0;0;0;0;0
11;1;1100206;2018;7;13;5;2;2;6;0;0;0;0;1;1;0;0
11;9;9501838;2018;7;19;7;2;2;7;0;0;1;0;0;0;0;0
11;8;8100416;2018;7;13;5;3;5;3;0;0;1;0;0;0;1;0
11;9;9200819;2018;7;15;3;3;5;2;0;1;0;0;0;0;1;0
11;5;5100211;2018;7;13;5;3;0;6;0;0;1;0;1;0;0;0
11;2;2200213;2018;7;19;7;3;1;5;0;0;1;0;1;0;0;0
11;6;6300633;2018;7;6;5;3;1;7;0;0;1;0;0;0;0;0
11;2;2400624;2018;7;15;3;3;1;5;0;1;1;0;0;0;0;0
11;9;9501838;2018;7;19;7;3;1;5;0;1;1;0;0;0;0;0
11;8;8300935;2018;7;14;3;3;0;6;0;0;0;0;1;0;1;0
11;9;9200715;2018;7;13;5;2;5;3;0;0;1;0;0;0;0;0
11;5;5200528;2018;7;18;7;3;5;2;0;0;0;0;1;0;0;0
11;5;5200629;2018;7;13;5;3;6;4;0;1;0;1;0;0;0;0
11;2;2100104;2018;7;14;3;3;0;3;0;0;1;0;1;0;0;0
11;4;4501148;2018;7;14;3;3;5;7;0;0;1;0;1;0;0;0
11;6;6100207;2018;7;13;5;3;6;2;0;0;1;1;0;0;0;0
11;6;6200422;2018;7;14;6;3;5;3;0;1;0;0;0;1;0;0
11;3;3400826;2018;7;12;5;3;5;3;0;0;1;0;0;0;0;0
11;10;10100102;2018;7;8;6;3;5;3;0;1;0;0;0;0;1;0
11;11;11200411;2018;7;12;5;3;5;3;0;0;1;0;0;0;0;0
11;9;9502043;2018;7;13;3;3;5;3;0;1;1;0;0;0;0;0
11;1;1401048;2018;7;13;3;3;4;5;0;0;1;0;1;0;0;0
11;8;8100314;2018;7;12;5;3;1;5;0;0;1;0;1;0;0;0
11;1;1100416;2018;7;8;6;3;1;5;0;1;1;0;0;0;0;0
11;7;7300517;2018;7;11;5;3;1;5;0;0;1;0;0;0;0;0
11;4;4501043;2018;7;14;2;3;5;3;0;0;1;0;0;0;0;0
11;5;5100316;2018;7;10;5;2;5;2;0;0;1;0;0;0;0;0
11;7;7601545;2018;7;7;6;3;6;4;0;1;0;1;0;0;0;0
11;4;4200308;2018;7;10;5;3;2;6;0;0;1;0;0;1;0;0
11;3;3100103;2018;7;7;6;3;5;3;0;0;1;0;0;0;0;0
11;11;11501339;2018;7;13;2;3;2;6;0;0;0;0;1;0;1;0
11;8;8100311;2018;7;5;6;3;1;5;0;1;1;0;0;0;0;0
11;1;1300733;2018;7;12;2;3;6;7;0;0;1;1;0;0;0;0
11;11;11200513;2018;7;8;5;3;5;3;0;1;1;0;0;0;0;0
11;12;12200412;2018;7;1;6;2;1;1;2;0;1;0;1;0;0;0
11;12;12500926;2018;7;10;5;2;5;2;0;0;1;0;1;0;0;0
11;2;2400521;2018;7;9;2;3;2;2;0;1;1;0;0;0;0;0
11;5;5200629;2018;7;17;2;3;0;6;0;0;1;0;0;0;1;0
11;10;10200421;2018;7;18;4;3;2;6;0;0;1;0;0;0;0;0
11;1;1100101;2018;7;22;6;3;0;1;2;0;1;0;1;0;0;0
11;2;2200210;2018;7;0;4;2;6;4;2;0;1;1;0;0;0;0
11;6;6100206;2018;7;18;6;3;3;2;0;0;1;0;0;1;0;0
11;3;3100101;2018;7;15;2;3;5;3;0;1;1;0;0;0;0;0
11;7;7100205;2018;7;17;6;3;5;7;0;1;1;0;0;0;0;0
11;1;1300733;2018;7;8;4;3;5;2;0;1;1;0;0;0;0;0
11;7;7400823;2018;7;17;6;3;5;3;0;0;1;0;1;0;0;0
11;1;1100308;2018;7;18;2;3;1;5;0;1;1;0;0;0;0;0
11;2;2400623;2018;7;19;2;3;5;3;0;1;1;0;0;0;0;0
11;2;2400521;2018;7;16;6;3;5;3;0;0;1;0;1;0;0;0
11;7;7200409;2018;7;9;4;3;0;7;0;0;0;0;1;0;0;1
11;7;7501029;2018;7;16;6;3;2;2;0;0;1;0;0;0;0;0
11;9;9501939;2018;7;17;2;3;6;4;0;1;0;1;0;0;0;0
11;12;12200411;2018;7;15;6;3;5;7;0;0;1;0;0;0;0;0
11;1;1401049;2018;7;21;2;3;6;4;2;0;0;1;0;0;1;0
11;4;4300621;2018;7;8;4;3;5;3;0;1;1;0;0;0;0;0
11;4;4400833;2018;7;15;6;3;5;5;0;0;1;0;1;0;0;0
11;1;1100310;2018;7;9;4;3;2;6;0;1;0;0;0;0;1;0
11;3;3400725;2018;7;19;2;3;5;2;0;0;1;0;1;0;0;0
11;3;3400828;2018;7;20;2;3;5;3;0;0;1;0;0;0;0;0
11;3;3300412;2018;7;21;6;3;4;6;2;1;1;0;0;0;0;0
11;9;9200510;2018;7;10;4;3;5;2;0;0;1;0;1;0;0;0
11;4;4300622;2018;7;19;6;3;2;6;0;0;1;0;0;0;0;0
11;1;1100312;2018;7;19;2;3;1;5;0;1;0;0;0;0;1;0
11;4;4400830;2018;7;19;6;3;5;3;1;1;0;0;0;0;0;0
11;6;6200420;2018;7;16;2;3;5;3;0;0;1;0;0;0;0;0
11;6;6300528;2018;7;12;4;3;2;6;0;0;1;0;0;0;0;0
11;4;4200308;2018;7;18;6;3;8;1;0;0;1;0;0;0;0;0
11;5;5200630;2018;7;15;2;3;2;6;0;0;1;0;0;0;0;0
11;4;4300517;2018;7;14;2;3;3;6;0;1;0;0;0;0;0;0
11;6;6400737;2018;7;12;4;3;5;3;0;0;1;0;0;0;0;0
11;10;10200524;2018;7;19;6;3;6;4;0;0;1;1;0;0;0;0
11;3;3501037;2018;7;19;4;3;5;2;0;1;1;0;0;0;0;0
11;8;8300935;2018;7;15;6;3;5;3;0;0;1;0;0;0;1;0
11;6;6300629;2018;7;13;2;3;5;2;0;1;1;0;0;0;0;0
11;8;8401243;2018;7;7;4;3;0;6;0;1;1;0;0;0;0;0
11;4;4501040;2018;7;15;6;3;6;4;0;0;1;1;0;0;0;0
11;6;6300525;2018;7;18;4;3;3;6;0;0;0;0;1;0;1;0
11;1;1100206;2018;7;12;2;3;1;5;0;1;1;0;0;0;0;0