LAND;BEZ;LOR_ab_2021;UJAHR;UMONAT;USTUNDE;UWOCHENTAG;UKATEGORIE;UART;UTYP1;ULICHTVERH;IstRad;IstPKW;IstFuss;IstKrad;IstGkfz;IstSonstige;USTRZUSTAND
11;8;8401242;2018;7;16;4;3;0;2;0;1;1;0;0;0;0;0
11;4;4200207;2018;7;8;6;3;5;3;0;1;1;0;0;0;0;0
11;5;5200420;2018;7;21;2;3;0;2;1;0;1;0;0;0;1;0
11;3;3400724;2018;7;16;6;3;1;5;0;0;1;0;0;0;0;0
11;1;1300732;2018;7;22;2;2;6;4;1;0;1;1;0;0;0;0
11;12;12400619;2018;7;16;4;3;4;6;0;0;1;0;0;0;0;0
11;1;1100102;2018;7;11;6;3;2;6;0;0;1;0;0;0;0;0
11;8;8100208;2018;7;16;4;3;2;6;0;0;1;0;0;0;1;0
11;12;12500929;2018;7;20;2;2;0;1;0;0;0;0;1;0;0;0
11;1;1200520;2018;7;18;2;3;1;5;0;1;1;0;0;0;0;0
11;1;1200623;2018;7;16;4;3;5;2;0;1;1;0;0;0;0;0
11;11;11300721;2018;7;11;6;3;2;6;0;0;1;0;0;1;0;0
11;8;8401241;2018;7;16;4;3;5;3;0;0;1;0;0;0;1;0
11;1;1200628;2018;7;13;2;2;6;4;0;0;1;1;0;0;0;0
11;8;8401244;2018;7;15;4;2;5;3;0;0;1;0;0;0;0;0
11;5;5100317;2018;7;12;6;3;2;6;0;0;1;0;0;0;0;0
11;1;1401043;2018;7;15;4;3;5;3;0;0;1;0;0;0;0;0
11;5;5100101;2018;7;13;2;2;0;1;0;0;1;0;1;0;0;0
11;7;7501134;2018;7;13;2;3;0;1;0;0;0;0;1;0;0;0
11;3;3400620;2018;7;15;4;3;6;4;0;0;1;1;0;0;0;0
11;9;9200717;2018;7;13;6;3;5;2;0;0;1;0;1;0;0;0
11;5;5100316;2018;7;15;4;3;0;1;0;0;1;0;1;0;0;0
11;12;12601032;2018;7;12;2;3;1;5;0;0;1;0;0;0;0;0
11;1;1100205;2018;7;7;6;3;5;3;0;1;1;0;0;0;0;0
11;4;4501042;2018;7;0;2;3;5;3;2;0;1;0;0;0;0;0
11;9;9100409;2018;7;15;4;3;2;6;0;1;1;0;0;0;0;0
11;8;8100521;2018;7;5;6;3;5;7;0;1;1;0;0;0;0;0
11;6;6400843;2018;7;14;4;3;5;3;0;0;1;0;0;0;0;0
11;1;1100415;2018;7;2;2;3;0;1;2;1;0;0;0;0;0;0
11;10;10400939;2018;7;6;2;3;8;1;0;0;1;0;0;0;0;0
11;8;8200727;2018;7;14;4;3;5;2;0;1;1;0;0;0;0;0
11;11;11200515;2018;7;13;6;3;5;3;0;0;1;0;1;0;0;0
11;1;1100308;2018;7;13;4;3;2;6;0;0;1;0;0;0;0;0
11;2;2100103;2018;7;7;2;3;3;6;0;0;1;0;0;0;0;0
11;2;2300419;2018;7;13;4;3;5;3;0;1;0;0;0;0;0;0
11;3;3701556;2018;7;8;6;3;2;3;0;1;1;0;0;0;0;0
11;5;5100101;2018;7;11;4;2;2;6;0;0;1;0;1;0;0;0
11;4;4501042;2018;7;13;6;3;2;6;0;0;1;0;0;0;1;0
11;1;1401049;2018;7;8;2;3;0;2;0;1;1;0;0;0;0;0
11;5;5300735;2018;7;9;6;3;5;2;0;0;1;0;1;0;0;0
11;7;7400721;2018;7;8;2;3;5;3;0;0;1;0;0;0;0;0
11;8;8100419;2018;7;23;4;3;4;6;2;1;1;0;0;0;0;0
11;1;1100101;2018;7;10;6;3;5;2;0;1;0;0;0;1;0;0
11;5;5200629;2018;7;23;4;3;5;3;2;0;1;0;1;0;0;0
11;3;3500934;2018;7;8;2;3;5;3;0;0;1;0;0;0;0;0
11;1;1100206;2018;7;8;2;3;2;7;0;1;0;0;0;0;0;0
11;2;2200213;2018;7;10;6;3;5;2;0;0;1;0;0;0;0;0
11;3;3400828;2018;7;9;2;3;1;5;0;1;1;0;0;0;0;0
11;7;7601341;2018;7;21;4;3;5;3;1;0;1;0;0;0;0;0
11;9;9200715;2018;7;13;6;2;5;2;0;0;1;0;0;0;0;0
11;4;4400727;2018;7;20;4;3;3;6;1;0;1;0;1;0;0;0
11;1;1300835;2018;7;9;2;3;5;2;0;1;1;0;0;0;0;0
11;4;4300416;2018;7;9;2;3;3;6;0;1;1;0;0;0;0;0
11;7;7100101;2018;7;20;4;3;5;2;0;1;1;0;0;0;0;0
11;1;1200623;2018;7;9;6;3;2;6;0;1;0;0;0;0;0;0
11;3;3601243;2018;7;19;4;3;1;5;0;1;1;0;0;0;0;0
11;12;12200309;2018;7;7;6;3;2;6;0;0;1;0;0;0;0;0
11;7;7501133;2018;7;9;2;3;5;2;0;0;1;0;0;1;0;0
11;1;1401049;2018;7;6;6;3;5;3;0;1;1;0;0;0;0;0
11;4;4200309;2018;7;18;4;2;5;3;0;0;1;0;0;0;0;0
11;12;12601235;2018;7;7;6;2;5;2;0;1;1;0;0;0;0;0
11;9;9200614;2018;7;8;6;3;5;3;0;1;1;0;0;0;0;0
11;1;1100102;2018;7;9;2;3;5;2;0;1;0;0;1;0;0;0
11;2;2300417;2018;7;18;4;3;5;3;0;1;1;0;0;0;0;0
11;1;1200626;2018;7;9;6;3;0;1;0;1;0;0;0;0;0;0
11;7;7601443;2018;7;18;4;3;5;2;0;1;1;0;0;0;0;0
11;5;5200629;2018;7;10;2;3;3;6;0;0;1;0;0;0;1;0
11;1;1100309;2018;7;10;2;3;2;7;0;0;1;0;0;0;0;0
11;1;1100308;2018;7;12;4;3;0;1;0;0;0;0;1;0;0;0
11;9;9401635;2018;7;14;6;3;4;7;0;0;1;0;0;0;0;0
11;6;6300630;2018;7;10;2;3;5;7;0;0;1;0;1;0;0;0
11;4;4300624;2018;7;0;6;3;0;1;2;1;0;0;0;0;0;0
11;4;4501148;2018;7;16;5;2;1;5;0;1;1;0;0;0;1;0
11;4;4200308;2018;7;22;3;3;5;2;2;1;1;0;0;0;0;0
11;4;4400835;2018;7;23;5;3;1;1;2;1;1;0;0;0;0;0
11;4;4501152;2018;7;10;2;3;2;6;0;0;1;0;0;0;0;0
11;1;1100206;2018;7;21;5;3;0;2;1;1;1;0;0;0;0;0
11;10;10400941;2018;7;10;2;2;5;2;0;0;0;0;1;1;0;0
11;3;3400722;2018;7;19;3;3;1;5;0;0;1;0;1;0;0;0
11;1;1300733;2018;7;15;5;3;1;5;0;1;1;0;0;0;0;0
11;5;5100105;2018;7;11;2;3;2;2;0;0;1;0;0;0;0;0
11;7;7300619;2018;7;7;5;3;1;5;0;1;1;0;0;0;0;0
11;8;8100419;2018;7;11;2;3;5;3;0;0;1;0;0;0;0;0
11;5;5100314;2018;7;18;3;3;6;4;0;0;1;1;0;0;0;0
11;7;7200307;2018;7;21;5;3;9;1;1;0;1;0;0;0;0;0
11;3;3400826;2018;7;18;3;3;9;1;0;0;1;0;0;0;0;0
11;1;1300835;2018;7;8;2;3;0;4;0;0;1;1;0;0;0;0
11;5;5300736;2018;7;18;3;3;5;7;0;0;1;0;0;1;0;0
11;1;1100103;2018;7;22;5;3;2;2;2;1;1;0;0;0;0;0
11;3;3400723;2018;7;12;1;3;5;3;0;1;1;0;0;0;0;0
11;7;7100205;2018;7;20;5;3;5;2;0;1;1;0;0;0;0;0
11;1;1100416;2018;7;16;1;2;0;1;0;1;0;0;0;0;0;0
11;1;1401045;2018;7;18;3;3;2;7;0;0;1;0;0;0;1;0
11;1;1100308;2018;7;20;5;3;1;5;0;1;1;0;0;0;0;0
11;2;2300316;2018;7;17;3;2;5;2;0;1;1;0;0;0;0;0
11;4;4400729;2018;7;13;1;2;4;6;0;0;1;0;0;0;0;0
11;2;2500830;2018;7;15;1;3;6;7;0;0;1;1;0;0;0;0
11;10;10400938;2018;7;16;3;2;2;5;0;0;1;0;1;0;0;0
11;10;10400940;2018;7;19;5;2;5;3;0;1;1;0;0;0;0;0
11;7;7501133;2018;7;17;1;3;0;7;0;0;0;0;1;0;1;1
11;5;5100208;2018;7;16;3;3;2;6;0;0;1;0;0;0;0;0
11;2;2500726;2018;7;18;5;3;5;3;0;1;1;0;0;0;0;0
11;8;8401139;2018;7;14;1;3;5;2;0;0;1;0;0;0;0;0
11;6;6400735;2018;7;15;1;2;1;5;0;1;1;0;0;0;0;0
11;4;4300622;2018;7;16;3;3;5;3;0;0;1;0;0;0;0;0
11;4;4300622;2018;7;18;5;3;2;6;0;0;1;0;1;0;0;0
11;3;3400827;2018;7;16;3;3;1;5;0;1;1;0;0;0;0;0
11;4;4200311;2018;7;15;1;3;0;3;0;0;1;0;1;0;0;0
11;7;7601236;2018;7;15;3;3;5;2;0;1;1;0;0;0;0;0
11;8;8100415;2018;7;19;5;3;2;2;0;0;1;0;1;0;0;0
11;6;6100209;2018;7;15;3;3;5;3;0;1;1;0;0;0;0;0
11;12;12400723;2018;7;14;1;2;5;3;0;0;1;0;1;0;0;0
11;5;5200630;2018;7;17;5;3;5;3;0;0;1;0;0;0;0;0
11;6;6300632;2018;7;10;1;2;5;3;0;1;1;0;0;0;0;0
11;4;4200310;2018;7;15;3;2;5;2;0;1;1;0;0;0;0;0
11;1;1100310;2018;7;17;5;3;2;2;0;0;0;0;1;0;0;0
11;4;4100102;2018;7;14;3;3;3;6;0;0;0;0;1;0;1;0
11;1;1100310;2018;7;9;1;3;0;4;0;0;0;1;0;0;1;0
11;8;8100312;2018;7;12;1;3;2;6;0;1;1;0;0;0;0;0
11;10;10400941;2018;8;8;3;3;5;2;0;0;1;0;1;0;0;0
11;1;1401048;2018;8;8;5;3;0;3;0;0;1;0;1;0;0;0
11;7;7601546;2018;8;8;3;3;5;2;0;1;1;0;0;0;0;0
11;1;1100310;2018;8;16;6;3;0;2;0;1;0;0;0;0;1;0
11;7;7400721;2018;8;8;3;3;5;2;0;1;1;0;0;0;0;0
11;4;4300413;2018;8;17;6;3;5;3;1;1;0;0;0;0;0;0
11;11;11200410;2018;8;6;5;3;6;7;0;0;1;1;0;0;0;0
11;1;1200522;2018;8;14;6;3;5;2;0;1;1;0;0;0;0;0
11;1;1100103;2018;8;18;4;3;5;2;1;0;1;0;0;0;0;0
11;2;2100106;2018;8;8;3;3;5;3;0;1;1;0;0;0;0;0
11;8;8401243;2018;8;15;6;3;5;2;0;0;1;0;0;0;0;0
11;4;4501045;2018;8;8;3;3;5;2;0;1;1;0;0;0;0;0
11;4;4200311;2018;8;14;4;3;2;6;0;0;1;0;0;0;0;0
11;7;7100103;2018;8;14;4;3;1;7;0;0;1;0;0;0;1;0
11;1;1401048;2018;8;14;6;3;5;2;0;1;0;0;0;1;0;0
11;6;6100209;2018;8;7;3;3;3;6;0;1;1;0;0;0;0;0
11;3;3300516;2018;8;14;6;3;5;2;0;1;1;0;0;0;0;0
11;9;9401635;2018;8;12;4;2;6;4;0;0;1;1;0;0;0;0
11;7;7601238;2018;8;14;6;3;1;5;0;0;1;0;0;0;1;0
11;4;4300620;2018;8;7;3;3;2;6;0;0;1;0;0;0;1;0
11;4;4501148;2018;8;11;6;3;2;6;0;0;1;0;0;0;0;0
11;1;1300836;2018;8;8;6;3;5;3;0;1;1;0;0;0;0;0
11;4;4501044;2018;8;11;4;3;5;5;0;1;1;0;0;0;0;0
11;1;1200623;2018;8;7;6;3;5;3;0;1;1;0;0;0;0;0
11;11;11200411;2018;8;6;3;2;5;2;0;0;0;0;1;1;0;0
11;5;5200629;2018;8;11;6;3;0;2;0;0;1;0;0;0;1;0
11;4;4300414;2018;8;9;4;3;5;2;0;0;1;0;0;0;0;0
11;7;7501134;2018;8;13;6;3;0;6;0;0;1;0;0;1;0;0
11;7;7300618;2018;8;9;4;3;5;3;0;0;1;0;0;0;0;0
11;8;8100311;2018;8;1;3;2;6;4;2;0;1;1;0;0;0;0
11;11;11501340;2018;8;14;6;3;0;6;0;1;1;0;0;0;0;0
11;6;6400844;2018;8;15;1;3;5;2;0;1;0;0;0;0;0;0
11;1;1100103;2018;8;17;3;2;0;2;0;0;1;0;1;0;0;0
11;1;1300733;2018;8;9;4;2;5;2;0;1;1;0;0;0;0;0
11;1;1100101;2018;8;14;1;3;3;6;0;0;1;0;1;0;0;0
11;2;2100101;2018;8;8;4;3;2;6;0;1;0;0;0;0;0;0
11;12;12200412;2018;8;7;6;3;1;5;0;1;1;0;0;0;0;0
11;3;3200205;2018;8;11;3;3;0;3;0;1;1;0;0;0;0;0
11;3;3601140;2018;8;7;6;3;5;3;0;1;0;0;0;0;0;0
11;10;10400938;2018;8;7;4;2;5;2;0;0;1;0;1;0;0;0
11;6;6100102;2018;8;6;6;3;5;3;0;0;1;0;0;0;0;0
11;1;1100102;2018;8;7;4;3;5;2;0;1;1;0;0;0;0;0
11;5;5300839;2018;8;17;2;3;5;3;0;1;1;0;0;0;0;0
11;9;9301228;2018;8;7;6;2;5;3;0;1;1;0;0;0;0;0
11;12;12200411;2018;8;7;4;3;2;3;0;1;0;0;0;0;1;0
11;10;10100313;2018;8;21;6;2;3;6;2;1;0;0;0;0;0;0
11;6;6400844;2018;8;10;4;3;2;7;0;0;1;0;0;0;0;0
11;2;2300314;2018;8;17;2;3;5;2;0;0;1;0;0;0;1;0
11;7;7601442;2018;8;21;6;2;6;2;2;0;1;1;0;0;0;0
11;4;4200308;2018;8;17;2;3;5;7;0;0;1;0;1;0;0;0
11;3;3200309;2018;8;7;4;3;3;6;0;1;0;0;0;0;0;0
11;1;1400939;2018;8;14;2;3;1;5;0;1;1;0;0;0;0;0
11;11;11100308;2018;8;20;6;3;5;3;0;0;1;0;0;0;1;0
11;12;12200309;2018;8;15;2;3;5;2;0;1;1;0;0;0;0;0
11;4;4400726;2018;8;10;4;3;0;1;0;0;0;0;1;0;0;0
11;10;10100311;2018;8;14;2;3;3;6;0;0;1;0;0;1;0;0
11;3;3601451;2018;8;19;6;2;5;2;0;0;1;0;0;0;0;0
11;4;4501041;2018;8;0;4;3;0;1;2;0;0;0;1;0;0;0
11;6;6100209;2018;8;19;6;3;3;6;0;0;1;0;1;0;0;0
11;1;1100415;2018;8;22;4;3;0;1;2;1;0;0;0;0;0;0
11;10;10100313;2018;8;19;2;3;1;5;0;1;1;0;0;0;0;0
11;6;6300632;2018;8;19;6;3;6;4;0;1;0;1;0;0;0;0
11;11;11300722;2018;8;7;2;3;3;6;0;1;0;0;0;0;1;0
11;9;9401534;2018;8;22;4;2;0;7;2;0;0;0;1;0;0;0
11;1;1300733;2018;8;19;4;3;5;2;0;0;1;0;1;0;0;0
11;4;4300624;2018;8;11;2;3;1;5;0;1;1;0;0;0;0;0
11;3;3601450;2018;8;18;6;3;1;5;0;1;0;0;0;0;1;0
11;12;12100204;2018;8;12;2;3;5;3;0;1;1;0;0;0;0;0
11;4;4500939;2018;8;18;4;3;5;2;0;0;1;0;0;0;0;0
11;12;12500929;2018;8;10;2;3;6;4;0;0;1;1;0;0;0;0
11;8;8100312;2018;8;16;6;3;6;7;0;1;0;1;0;0;0;0
11;4;4300620;2018;8;9;2;3;5;2;0;0;1;0;1;0;0;0
11;4;4400728;2018;8;18;4;2;5;7;0;0;1;0;1;0;0;0
11;10;10400939;2018;8;17;6;3;2;2;0;0;1;0;0;0;0;0
11;2;2400521;2018;8;18;4;3;5;2;0;1;1;0;0;0;0;0
11;12;12601031;2018;8;9;2;3;2;6;0;0;1;0;1;0;0;0
11;12;12601134;2018;8;16;6;3;5;2;0;1;1;0;0;0;0;0
11;2;2200212;2018;8;19;2;3;5;3;0;1;1;0;0;0;0;0
11;2;2100104;2018;8;18;4;3;5;3;0;1;1;0;0;0;0;0
11;4;4501146;2018;8;17;4;3;5;2;0;0;1;0;0;0;0;0
11;3;3601244;2018;8;16;6;2;6;4;0;0;0;1;0;0;1;0
11;6;6100207;2018;8;16;4;3;5;2;0;1;1;0;0;0;0;0
11;1;1100205;2018;8;8;2;3;5;7;0;1;1;0;0;0;0;0
11;4;4200203;2018;8;16;6;3;5;3;0;1;1;0;0;0;0;0
11;1;1100102;2018;8;8;2;3;4;6;0;1;0;0;0;0;0;0
11;2;2400521;2018;8;15;4;3;5;2;0;0;1;0;0;0;0;0
11;3;3500936;2018;8;15;4;3;5;7;0;1;1;0;0;0;0;0
11;7;7100101;2018;8;8;2;3;2;6;0;0;1;0;0;0;0;0
11;2;2100106;2018;8;16;6;3;5;2;0;0;1;0;0;0;0;0
11;2;2400521;2018;8;8;2;3;5;2;0;1;0;0;0;0;1;0
11;12;12200412;2018;8;12;1;2;5;3;0;1;0;0;0;0;0;0
11;7;7200307;2018;8;15;4;3;2;6;0;0;1;0;0;0;1;0
11;2;2500726;2018;8;8;2;3;5;2;0;1;1;0;0;0;0;0
11;4;4501149;2018;8;18;6;2;0;7;0;1;0;0;0;0;0;0
11;1;1100310;2018;8;16;2;3;1;5;0;1;0;0;0;0;1;0
11;1;1100416;2018;8;7;5;2;0;1;0;1;0;0;0;0;0;0
11;4;4300619;2018;8;14;4;3;2;6;0;0;1;0;0;0;1;0
11;1;1100310;2018;8;22;5;3;0;2;2;0;1;0;0;0;1;0
11;7;7100205;2018;8;14;4;2;0;7;0;0;1;0;1;0;0;0
11;1;1100207;2018;8;15;2;3;5;2;0;1;1;0;0;1;0;0
11;9;9401329;2018;8;21;5;3;6;2;2;0;1;1;0;0;0;0
11;9;9200511;2018;8;15;1;2;9;1;0;0;0;0;1;0;0;0
11;10;10400938;2018;8;7;2;3;2;6;0;0;1;0;0;0;1;0
11;3;3500932;2018;8;14;4;3;5;3;0;1;1;0;0;0;0;0
11;4;4500939;2018;8;11;1;3;5;2;0;1;1;0;0;0;0;0
11;11;11200411;2018;7;21;3;3;6;4;2;0;0;1;1;0;0;0
11;9;9200819;2018;8;20;2;3;6;2;1;0;1;1;0;0;0;0
11;8;8200832;2018;8;20;5;3;2;6;1;0;1;0;1;0;0;0
11;1;1200623;2018;7;21;3;3;1;1;0;1;1;0;0;0;0;0
11;6;6300528;2018;7;8;3;3;5;3;0;1;1;0;0;0;0;0
11;7;7400823;2018;8;12;2;3;5;2;0;0;1;0;0;0;0;0
11;8;8301037;2018;8;20;5;3;6;4;0;0;1;1;0;0;0;0
11;1;1300733;2018;8;11;2;3;5;2;0;0;1;0;0;0;0;0
11;1;1400937;2018;8;18;5;3;3;6;0;1;0;0;0;0;0;0
11;7;7601341;2018;7;18;3;3;5;3;0;1;1;0;0;0;0;0
11;11;11100102;2018;8;18;5;3;2;6;0;0;1;0;0;0;0;0
11;7;7501029;2018;8;6;2;3;0;2;0;0;0;0;0;0;1;0
11;1;1100415;2018;8;18;5;2;5;7;0;0;1;0;1;0;0;0
11;2;2200210;2018;8;15;5;3;5;3;0;1;1;0;0;0;0;0
11;10;11200515;2018;7;13;3;3;2;6;0;0;1;0;0;0;0;0
11;9;9501737;2018;8;16;2;3;2;6;0;0;1;0;0;0;0;0
11;4;4300619;2018;8;15;5;3;2;6;0;0;1;0;0;0;0;0
11;1;1200626;2018;8;15;1;3;0;3;0;1;0;0;0;0;0;0
11;10;10400837;2018;8;16;2;3;5;3;0;0;1;0;0;0;0;0
11;12;12601032;2018;7;10;3;3;6;7;0;0;0;1;0;0;1;0
11;2;2400521;2018;7;19;3;3;0;2;0;1;0;0;1;0;0;0
11;11;11400929;2018;8;14;5;2;5;2;0;0;1;0;0;0;0;0
11;4;4200308;2018;8;6;2;2;5;3;0;0;1;0;1;0;0;0
11;9;9501939;2018;8;14;5;2;0;4;0;0;1;1;0;0;0;0
11;1;1100309;2018;7;10;3;3;0;1;0;1;0;0;0;0;0;0
11;2;2300314;2018;8;12;5;3;1;5;0;1;1;0;0;0;0;0
11;1;1400942;2018;7;10;3;3;2;6;0;0;1;0;0;0;0;0
11;1;1200626;2018;8;17;2;2;2;6;0;0;1;1;0;0;0;0
11;7;7200409;2018;8;13;5;3;5;2;0;1;1;0;0;0;0;0
11;1;1100416;2018;7;17;3;3;5;2;0;1;0;0;0;0;1;0
11;6;6200422;2018;8;13;5;3;0;1;0;1;0;0;0;0;0;0
11;11;11401032;2018;8;15;2;2;5;3;0;1;1;0;0;0;0;0
11;7;7300618;2018;8;13;5;3;0;7;0;0;1;0;0;0;0;0
11;12;12200309;2018;7;9;3;2;3;6;0;1;0;0;0;0;0;0
11;10;10300731;2018;8;2;5;2;5;3;2;0;1;0;0;0;0;0
11;1;1100206;2018;8;10;2;2;5;3;0;0;1;0;1;0;0;0
11;12;12100205;2018;8;12;5;3;5;2;0;0;1;0;0;1;0;0
11;4;4500937;2018;8;9;2;2;6;4;0;0;0;1;1;0;0;0
11;9;9401534;2018;7;20;3;3;0;2;1;0;1;0;1;0;0;0
11;1;1300731;2018;8;18;2;2;5;3;0;0;1;0;1;0;0;0
11;4;4200308;2018;8;11;5;3;0;2;0;1;1;0;0;0;0;0
11;7;7300618;2018;7;20;3;2;5;3;0;1;1;0;0;0;0;0
11;8;8401242;2018;8;11;5;3;5;3;0;1;1;0;0;0;0;0
11;1;1100205;2018;7;9;3;3;2;6;0;0;1;0;1;0;0;0
11;8;8401243;2018;8;21;2;3;1;5;2;1;1;0;0;0;0;0
11;11;11100204;2018;8;11;5;3;0;3;0;0;1;0;1;0;0;0
11;8;8100418;2018;8;3;2;3;2;6;2;0;0;0;0;0;1;0
11;1;1401046;2018;7;20;3;3;5;2;0;0;1;0;0;0;0;0
11;12;12200414;2018;8;10;1;3;5;3;0;0;1;0;0;0;0;0
11;4;4400832;2018;7;9;3;3;2;7;0;1;1;0;0;0;0;0
11;1;1200522;2018;8;21;1;3;5;3;1;1;0;0;0;0;0;0
11;12;12400720;2018;8;10;5;3;5;3;0;0;1;0;0;0;0;0
11;7;7100206;2018;8;21;1;3;5;3;1;1;1;0;0;0;0;0
11;10;10100311;2018;7;18;3;3;2;6;0;0;1;0;0;0;1;0
11;2;2200213;2018;7;8;3;3;5;2;0;1;1;0;0;0;0;0
11;6;6100205;2018;8;19;1;3;1;5;0;1;1;0;0;0;0;0
11;4;4501152;2018;8;10;5;3;2;6;0;0;1;0;0;0;0;0
11;7;7501031;2018;8;18;1;2;1;1;0;0;1;0;1;0;0;0
11;7;7100205;2018;7;7;3;3;0;6;0;0;1;0;0;0;1;0
11;12;12100103;2018;8;18;1;3;2;6;0;0;1;0;0;0;0;0
11;1;1300733;2018;8;9;5;3;3;6;0;1;0;0;0;0;0;0
11;5;5100208;2018;8;16;1;3;3;6;0;0;1;0;1;0;0;0
11;1;1401045;2018;7;18;3;3;2;6;0;0;1;0;0;0;0;0
11;1;1400937;2018;8;7;5;3;2;2;0;0;1;0;1;0;0;0
11;7;7400823;2018;7;18;3;3;5;2;0;1;1;0;0;0;0;0
11;2;2200212;2018;8;16;1;2;5;7;0;0;1;0;1;0;0;0
11;8;8100105;2018;8;6;5;3;5;2;0;0;0;0;1;1;0;0
11;1;1100312;2018;8;14;1;2;3;6;0;1;0;0;0;0;0;0
11;6;6100102;2018;7;17;3;2;3;6;0;1;0;0;0;0;1;0
11;11;11100102;2018;8;10;1;3;4;6;0;1;0;0;0;0;0;0
11;3;3400724;2018;7;17;3;3;5;2;0;1;1;0;0;0;0;0
11;2;2100101;2018;8;15;1;3;5;2;0;0;1;0;1;0;0;0
11;1;1401047;2018;8;5;5;3;1;1;0;0;1;0;0;0;0;0
11;10;10200420;2018;8;14;1;3;5;3;0;1;1;0;0;0;0;0
11;1;1300834;2018;8;11;1;3;5;3;0;0;1;0;0;0;0;0
11;10;10200524;2018;7;6;3;3;6;4;0;0;1;1;0;0;0;0
11;5;5300840;2018;8;7;5;2;5;2;0;0;1;0;0;0;0;0
11;11;11300721;2018;8;13;1;3;0;7;0;0;1;0;1;0;0;1
11;4;4300416;2018;8;6;5;3;5;2;0;1;1;0;0;0;0;0
11;10;10400940;2018;7;16;3;3;0;7;0;0;1;0;0;0;1;0
11;11;11300721;2018;8;8;1;2;2;6;0;0;1;0;0;0;0;0
11;1;1100308;2018;8;8;5;3;2;6;0;1;1;0;0;0;0;0
11;11;11400929;2018;7;16;3;3;5;3;0;0;1;0;0;0;0;0
11;8;8100417;2018;8;12;1;3;5;3;0;1;0;0;0;0;0;0
11;12;12500825;2018;8;0;1;2;0;7;2;0;0;0;0;0;1;0
11;4;4400835;2018;8;9;5;3;5;3;0;0;1;0;0;0;1;0
11;9;9501838;2018;8;22;1;2;3;6;2;1;1;0;0;0;0;0
11;12;12100101;2018;7;16;3;3;2;6;0;0;1;0;0;0;1;0
11;2;2400522;2018;8;10;5;3;4;6;0;0;1;0;0;0;1;0
11;2;2100106;2018;7;16;3;3;1;5;0;1;1;0;0;0;0;0
11;2;2400624;2018;8;4;7;3;0;1;2;0;0;0;1;0;0;0
11;7;7200308;2018;8;8;5;2;0;1;0;0;0;0;1;0;0;0
11;10;10200420;2018;8;22;7;3;5;3;2;0;1;0;1;0;0;0
11;11;11100101;2018;7;15;3;3;5;3;0;0;1;0;1;0;0;0
11;2;2200210;2018;8;8;1;3;3;6;0;0;1;0;0;0;0;0
11;7;7100205;2018;7;14;3;3;6;4;0;0;1;1;0;0;0;0
11;1;1100102;2018;8;17;7;3;2;6;0;0;1;0;0;0;1;0
11;11;11300620;2018;8;6;5;3;0;1;0;1;0;0;0;0;0;0
11;6;6100102;2018;8;16;7;2;0;4;0;0;0;1;1;0;0;0
11;4;4501152;2018;8;16;5;3;5;2;0;1;1;0;0;0;0;0
11;3;3400724;2018;7;14;3;3;2;2;0;0;1;0;0;0;1;0
11;6;6200311;2018;8;23;5;3;0;6;2;1;1;0;0;0;0;1
11;1;1200624;2018;8;15;7;3;5;2;0;1;1;0;0;0;0;0
11;4;4400727;2018;8;13;5;3;5;3;0;1;1;0;0;0;0;0
11;1;1100308;2018;8;19;7;3;5;3;0;0;1;0;0;0;0;0
11;1;1100416;2018;8;15;4;3;2;6;0;0;1;0;0;0;0;0
11;4;4501042;2018;7;13;3;3;2;6;0;1;1;0;0;0;0;0
11;1;1100206;2018;8;13;7;3;5;2;0;1;1;0;0;0;0;0
11;12;12100101;2018;8;20;4;2;5;2;1;0;1;0;0;0;0;0
11;5;5100313;2018;8;12;7;3;5;3;0;1;1;0;0;0;0;0
11;12;12100101;2018;8;13;7;3;5;3;0;1;1;0;0;0;0;0
11;7;7400824;2018;7;6;3;3;6;7;0;1;0;1;0;0;0;0
11;8;8100417;2018;8;12;7;3;5;3;0;0;1;0;0;0;1;0
11;12;12100101;2018;8;20;4;2;6;4;0;0;0;1;0;0;1;0
11;1;1100313;2018;8;18;4;3;5;3;0;1;0;0;0;0;0;0
11;11;11200411;2018;8;12;7;3;0;6;0;0;1;0;1;0;0;0
11;11;11300722;2018;7;12;3;3;2;2;0;1;1;0;0;0;0;0
11;11;11100203;2018;7;11;3;3;5;3;0;1;1;0;0;0;0;0
11;1;1200522;2018;8;18;4;3;2;6;0;0;1;0;0;0;0;0
11;1;1200520;2018;8;11;7;3;5;2;0;0;1;0;0;0;0;0
11;1;1100309;2018;8;6;4;3;2;6;0;1;1;0;0;0;0;0
11;9;9301126;2018;7;10;3;3;0;2;0;1;1;0;0;0;0;0
11;5;5100211;2018;8;18;4;3;5;3;0;0;1;0;0;0;0;0
11;4;4100102;2018;7;20;3;3;0;7;1;1;0;0;0;0;0;0
11;7;2200207;2018;8;10;7;3;5;2;0;1;1;0;0;0;0;0
11;1;1300835;2018;8;17;4;3;5;2;0;1;1;0;0;0;0;0
11;12;12500930;2018;7;14;3;3;0;2;0;0;1;0;0;0;1;0
11;4;4500937;2018;8;17;4;3;5;2;0;1;1;0;0;0;0;0
11;11;11300721;2018;7;13;3;3;2;6;0;0;1;0;0;0;0;0
11;12;12400619;2018;8;10;7;2;5;3;0;0;1;0;0;0;1;0
11;6;6100102;2018;8;17;4;3;5;2;0;1;1;0;0;0;0;0
11;6;6100206;2018;8;10;7;3;5;2;0;0;1;0;0;0;0;0
11;4;4300416;2018;7;7;3;3;5;3;0;0;1;0;0;0;1;0
11;4;4200308;2018;8;9;7;2;3;6;0;0;1;0;1;0;0;0