LAND;BEZ;LOR_ab_2021;UJAHR;UMONAT;USTUNDE;UWOCHENTAG;UKATEGORIE;UART;UTYP1;ULICHTVERH;IstRad;IstPKW;IstFuss;IstKrad;IstGkfz;IstSonstige;USTRZUSTAND
11;10;10400837;2018;8;17;4;3;0;3;0;0;1;0;0;0;1;0
11;8;8100415;2018;8;22;7;2;0;7;2;1;0;0;0;0;0;0
11;10;10100315;2018;7;14;2;3;2;6;0;0;1;0;0;0;0;0
11;3;3601244;2018;8;10;4;2;6;2;0;0;1;0;0;0;1;0
11;9;9401635;2018;7;18;2;3;4;6;0;1;0;0;0;0;0;0
11;2;2300316;2018;8;5;7;2;5;2;0;1;1;0;0;0;0;0
11;6;6300528;2018;8;16;4;3;5;2;0;0;1;0;1;0;0;0
11;7;7100101;2018;7;18;2;3;6;7;0;0;1;1;0;0;0;0
11;7;7601442;2018;8;16;4;3;2;6;0;0;1;0;1;0;0;0
11;7;7400721;2018;7;8;2;3;3;6;0;1;0;0;0;0;0;0
11;3;3500936;2018;8;19;6;3;6;2;0;0;1;1;0;0;0;0
11;3;3701660;2018;8;15;4;3;1;5;0;0;1;0;1;0;0;0
11;4;4300416;2018;8;19;6;3;2;6;0;0;1;0;0;0;0;0
11;10;10100102;2018;7;16;2;2;5;2;0;0;1;0;1;0;0;0
11;4;4300620;2018;7;16;2;3;5;2;0;1;0;0;1;0;0;0
11;1;1100309;2018;8;17;6;3;3;6;0;1;1;0;0;0;0;0
11;3;3200205;2018;8;15;4;3;5;3;0;0;1;0;0;0;0;0
11;1;1300732;2018;8;16;6;3;5;2;0;1;1;0;0;0;0;0
11;1;1100206;2018;7;16;2;2;0;4;0;0;0;1;1;0;0;0
11;4;4501147;2018;8;16;6;3;5;7;0;0;1;0;1;0;0;0
11;11;11501339;2018;8;15;4;3;5;2;0;0;1;0;0;0;0;0
11;9;9200819;2018;8;17;6;3;5;3;0;1;1;0;0;0;0;0
11;2;2500833;2018;7;16;2;3;4;1;0;1;1;0;0;0;0;0
11;4;4300619;2018;8;12;4;3;5;2;0;1;1;0;0;0;0;0
11;3;3601243;2018;7;15;2;2;5;3;0;0;1;0;0;0;0;0
11;9;9501737;2018;8;15;6;3;5;3;0;0;1;0;0;0;0;0
11;1;3701556;2018;8;11;4;3;5;3;0;1;1;0;0;0;0;0
11;4;4400835;2018;8;16;6;3;5;3;0;0;1;0;1;0;0;0
11;7;7501031;2018;7;15;2;3;5;7;0;0;1;0;1;0;0;0
11;7;7400823;2018;7;15;2;3;2;6;0;0;1;0;0;0;1;0
11;11;11300826;2018;8;19;6;3;4;6;0;0;1;0;0;0;0;0
11;7;7501135;2018;8;11;4;3;5;2;0;0;1;0;1;0;0;0
11;12;12100205;2018;8;19;6;3;0;1;0;0;1;0;1;0;0;0
11;11;11400927;2018;8;10;4;3;5;2;0;1;1;0;0;0;0;0
11;3;3601452;2018;8;20;6;3;5;3;1;1;0;0;1;0;0;0
11;7;7400824;2018;7;15;2;3;2;6;0;0;1;0;0;0;0;0
11;3;3400721;2018;8;18;7;3;2;7;0;0;1;0;0;0;0;0
11;9;9401534;2018;7;17;2;2;4;6;0;1;0;0;0;0;0;0
11;7;7100103;2018;8;17;6;3;1;5;0;0;1;0;1;0;0;0
11;6;6300528;2018;8;9;4;3;5;3;0;0;1;0;0;0;0;0
11;5;5100208;2018;8;21;6;3;5;3;1;0;1;0;1;0;0;0
11;10;10100102;2018;7;15;2;3;5;2;0;0;1;0;0;0;0;0
11;11;11400931;2018;8;13;6;3;5;2;0;1;1;0;0;0;0;0
11;3;3500934;2018;8;13;4;2;5;2;0;0;1;0;0;0;0;0
11;12;12200309;2018;8;17;6;3;2;2;0;0;1;0;0;0;0;0
11;2;2300316;2018;8;13;4;3;0;5;0;0;1;0;0;0;1;0
11;1;1100102;2018;7;15;2;3;2;6;0;0;1;0;0;0;0;0
11;8;8100313;2018;8;11;7;3;1;5;0;1;1;0;0;0;0;0
11;7;7200307;2018;8;13;4;3;6;2;0;0;1;1;0;0;0;0
11;5;5300840;2018;7;14;2;3;5;3;0;0;1;0;0;0;0;0
11;2;2500832;2018;8;20;6;3;0;7;1;0;1;0;1;0;0;1
11;2;2300316;2018;8;13;4;3;5;3;0;0;0;0;1;0;0;0
11;11;11401137;2018;8;20;6;3;3;6;0;0;1;0;0;0;0;0
11;11;11300620;2018;7;14;2;3;2;6;0;0;1;0;0;0;0;0
11;2;2500833;2018;8;16;7;3;1;5;0;1;0;0;0;0;1;0
11;4;4400835;2018;8;15;1;3;2;6;0;0;1;0;1;0;0;0
11;2;2400521;2018;7;14;2;3;6;3;0;0;0;1;0;0;1;0
11;4;4100102;2018;8;17;6;3;0;1;0;0;0;0;1;0;0;0
11;8;8100314;2018;8;14;4;3;3;5;0;1;0;0;0;0;1;0
11;11;11400927;2018;8;15;6;3;6;2;0;0;1;1;0;0;0;0
11;6;6300633;2018;8;9;4;3;3;6;0;1;0;0;0;1;0;0
11;12;12200412;2018;7;13;2;3;5;3;0;0;1;0;1;0;0;0
11;11;11300617;2018;8;8;4;3;6;4;0;1;0;1;0;0;0;0
11;4;4200308;2018;8;13;6;3;2;6;0;0;1;0;0;0;0;0
11;5;5100105;2018;8;14;4;3;5;3;0;1;1;0;0;0;0;0
11;4;4300416;2018;7;13;2;2;5;7;0;0;1;0;1;0;0;0
11;8;8100206;2018;8;22;7;2;5;7;2;0;1;0;1;0;0;0
11;3;3701660;2018;7;13;2;3;5;7;0;0;1;0;1;0;0;0
11;2;2400625;2018;8;7;4;2;5;2;0;0;0;0;1;0;1;0
11;1;1200628;2018;8;15;6;3;0;2;0;0;1;0;0;0;1;0
11;8;8300934;2018;8;6;4;2;3;6;0;0;1;0;1;0;0;0
11;1;1401046;2018;7;15;2;3;2;6;0;0;1;0;0;0;0;0
11;6;6400737;2018;8;17;7;2;5;3;0;0;1;0;1;0;0;0
11;7;7300618;2018;8;8;4;3;6;2;0;0;1;1;0;0;0;0
11;4;4300622;2018;7;23;2;3;3;6;2;0;1;0;0;0;1;0
11;6;6400843;2018;8;13;6;2;5;2;0;1;1;0;0;0;0;0
11;2;2100102;2018;8;4;4;3;6;4;0;0;1;1;1;0;0;0
11;8;8200623;2018;8;12;6;2;5;3;0;0;1;0;1;0;0;0
11;2;2500830;2018;7;20;2;3;5;3;1;1;1;0;0;0;0;0
11;1;1100102;2018;8;16;7;2;0;7;0;1;0;0;0;0;0;0
11;2;2100102;2018;7;20;2;3;1;5;0;0;1;0;1;0;0;0
11;12;12400618;2018;8;10;4;2;5;2;0;1;1;0;0;0;0;0
11;4;4100101;2018;8;12;6;3;2;6;0;0;1;0;0;0;0;0
11;6;6100205;2018;8;12;4;3;0;1;0;0;0;0;1;0;0;0
11;1;1100205;2018;7;19;2;3;5;3;0;1;1;0;0;0;0;0
11;12;12500928;2018;8;8;4;2;0;7;0;0;0;0;0;1;0;0
11;1;1100308;2018;7;19;2;3;4;2;0;1;1;0;0;0;0;0
11;2;2500834;2018;8;12;6;3;5;3;0;1;0;0;0;0;0;0
11;3;3400831;2018;8;1;4;2;0;1;2;1;0;0;0;0;0;0
11;1;1100310;2018;7;18;2;3;2;6;0;0;1;0;1;0;0;0
11;4;4500937;2018;8;14;7;3;2;2;0;0;1;0;0;0;0;0
11;1;1100310;2018;7;14;2;3;5;2;0;1;0;0;0;1;0;0
11;11;11501238;2018;8;11;6;3;5;3;0;1;1;0;0;0;0;0
11;11;11300722;2018;8;15;4;2;0;1;0;1;0;0;0;0;0;0
11;10;10200629;2018;8;10;6;2;5;2;0;0;1;0;1;0;0;0
11;4;4300517;2018;8;12;7;3;0;7;0;1;1;0;0;0;0;0
11;5;5100313;2018;8;11;4;3;2;6;0;1;0;0;0;0;1;0
11;6;6300631;2018;7;12;2;3;5;2;0;1;0;0;0;0;1;0
11;6;6400737;2018;8;10;6;3;5;3;0;1;1;0;0;0;0;0
11;8;8401140;2018;8;10;4;2;0;7;0;1;0;0;0;0;0;0
11;2;2100104;2018;8;9;6;2;6;7;0;0;0;1;0;0;1;0
11;3;3601141;2018;8;10;7;3;5;3;0;1;1;0;0;0;0;0
11;12;12200412;2018;7;12;2;3;4;6;0;1;0;0;0;0;0;0
11;8;8100104;2018;8;7;6;3;2;6;0;1;0;0;0;1;0;0
11;4;4400728;2018;8;9;4;1;3;2;0;1;0;0;0;1;0;0
11;4;4501153;2018;7;11;2;3;5;7;0;1;1;0;0;0;0;0
11;7;7601341;2018;8;13;3;3;2;6;0;0;1;0;0;0;0;0
11;6;6300528;2018;7;11;2;3;2;2;0;0;1;0;0;0;0;0
11;5;5300737;2018;8;13;6;3;0;1;0;0;0;0;1;0;0;0
11;3;3501038;2018;8;21;3;3;0;2;1;1;1;0;0;0;0;0
11;1;1100416;2018;8;8;6;2;3;6;0;1;0;0;0;0;1;0
11;5;5100104;2018;7;10;2;2;6;2;0;0;1;1;0;0;0;0
11;5;5100105;2018;8;8;7;3;5;3;0;0;1;0;0;0;0;0
11;12;12200310;2018;7;11;2;3;2;2;0;0;1;0;0;0;0;0
11;9;9200717;2018;8;20;6;3;6;4;0;0;1;1;0;0;0;0
11;10;10100210;2018;8;15;3;3;5;2;0;1;1;0;0;0;0;0
11;12;12400723;2018;8;6;6;3;1;5;0;0;1;0;0;0;0;0
11;1;1100309;2018;7;10;2;3;5;3;0;0;1;0;1;0;0;0
11;11;11300725;2018;8;5;6;3;0;1;1;1;1;0;0;0;0;0
11;2;2200208;2018;8;19;3;3;5;2;0;1;1;0;0;0;0;0
11;9;9301228;2018;8;23;6;3;3;6;2;0;1;0;0;0;0;0
11;6;6300634;2018;7;9;2;3;0;2;0;0;0;0;0;0;1;0
11;7;7400721;2018;7;9;2;3;5;2;0;1;1;0;0;0;0;0
11;9;9501838;2018;8;13;6;1;5;3;0;0;1;0;0;0;1;0
11;1;1401045;2018;8;19;3;3;2;6;0;0;1;0;0;0;1;0
11;4;4501040;2018;8;20;5;3;3;6;0;1;0;0;0;0;0;0
11;7;7400823;2018;7;13;2;3;2;6;0;0;1;0;0;0;1;0
11;9;9501939;2018;8;19;3;3;5;2;0;1;1;0;0;0;0;0
11;8;8100419;2018;7;23;1;3;5;3;2;1;1;0;0;0;0;0
11;1;1100311;2018;8;6;5;3;6;4;0;1;0;1;0;0;0;0
11;1;1100310;2018;8;18;3;3;2;2;0;0;1;0;1;0;0;0
11;7;7601548;2018;8;16;5;2;2;6;0;1;0;0;0;0;0;0
11;1;1200520;2018;7;22;1;3;2;6;2;0;1;0;0;0;0;0
11;1;1400938;2018;8;9;7;3;2;6;0;0;1;0;0;0;0;0
11;3;3400831;2018;7;21;1;3;5;2;0;0;1;0;0;0;0;0
11;7;7300619;2018;8;19;5;3;0;2;0;1;1;0;0;0;0;0
11;1;1200626;2018;8;17;3;3;6;2;0;0;1;1;0;0;0;0
11;6;6300526;2018;8;13;5;3;1;5;0;1;0;0;0;0;1;0
11;3;3701555;2018;8;10;1;3;5;3;0;1;0;0;1;0;0;0
11;1;1100309;2018;7;20;1;3;5;2;0;1;1;0;0;0;0;0
11;9;9501736;2018;8;13;5;3;5;2;0;0;0;0;1;0;1;0
11;12;12500929;2018;8;18;3;2;5;7;0;0;1;0;1;0;0;0
11;4;4501041;2018;8;13;5;3;1;5;0;0;1;0;0;0;0;0
11;12;12500825;2018;8;18;3;3;0;1;0;0;0;0;1;0;0;0
11;4;4501042;2018;7;20;1;3;6;4;1;1;0;1;0;0;0;0
11;3;3500936;2018;8;10;7;3;5;3;0;0;1;0;0;0;0;0
11;2;2300314;2018;8;17;3;3;5;2;0;1;1;0;0;0;0;0
11;1;1400938;2018;7;20;1;3;2;7;0;0;1;0;1;0;0;0
11;6;6100102;2018;8;12;5;3;2;6;0;1;0;0;0;0;1;0
11;5;5300737;2018;8;17;3;3;5;2;0;0;1;0;1;0;0;0
11;2;2200210;2018;8;11;5;3;2;6;0;0;1;0;1;0;0;0
11;8;8100314;2018;7;19;1;3;2;6;0;0;1;0;0;0;0;0
11;1;1100205;2018;8;6;7;3;8;1;0;0;0;0;1;0;0;0
11;8;8100312;2018;7;19;1;3;6;4;0;1;0;1;0;0;0;0
11;5;5300737;2018;8;17;3;3;3;6;0;0;1;0;1;0;0;0
11;12;12200310;2018;7;19;1;3;2;6;0;0;1;0;0;0;0;0
11;9;9501737;2018;8;11;5;2;2;2;0;0;1;0;0;0;0;0
11;8;8100521;2018;8;17;3;3;5;3;0;0;1;0;0;0;0;0
11;6;6100103;2018;8;10;5;3;2;6;0;0;1;0;0;0;0;0
11;1;1100313;2018;7;17;1;3;5;2;0;1;1;0;0;0;0;0
11;1;1300835;2018;7;16;1;3;2;6;0;1;1;0;0;0;0;0
11;9;9200512;2018;8;10;5;3;2;2;0;0;1;0;0;0;0;0
11;3;3500934;2018;8;17;3;3;5;3;0;0;1;0;0;0;0;0
11;9;9501939;2018;8;9;5;3;2;6;0;0;1;0;0;0;1;0
11;4;4100101;2018;8;16;3;3;2;6;0;0;1;0;0;0;0;0
11;8;8200623;2018;7;15;1;3;5;3;0;0;1;0;0;0;0;0
11;9;9401329;2018;8;16;3;3;1;5;0;1;1;0;0;0;0;0
11;3;3701659;2018;8;8;5;3;1;5;0;1;1;0;0;0;0;0
11;1;1200520;2018;8;16;3;3;2;6;0;0;1;0;0;0;1;0
11;1;1200517;2018;8;16;3;3;5;2;0;0;1;0;1;0;0;0
11;1;1100416;2018;7;14;1;3;6;2;0;0;1;1;0;0;0;0
11;1;1401045;2018;8;7;5;3;5;3;0;1;0;0;0;0;1;0
11;12;12100205;2018;8;16;3;2;0;7;0;0;1;0;0;0;0;0
11;2;2300316;2018;8;6;5;2;5;2;0;0;1;0;1;0;0;0
11;6;6100205;2018;7;13;1;3;1;5;0;0;1;0;0;0;1;0
11;4;4200207;2018;7;11;1;3;4;6;0;1;1;0;0;0;0;0
11;2;2100102;2018;8;22;5;3;4;6;2;0;1;0;1;0;0;0
11;8;8100314;2018;8;15;3;3;5;2;0;1;1;0;0;0;0;0
11;1;1100308;2018;7;11;1;3;1;5;0;1;1;0;0;0;0;0
11;8;8100103;2018;8;15;3;3;3;6;0;1;1;0;0;0;0;0
11;2;2500830;2018;8;15;3;3;1;5;0;1;1;0;0;0;0;0
11;4;4100101;2018;8;21;5;3;3;6;0;0;1;0;0;0;0;0
11;7;7601545;2018;8;15;3;3;5;3;0;0;1;0;0;0;0;0
11;4;4501042;2018;7;4;1;3;5;2;2;0;1;0;0;0;0;1
11;1;1100206;2018;8;14;3;3;5;2;0;0;1;0;1;0;0;0
11;4;4300619;2018;7;9;1;3;0;7;0;0;1;1;0;0;0;0
11;9;9401635;2018;8;20;5;3;5;2;0;1;1;0;0;0;0;0
11;1;1400938;2018;8;13;3;2;2;6;0;0;1;0;0;0;1;0
11;9;9502043;2018;7;18;7;3;5;2;0;0;1;0;1;0;0;0
11;2;2500833;2018;8;13;3;3;0;1;0;1;0;0;0;0;0;0
11;9;9501939;2018;7;16;7;3;6;4;0;0;1;1;0;0;0;0
11;5;5300841;2018;8;16;5;3;4;6;0;1;0;0;0;0;1;0
11;6;6400838;2018;8;13;3;3;6;4;0;0;1;1;0;0;0;0
11;2;2500831;2018;8;18;5;3;1;5;0;1;1;0;1;0;0;0
11;7;7100102;2018;7;15;7;3;6;6;0;1;0;1;0;0;0;0
11;11;11401032;2018;8;16;5;3;2;6;0;0;1;0;0;0;0;0
11;2;2100104;2018;8;13;3;3;0;6;0;0;1;0;0;0;1;0
11;7;7601238;2018;7;15;7;3;0;3;0;1;0;0;1;0;0;0
11;1;1100104;2018;8;13;3;3;5;2;0;1;1;0;0;0;0;0
11;1;1100206;2018;7;15;7;3;6;4;0;0;1;1;0;0;0;0
11;9;9100407;2018;8;16;5;3;1;5;0;1;0;0;0;0;1;0
11;8;8200726;2018;8;12;3;2;5;2;0;0;1;0;0;0;0;0
11;9;9501939;2018;8;15;5;3;5;2;0;0;1;0;1;0;0;0
11;1;1401043;2018;7;17;7;2;5;2;0;0;1;0;1;0;0;0
11;8;8100520;2018;7;13;7;2;5;2;0;0;1;0;1;0;0;0
11;2;2300417;2018;8;15;5;3;5;7;0;1;1;0;0;1;0;0
11;5;5100104;2018;8;11;3;3;2;6;0;0;1;0;0;0;0;0
11;6;6200314;2018;7;10;7;3;6;4;0;1;0;1;0;0;0;0
11;9;9502043;2018;8;14;5;3;2;7;0;1;1;0;0;0;0;0
11;2;2300316;2018;8;11;3;3;5;3;0;0;1;0;1;0;0;0
11;9;9501939;2018;7;10;7;3;5;3;0;1;0;0;0;0;1;0
11;6;6400737;2018;7;9;7;3;5;2;0;0;1;0;1;0;0;0
11;10;10200422;2018;8;14;5;3;6;4;0;0;1;1;0;0;0;0
11;5;5200527;2018;8;10;3;3;1;5;0;0;1;0;0;0;1;0
11;1;1100310;2018;8;14;5;3;0;1;0;1;0;0;0;0;0;0
11;6;6100209;2018;7;7;7;3;6;4;0;1;0;1;0;0;0;0
11;7;7601443;2018;8;14;5;3;5;3;0;1;1;0;0;0;0;0
11;5;5200629;2018;8;9;3;3;2;6;0;0;1;0;0;0;0;0
11;5;5200634;2018;8;13;5;3;2;6;0;0;1;0;0;1;0;0
11;2;2300316;2018;7;17;7;3;6;4;0;1;0;1;0;0;0;0
11;2;2400521;2018;8;9;3;3;5;2;0;1;1;0;0;0;0;0
11;11;11400927;2018;7;1;7;3;5;2;2;1;1;0;0;0;0;0
11;2;2400623;2018;8;13;5;3;6;4;0;0;0;1;1;0;0;0
11;8;8200726;2018;8;8;3;2;0;6;0;0;1;0;0;0;1;0
11;2;2100105;2018;8;13;5;3;0;7;0;1;0;0;0;0;0;0
11;10;10100311;2018;7;1;7;2;0;1;2;0;0;0;1;0;0;0
11;2;2300314;2018;8;9;5;2;6;4;0;0;0;1;1;0;0;0
11;4;4501043;2018;8;0;6;2;5;3;2;0;1;0;0;0;0;0
11;6;6200315;2018;8;15;5;3;5;2;0;1;1;0;0;0;0;0
11;3;3400828;2018;8;15;5;2;5;3;0;1;1;0;0;0;0;0
11;10;10200421;2018;8;17;1;3;3;6;0;0;1;0;0;0;0;0
11;1;1100207;2018;8;8;5;3;2;2;0;1;1;0;0;0;0;0
11;3;3601245;2018;8;14;5;3;5;2;0;1;1;0;0;0;0;0
11;10;10400938;2018;8;15;6;3;2;6;0;0;1;0;0;0;0;0
11;3;3601451;2018;8;8;5;3;1;5;0;1;1;0;0;0;0;0
11;1;1200522;2018;8;19;1;3;5;2;0;1;1;0;0;0;0;0
11;7;7501029;2018;8;8;5;3;6;2;0;0;1;1;0;0;0;0
11;7;7501133;2018;8;15;7;3;1;5;0;1;1;0;0;0;0;0
11;1;1100311;2018;8;8;5;3;5;2;0;1;1;0;0;0;0;0
11;9;9200613;2018;8;7;5;3;5;2;0;1;1;0;0;0;0;0
11;2;2500833;2018;8;21;6;3;4;6;2;0;1;0;1;0;0;0
11;8;8100415;2018;8;19;7;3;2;6;1;1;1;0;0;0;0;0
11;3;3500934;2018;8;7;5;3;5;2;0;1;0;0;0;0;1;0
11;3;3701554;2018;8;19;6;3;6;4;0;0;0;1;0;0;1;0
11;7;7100102;2018;8;6;5;2;5;3;0;1;0;0;0;0;0;0
11;4;4501152;2018;8;12;6;3;5;3;0;0;1;0;1;0;0;0
11;5;5300736;2018;8;6;5;2;1;5;0;0;0;0;1;0;1;0
11;9;9501939;2018;8;0;5;3;2;6;2;0;1;0;0;0;0;0
11;11;11400931;2018;8;11;2;2;5;3;0;0;1;0;0;0;1;0
11;3;3200207;2018;8;15;5;3;2;6;0;0;1;0;0;0;0;0
11;1;1400938;2018;8;15;5;3;3;6;0;0;0;0;1;0;1;0
11;9;9501939;2018;8;14;7;3;0;6;0;0;1;0;0;0;1;0
11;7;7501134;2018;8;15;5;3;2;6;0;0;1;0;0;0;0;0
11;4;4200311;2018;8;6;6;3;5;2;0;1;1;0;0;0;0;0
11;12;12100103;2018;8;15;5;3;5;2;0;1;1;0;0;0;0;0
11;2;2500727;2018;8;8;6;3;5;2;0;0;1;0;1;0;0;0
11;12;12200309;2018;8;14;5;3;5;2;0;1;1;0;0;0;0;0
11;7;7501133;2018;8;13;5;3;5;3;0;0;1;0;0;0;0;0
11;9;9301228;2018;8;11;1;3;4;6;0;1;0;0;0;0;0;0
11;6;6200316;2018;8;13;5;3;0;2;0;0;1;1;0;0;0;0
11;9;9501941;2018;8;13;5;3;2;6;0;0;1;0;0;0;0;0
11;12;12500824;2018;8;21;7;3;9;1;2;0;1;0;0;0;0;0
11;5;5200633;2018;8;12;5;3;5;2;0;0;1;0;0;0;0;0
11;11;11400931;2018;8;14;6;3;5;2;0;1;1;0;0;0;0;0
11;3;3601245;2018;8;12;5;3;2;6;0;1;1;0;0;0;0;0
11;8;8401244;2018;8;12;5;3;2;6;0;0;1;0;0;0;0;0
11;3;3500934;2018;8;21;1;2;9;1;2;0;1;0;1;0;0;0
11;6;6300634;2018;8;12;5;3;5;7;0;0;1;0;0;0;0;0
11;5;5400942;2018;8;19;5;3;5;2;0;0;1;0;0;0;0;0
11;6;6100205;2018;8;19;5;3;5;2;0;0;1;0;0;0;1;0
11;2;2200210;2018;8;17;1;3;5;2;0;1;1;0;0;0;0;0
11;4;4200206;2018;8;17;5;3;5;3;0;0;1;0;0;0;0;0
11;7;7601341;2018;8;16;5;3;5;2;0;0;1;0;0;0;0;0
11;2;2100101;2018;8;2;7;3;5;3;2;1;1;0;0;0;0;0
11;8;8200832;2018;8;19;6;2;5;2;0;0;1;0;1;0;0;0
11;4;4200308;2018;8;12;4;3;2;6;0;0;1;0;0;0;0;0
11;4;4501043;2018;8;16;6;3;2;7;0;1;1;0;0;0;0;0
11;1;1100103;2018;8;12;4;3;2;7;0;0;1;0;1;0;0;0
11;3;3601141;2018;8;11;4;3;0;3;0;1;0;0;0;0;1;0
11;1;1100309;2018;8;20;6;3;6;4;1;1;0;1;0;0;0;0
11;2;2100106;2018;8;20;7;3;2;6;1;0;1;0;1;0;0;0
11;4;4300412;2018;8;11;4;3;6;4;0;0;1;1;0;0;0;0
11;12;12200310;2018;8;18;6;3;5;3;0;0;1;0;0;0;0;0
11;12;12400720;2018;8;11;4;3;6;2;0;0;1;1;0;0;0;0
11;8;8401241;2018;8;13;6;3;5;3;0;0;1;0;0;0;0;0
11;4;4400729;2018;8;10;4;3;0;6;0;0;1;0;1;0;0;0
11;4;4300619;2018;8;21;6;3;2;2;2;0;1;0;0;0;0;0
11;12;12200414;2018;8;10;4;3;2;2;0;0;1;0;0;0;0;0
11;4;4300624;2018;8;14;6;3;6;4;0;0;1;1;0;0;0;0
11;2;2500836;2018;8;9;4;3;5;2;0;1;1;0;0;0;0;0
11;9;9200715;2018;8;18;1;2;2;6;0;0;1;0;1;0;0;0
11;2;2400623;2018;8;8;4;3;5;7;0;0;1;0;0;0;0;0
11;5;5300735;2018;8;19;6;3;5;3;0;1;1;0;0;0;0;0
11;4;4300624;2018;8;18;7;3;5;3;0;0;1;0;0;0;0;0
11;7;7501134;2018;8;20;4;3;5;2;0;0;1;0;1;0;0;0
11;1;1100415;2018;8;19;4;3;2;6;0;1;0;0;0;0;0;0
11;6;6300634;2018;8;10;6;3;0;1;0;0;0;0;1;0;0;0
11;7;7400823;2018;8;18;4;2;5;2;0;0;1;0;1;0;0;0
11;2;2200211;2018;8;17;4;3;0;2;0;1;1;0;0;0;0;0
11;12;12500930;2018;8;16;1;3;2;6;0;0;1;0;0;0;1;0
11;1;1100416;2018;8;11;4;2;0;1;0;1;0;0;0;0;0;0
11;4;4100101;2018;8;12;4;3;5;3;0;0;1;0;0;0;0;0
11;11;11300722;2018;8;17;1;3;2;6;0;0;1;0;0;0;0;0
11;12;12200309;2018;8;14;7;3;0;5;0;0;1;0;0;0;1;0
11;9;9501838;2018;8;17;4;2;0;1;0;1;0;0;0;0;0;0
11;3;3300516;2018;8;7;6;3;5;3;0;1;0;0;0;0;0;0
11;3;3500934;2018;8;17;4;3;1;5;0;1;0;0;0;0;1;0
11;1;1200628;2018;8;12;4;2;0;1;0;1;0;0;0;0;0;0
11;3;3200309;2018;8;14;1;3;2;6;0;0;1;0;0;0;0;0
11;9;9200715;2018;8;17;4;3;5;2;0;1;1;0;0;0;0;0
11;5;5200630;2018;8;15;6;3;6;4;0;0;0;1;0;0;1;0
11;9;9200613;2018;8;17;1;3;1;5;0;1;1;0;0;0;0;0
11;12;12500825;2018;8;16;4;3;5;2;0;1;1;0;0;0;0;0
11;3;3601348;2018;8;11;7;3;1;5;0;1;1;0;0;0;0;0
11;1;1100415;2018;8;16;4;3;0;1;0;1;0;0;0;0;0;0
11;6;6100209;2018;8;12;6;2;5;2;0;1;1;0;0;0;0;0
11;9;9502043;2018;8;16;4;3;2;6;0;0;1;0;0;0;0;0
11;2;2300418;2018;8;13;7;3;0;2;0;1;1;0;0;0;0;0
11;11;11501238;2018;8;16;4;3;3;6;0;1;0;0;0;0;0;0
11;11;11100309;2018;8;16;6;3;5;3;0;0;1;0;0;0;0;0
11;9;9502043;2018;8;16;4;2;0;6;0;0;1;0;0;0;1;0
11;9;9501737;2018;8;15;4;3;5;2;0;1;1;0;0;0;0;0
11;3;3601142;2018;8;19;1;3;5;2;0;1;1;0;0;0;0;0
11;12;12601134;2018;8;15;4;3;2;2;0;0;0;0;1;0;1;0
11;9;9301228;2018;8;8;5;3;5;3;0;1;0;0;0;0;1;0
11;2;2300419;2018;8;15;4;3;2;6;0;1;0;0;1;0;0;0
11;7;7200307;2018;8;13;6;3;5;7;0;0;1;0;1;0;0;0
11;1;1400942;2018;8;18;6;2;5;3;0;1;0;0;0;0;0;0
11;8;8100520;2018;8;15;4;2;6;4;0;0;0;1;1;0;0;0
11;3;3501038;2018;8;15;4;3;5;3;0;1;0;0;0;0;0;0
11;1;1300733;2018;8;20;5;3;2;6;0;0;1;0;0;0;0;0
11;4;4500936;2018;8;15;4;3;5;2;0;1;1;0;0;0;0;0
11;6;6400737;2018;8;14;4;3;2;7;0;0;1;0;0;0;0;0
11;3;3601453;2018;8;14;4;2;0;1;0;1;0;0;0;0;0;0
11;4;4100101;2018;8;21;1;3;2;6;2;0;1;0;0;0;0;0
11;4;4501041;2018;8;14;4;3;1;5;0;1;1;0;0;0;0;0
11;12;12500929;2018;8;20;5;2;4;6;2;0;1;0;1;0;0;0
11;8;8401242;2018;8;14;4;3;5;3;0;0;1;0;1;0;0;0
11;4;4100101;2018;8;14;6;3;5;7;0;0;1;0;1;0;0;0
11;3;3400618;2018;8;13;4;3;5;2;0;0;1;0;0;0;1;0
11;8;8200832;2018;8;21;1;3;1;5;2;0;0;0;1;0;0;0
11;4;4300623;2018;8;23;5;3;2;3;2;0;1;0;0;0;0;0
11;2;2300417;2018;8;12;4;3;6;4;0;1;0;1;0;0;0;0
11;10;10400835;2018;8;15;7;3;5;3;0;1;1;0;0;0;0;0
11;2;2200211;2018;8;21;5;3;9;1;2;0;1;0;0;0;0;0
11;12;12500926;2018;8;15;3;3;5;2;0;0;1;0;0;0;0;0
11;3;3601142;2018;8;9;6;3;2;6;0;0;1;0;1;0;0;0
11;5;5200631;2018;8;20;7;2;5;7;2;1;1;0;0;0;0;0
11;2;2300314;2018;8;11;3;3;6;7;0;1;0;1;0;0;0;0
11;3;3601141;2018;8;22;3;3;5;2;2;1;1;0;0;0;0;0
11;5;5300737;2018;8;12;6;3;3;6;0;0;1;0;1;0;0;0
11;7;7300619;2018;8;20;3;3;6;4;2;0;1;1;0;0;0;0
11;9;9200717;2018;8;18;3;3;0;3;0;0;1;0;1;0;0;1
11;11;11400927;2018;8;10;2;3;5;2;0;1;0;0;0;0;1;0
11;10;10400835;2018;8;18;3;3;0;7;0;1;0;0;0;0;0;0
11;7;7501031;2018;8;16;5;3;5;2;0;1;0;0;0;0;1;0