LAND;BEZ;LOR_ab_2021;UJAHR;UMONAT;USTUNDE;UWOCHENTAG;UKATEGORIE;UART;UTYP1;ULICHTVERH;IstRad;IstPKW;IstFuss;IstKrad;IstGkfz;IstSonstige;USTRZUSTAND
11;11;11400929;2018;8;17;3;3;5;3;0;0;1;0;0;0;0;0
11;1;1200517;2018;8;14;7;3;0;1;0;0;0;0;1;0;0;0
11;2;2400521;2018;8;17;3;3;5;2;0;1;1;0;0;0;0;0
11;4;4100101;2018;8;7;6;3;5;2;0;0;1;0;0;0;1;0
11;1;1100308;2018;8;17;3;3;5;5;0;1;1;0;0;0;0;0
11;11;11400931;2018;8;15;3;3;5;2;0;1;1;0;0;0;0;0
11;4;4200203;2018;8;16;1;3;6;7;0;0;1;1;0;0;0;0
11;2;2300314;2018;8;15;3;3;5;3;0;0;1;0;0;0;0;0
11;7;7100101;2018;8;15;3;3;5;3;0;1;0;0;1;0;0;0
11;6;6400735;2018;8;11;1;3;2;7;0;1;0;0;0;0;1;0
11;7;7400721;2018;8;15;3;3;6;7;0;0;1;1;0;0;0;0
11;12;12200412;2018;8;10;5;3;2;6;0;0;1;0;0;0;0;0
11;7;7601442;2018;8;15;3;3;5;2;0;1;0;0;0;0;1;0
11;1;1200624;2018;8;21;7;3;2;6;2;0;1;0;0;0;0;0
11;4;4501042;2018;8;13;3;3;6;2;0;0;1;1;0;0;0;0
11;12;12100101;2018;8;16;6;2;6;4;0;0;1;1;0;0;0;0
11;1;1100207;2018;8;12;3;3;6;4;0;1;0;1;0;0;0;0
11;4;4100101;2018;8;20;3;3;5;5;1;0;1;0;0;0;0;0
11;12;12100205;2018;8;11;1;2;2;6;0;0;1;0;1;0;0;0
11;8;8200833;2018;8;21;3;3;2;6;2;0;0;0;1;0;0;0
11;3;3601140;2018;8;16;5;3;5;2;0;1;1;0;0;0;0;0
11;1;1200519;2018;8;16;3;3;0;2;0;0;0;1;1;0;0;0
11;2;2400625;2018;8;7;6;3;5;2;0;1;1;0;0;0;0;0
11;3;3200205;2018;8;15;3;2;5;2;0;1;1;0;0;0;0;0
11;4;4501042;2018;8;11;5;3;0;7;0;0;0;0;1;0;0;0
11;10;10400837;2018;8;16;3;2;5;3;0;0;1;0;1;0;0;0
11;3;3400831;2018;8;9;7;3;5;2;0;0;1;0;0;0;0;0
11;3;3400831;2018;8;14;3;2;5;3;0;0;1;0;1;0;0;0
11;12;12200310;2018;8;19;6;3;1;5;1;1;1;0;0;0;1;0
11;1;1200625;2018;8;14;3;3;1;5;0;1;0;0;0;0;1;0
11;8;8100206;2018;8;17;5;3;1;5;0;1;1;0;0;0;0;0
11;9;9200512;2018;8;14;3;3;5;3;0;0;1;0;0;0;0;0
11;11;11300620;2018;8;18;1;3;5;3;0;0;1;0;0;0;0;0
11;8;8100102;2018;8;10;3;3;0;6;0;0;1;0;1;0;0;0
11;1;7100102;2018;8;18;5;2;0;7;0;0;0;0;1;0;1;1
11;7;7100103;2018;8;22;6;3;5;3;2;0;1;0;0;0;0;0
11;12;12200307;2018;8;10;3;3;1;5;0;1;1;0;0;0;0;0
11;1;1100416;2018;8;15;6;3;6;4;0;1;0;1;0;0;0;0
11;8;8401243;2018;8;9;3;3;5;2;0;0;1;0;0;0;0;0
11;6;6100103;2018;8;8;3;3;5;3;0;1;1;0;0;0;0;0
11;6;6300527;2018;8;18;5;3;2;2;0;0;1;0;0;0;0;0
11;6;6200312;2018;8;8;3;3;2;6;0;1;0;0;0;0;0;0
11;9;9501939;2018;8;7;3;3;3;6;0;1;1;0;0;0;0;0
11;2;2200209;2018;8;17;5;3;5;2;0;1;1;0;0;0;0;0
11;12;12100101;2018;8;7;3;3;5;3;0;1;1;0;0;0;0;0
11;9;9100304;2018;8;16;7;2;5;2;0;0;1;0;0;0;1;0
11;5;5100315;2018;8;10;3;2;5;2;0;0;1;0;1;0;0;0
11;5;5100317;2018;8;18;5;3;5;2;0;1;0;0;0;0;0;0
11;5;5300840;2018;8;5;3;2;5;7;1;1;1;0;0;0;0;0
11;10;10100311;2018;8;10;6;3;5;2;0;1;1;0;0;0;0;0
11;8;8100208;2018;8;22;6;3;2;6;2;0;1;0;0;0;0;0
11;5;5300736;2018;8;8;3;3;2;6;0;0;1;0;0;0;0;0
11;4;4501153;2018;8;11;3;2;5;2;0;1;1;0;0;0;0;0
11;12;12200515;2018;8;10;2;3;5;3;0;1;0;0;1;0;0;0
11;1;1100104;2018;8;18;3;3;5;2;0;1;1;0;0;0;0;0
11;9;9200818;2018;8;18;5;3;6;7;0;0;0;1;0;0;1;0
11;1;1200626;2018;8;8;2;3;6;4;0;1;0;1;0;0;0;0
11;11;11501340;2018;8;10;7;2;5;7;0;1;1;0;0;0;0;0
11;11;11300620;2018;8;18;5;2;2;6;0;0;1;0;0;0;0;0
11;8;8100105;2018;8;13;2;3;2;6;0;0;1;0;0;0;1;0
11;5;5400943;2018;8;15;7;2;5;2;0;1;0;0;0;0;1;0
11;1;1100311;2018;8;19;5;3;5;2;0;1;1;0;0;0;0;0
11;1;1100310;2018;8;11;2;3;5;2;0;1;1;0;0;0;0;0
11;3;3701555;2018;8;8;6;3;5;3;0;1;1;0;0;0;0;0
11;8;8100310;2018;8;22;2;3;5;3;2;1;0;0;0;0;0;0
11;12;12500928;2018;8;21;2;3;2;2;2;0;1;0;0;0;0;0
11;1;1300834;2018;8;12;1;3;5;2;0;1;1;0;0;0;0;0
11;1;1100207;2018;8;21;2;3;5;2;2;0;1;0;1;0;0;0
11;6;6200422;2018;8;17;5;3;5;7;0;0;1;0;0;0;0;0
11;1;1100309;2018;8;19;2;3;5;2;0;1;1;0;0;0;0;0
11;7;7501031;2018;8;11;7;3;5;2;0;0;1;0;1;0;0;0
11;4;4200206;2018;8;8;2;3;0;6;0;0;1;0;1;0;0;0
11;12;12200515;2018;8;12;6;2;5;3;0;0;1;0;1;0;0;0
11;1;1100206;2018;8;17;2;3;5;2;0;1;0;0;0;0;0;0
11;1;1100309;2018;8;17;2;3;2;6;0;0;1;0;1;0;0;1
11;2;2300417;2018;8;5;6;3;5;3;0;0;1;0;0;0;0;0
11;12;12200309;2018;8;17;2;3;0;2;0;1;1;0;0;0;0;0
11;1;1400937;2018;8;16;2;3;3;6;0;0;0;0;1;0;1;0
11;7;7601238;2018;8;17;1;3;5;2;0;0;1;0;0;0;0;0
11;8;8100206;2018;8;16;2;3;2;6;0;1;1;0;0;0;0;0
11;10;10100314;2018;8;16;5;3;0;2;0;0;1;0;0;0;1;0
11;2;2400623;2018;8;15;2;3;4;6;0;1;0;0;0;0;0;0
11;11;11300722;2018;8;15;7;3;3;6;0;0;1;0;1;0;0;0
11;1;1300733;2018;8;17;6;3;2;2;0;0;1;0;0;0;1;0
11;5;5100208;2018;8;15;2;3;6;4;0;0;1;1;0;0;0;0
11;2;2100103;2018;8;15;2;3;0;6;0;0;1;0;1;0;0;0
11;8;8200730;2018;8;10;5;3;5;2;0;1;0;0;0;1;0;0
11;3;3400828;2018;8;15;2;3;5;3;0;1;1;0;0;0;0;0
11;9;9200715;2018;8;17;7;3;5;3;0;0;1;0;0;0;0;0
11;9;9200510;2018;8;14;2;3;2;6;0;0;1;0;1;0;0;0
11;8;8100104;2018;8;10;5;3;3;6;0;0;0;0;1;1;0;0
11;7;7100205;2018;8;14;2;3;5;7;0;1;1;0;0;0;0;0
11;11;11400927;2018;8;13;2;3;5;3;0;0;0;0;1;0;1;0
11;10;10100315;2018;8;5;1;2;8;1;1;0;1;0;0;0;0;0
11;9;9200715;2018;8;16;2;2;5;2;0;1;1;0;0;0;0;0
11;7;7400823;2018;8;16;2;2;5;3;0;0;1;0;0;0;0;0
11;3;3400618;2018;8;14;6;3;5;3;0;1;1;0;0;0;0;0
11;3;3500934;2018;8;12;2;2;6;4;0;1;0;1;0;0;0;0
11;1;1300836;2018;8;20;1;3;5;2;1;1;1;0;0;0;0;0
11;7;7501029;2018;8;13;2;2;1;5;0;0;1;0;0;0;1;0
11;2;2200209;2018;8;15;7;3;5;2;0;1;1;0;0;0;0;0
11;6;6100209;2018;8;13;2;2;0;6;0;0;1;0;1;0;0;0
11;8;8200725;2018;8;16;2;3;6;7;0;1;1;1;1;0;0;0
11;9;9100203;2018;8;9;6;3;2;6;0;0;1;0;0;0;0;0
11;7;7200409;2018;8;21;2;3;0;1;2;0;0;0;1;0;0;0
11;10;10100316;2018;8;12;6;3;2;6;0;0;1;0;0;0;0;0
11;12;12200412;2018;8;17;2;3;2;6;0;0;1;0;0;0;0;0
11;11;11100204;2018;8;16;2;3;0;7;0;0;0;1;0;0;1;0
11;1;1401043;2018;8;10;2;3;2;7;0;0;1;0;0;0;0;0
11;4;4100101;2018;8;12;2;3;2;6;0;0;1;0;0;0;0;0
11;6;6400839;2018;8;12;2;2;1;5;0;0;1;0;1;0;0;0
11;4;4300518;2018;8;14;7;3;6;4;0;0;1;1;0;0;0;0
11;9;9100101;2018;8;11;2;2;6;4;0;0;1;1;0;0;0;0
11;4;4501045;2018;8;7;6;3;2;6;0;0;1;0;1;0;0;0
11;11;11400931;2018;8;11;2;3;0;1;0;0;0;0;1;0;0;0
11;4;4500936;2018;8;10;2;2;5;3;0;0;1;0;0;0;0;0
11;4;4501042;2018;8;16;1;3;2;6;0;0;1;0;1;0;0;0
11;1;1200624;2018;8;10;2;3;5;7;0;0;1;0;1;0;0;0
11;7;7601442;2018;8;16;1;3;5;2;0;1;1;0;0;0;0;0
11;9;9100306;2018;8;9;2;3;1;5;0;1;1;0;0;0;0;0
11;2;8100101;2018;8;10;7;2;5;3;0;1;1;0;0;0;0;0
11;7;7200308;2018;8;10;2;2;5;3;0;1;1;0;0;0;0;0
11;1;1100416;2018;8;10;1;3;1;5;0;1;1;0;0;0;0;0
11;1;1200628;2018;8;10;2;3;1;5;0;1;1;0;0;0;1;0
11;8;8200832;2018;8;9;2;3;1;5;0;1;1;0;0;0;0;0
11;4;4300416;2018;8;13;7;3;5;2;0;0;1;0;0;0;0;0
11;7;7100103;2018;8;8;2;3;0;1;0;0;0;0;1;0;0;0
11;6;6100209;2018;8;15;6;3;2;6;0;0;1;0;0;0;0;0
11;2;2200211;2018;8;1;1;2;0;1;2;1;0;0;0;0;0;0
11;1;1100104;2018;8;5;1;3;5;2;2;0;1;0;0;0;0;0
11;7;7601442;2018;8;13;1;2;5;3;0;0;1;0;1;0;0;0
11;3;3300515;2018;8;16;1;3;5;3;0;0;1;0;0;0;0;0
11;1;1100308;2018;8;13;6;3;1;5;0;1;1;0;0;0;0;0
11;1;1100415;2018;8;15;6;3;1;5;0;0;1;0;1;0;0;0
11;3;3601244;2018;8;19;1;3;5;3;0;1;1;0;0;0;0;0
11;5;5200629;2018;8;19;4;2;5;3;0;1;1;0;0;0;0;0
11;4;4500939;2018;8;18;3;3;5;3;0;1;1;0;0;0;0;0
11;1;1100310;2018;8;17;3;3;0;7;0;0;1;0;0;0;0;0
11;4;4300621;2018;8;17;3;3;5;2;0;1;1;0;0;0;0;0
11;3;3701554;2018;8;7;4;3;5;3;0;1;1;0;0;0;0;0
11;2;2200211;2018;8;23;3;3;0;1;2;0;0;0;1;0;0;0
11;10;10100316;2018;8;12;4;3;3;6;0;0;1;0;0;0;1;0
11;9;9200512;2018;8;17;3;3;2;2;0;0;1;0;0;0;0;0
11;4;4300621;2018;8;19;3;3;5;3;0;0;1;0;0;0;0;0
11;8;8200726;2018;8;16;3;3;0;7;0;0;1;0;0;0;0;0
11;8;8200623;2018;8;9;2;3;5;2;0;1;1;0;0;0;0;0
11;12;12601134;2018;8;11;4;3;6;7;0;0;1;1;0;0;0;0
11;9;9200613;2018;8;16;3;3;5;5;0;1;1;0;0;0;0;0
11;12;12100205;2018;8;11;4;3;0;6;0;0;1;0;0;0;1;0
11;2;2100101;2018;8;15;3;3;5;3;0;1;1;0;0;0;0;0
11;9;9200613;2018;8;15;3;2;5;2;1;1;1;0;0;0;0;0
11;4;4501147;2018;8;9;4;3;2;6;0;0;1;0;0;0;0;0
11;6;6300632;2018;8;15;3;3;5;3;0;1;1;0;0;0;0;0
11;5;5100316;2018;8;15;4;2;5;2;0;1;1;0;0;0;0;0
11;4;4300517;2018;8;10;4;3;1;5;0;1;0;0;0;0;1;0
11;10;10400835;2018;8;14;3;2;5;3;0;0;1;0;0;0;0;0
11;2;2200209;2018;8;16;4;3;1;5;0;1;1;0;0;0;1;0
11;9;9501838;2018;8;14;3;3;5;3;0;1;1;0;0;0;0;0
11;4;4300624;2018;8;19;1;3;0;6;0;0;1;0;0;0;1;0
11;12;12601134;2018;8;14;3;3;2;6;0;0;1;0;0;0;0;0
11;5;5100209;2018;8;20;4;2;6;4;2;0;1;1;0;0;0;0
11;6;6200423;2018;8;13;1;3;2;6;0;0;1;0;0;0;0;0
11;3;3601450;2018;8;13;3;3;2;2;0;0;1;0;0;0;0;0
11;9;9401534;2018;8;15;3;3;5;3;0;0;1;0;0;0;0;0
11;5;5100210;2018;8;19;1;3;0;1;0;0;0;0;1;0;0;0
11;1;1100310;2018;8;16;1;3;0;1;0;0;0;0;1;0;0;0
11;1;1100102;2018;8;13;3;3;5;2;0;1;1;0;0;0;0;0
11;6;6300527;2018;8;8;1;3;5;2;0;0;1;0;1;0;0;0
11;5;5200629;2018;8;8;1;3;5;3;0;1;0;0;0;0;1;0
11;2;2300314;2018;8;16;7;3;2;6;0;0;1;0;0;0;0;1
11;9;9200715;2018;8;13;3;2;5;3;0;0;1;0;1;0;0;0
11;11;11501238;2018;8;20;7;3;2;6;2;0;1;0;0;0;0;0
11;1;1401046;2018;8;20;7;3;3;2;1;0;1;0;0;0;0;0
11;3;3601243;2018;8;17;3;2;5;2;0;0;1;0;1;0;0;0
11;4;4501152;2018;8;9;2;3;1;5;0;0;1;0;1;0;0;0
11;7;7400823;2018;8;18;4;3;5;3;0;1;1;0;0;0;0;0
11;6;6400737;2018;8;11;7;3;4;6;0;0;1;0;0;0;0;0
11;4;4200310;2018;8;13;3;3;2;6;0;0;1;0;0;0;0;0
11;1;1200522;2018;8;21;3;3;5;3;2;1;1;0;0;0;0;0
11;3;3601346;2018;8;13;7;3;6;7;0;1;0;1;0;0;0;0
11;1;1100206;2018;8;13;7;3;2;6;0;0;1;0;0;0;0;0
11;1;1100309;2018;8;12;3;3;1;5;0;1;1;0;0;0;0;0
11;8;8100310;2018;8;12;7;3;1;5;0;1;1;0;0;0;0;0
11;2;2300315;2018;8;8;2;2;1;5;0;0;1;0;1;0;0;0
11;11;11501341;2018;8;13;4;3;5;3;0;1;1;0;0;0;0;0
11;6;6300634;2018;8;11;7;3;2;2;0;0;1;0;0;0;0;0
11;11;11200513;2018;8;12;3;2;1;7;0;1;1;0;0;0;0;0
11;9;9501737;2018;8;17;4;2;6;4;0;0;1;1;0;0;0;0
11;3;3500932;2018;8;10;7;3;6;2;0;0;1;1;0;0;0;0
11;4;4400831;2018;8;14;4;3;1;5;0;0;1;0;1;0;0;0
11;3;3601141;2018;8;8;7;3;2;6;0;0;1;0;0;0;1;0
11;12;12200310;2018;8;12;3;3;5;2;0;1;1;0;0;0;0;0
11;7;7601340;2018;8;17;4;3;0;5;0;0;1;0;0;0;0;0
11;3;3601245;2018;8;6;7;3;5;3;0;1;1;0;0;0;0;0
11;1;1100308;2018;8;18;3;3;1;5;0;0;1;0;1;0;0;0
11;4;4100101;2018;8;12;7;2;5;2;0;0;1;0;0;0;0;0
11;4;4200308;2018;8;11;7;3;2;6;0;0;1;0;0;0;0;0
11;1;1100102;2018;8;8;3;3;5;3;0;1;1;0;0;0;0;0
11;8;8100209;2018;8;18;7;3;2;2;1;0;1;0;0;0;0;1
11;6;6200315;2018;8;10;4;3;5;3;0;1;1;0;0;0;0;0
11;3;3400619;2018;8;10;7;3;2;6;0;0;1;0;0;0;0;0
11;11;11200513;2018;8;11;3;3;5;3;0;1;1;0;0;0;0;0
11;5;5200528;2018;8;9;4;2;5;3;0;0;1;0;1;0;0;0
11;8;8100310;2018;8;17;7;3;5;3;0;1;0;0;0;0;0;0
11;11;11200512;2018;8;11;7;3;2;7;0;1;1;0;0;0;0;0
11;6;6200317;2018;8;11;3;3;5;2;0;0;1;0;1;0;0;0
11;8;8100415;2018;8;17;7;3;2;2;0;0;1;0;0;0;0;0
11;7;7300619;2018;8;16;7;2;5;3;0;1;1;0;0;0;0;1
11;4;4300619;2018;8;16;7;3;6;2;0;0;1;1;0;0;0;0
11;3;3601245;2018;8;10;3;3;5;2;0;0;1;0;0;0;0;0
11;12;12500930;2018;8;9;4;3;2;6;0;0;1;0;0;1;0;0
11;1;1100415;2018;8;15;7;3;5;2;0;1;1;0;0;0;0;1
11;1;1100310;2018;8;10;3;3;0;1;0;0;0;0;1;0;0;0
11;10;10200420;2018;8;16;4;2;5;3;0;1;1;0;0;0;0;0
11;10;10300731;2018;8;15;7;3;5;3;0;1;1;0;0;0;0;0
11;2;2500832;2018;8;15;7;3;5;3;0;0;1;0;1;0;0;0
11;5;5200629;2018;8;9;3;3;5;3;0;0;1;0;1;0;0;0
11;7;7400823;2018;8;15;7;3;2;6;0;0;1;0;0;0;1;1
11;11;11100101;2018;8;14;7;2;8;1;0;0;1;0;0;0;0;0
11;1;1100206;2018;8;8;3;3;3;2;0;1;0;0;0;1;0;0
11;1;1100309;2018;8;19;4;2;5;2;1;1;1;0;0;0;0;0
11;3;3601142;2018;8;14;7;3;1;5;0;1;1;0;0;0;0;0
11;1;1200623;2018;8;8;3;3;2;6;0;0;1;0;0;0;0;0
11;4;4200311;2018;8;14;7;3;5;2;0;0;1;0;0;0;0;0
11;2;2500835;2018;8;8;3;3;5;2;0;1;1;0;0;0;0;0
11;6;6400844;2018;8;8;4;3;5;3;0;1;1;0;0;0;0;0
11;4;4501152;2018;8;13;7;2;0;6;0;1;0;0;0;0;0;0
11;12;12200412;2018;8;8;3;3;6;4;0;1;0;1;0;0;0;0
11;3;3601245;2018;8;15;4;2;5;3;0;1;0;0;0;0;0;0
11;12;12400619;2018;8;13;7;3;5;2;0;1;1;0;0;0;0;0
11;9;9100202;2018;8;13;7;3;2;6;0;0;1;0;0;0;0;0
11;3;3400830;2018;8;8;3;2;5;2;0;1;1;0;0;0;0;0
11;2;2200212;2018;8;12;6;3;4;6;0;1;0;0;0;0;0;0
11;4;4200206;2018;8;15;6;3;5;3;0;0;1;0;0;0;0;0
11;7;7601238;2018;8;8;3;3;1;7;0;1;1;0;0;0;0;0
11;9;9200512;2018;8;0;2;3;1;1;2;0;1;0;0;0;1;0
11;7;7300516;2018;8;18;4;3;2;7;0;1;1;0;0;0;0;0
11;9;9401534;2018;8;22;6;3;2;6;2;0;1;0;0;0;0;0
11;1;1300732;2018;8;20;3;3;0;5;2;0;1;0;1;0;0;0
11;8;8100102;2018;8;23;6;3;2;6;2;0;1;0;0;0;0;0
11;2;2100104;2018;8;21;6;3;2;2;2;1;1;0;0;0;0;0
11;3;3601450;2018;8;17;3;3;2;2;0;1;1;0;0;0;0;0
11;10;10100206;2018;8;20;6;3;5;3;1;1;1;0;0;0;0;0
11;4;4200310;2018;8;20;6;3;3;6;2;0;1;0;0;0;0;0
11;11;11401137;2018;8;7;3;3;5;5;0;1;1;0;0;0;0;0
11;3;3500934;2018;8;18;6;3;6;4;0;0;1;1;0;0;0;0
11;12;12200309;2018;8;18;4;3;5;3;0;1;1;0;0;0;0;0
11;12;12200412;2018;8;18;6;3;5;3;0;1;1;0;0;0;0;0
11;1;1400942;2018;8;7;3;3;5;2;0;0;1;0;0;0;1;0
11;2;2400521;2018;8;17;4;3;5;7;0;1;1;0;0;0;0;0
11;6;6300633;2018;8;18;6;3;5;2;0;0;1;0;0;0;0;0
11;4;4501042;2018;8;10;6;3;3;5;0;1;0;0;0;0;1;0
11;4;4300412;2018;8;17;6;3;5;7;0;0;1;0;0;0;1;0
11;4;4400727;2018;8;6;3;3;2;7;0;1;0;0;0;0;1;0
11;5;5100315;2018;8;9;4;3;5;2;0;1;1;0;0;0;0;0
11;4;4501041;2018;8;17;6;3;2;6;0;0;1;0;0;0;0;0
11;11;11501340;2018;8;6;3;3;5;2;0;0;1;0;0;0;1;0
11;2;2100102;2018;8;5;3;3;5;3;1;1;1;0;0;0;0;0
11;11;11401137;2018;8;16;6;2;5;3;0;1;0;0;0;0;0;0
11;6;6400842;2018;8;11;4;3;0;7;0;0;0;0;0;0;1;0
11;4;4501148;2018;8;16;6;3;5;2;0;1;1;0;0;0;0;0
11;5;5200528;2018;8;11;2;2;0;2;0;0;1;0;0;0;0;0
11;5;5300839;2018;8;17;4;2;6;4;0;0;1;1;0;0;0;0
11;5;5400943;2018;8;15;6;3;5;3;0;1;1;0;0;0;0;0
11;7;7400824;2018;8;13;6;3;5;3;0;1;0;0;1;0;0;1
11;1;1300730;2018;8;1;2;3;6;2;2;0;1;1;0;0;0;0
11;9;9100304;2018;8;13;6;3;5;2;0;0;1;0;0;0;0;0
11;2;2400623;2018;8;12;6;3;3;6;0;0;1;0;1;0;0;0
11;2;2100104;2018;8;15;2;3;0;3;0;1;0;0;0;0;1;1
11;1;1100101;2018;8;23;4;3;5;3;2;1;1;0;0;0;0;0
11;9;9200715;2018;8;12;6;3;5;3;0;0;1;0;1;0;0;1
11;4;4100101;2018;8;23;2;3;5;2;2;0;1;0;0;0;0;0
11;3;3400620;2018;8;15;4;3;0;3;0;1;1;0;0;0;0;0
11;1;1300835;2018;8;12;6;3;5;2;0;1;1;0;0;0;0;0
11;12;12200414;2018;8;10;6;3;2;6;0;0;1;0;0;0;0;0
11;7;7100102;2018;8;23;2;3;6;2;2;0;1;1;0;0;0;0
11;8;8100105;2018;8;16;4;3;6;4;0;0;1;1;0;0;0;0
11;4;4300619;2018;8;9;6;3;2;6;0;1;1;0;0;0;0;0
11;11;11100204;2018;8;9;6;3;5;2;0;1;1;0;0;0;0;0
11;8;8200623;2018;8;23;2;3;1;5;2;0;1;0;0;0;1;0
11;2;2400521;2018;8;8;6;3;6;4;0;1;0;1;0;0;0;0
11;10;10200627;2018;8;7;6;2;5;2;0;1;1;0;0;0;0;0
11;9;9200717;2018;8;22;2;3;2;2;2;0;1;0;1;0;0;0
11;3;3601245;2018;8;1;4;3;0;1;2;0;0;0;1;0;0;0
11;3;3701554;2018;8;7;6;3;5;2;0;1;1;0;0;0;0;0
11;4;4200311;2018;8;21;2;3;0;7;2;0;0;0;1;0;1;1
11;10;10200421;2018;8;14;4;3;5;2;0;1;1;0;0;0;0;0
11;8;8100209;2018;8;7;6;3;2;6;0;0;1;0;0;0;0;0
11;3;3200205;2018;8;7;6;3;5;7;0;1;1;0;0;0;0;0
11;9;9200511;2018;8;19;2;3;1;5;0;1;1;0;0;0;0;0
11;10;10400938;2018;8;7;6;3;5;3;0;0;1;0;0;0;0;0
11;3;3200207;2018;8;6;6;3;5;2;0;1;1;0;0;0;0;0
11;8;8200730;2018;8;9;2;3;2;6;0;0;1;0;0;0;0;0
11;9;9501941;2018;8;6;6;3;5;2;0;1;1;0;0;0;0;0
11;3;3400620;2018;8;6;6;3;5;3;0;1;1;0;0;0;0;0
11;8;8100312;2018;8;19;2;3;5;2;0;0;1;0;1;0;0;0
11;11;11400929;2018;8;19;4;3;4;6;0;1;1;0;0;0;0;0
11;6;6300528;2018;8;6;6;3;5;2;0;0;1;0;0;0;0;0
11;11;11400927;2018;8;19;2;3;0;1;2;1;0;0;0;0;0;0
11;3;3400722;2018;8;15;3;3;6;7;0;1;0;1;0;0;0;0
11;3;3701554;2018;8;6;6;3;5;3;1;1;1;0;0;0;0;0
11;2;2300316;2018;8;17;6;3;0;1;0;0;0;0;1;0;0;0
11;1;1100416;2018;8;18;2;2;0;7;0;0;0;0;1;0;0;0
11;6;6100102;2018;8;15;6;2;0;1;0;1;0;0;0;0;0;0
11;4;4500936;2018;8;13;4;3;5;3;0;1;1;0;0;0;0;0
11;3;3701554;2018;8;16;6;3;0;1;0;1;0;0;0;0;0;0
11;7;7200409;2018;8;18;2;3;1;5;0;1;1;0;0;0;0;0
11;10;10300731;2018;8;17;4;3;2;6;0;0;1;0;0;0;0;0
11;5;5300841;2018;8;7;5;3;3;6;0;0;1;0;0;0;0;0
11;1;1100308;2018;8;17;5;3;0;6;0;1;1;0;0;0;0;0
11;2;2300417;2018;8;1;4;3;6;7;2;0;1;1;0;0;0;0
11;2;2200208;2018;8;9;5;3;0;2;0;1;1;0;0;0;0;0
11;10;10100210;2018;8;19;3;3;0;4;0;0;1;1;0;0;0;0
11;10;10200420;2018;8;9;5;3;0;6;0;0;0;0;0;0;1;0
11;1;1100206;2018;8;18;5;3;5;3;1;1;0;0;1;0;0;0
11;6;6300631;2018;8;16;2;3;1;5;0;0;1;0;0;0;0;0
11;3;3400724;2018;8;16;5;3;6;4;0;0;1;1;0;0;0;0
11;1;1100206;2018;8;10;4;3;2;2;0;1;0;0;0;0;1;0
11;5;5200634;2018;8;16;5;3;5;2;0;1;0;0;0;0;0;0
11;4;4100101;2018;8;16;2;3;3;6;0;0;1;0;1;0;0;0
11;5;5100206;2018;8;10;4;3;0;1;0;1;0;0;0;0;0;0
11;3;3400826;2018;8;19;5;2;1;5;0;1;1;0;0;0;0;0
11;7;7400927;2018;8;19;5;3;5;3;0;0;1;0;0;0;0;0
11;4;4300412;2018;8;16;2;3;1;5;0;0;1;0;1;0;0;0
11;12;12100205;2018;8;19;5;3;5;2;0;1;1;0;0;0;0;0
11;8;8100105;2018;8;18;5;2;6;4;0;0;1;1;0;0;0;0
11;6;6300629;2018;8;16;2;3;5;7;0;0;1;0;0;0;0;0
11;12;12400722;2018;8;8;4;3;2;6;0;1;1;0;0;0;0;0
11;12;12100101;2018;8;18;5;3;2;6;1;0;1;0;0;0;0;0
11;3;3601450;2018;8;15;2;3;4;5;0;1;0;0;0;0;1;0
11;6;6200423;2018;8;9;4;3;5;3;0;1;1;0;0;0;0;0
11;6;6200313;2018;8;18;5;2;0;4;0;0;1;1;0;0;0;0
11;2;2100104;2018;8;15;2;3;5;3;0;1;1;0;0;0;0;0
11;3;3601449;2018;8;16;4;3;5;3;0;0;1;0;0;0;0;0
11;9;9200715;2018;8;17;5;3;5;2;0;0;1;0;0;0;0;0
11;3;3601348;2018;8;17;5;3;5;3;0;1;1;0;0;0;0;0
11;10;10400940;2018;8;15;2;3;2;6;0;0;1;0;0;0;0;0
11;1;1200517;2018;8;17;5;2;5;2;0;0;1;0;1;0;0;0
11;1;1300836;2018;8;20;5;3;5;2;1;0;1;0;1;0;0;0
11;1;1100102;2018;8;15;2;3;0;1;0;1;0;0;0;0;0;1
11;4;4100102;2018;8;19;4;3;0;6;0;0;1;0;0;0;0;0
11;12;12100101;2018;8;21;5;3;5;2;2;0;1;0;1;0;0;0
11;3;3601449;2018;8;15;2;3;2;6;0;1;1;0;0;0;0;0
11;8;8401139;2018;8;15;3;2;5;3;0;1;1;0;0;0;0;0
11;1;1100308;2018;8;16;5;2;2;2;0;0;1;0;0;0;0;0
11;1;1100309;2018;8;16;5;3;6;4;0;1;0;1;0;0;0;0
11;11;11300721;2018;8;6;2;3;2;6;0;0;1;0;0;0;1;0
11;4;4300623;2018;8;15;4;3;6;7;0;1;0;0;0;0;1;0
11;9;9501941;2018;8;13;5;2;5;3;0;0;0;0;0;1;1;0
11;2;2500830;2018;8;16;5;3;5;2;0;0;1;0;1;0;0;0
11;11;11300721;2018;8;7;2;3;0;7;0;1;1;0;0;0;0;0
11;9;9100203;2018;8;15;5;3;2;7;0;0;1;0;0;0;0;0
11;7;7601339;2018;8;14;5;3;5;2;0;0;1;0;0;0;0;0
11;4;4100101;2018;8;15;2;3;5;2;0;0;1;0;0;0;0;1
11;4;4200309;2018;8;9;2;2;5;3;0;0;1;0;0;0;0;0
11;9;9200512;2018;8;18;4;3;2;6;0;0;1;0;0;0;0;0
11;5;5100316;2018;8;21;5;3;1;5;2;1;1;0;0;0;0;0