LAND;BEZ;LOR_ab_2021;UJAHR;UMONAT;USTUNDE;UWOCHENTAG;UKATEGORIE;UART;UTYP1;ULICHTVERH;IstRad;IstPKW;IstFuss;IstKrad;IstGkfz;IstSonstige;USTRZUSTAND
11;11;11100101;2018;8;6;3;3;5;3;0;1;1;0;0;0;0;0
11;7;7501029;2018;8;14;5;3;5;2;0;0;1;0;1;0;0;0
11;1;1100310;2018;8;14;5;3;6;4;0;0;0;1;1;0;0;0
11;8;8200623;2018;8;15;2;3;5;7;0;0;1;0;1;0;0;0
11;6;6200312;2018;8;14;5;3;4;6;0;0;1;1;0;0;1;0
11;1;1400942;2018;8;13;4;3;2;6;0;0;1;0;0;0;1;0
11;8;8100209;2018;8;13;5;3;6;4;0;0;1;1;0;0;0;0
11;9;9401534;2018;8;13;5;3;2;6;0;0;1;0;1;0;0;0
11;7;7100102;2018;8;15;2;3;5;2;0;1;1;0;0;0;0;0
11;2;2100106;2018;8;12;5;3;5;2;0;0;1;0;1;0;0;0
11;12;12100205;2018;8;16;4;3;2;6;0;0;1;0;0;0;0;0
11;4;4501044;2018;8;11;5;3;1;5;0;1;1;0;0;0;0;0
11;4;4501044;2018;8;15;2;3;5;3;0;0;1;0;0;0;0;0
11;3;3300412;2018;8;17;4;2;5;3;0;0;1;0;0;0;1;0
11;10;10400940;2018;8;8;5;3;0;3;0;0;0;0;0;0;1;0
11;12;12500930;2018;8;9;5;3;0;7;0;0;1;0;1;0;0;0
11;3;3601451;2018;8;9;5;3;0;4;0;1;0;1;0;0;0;0
11;8;8100521;2018;8;15;2;3;5;3;0;0;1;0;1;0;0;0
11;1;1300835;2018;8;8;5;3;4;6;0;0;1;0;1;0;0;0
11;9;9200510;2018;8;10;4;3;5;2;0;1;1;0;0;0;0;0
11;1;1100415;2018;8;19;5;3;0;7;0;1;0;0;0;0;0;0
11;3;3501038;2018;8;14;2;3;5;2;0;0;1;0;1;0;0;0
11;12;12500926;2018;8;6;4;3;0;1;0;0;0;0;1;0;0;0
11;8;8100521;2018;8;12;5;2;0;7;0;0;1;0;0;0;0;0
11;12;12500824;2018;8;14;2;3;2;6;0;0;1;0;1;0;0;0
11;9;9200715;2018;8;11;4;3;3;6;0;0;1;0;0;0;0;0
11;3;3300412;2018;8;19;5;2;0;1;0;1;0;0;0;0;0;0
11;2;2100105;2018;8;8;5;3;0;7;0;1;0;0;0;0;1;1
11;1;1401047;2018;8;14;2;2;0;7;0;1;0;0;0;0;0;0
11;1;1100103;2018;8;21;5;3;0;1;2;1;0;0;0;0;0;1
11;4;4501042;2018;8;8;5;3;2;4;0;0;1;1;0;0;0;0
11;12;12200412;2018;8;14;2;3;8;1;0;0;0;0;0;0;1;0
11;3;3501038;2018;8;9;4;3;2;6;0;0;1;0;0;0;0;0
11;5;5200629;2018;8;8;5;3;5;3;0;0;1;0;0;0;0;0
11;4;4400833;2018;8;14;2;2;5;2;0;0;1;0;1;0;0;1
11;1;1200517;2018;8;8;4;3;3;6;0;0;0;0;1;0;1;0
11;2;2100105;2018;8;8;5;3;0;7;0;1;0;0;0;0;1;1
11;5;5300737;2018;8;8;5;3;5;2;0;0;1;0;0;0;0;0
11;7;7100102;2018;8;14;2;3;5;3;0;1;1;0;0;0;0;0
11;4;4300620;2018;8;8;5;3;5;2;0;1;1;0;0;0;0;0
11;4;4400830;2018;8;7;5;3;0;3;0;1;1;0;0;0;0;0
11;4;4200308;2018;8;13;2;3;2;6;0;0;1;0;0;0;0;0
11;10;10100312;2018;8;7;5;3;5;3;0;1;1;0;0;0;0;0
11;4;4501045;2018;8;12;2;3;2;6;0;0;1;0;1;0;0;0
11;9;9100409;2018;8;7;5;3;5;2;0;0;1;0;1;0;0;0
11;1;1100308;2018;8;6;5;3;0;7;0;1;0;0;0;0;0;0
11;2;2400521;2018;8;12;2;3;5;2;0;1;1;0;0;0;0;0
11;4;4100101;2018;8;22;4;3;5;3;2;0;1;0;0;0;0;0
11;2;2500830;2018;8;5;5;2;3;2;0;1;0;0;0;1;0;0
11;12;12200310;2018;8;12;2;3;5;3;0;0;1;0;0;0;0;0
11;4;4400728;2018;8;14;4;3;5;2;0;0;1;0;0;0;0;0
11;1;1100310;2018;8;5;5;2;6;4;2;0;0;1;1;0;0;0
11;5;5300735;2018;8;10;5;3;5;2;0;1;1;0;0;0;0;0
11;8;8200624;2018;8;7;2;3;5;2;0;1;1;0;0;0;0;0
11;12;12400618;2018;8;5;4;3;5;7;1;1;1;0;0;0;0;0
11;7;7200412;2018;8;7;2;3;5;7;0;1;1;0;0;0;0;0
11;10;10300733;2018;8;11;2;2;6;2;0;0;0;1;0;0;1;0
11;12;12100204;2018;8;7;4;3;5;2;0;0;1;0;0;0;0;0
11;3;3200309;2018;9;16;2;2;5;3;0;0;1;0;1;0;0;0
11;5;5300840;2018;8;6;5;3;3;6;1;0;1;0;0;0;0;0
11;1;1100415;2018;9;23;2;3;0;1;2;1;0;0;0;0;0;0
11;4;4500937;2018;9;17;2;3;5;2;0;0;1;0;1;0;0;0
11;7;7200307;2018;8;7;5;2;5;5;0;1;1;0;0;0;0;1
11;6;6200311;2018;8;15;5;3;5;3;0;0;1;0;0;0;1;1
11;4;4100101;2018;9;13;2;3;5;3;0;0;1;0;0;0;0;0
11;3;3300517;2018;8;9;5;2;4;1;0;0;1;0;0;0;0;1
11;7;7501134;2018;9;16;2;3;1;5;0;0;1;0;0;0;0;0
11;6;6300528;2018;8;13;5;3;2;6;0;0;1;0;0;1;0;1
11;8;8100520;2018;9;14;2;3;8;1;0;0;0;0;1;0;0;0
11;6;6400737;2018;9;15;2;3;8;1;0;0;1;0;0;0;0;0
11;11;11501238;2018;8;11;5;3;5;2;0;0;1;0;0;0;0;1
11;6;6400735;2018;8;12;5;3;5;2;0;0;1;0;0;0;0;1
11;5;5100315;2018;8;11;5;2;2;6;0;0;1;0;0;0;0;1
11;7;7400824;2018;9;13;2;3;5;3;0;1;0;0;0;0;0;0
11;6;6100210;2018;9;13;2;3;5;3;0;1;1;0;0;0;0;0
11;4;4100101;2018;8;10;5;3;5;3;0;0;1;0;0;0;0;0
11;3;3300411;2018;8;8;5;2;5;5;0;0;1;0;0;0;0;0
11;5;5200528;2018;9;13;2;2;1;5;0;1;1;0;0;0;0;0
11;12;12601236;2018;8;9;5;3;9;1;0;0;1;0;0;0;0;1
11;8;8100520;2018;8;10;1;3;0;4;0;1;0;1;0;0;0;0
11;4;4300619;2018;9;13;2;3;2;6;0;0;1;0;1;0;0;0
11;4;4501042;2018;8;23;5;3;5;2;2;0;1;0;1;0;0;1
11;6;6300634;2018;9;12;2;3;6;4;0;0;1;1;0;0;0;0
11;2;2300314;2018;9;12;2;3;0;2;0;1;1;0;0;0;0;0
11;2;2500833;2018;8;21;5;3;1;1;2;1;1;0;0;0;0;1
11;9;9501838;2018;8;21;5;3;5;3;2;0;1;0;0;0;0;1
11;4;4300620;2018;9;11;2;3;2;7;0;0;1;0;1;0;0;0
11;2;2200210;2018;8;20;5;3;0;3;2;0;1;0;0;0;1;1
11;3;3400619;2018;8;19;5;3;2;6;1;1;1;0;0;0;0;0
11;5;5200420;2018;9;10;2;3;5;3;0;0;1;0;0;0;0;0
11;2;2400625;2018;9;10;2;3;5;2;0;1;0;0;0;1;0;0
11;4;4300620;2018;8;19;5;3;5;2;2;1;1;0;0;0;0;1
11;8;8401244;2018;9;10;2;2;5;2;0;1;1;0;0;0;0;0
11;1;1200522;2018;9;9;2;3;5;3;0;1;1;0;0;0;0;0
11;11;11501341;2018;9;5;2;3;3;6;2;1;1;0;0;0;0;0
11;1;1100311;2018;8;18;5;3;2;6;0;0;1;0;1;0;0;1
11;2;2100102;2018;9;8;2;3;1;5;0;1;1;0;0;0;0;0
11;8;8200727;2018;9;9;2;3;5;7;0;0;1;0;0;0;0;0
11;5;5100104;2018;8;18;5;3;6;4;0;0;1;1;0;0;0;1
11;10;10100316;2018;8;18;5;3;2;1;0;0;1;0;0;0;0;1
11;2;2100101;2018;9;8;2;2;3;6;0;1;0;0;0;0;0;0
11;2;2300315;2018;8;18;5;3;2;6;1;0;1;0;1;0;0;1
11;4;4501041;2018;9;8;2;3;0;3;0;1;0;0;1;0;0;0
11;5;5300737;2018;9;8;2;2;5;2;0;0;1;0;1;0;0;0
11;1;3701556;2018;8;17;5;3;0;3;0;1;1;0;0;0;0;1
11;6;6300633;2018;9;8;2;3;5;2;0;1;0;0;0;1;0;0
11;3;3601142;2018;9;7;2;2;3;6;0;1;0;0;0;0;0;0
11;3;3100103;2018;8;17;5;2;0;3;0;0;1;0;1;0;0;1
11;1;1100207;2018;8;16;5;3;5;3;0;0;1;0;0;0;0;0
11;9;9200510;2018;9;7;2;3;3;2;0;1;1;0;0;0;0;0
11;1;1200628;2018;8;20;5;2;0;1;2;1;0;0;0;0;0;0
11;2;2100104;2018;8;18;5;3;0;1;0;0;0;0;1;0;0;1
11;5;5200528;2018;8;17;5;3;0;1;0;0;0;0;1;0;0;1
11;10;10100311;2018;9;8;2;3;0;4;0;0;0;1;1;0;0;0
11;12;12500930;2018;8;11;5;3;5;2;0;0;1;0;0;0;1;1
11;1;1100416;2018;8;6;5;3;5;7;0;1;0;0;0;0;1;0
11;5;5100316;2018;9;7;2;3;5;7;0;0;1;0;1;0;0;0
11;1;1300834;2018;8;12;1;3;2;6;0;1;0;0;0;0;0;0
11;2;2100106;2018;9;7;2;3;5;2;0;0;1;0;0;0;0;0
11;6;6100209;2018;8;13;4;3;0;3;0;0;1;0;0;0;1;0
11;8;8200622;2018;9;7;2;3;5;3;0;1;1;0;0;0;0;0
11;12;12100103;2018;9;7;2;3;2;6;0;1;1;0;0;0;0;0
11;1;1401048;2018;8;18;4;2;3;6;0;0;1;0;1;0;0;0
11;10;10200421;2018;8;19;4;3;5;2;1;0;1;0;1;0;0;0
11;5;5200528;2018;9;7;2;3;5;2;0;1;1;0;0;0;0;0
11;2;2300417;2018;8;22;4;3;5;3;2;1;1;0;0;0;0;0
11;5;5100209;2018;8;13;1;3;5;3;0;1;1;0;0;0;0;0
11;3;3601450;2018;9;7;2;3;0;1;0;1;0;0;0;0;0;0
11;6;6100209;2018;8;20;4;3;0;7;1;0;1;0;1;0;0;0
11;3;3601450;2018;9;6;2;3;5;2;0;1;1;0;0;0;0;0
11;2;2300316;2018;9;5;2;2;6;2;2;0;1;1;0;0;0;1
11;9;9100203;2018;8;20;4;3;5;2;2;0;1;0;0;0;0;0
11;4;4300622;2018;9;6;2;3;4;1;0;0;1;0;0;0;0;1
11;12;12601031;2018;8;19;4;3;0;3;1;0;1;0;1;0;0;0
11;12;12400617;2018;9;5;2;3;5;3;0;0;1;0;1;0;0;0
11;1;1100308;2018;9;15;2;3;3;6;0;1;0;0;0;0;1;0
11;3;3501037;2018;8;17;4;3;5;2;0;0;1;0;0;0;0;0
11;1;1401048;2018;9;17;2;3;5;3;0;1;1;0;0;0;0;0
11;3;3601450;2018;8;19;4;2;6;2;0;0;0;1;0;1;0;0
11;1;1200628;2018;8;18;4;3;6;4;0;0;1;1;0;0;0;0
11;8;8100103;2018;9;20;2;2;6;4;2;0;0;1;1;0;0;0
11;9;9100409;2018;8;16;4;3;0;1;0;1;0;0;0;0;0;0
11;1;1300732;2018;9;18;1;3;2;6;0;0;1;0;0;0;0;0
11;3;3300411;2018;8;16;4;3;2;2;0;0;1;0;0;0;0;0
11;2;2100106;2018;9;19;1;3;5;3;0;1;0;0;0;0;0;0
11;3;3601245;2018;9;20;1;3;5;2;2;1;0;0;0;0;1;0
11;7;7100102;2018;8;15;4;3;1;5;0;1;1;0;0;0;0;0
11;6;6200311;2018;8;15;4;3;5;3;0;0;1;0;0;0;1;0
11;1;1100308;2018;9;20;1;3;6;4;2;1;0;1;0;0;0;0
11;11;11501339;2018;8;15;4;3;5;3;0;0;1;0;0;0;0;0
11;6;6200422;2018;8;14;4;3;5;3;0;0;1;0;0;0;0;0
11;4;4300619;2018;8;14;4;3;5;2;0;1;1;0;0;0;0;0
11;4;4300623;2018;9;18;1;3;5;7;0;0;0;0;1;0;1;0
11;1;1100311;2018;9;5;1;3;5;2;2;0;1;0;0;0;0;0
11;8;8200832;2018;8;14;4;3;1;6;0;0;1;0;1;0;0;0
11;9;9300923;2018;9;10;1;3;5;3;0;0;1;0;1;0;0;0
11;5;5300736;2018;9;14;1;3;2;6;0;0;1;0;0;0;0;0
11;9;9501941;2018;8;14;4;3;5;2;0;1;1;0;0;0;0;0
11;2;2200210;2018;8;14;4;3;6;4;0;0;1;1;0;0;0;0
11;8;8401243;2018;9;14;1;3;5;3;0;1;0;0;0;0;0;0
11;4;4500937;2018;8;14;4;3;0;2;0;0;1;0;0;0;1;0
11;2;2100105;2018;8;13;4;3;5;3;0;0;1;0;0;0;0;0
11;9;9100306;2018;9;15;1;3;5;3;0;0;0;0;1;0;1;0
11;1;1300733;2018;9;14;1;3;6;7;0;1;0;1;0;0;0;0
11;9;9100306;2018;8;12;4;3;5;3;0;1;1;0;0;0;0;0
11;4;4300624;2018;9;13;1;2;5;7;0;0;1;0;0;0;0;1
11;3;3601450;2018;8;12;4;3;5;3;0;1;1;0;0;0;0;0
11;1;1401044;2018;9;3;1;3;0;7;2;1;0;0;0;0;0;0
11;3;3400721;2018;9;4;1;2;0;1;2;1;0;0;0;0;0;0
11;1;1401045;2018;8;12;4;3;0;6;0;1;1;0;0;0;0;0
11;2;2500726;2018;9;12;7;3;5;3;0;1;1;0;0;0;0;0
11;3;3400721;2018;9;11;7;3;2;7;0;0;1;0;1;0;0;0
11;12;12200414;2018;8;11;4;3;2;6;0;0;1;0;0;0;0;0
11;6;6200422;2018;8;10;4;3;1;5;0;1;1;0;0;0;1;0
11;1;1401043;2018;9;23;7;3;4;6;2;1;1;0;0;0;0;0
11;6;6300524;2018;8;10;4;2;1;5;0;1;0;0;0;1;0;0
11;7;7601442;2018;8;9;4;2;6;4;0;0;1;1;0;0;0;0
11;3;3601140;2018;9;13;7;3;2;6;0;1;0;0;0;0;0;0
11;5;5100316;2018;8;17;1;3;5;2;0;0;1;0;0;0;1;0
11;2;2200213;2018;9;15;7;3;6;4;0;1;0;1;0;0;0;0
11;1;1200629;2018;8;9;4;3;5;3;0;1;1;0;0;0;0;0
11;1;1200521;2018;9;18;7;3;4;5;0;0;1;0;1;0;0;0
11;4;4300517;2018;8;9;4;3;6;4;0;1;0;1;0;0;0;0
11;3;3701659;2018;8;8;4;3;0;1;0;0;0;0;1;0;0;0
11;2;2400520;2018;9;19;7;3;0;6;1;1;1;0;0;0;0;0
11;11;11100308;2018;8;8;4;3;0;3;0;0;1;0;0;0;1;0
11;1;1200522;2018;8;8;4;3;5;2;0;0;1;0;1;0;0;0
11;1;1200520;2018;9;17;7;2;3;6;0;0;1;0;1;0;0;0
11;11;11400931;2018;8;7;4;2;6;4;0;0;1;1;0;0;0;0
11;2;2100105;2018;9;18;7;2;1;5;0;1;1;0;0;0;0;0
11;3;3300514;2018;8;7;4;3;5;2;0;1;1;0;0;0;0;0
11;8;8100311;2018;9;12;7;3;3;3;0;0;1;0;0;0;0;0
11;7;7200409;2018;9;15;7;3;1;5;0;1;1;0;0;0;0;0
11;1;1100207;2018;8;6;4;3;5;2;0;0;1;0;1;0;0;0
11;4;4300619;2018;8;6;4;3;5;2;0;1;1;0;0;0;0;0
11;9;9501940;2018;8;2;4;2;9;7;2;0;1;0;0;0;0;0
11;11;11501339;2018;9;16;7;3;6;4;0;1;1;1;0;0;0;0
11;4;4300517;2018;9;14;7;3;5;2;0;0;1;0;0;0;0;0
11;2;2100104;2018;8;8;4;3;1;5;0;1;1;0;0;0;0;0
11;9;9200512;2018;9;18;7;3;3;6;0;0;1;0;0;0;1;0
11;4;4501043;2018;9;10;7;3;5;3;0;0;1;0;1;0;0;0
11;10;10300734;2018;8;15;3;3;0;3;0;1;0;0;0;0;1;0
11;8;8401243;2018;9;13;7;2;0;1;0;1;0;0;0;0;0;0
11;1;1100312;2018;8;15;3;3;0;6;0;1;0;0;0;0;0;0
11;2;2100104;2018;9;14;7;2;0;1;0;0;0;0;1;0;0;0
11;4;4300620;2018;9;9;7;3;7;7;0;0;0;0;0;0;1;0
11;4;4501146;2018;8;17;3;3;1;7;0;1;1;0;0;0;0;0
11;4;4100102;2018;8;16;3;3;0;4;0;0;0;1;1;0;0;0
11;12;12200413;2018;9;20;7;3;1;5;2;1;1;0;1;0;0;0
11;1;1100102;2018;8;15;3;3;2;6;0;1;0;0;0;0;0;0
11;4;7300515;2018;8;15;3;3;6;7;0;0;1;1;0;0;0;0
11;6;6400843;2018;9;8;7;3;1;5;0;1;1;0;0;0;0;0
11;3;3400721;2018;9;6;7;3;1;6;0;0;1;0;0;0;0;0
11;12;12200310;2018;8;14;3;3;5;2;0;0;1;0;0;0;0;0
11;9;9200717;2018;9;20;7;3;5;3;2;0;1;0;0;0;0;0
11;7;7100102;2018;9;20;7;3;5;2;2;1;1;0;0;0;0;0
11;8;8200727;2018;8;14;3;3;2;6;0;0;1;0;1;0;0;0
11;2;2100104;2018;8;13;3;3;5;7;0;0;1;0;1;0;0;0
11;2;2400623;2018;9;4;7;3;5;3;2;1;1;0;0;0;0;0
11;1;1100415;2018;9;2;7;2;0;1;2;1;0;0;0;0;0;0
11;4;4501147;2018;8;11;3;3;3;6;0;1;0;0;0;0;1;0
11;6;6400844;2018;8;9;3;3;1;5;0;1;1;0;0;0;0;0
11;8;8100415;2018;9;18;7;2;5;2;0;0;1;0;1;0;0;0
11;7;7100206;2018;8;9;3;3;5;3;0;1;1;0;0;0;0;0
11;1;1200517;2018;8;9;3;3;5;3;0;1;1;0;0;0;0;0
11;10;10100206;2018;9;21;7;2;0;1;2;0;0;0;1;0;0;0
11;12;12200310;2018;8;8;6;3;6;7;0;1;0;1;0;0;0;0
11;2;2500833;2018;8;7;3;3;0;2;0;1;1;0;0;0;0;0
11;9;9200715;2018;8;16;6;3;5;2;0;0;1;0;0;0;0;0
11;5;5100210;2018;8;19;6;3;2;7;0;0;1;0;0;0;0;0
11;9;9200717;2018;8;7;3;3;6;2;0;0;1;1;0;0;0;0
11;3;3100101;2018;8;7;3;3;2;6;0;0;1;0;0;0;0;0
11;7;7100101;2018;8;12;6;3;6;2;0;0;1;1;0;0;0;0
11;8;8100417;2018;8;15;3;2;6;4;0;0;1;1;0;0;0;0
11;5;5100316;2018;8;15;3;2;0;7;0;1;0;0;0;0;0;0
11;1;1400942;2018;8;17;6;3;5;2;0;1;1;0;0;0;0;0
11;6;6100101;2018;8;15;3;3;0;1;0;0;0;0;1;0;0;0
11;7;7200409;2018;8;14;3;3;3;3;0;1;1;0;0;0;0;0
11;5;5200528;2018;8;17;6;3;5;3;0;1;1;0;0;0;0;0
11;8;8200832;2018;8;17;6;3;5;2;0;0;1;0;1;0;0;0
11;10;10100314;2018;8;12;3;3;0;7;0;1;0;0;0;0;0;0
11;1;1300733;2018;8;17;6;3;6;4;0;0;1;1;0;0;0;0
11;2;2400521;2018;8;15;6;3;6;4;0;0;1;1;0;0;0;0
11;6;6300632;2018;8;11;3;3;0;7;0;0;0;0;1;0;1;0
11;1;1100309;2018;8;21;3;3;6;4;2;1;0;1;0;0;0;0
11;4;4501043;2018;8;15;6;3;5;3;0;1;1;0;0;0;0;0
11;2;2200209;2018;8;18;3;3;1;5;0;1;1;0;0;0;0;0
11;3;3500934;2018;8;14;6;3;6;2;0;0;1;1;0;0;0;0
11;7;7300516;2018;8;18;3;3;0;3;0;1;1;0;0;0;0;0
11;7;7601236;2018;8;15;6;3;5;3;0;0;1;0;0;0;0;0
11;2;2400623;2018;8;14;6;3;6;3;0;0;1;1;0;0;0;0
11;2;2500833;2018;8;17;3;2;3;6;0;0;0;0;1;0;1;0
11;12;12601236;2018;8;17;3;2;5;2;0;1;1;0;0;0;0;0
11;12;12200307;2018;8;14;6;3;5;2;0;1;1;0;0;0;0;0
11;11;11501339;2018;8;22;3;2;2;6;2;1;0;0;0;0;1;0
11;4;4100101;2018;8;13;6;3;5;3;0;0;1;0;0;0;0;0
11;8;8100419;2018;8;16;3;3;5;3;0;0;1;0;0;0;1;0
11;8;8200832;2018;8;7;3;1;5;2;0;0;0;0;1;1;0;0
11;1;1100309;2018;8;13;6;3;5;7;0;1;1;0;0;0;0;0
11;9;9200717;2018;8;10;2;3;1;5;0;1;1;0;0;0;0;0
11;9;9200717;2018;8;15;6;3;2;6;0;0;1;0;0;0;0;0
11;1;1200628;2018;8;15;2;3;0;2;0;0;1;0;1;0;0;0
11;8;8300934;2018;8;17;6;3;2;6;0;0;1;0;0;0;0;0
11;9;9401534;2018;8;16;6;3;2;6;0;0;1;0;0;0;0;0
11;11;11501341;2018;8;16;2;3;2;6;0;0;1;0;0;0;0;0
11;1;1100207;2018;8;22;2;3;6;4;2;1;0;1;0;0;0;0
11;5;5100316;2018;8;13;6;2;2;2;0;1;1;0;0;0;0;0
11;1;1100310;2018;8;20;2;3;2;6;1;0;1;0;1;0;0;0
11;8;8100105;2018;8;18;2;3;6;4;0;0;1;1;0;0;0;0
11;3;3100103;2018;8;14;6;3;5;3;0;0;1;0;0;0;1;0
11;1;1100308;2018;8;19;6;3;9;1;1;0;1;0;0;0;0;0
11;1;1100308;2018;8;18;2;3;3;6;0;1;0;0;1;0;0;0
11;3;3601348;2018;8;13;6;3;5;3;0;1;0;0;0;0;0;0
11;1;1100309;2018;9;17;2;3;2;7;0;1;0;0;0;0;1;0
11;4;4200311;2018;8;22;6;2;3;6;2;0;1;0;1;0;0;0
11;2;2200213;2018;8;18;2;3;2;6;0;0;1;0;1;0;0;0
11;11;11300725;2018;8;21;6;3;0;6;2;1;0;0;0;0;1;0
11;1;1401049;2018;8;21;6;3;1;7;2;0;1;0;0;0;0;0
11;8;8200623;2018;8;18;2;3;5;3;0;1;1;0;0;0;0;0
11;9;9200510;2018;8;17;2;3;2;2;0;0;1;0;0;0;0;0
11;1;1100416;2018;8;21;6;3;2;2;2;1;1;0;0;0;0;0
11;4;4501153;2018;8;17;2;3;5;2;0;1;0;0;0;0;0;0
11;7;7100206;2018;9;16;2;3;6;4;0;1;0;1;0;0;0;0
11;8;8100419;2018;8;17;2;3;5;2;0;0;1;0;1;0;0;0
11;5;5100315;2018;8;20;6;3;0;6;2;0;0;0;1;0;0;0
11;8;8401244;2018;8;19;6;3;5;3;0;1;0;0;0;0;1;0
11;8;8200727;2018;8;17;2;3;5;2;0;1;1;0;0;0;0;0
11;2;2100106;2018;8;18;6;2;5;3;0;1;0;0;1;0;0;0
11;10;10400939;2018;8;18;6;3;5;3;0;1;1;0;0;0;0;0
11;2;2300315;2018;8;15;2;3;2;6;0;1;1;0;0;0;0;0
11;2;2500831;2018;8;18;2;3;0;1;0;0;0;0;1;0;0;0
11;8;8100312;2018;8;17;6;3;2;6;0;0;1;0;0;0;1;0
11;3;3601450;2018;8;10;6;3;5;2;0;1;0;0;0;0;1;0
11;12;12601133;2018;8;18;2;3;5;3;1;0;1;0;0;0;0;0
11;11;11501238;2018;8;19;2;2;8;1;1;0;0;0;1;0;0;0
11;7;7601545;2018;8;10;6;3;1;5;0;1;1;0;0;0;0;0
11;1;1100311;2018;8;15;2;3;0;6;0;0;1;0;0;0;0;0
11;8;8200832;2018;9;17;2;3;2;2;0;1;1;0;0;0;0;0
11;2;2100101;2018;8;17;2;3;5;3;0;1;1;0;0;0;0;0
11;4;4500938;2018;8;10;6;3;0;6;0;0;1;0;0;0;1;0
11;1;1300730;2018;8;14;1;3;2;6;0;1;1;0;0;0;0;0
11;9;9100305;2018;8;9;6;3;2;6;0;0;1;0;0;0;0;0
11;3;3400725;2018;8;17;2;2;5;7;0;0;1;0;1;0;0;0
11;7;7200308;2018;8;9;6;3;2;6;0;0;1;0;0;0;0;0
11;1;1401046;2018;8;7;2;3;5;3;0;0;1;0;0;0;0;0
11;12;12200411;2018;9;15;2;3;5;2;0;0;1;0;1;0;0;0
11;11;11300722;2018;8;7;2;3;6;4;0;0;1;1;0;0;0;0
11;2;2300419;2018;8;9;6;2;6;4;0;1;0;1;0;0;0;0
11;8;8100314;2018;8;8;2;3;5;2;0;1;1;0;0;0;0;0
11;5;5200527;2018;9;13;2;2;5;3;0;1;1;0;0;0;0;0
11;1;1400942;2018;8;9;6;3;3;6;0;1;1;0;0;0;0;0
11;1;1100102;2018;8;2;2;2;6;4;2;0;1;1;0;0;0;0
11;5;5200629;2018;8;8;2;3;5;3;0;0;1;0;0;0;0;0
11;2;2400521;2018;8;8;6;3;3;6;0;0;1;0;0;0;0;0
11;2;2100101;2018;8;8;2;3;0;1;0;0;0;0;1;0;0;0
11;12;12500824;2018;8;8;6;2;5;2;0;0;1;0;1;0;0;0
11;3;3601142;2018;8;9;2;3;2;2;0;1;1;0;0;0;0;0
11;4;4300624;2018;8;7;6;3;5;7;0;0;1;0;1;0;0;0
11;11;11400929;2018;8;7;6;3;5;3;0;1;0;0;0;0;0;0
11;1;1100415;2018;8;11;2;3;3;6;0;0;1;0;1;0;0;0
11;2;2100106;2018;8;11;2;3;0;6;0;1;0;0;0;0;0;0
11;8;8100311;2018;8;12;2;3;5;2;0;1;1;0;0;0;0;0
11;9;9200819;2018;8;7;6;3;5;3;0;0;1;0;1;0;0;0
11;6;6400844;2018;8;13;2;3;6;4;0;0;1;1;0;0;0;0
11;10;10100205;2018;8;6;6;3;0;6;1;0;0;0;1;0;1;0
11;4;4300416;2018;8;9;2;3;5;2;0;0;1;0;1;0;0;0
11;11;11200512;2018;8;5;6;3;5;2;1;1;1;0;0;0;0;0
11;3;3601348;2018;8;8;6;2;5;3;0;1;0;0;0;0;1;0
11;4;4200310;2018;8;18;2;3;5;2;0;0;1;0;0;0;0;0
11;7;7601545;2018;8;11;6;2;5;2;0;1;1;0;0;0;0;0
11;6;6200422;2018;8;11;6;3;0;1;0;0;0;0;1;0;0;0
11;9;9501939;2018;8;14;2;3;2;6;0;1;1;0;0;0;0;0
11;4;4300518;2018;8;8;2;3;5;2;0;1;1;0;0;0;0;0
11;4;4400728;2018;8;13;5;3;6;7;0;0;1;1;0;0;0;0
11;9;9200613;2018;8;15;2;3;5;3;0;0;1;0;1;0;0;0
11;9;9100409;2018;8;15;2;3;2;2;0;1;1;0;0;0;0;0
11;5;5100206;2018;8;9;5;3;5;5;0;0;1;0;1;0;0;1
11;4;4200308;2018;8;9;5;3;2;6;0;0;1;0;0;0;0;1
11;11;11100204;2018;8;15;2;3;6;2;0;0;1;1;0;0;0;0
11;12;12100101;2018;8;10;5;3;3;6;0;0;1;0;0;0;0;1
11;1;1100206;2018;8;10;5;3;5;2;0;1;1;0;0;0;0;1
11;1;1100309;2018;8;15;2;3;5;3;0;0;1;0;0;0;0;0
11;9;9100408;2018;8;15;2;3;5;3;0;0;1;0;1;0;0;0
11;9;9200512;2018;8;11;5;3;5;3;0;1;1;0;0;0;0;1
11;12;12500930;2018;8;16;2;3;2;6;0;0;1;0;0;0;0;0
11;1;1100205;2018;8;14;2;3;5;7;0;0;1;0;0;0;0;0
11;1;1100313;2018;8;11;5;3;5;2;0;1;0;0;0;1;0;1
11;12;12400616;2018;8;10;2;2;4;6;0;0;1;0;0;0;0;0
11;4;4400727;2018;8;11;5;3;5;2;0;0;1;0;0;0;1;1
11;3;3400723;2018;8;11;2;3;0;1;0;0;0;0;1;0;0;1
11;4;4400832;2018;8;5;2;3;0;1;1;0;0;0;1;0;0;0
11;4;4501042;2018;8;9;5;3;3;6;0;1;0;0;0;0;1;0
11;7;7300619;2018;8;12;5;3;5;7;0;1;1;0;0;0;0;1
11;9;9401432;2018;8;17;2;3;0;1;0;0;0;0;1;0;1;0
11;7;7601546;2018;8;14;5;3;5;3;0;0;1;0;0;0;0;0
11;7;7601544;2018;8;9;5;3;5;3;0;1;1;0;0;0;0;0
11;4;4300412;2018;8;14;1;3;2;6;0;0;1;0;0;0;0;0
11;1;1300836;2018;8;18;1;3;5;2;0;1;1;0;0;0;0;0