LAND;BEZ;LOR_ab_2021;UJAHR;UMONAT;USTUNDE;UWOCHENTAG;UKATEGORIE;UART;UTYP1;ULICHTVERH;IstRad;IstPKW;IstFuss;IstKrad;IstGkfz;IstSonstige;USTRZUSTAND
11;12;12500926;2018;8;9;5;3;2;6;0;0;1;0;0;0;0;1
11;2;2300417;2018;8;10;1;3;6;4;0;0;1;1;0;0;0;0
11;2;2300316;2018;8;9;5;3;5;2;0;1;1;0;0;0;0;1
11;7;7300516;2018;8;12;1;3;6;7;0;0;0;1;1;0;0;0
11;12;12200308;2018;9;17;5;2;5;2;0;1;1;0;0;0;0;0
11;8;8401241;2018;9;6;3;2;2;6;2;0;1;0;1;0;0;0
11;2;2300314;2018;9;17;5;3;1;5;0;1;1;0;0;0;0;0
11;8;8200726;2018;9;17;5;3;5;2;0;1;1;0;0;0;0;0
11;5;5300736;2018;9;5;3;3;3;6;1;0;1;0;1;0;0;0
11;6;6100207;2018;9;13;3;3;5;3;0;1;1;0;0;0;0;0
11;11;11501340;2018;9;16;5;2;2;6;0;0;1;0;0;0;0;0
11;3;3400725;2018;9;5;3;3;5;7;2;0;1;0;1;0;0;1
11;3;3200310;2018;9;15;5;3;2;6;0;0;1;0;0;0;0;0
11;1;1200517;2018;9;12;3;3;6;2;0;0;1;1;0;0;0;0
11;2;2100102;2018;9;15;5;3;3;6;0;1;0;0;0;0;1;0
11;12;12400616;2018;9;18;5;3;5;3;0;0;1;0;0;0;0;0
11;4;4500936;2018;9;11;3;3;2;6;0;0;0;0;1;0;1;0
11;3;3400829;2018;9;11;3;2;5;3;0;1;0;0;0;0;1;0
11;10;10200422;2018;9;11;3;3;5;2;0;1;1;0;0;0;0;0
11;1;1100310;2018;9;14;5;3;2;6;0;0;1;0;1;0;1;0
11;7;7100102;2018;9;14;5;3;0;4;0;0;0;1;0;0;1;0
11;12;12100101;2018;9;9;3;3;5;3;0;0;1;0;0;0;0;0
11;3;3100101;2018;9;9;3;3;5;3;0;1;1;0;0;0;0;0
11;11;11300721;2018;9;15;3;3;2;6;0;0;1;0;0;0;0;0
11;3;3500934;2018;9;14;5;3;5;3;0;0;1;0;1;0;0;0
11;2;2100102;2018;9;9;3;3;1;5;0;0;1;0;0;0;0;0
11;9;9200510;2018;9;8;3;2;5;2;0;1;1;0;0;0;0;0
11;1;1100205;2018;9;13;5;3;3;6;0;1;1;0;0;0;0;0
11;4;4500937;2018;9;9;3;3;2;6;0;0;1;0;0;0;0;0
11;9;9300922;2018;9;13;5;3;5;3;0;0;1;0;0;0;0;0
11;4;4300416;2018;9;10;5;3;6;4;0;0;1;1;0;0;0;0
11;3;3400721;2018;9;9;3;3;6;4;0;0;1;1;0;0;0;0
11;2;2400521;2018;9;13;3;3;2;6;0;0;1;0;0;0;0;0
11;11;11400927;2018;9;10;5;3;5;3;0;1;1;0;0;0;0;0
11;3;3701660;2018;9;13;3;3;5;3;0;0;1;0;1;0;0;0
11;6;6200311;2018;9;17;2;3;5;7;0;0;1;0;0;0;0;0
11;2;2300314;2018;9;9;5;3;0;2;0;1;1;0;0;0;0;0
11;1;1100310;2018;9;9;5;3;2;7;0;1;1;0;0;0;0;0
11;4;4500938;2018;9;13;2;3;0;1;0;1;1;0;0;0;0;0
11;3;3100103;2018;9;9;5;3;5;3;0;0;1;0;0;0;0;0
11;2;2200210;2018;9;8;5;3;5;2;0;1;1;0;0;0;0;0
11;7;7100204;2018;9;8;5;3;3;2;0;1;0;0;1;0;0;0
11;6;6400841;2018;9;18;2;3;2;6;0;0;1;0;0;0;0;0
11;4;4501149;2018;9;7;5;3;5;2;0;1;1;0;0;0;0;0
11;4;4501146;2018;9;7;5;3;5;3;0;1;0;0;0;0;0;0
11;2;2300316;2018;9;18;2;3;5;2;0;1;1;0;0;0;0;0
11;4;4300620;2018;9;17;2;3;5;2;0;1;1;0;0;0;0;0
11;5;5100103;2018;9;6;5;3;5;2;0;0;1;0;1;0;0;0
11;5;5400942;2018;9;17;2;3;2;6;0;0;1;0;0;0;1;0
11;4;4500936;2018;9;13;5;3;5;3;0;0;1;0;0;0;1;0
11;7;7501031;2018;9;11;5;3;3;6;0;1;0;0;0;0;0;0
11;4;4200203;2018;9;17;2;3;3;2;0;0;1;0;1;0;0;0
11;10;10100205;2018;9;13;5;3;5;3;0;1;1;0;0;0;0;0
11;1;7100101;2018;9;9;5;3;5;2;0;1;1;1;0;0;0;0
11;4;4501148;2018;9;16;2;2;5;2;0;0;1;0;1;0;0;0
11;1;1100308;2018;9;16;2;2;6;4;0;0;1;1;0;0;0;0
11;8;8100104;2018;9;13;5;3;2;2;0;1;1;0;0;0;0;0
11;3;3400619;2018;9;15;2;3;5;3;0;1;1;0;0;0;0;0
11;1;1300834;2018;9;15;2;3;2;6;0;0;1;0;1;0;0;0
11;6;6200423;2018;9;14;2;3;2;6;0;0;1;0;0;0;1;0
11;4;4500938;2018;9;9;5;2;5;2;0;0;1;0;1;0;0;0
11;10;10100315;2018;9;14;2;3;5;2;0;1;1;0;0;0;0;0
11;6;6300527;2018;9;13;2;2;5;2;0;1;1;0;0;0;0;0
11;2;2100102;2018;9;8;5;3;5;3;0;0;1;0;1;0;0;0
11;11;11501340;2018;9;8;3;3;2;6;0;0;0;0;0;1;0;0
11;8;8100521;2018;9;8;5;3;9;1;0;0;1;0;0;0;0;0
11;8;8100209;2018;9;12;2;3;3;6;0;1;0;0;0;1;0;0
11;8;8200726;2018;9;7;5;2;5;3;0;1;0;0;0;0;0;0
11;10;10200421;2018;9;13;5;3;5;3;0;1;1;0;0;0;0;0
11;5;5300736;2018;9;12;2;3;2;2;0;0;1;0;0;0;1;0
11;4;4501150;2018;9;12;2;3;3;6;0;0;0;0;1;0;1;0
11;2;2300316;2018;9;14;3;3;3;6;0;0;1;0;0;1;0;0
11;7;7400823;2018;9;12;5;3;5;2;0;0;1;0;0;0;0;0
11;8;8100102;2018;9;11;2;3;6;4;0;0;0;1;0;0;1;0
11;12;12200309;2018;9;8;3;3;5;2;0;1;0;0;0;1;0;0
11;12;12400618;2018;9;12;5;2;0;7;0;1;1;0;0;0;0;0
11;2;2100106;2018;9;14;2;3;2;6;0;0;1;0;0;0;0;0
11;5;5300839;2018;9;12;5;2;5;3;0;0;1;0;0;0;0;0
11;8;8200622;2018;9;12;5;3;3;6;0;0;1;0;1;0;0;0
11;7;7200308;2018;9;16;2;3;0;7;0;1;0;0;0;0;0;0
11;12;12500825;2018;9;15;3;3;5;2;0;1;1;0;0;0;0;0
11;5;5100211;2018;9;11;5;3;5;2;0;0;1;0;0;0;0;0
11;1;1400937;2018;9;20;2;2;6;4;2;0;1;1;0;0;0;0
11;9;8401243;2018;9;11;5;3;3;6;0;1;0;0;0;0;0;0
11;7;7400825;2018;9;11;5;3;1;3;0;0;1;0;0;0;1;0
11;9;9200510;2018;9;10;2;3;2;6;0;0;1;0;0;0;0;0
11;4;4300623;2018;9;11;5;3;2;2;0;0;1;0;0;0;0;0
11;4;4501043;2018;9;10;2;3;5;3;0;1;1;0;0;0;0;0
11;12;12500825;2018;9;10;2;3;2;6;0;0;1;0;0;0;0;0
11;3;3500934;2018;9;14;3;2;0;1;0;1;0;0;0;0;0;0
11;5;5300735;2018;9;10;5;3;2;6;0;1;0;0;0;0;1;0
11;5;5200631;2018;9;9;2;3;5;3;0;1;1;0;0;0;0;0
11;6;6400843;2018;9;7;5;3;6;7;0;1;0;1;0;0;0;0
11;2;2100102;2018;9;9;2;3;2;6;0;0;1;0;0;0;0;0
11;2;7400720;2018;9;15;5;2;3;6;0;0;0;0;0;0;1;0
11;10;10100311;2018;9;7;4;3;2;7;0;0;1;0;0;0;0;0
11;7;7400720;2018;9;9;2;3;3;6;0;1;1;0;0;0;0;0
11;4;4100101;2018;9;16;2;3;5;2;0;1;1;0;0;0;0;0
11;4;4400726;2018;9;11;4;3;2;6;0;0;1;0;0;0;0;0
11;10;10100104;2018;9;9;2;2;6;4;0;0;1;1;0;0;0;0
11;10;10100209;2018;9;22;2;3;6;2;2;0;1;1;0;0;0;0
11;1;1100415;2018;9;21;2;3;5;7;2;0;1;0;1;0;0;0
11;1;1300732;2018;9;18;4;3;0;2;0;1;1;0;0;0;0;0
11;1;1300834;2018;9;20;4;3;3;6;2;0;1;0;1;0;0;0
11;1;1100308;2018;9;21;2;3;5;2;2;1;1;0;0;0;0;0
11;6;6300527;2018;9;18;4;3;2;6;0;0;1;0;1;0;0;0
11;9;9200715;2018;9;20;4;3;5;2;1;1;1;0;0;0;0;0
11;12;12601032;2018;9;20;2;3;5;7;2;0;1;0;0;0;1;0
11;11;11200410;2018;9;19;2;3;2;6;2;0;1;0;0;0;0;0
11;4;4500936;2018;9;19;4;3;1;5;0;0;1;0;1;0;0;0
11;10;10300731;2018;9;19;2;3;2;3;1;1;1;0;0;0;0;0
11;1;1100415;2018;9;9;6;3;5;3;0;1;0;0;0;0;0;0
11;6;6400737;2018;9;16;3;3;5;2;0;1;1;0;0;0;0;0
11;4;4300517;2018;9;19;2;3;0;3;0;0;1;0;1;0;0;0
11;5;5100104;2018;9;18;4;2;0;7;0;1;0;0;0;0;0;0
11;7;7501030;2018;9;18;4;3;3;5;0;0;1;0;0;0;0;0
11;7;7601545;2018;9;19;2;3;0;4;0;0;0;1;0;0;1;0
11;12;12200309;2018;9;17;4;3;5;2;0;1;1;0;0;0;0;0
11;4;4500937;2018;9;9;2;3;3;6;0;0;0;0;0;0;1;0
11;1;1100207;2018;9;17;4;3;0;3;0;0;1;0;1;0;0;0
11;6;6200313;2018;9;17;4;3;2;6;0;0;1;0;1;0;0;0
11;1;1100102;2018;9;8;2;3;5;3;0;1;1;0;0;0;0;0
11;8;8100417;2018;9;13;4;3;2;6;0;0;1;0;0;0;1;0
11;11;11300721;2018;9;16;4;3;2;6;0;0;1;0;0;0;0;0
11;4;4300619;2018;9;8;2;3;5;2;0;0;1;0;0;0;0;0
11;9;9200512;2018;9;21;2;2;8;1;2;0;1;0;0;0;1;0
11;6;6400844;2018;9;16;4;2;3;6;0;1;1;0;0;0;0;0
11;1;1100206;2018;9;21;2;2;0;1;2;1;0;0;0;0;0;0
11;3;3400619;2018;9;8;6;3;2;7;0;0;0;0;1;0;1;1
11;2;2500833;2018;9;20;2;2;0;1;1;1;0;0;0;0;0;0
11;7;7601237;2018;9;16;4;3;5;3;0;1;1;0;0;0;0;0
11;7;7400822;2018;9;13;3;3;0;1;0;0;0;0;1;0;0;0
11;9;9100306;2018;9;16;4;3;2;6;0;0;1;0;1;0;0;0
11;9;9300920;2018;9;8;2;3;2;2;0;1;1;0;0;0;0;0
11;7;7400824;2018;9;16;4;3;5;3;0;0;1;0;1;0;0;0
11;6;6300526;2018;9;7;2;3;5;2;0;1;1;0;0;0;0;0
11;11;11300722;2018;9;14;6;3;5;2;0;1;1;0;0;0;0;0
11;1;1100101;2018;9;7;2;3;0;4;0;1;0;1;0;0;0;0
11;3;3400618;2018;9;13;4;3;5;3;0;0;1;0;0;0;1;0
11;9;9501939;2018;9;5;2;3;5;2;1;0;0;0;1;0;1;0
11;12;12100205;2018;9;9;2;3;2;6;0;0;1;0;0;0;0;0
11;6;6300528;2018;9;13;4;3;5;3;0;1;1;0;0;0;0;0
11;5;5200629;2018;9;16;2;2;6;7;0;0;1;1;0;0;0;0
11;1;1100313;2018;9;8;6;3;3;6;0;0;1;0;1;0;0;1
11;7;7100102;2018;9;10;4;2;5;2;0;1;1;0;0;0;0;0
11;3;3200207;2018;9;14;1;3;5;3;0;1;1;0;0;0;0;0
11;1;1100205;2018;9;10;4;3;5;2;0;1;1;0;0;0;0;0
11;4;4200311;2018;9;15;4;2;6;4;0;0;0;1;1;0;0;0
11;8;8200730;2018;9;15;1;3;3;6;0;0;1;0;0;0;0;0
11;5;5200423;2018;9;14;1;3;5;2;0;0;1;0;0;0;0;0
11;4;4300619;2018;9;13;6;3;2;6;0;0;1;0;1;0;0;0
11;11;11300619;2018;9;14;1;3;1;7;0;0;1;0;0;0;0;0
11;8;8300934;2018;9;14;4;3;2;6;0;0;1;0;0;0;0;0
11;1;1100308;2018;9;12;6;3;1;5;0;1;1;0;0;0;0;0
11;1;1401044;2018;9;10;4;3;1;5;0;0;1;0;0;0;0;0
11;6;6300527;2018;9;14;1;3;5;5;0;0;1;0;0;0;0;0
11;3;3400620;2018;9;15;4;3;0;3;0;1;1;0;0;0;0;0
11;8;8100417;2018;9;15;4;3;5;2;0;1;1;0;0;0;0;0
11;4;4200207;2018;9;13;1;2;5;2;0;1;1;0;0;0;0;0
11;3;3500936;2018;9;14;4;3;6;4;0;0;1;1;0;0;0;0
11;2;2500830;2018;9;13;1;3;5;3;0;0;1;0;0;0;0;0
11;1;1300732;2018;9;14;4;3;6;4;0;0;1;1;0;0;0;0
11;1;1200517;2018;9;14;4;3;5;3;0;1;1;0;0;0;0;0
11;5;5200631;2018;9;11;1;3;5;2;0;1;1;0;0;0;0;0
11;7;7400823;2018;9;10;1;3;5;2;0;0;1;0;0;0;1;0
11;8;8100206;2018;9;14;4;3;5;3;0;0;1;0;1;0;0;0
11;6;6400737;2018;9;10;1;3;5;3;0;1;0;0;0;0;0;0
11;1;1100205;2018;9;8;6;3;1;5;0;1;1;0;0;0;0;1
11;9;9200819;2018;9;21;1;2;4;2;2;0;1;0;0;0;1;0
11;4;4501043;2018;9;10;4;3;1;5;0;1;0;0;0;0;1;0
11;3;3601139;2018;9;9;4;3;1;5;0;1;1;0;0;0;0;0
11;1;1200628;2018;9;7;1;2;8;1;0;0;1;0;0;0;0;0
11;11;11300721;2018;9;9;4;3;5;3;0;1;0;0;0;0;0;0
11;2;2100104;2018;9;8;4;3;1;5;0;1;1;0;0;0;0;0
11;1;1400942;2018;9;21;1;3;0;7;2;0;1;0;1;0;0;0
11;9;9200512;2018;9;6;1;2;1;1;0;0;1;0;0;0;0;0
11;12;12400619;2018;9;8;4;3;0;1;0;1;0;0;0;0;0;0
11;7;7501031;2018;9;7;4;3;5;2;0;1;1;0;0;0;0;0
11;6;6300525;2018;9;18;1;3;5;2;0;0;1;0;1;0;0;0
11;4;4501042;2018;9;17;1;3;1;5;0;1;1;0;0;0;1;0
11;4;4200206;2018;9;5;4;3;0;2;2;1;0;0;0;0;1;0
11;2;2400623;2018;9;1;1;3;0;1;2;1;0;0;0;0;0;0
11;2;2200210;2018;9;8;6;3;5;3;0;0;1;0;1;0;0;1
11;1;1100415;2018;9;11;1;2;0;1;0;1;0;0;0;0;0;0
11;7;7400928;2018;9;0;4;2;5;3;2;0;1;0;1;0;0;0
11;2;2300315;2018;9;21;4;3;2;2;2;0;1;0;0;0;0;0
11;1;1100310;2018;9;16;1;3;2;6;0;0;1;0;1;0;0;0
11;8;8200832;2018;9;10;4;1;6;2;0;0;0;1;0;1;0;0
11;4;4501152;2018;9;17;3;3;6;4;0;1;0;1;0;0;0;0
11;7;7400825;2018;9;15;1;3;3;6;0;0;1;0;1;0;0;0
11;3;3601245;2018;9;20;1;2;5;2;2;0;1;0;1;0;0;0
11;3;3400619;2018;9;16;3;3;5;3;0;0;1;0;1;0;0;0
11;11;11501340;2018;9;17;1;2;0;1;0;1;0;0;0;0;0;0
11;8;8200725;2018;9;8;6;2;5;2;0;0;1;0;1;0;0;1
11;1;1100310;2018;9;20;7;3;6;4;1;1;0;1;0;0;0;0
11;8;8300935;2018;9;15;3;3;5;2;0;1;1;0;0;0;0;0
11;5;5300736;2018;9;13;7;3;1;1;0;0;1;0;0;0;0;0
11;10;10200524;2018;9;7;6;3;5;3;0;0;1;0;0;0;0;1
11;3;3200308;2018;9;12;7;3;6;7;0;0;1;1;0;0;0;0
11;10;10400837;2018;9;15;3;3;5;3;0;1;1;0;0;0;0;0
11;12;12200515;2018;9;15;3;3;5;2;0;1;1;0;0;0;0;0
11;8;8100419;2018;9;13;7;3;5;3;0;0;1;0;0;0;0;0
11;1;1300836;2018;9;15;3;3;6;4;0;1;0;1;0;0;0;0
11;1;1100308;2018;9;14;3;3;1;1;0;0;1;0;1;0;0;0
11;2;2300316;2018;9;12;7;3;1;5;0;1;1;0;0;0;1;0
11;4;4400835;2018;9;7;6;2;0;5;0;1;1;0;0;0;0;1
11;1;1400940;2018;9;11;7;3;5;2;0;1;1;0;0;0;0;0
11;4;4200311;2018;9;14;3;2;3;6;0;0;1;0;1;0;0;0
11;11;11100309;2018;9;11;7;3;5;2;0;1;1;0;0;0;0;0
11;7;7300619;2018;9;6;6;3;5;3;1;1;1;0;0;0;0;1
11;6;6300632;2018;9;15;3;2;5;3;0;1;0;0;0;0;0;0
11;4;4200310;2018;9;13;3;3;5;2;0;1;1;0;0;0;0;0
11;4;4200310;2018;9;11;7;3;2;6;0;0;1;0;0;0;0;0
11;4;4400727;2018;9;13;3;3;1;5;0;1;1;0;0;0;0;0
11;7;7601547;2018;9;13;3;3;2;2;0;1;1;0;0;0;0;0
11;1;1401049;2018;9;11;7;3;5;2;0;0;1;0;0;0;0;0
11;4;4300416;2018;9;11;7;2;2;3;0;1;1;0;0;0;0;0
11;2;2400522;2018;9;16;5;3;5;7;0;0;1;0;0;0;0;0
11;10;10100209;2018;9;13;3;3;2;6;0;0;1;0;0;0;0;0
11;7;7100206;2018;9;10;7;3;2;7;0;1;1;0;0;0;0;0
11;1;1401049;2018;9;12;3;3;5;2;0;1;1;0;0;0;0;0
11;4;4501153;2018;9;6;7;3;2;4;1;0;1;1;1;0;0;0
11;9;9200818;2018;9;13;5;3;2;2;0;0;1;0;0;0;0;0
11;9;9401635;2018;9;10;7;3;9;1;0;0;1;0;0;0;0;0
11;6;6300634;2018;9;12;3;3;2;6;0;0;1;0;0;0;0;0
11;9;9502043;2018;9;18;7;2;4;6;0;0;1;0;0;0;0;0
11;12;12400722;2018;9;14;5;3;9;1;0;0;1;0;0;0;0;0
11;1;1100102;2018;9;12;3;3;5;2;0;1;1;0;0;0;0;0
11;1;1300732;2018;9;18;7;3;6;4;0;0;0;1;0;0;1;0
11;7;7400927;2018;9;14;3;3;5;2;0;0;1;0;0;1;0;0
11;4;4500936;2018;9;16;3;3;3;6;0;0;1;0;1;0;0;0
11;5;5200528;2018;9;10;3;3;2;6;0;0;1;0;0;0;0;0
11;6;6100207;2018;9;18;7;3;5;2;0;0;1;0;0;0;0;0
11;1;1100103;2018;9;18;7;3;5;2;0;0;1;0;0;0;0;0
11;4;4300619;2018;9;9;3;3;6;4;0;0;0;1;1;0;0;0
11;1;1100416;2018;9;17;7;3;5;7;0;0;1;0;1;0;0;0
11;4;4501045;2018;9;16;7;3;5;2;0;1;1;0;0;0;0;0
11;7;7100101;2018;9;9;3;3;0;1;0;0;1;0;1;0;0;0
11;3;3601243;2018;9;22;3;2;5;3;2;1;1;0;0;0;0;0
11;2;2100106;2018;9;16;7;3;2;6;0;1;1;0;0;0;0;0
11;8;8200831;2018;9;21;3;3;5;3;2;1;0;0;0;0;1;0
11;8;8100209;2018;9;16;5;3;6;4;0;1;0;1;0;0;0;0
11;12;12100101;2018;9;20;3;3;5;3;1;0;1;0;1;0;0;0
11;2;2300419;2018;9;15;7;3;5;3;0;1;1;0;0;0;0;0
11;8;8100207;2018;9;19;3;3;6;7;0;0;1;1;0;0;0;0
11;5;5200632;2018;9;9;3;3;2;6;0;0;1;0;0;0;0;0
11;4;4200207;2018;9;15;7;2;0;1;0;1;0;0;0;0;0;0
11;1;1100416;2018;9;15;7;3;5;3;0;1;0;0;1;0;0;0
11;1;1100308;2018;9;19;3;3;5;2;0;1;1;0;0;0;0;0
11;8;8100417;2018;9;13;7;3;6;4;0;0;0;1;0;0;1;0
11;7;7300517;2018;9;20;5;3;6;7;2;1;0;1;0;0;0;0
11;4;4300623;2018;9;15;7;3;1;5;0;1;1;0;0;0;0;0
11;2;2200212;2018;9;0;3;3;5;2;2;1;1;0;0;0;0;0
11;11;11200410;2018;9;9;3;3;5;3;0;1;1;0;0;0;0;0
11;6;6200311;2018;9;21;7;2;0;6;2;1;1;0;0;0;0;0
11;11;11300620;2018;9;9;3;2;0;3;0;0;1;0;1;0;0;0
11;10;10200421;2018;9;18;3;2;6;4;0;0;1;1;0;0;0;0
11;10;10100104;2018;9;22;7;3;5;2;2;0;1;0;0;0;1;0
11;1;1100311;2018;9;21;7;2;2;6;2;1;1;0;0;0;0;0
11;1;1300733;2018;9;9;3;2;5;3;0;1;0;0;0;1;0;0
11;12;12500825;2018;9;9;3;2;5;2;0;1;0;0;0;0;1;0
11;6;6200421;2018;9;19;7;3;5;7;2;0;1;0;1;0;0;0
11;7;7200307;2018;9;19;7;3;2;6;0;0;1;0;1;0;0;0
11;3;3500934;2018;9;8;3;3;0;1;0;0;0;0;1;0;0;0
11;5;5100103;2018;9;13;7;3;5;3;0;1;1;0;0;0;0;0
11;11;11401136;2018;9;19;5;3;5;2;1;1;1;0;0;0;0;0
11;4;4501148;2018;9;13;7;3;0;2;0;1;1;0;0;0;0;0
11;7;2200207;2018;9;8;3;3;2;6;0;0;1;0;1;0;0;0
11;7;7400927;2018;9;6;3;3;5;7;0;0;1;0;0;0;1;0
11;11;11300618;2018;9;8;3;3;2;6;0;0;1;0;0;0;0;0
11;2;2100102;2018;9;1;7;3;5;7;2;0;1;0;0;0;1;0
11;2;2500728;2018;9;18;3;3;2;6;1;0;1;0;1;0;0;0
11;3;3701554;2018;9;20;7;1;0;7;1;1;0;0;0;1;0;0
11;6;6400844;2018;9;19;5;2;5;2;0;1;1;0;0;0;0;0
11;12;12200309;2018;9;23;6;3;2;6;2;0;1;0;0;0;0;1
11;9;9200818;2018;9;18;3;3;2;6;1;0;1;0;1;0;0;0
11;5;5100316;2018;9;20;6;3;6;7;1;0;0;1;0;1;0;0
11;3;3100103;2018;9;18;5;3;5;3;0;1;1;0;0;0;0;0
11;7;7200307;2018;9;18;3;3;5;2;1;1;1;0;0;0;0;0
11;2;2200212;2018;9;20;6;3;1;5;2;1;1;0;0;0;0;0
11;1;1100311;2018;9;22;6;3;5;2;2;0;1;0;0;0;0;0
11;6;6300525;2018;9;8;3;3;0;1;0;1;0;0;0;0;0;0
11;10;10100205;2018;9;7;6;3;0;3;0;0;0;0;1;1;0;1
11;4;4500936;2018;9;18;3;3;5;2;0;0;1;0;0;0;0;0
11;6;6100101;2018;9;19;6;2;6;7;2;0;1;1;0;0;0;0
11;9;9200715;2018;9;18;3;3;2;6;0;0;1;0;0;0;0;0
11;5;5400945;2018;9;7;3;3;4;2;0;1;1;0;0;0;0;0
11;8;8100209;2018;9;19;6;3;3;6;1;1;0;0;1;0;0;0
11;5;5200630;2018;9;19;6;3;5;2;0;1;1;0;0;0;0;0
11;2;2400521;2018;9;18;6;3;5;3;0;1;1;0;0;0;0;0
11;5;5200527;2018;9;17;3;3;5;3;0;1;1;0;0;0;0;0
11;1;1300733;2018;9;18;6;3;2;4;0;0;1;1;1;0;0;0
11;9;9301025;2018;9;7;3;3;2;6;0;0;1;0;0;0;1;0
11;3;3200205;2018;9;18;6;2;5;3;0;0;1;0;1;0;0;0
11;1;1100103;2018;9;17;3;3;3;6;0;0;1;0;1;0;0;0
11;12;12200310;2018;9;17;3;3;2;6;0;0;1;0;0;0;0;0
11;7;7100101;2018;9;18;6;3;5;2;0;0;1;0;1;0;0;0
11;8;8401243;2018;9;16;3;3;6;4;0;0;1;1;0;0;0;0
11;9;9200512;2018;9;16;3;3;2;6;0;0;1;0;0;0;0;0
11;1;1401048;2018;9;17;6;3;1;5;0;1;1;0;0;0;1;0
11;9;9200819;2018;9;15;6;3;1;5;0;1;0;0;0;0;0;0
11;1;1200522;2018;9;16;3;3;2;2;0;1;1;0;0;0;0;0
11;4;4200310;2018;9;15;6;3;0;1;0;0;0;0;1;0;0;0
11;4;4200311;2018;9;14;6;3;3;6;0;0;1;0;0;0;0;0
11;6;6300632;2018;9;0;3;3;5;3;2;0;1;0;0;0;0;0
11;8;8200726;2018;9;18;3;3;0;1;0;0;0;0;1;0;0;0
11;7;7300517;2018;9;14;6;3;2;6;0;0;1;0;0;0;0;0
11;4;4300624;2018;9;0;3;3;5;7;2;0;1;0;0;0;0;0
11;4;4501042;2018;9;23;3;3;5;3;2;0;1;0;0;0;0;0
11;1;1200628;2018;9;14;6;3;5;3;0;0;1;0;0;0;0;0
11;11;11100102;2018;9;13;6;3;6;7;0;0;0;1;0;0;1;0
11;2;2200213;2018;9;22;3;3;6;7;2;0;1;1;0;0;0;0
11;1;1100311;2018;9;1;6;3;5;3;2;1;1;0;0;0;0;0
11;12;12400722;2018;9;15;3;2;1;7;0;0;1;0;1;0;0;0
11;4;4501150;2018;9;9;6;3;5;2;0;1;0;0;0;0;1;1
11;8;8300934;2018;9;13;3;3;5;2;0;1;1;0;0;0;0;0
11;12;12100205;2018;9;9;6;3;0;1;0;0;0;1;1;0;0;1
11;12;12400722;2018;9;6;3;3;5;3;0;1;1;0;0;0;0;0
11;6;6300528;2018;9;7;6;3;2;1;0;0;1;0;0;0;1;1
11;1;1200519;2018;9;9;6;2;5;2;0;1;0;0;1;0;0;0
11;11;11401135;2018;9;19;2;3;5;3;1;1;1;0;0;0;0;0
11;4;4501043;2018;9;17;2;3;5;2;0;0;1;0;0;0;0;0
11;12;12200411;2018;9;9;6;3;2;6;0;0;1;0;0;1;0;1
11;8;8200831;2018;9;16;2;3;5;2;0;0;1;0;0;0;1;0
11;7;7400825;2018;9;17;2;3;0;2;0;0;1;1;0;0;0;0
11;4;4300622;2018;9;9;6;3;2;6;0;0;1;0;0;0;0;1
11;4;4200310;2018;9;9;6;3;2;7;0;0;1;0;1;0;0;1
11;3;3300516;2018;9;17;2;3;2;6;0;0;1;0;0;0;0;0
11;11;11300619;2018;9;9;6;3;2;6;0;1;1;0;0;0;0;1
11;8;8100209;2018;9;17;2;3;5;2;0;1;1;0;0;0;0;0
11;4;4501153;2018;9;20;4;3;5;7;2;1;1;0;0;0;0;0
11;6;6100205;2018;9;0;7;3;2;2;2;0;1;0;0;0;0;0
11;11;11300722;2018;9;13;4;2;0;1;0;0;0;0;1;0;0;0
11;5;5200632;2018;9;10;6;2;9;1;0;0;0;0;0;0;1;0
11;12;12100205;2018;9;19;4;3;5;2;2;1;1;0;0;0;0;0
11;7;7400721;2018;9;23;7;3;5;3;2;0;1;0;0;0;0;1
11;1;1100102;2018;9;20;7;3;6;4;2;0;0;1;1;0;0;0
11;3;3400721;2018;9;19;4;3;0;3;1;1;1;0;0;0;0;0
11;1;1401044;2018;9;19;7;2;5;2;1;0;1;0;0;0;1;0
11;3;3601243;2018;9;17;4;3;1;5;0;1;1;0;0;0;0;0
11;2;2400625;2018;9;19;7;3;2;6;0;1;1;0;0;0;0;0
11;2;2400623;2018;9;17;4;3;3;2;0;1;1;0;0;0;0;0
11;1;1200517;2018;9;13;4;3;2;6;0;0;1;0;1;0;0;0
11;4;4400727;2018;9;17;7;3;5;2;0;1;1;0;0;0;0;0
11;1;1100206;2018;9;20;5;2;0;1;2;1;0;0;0;0;0;0
11;7;7400720;2018;9;15;7;3;2;2;0;0;1;0;0;0;1;0
11;3;3400829;2018;9;13;7;3;5;3;0;1;1;0;0;0;0;0
11;3;3500934;2018;9;11;4;3;5;2;0;1;1;0;0;0;0;0
11;3;11200512;2018;9;18;5;3;2;7;1;0;1;0;0;0;0;0
11;7;7400823;2018;9;11;4;3;5;2;0;1;0;0;0;0;1;0
11;1;1401045;2018;9;11;7;3;6;4;0;0;1;1;0;0;0;0
11;12;12100205;2018;9;23;7;2;8;1;2;0;0;0;1;0;0;0
11;2;2400625;2018;9;16;5;3;5;3;0;1;1;0;0;0;0;0
11;6;6300525;2018;9;11;4;3;1;5;0;1;0;0;0;0;1;0
11;1;1100416;2018;9;19;6;3;6;4;1;1;0;1;0;0;0;0
11;4;4501153;2018;9;15;5;3;6;4;0;1;0;1;0;0;0;0
11;2;2400522;2018;9;10;4;3;5;3;0;1;1;0;0;0;0;0
11;12;12200412;2018;9;23;6;3;5;2;2;0;1;0;1;0;0;0