LAND;BEZ;LOR_ab_2021;UJAHR;UMONAT;USTUNDE;UWOCHENTAG;UKATEGORIE;UART;UTYP1;ULICHTVERH;IstRad;IstPKW;IstFuss;IstKrad;IstGkfz;IstSonstige;USTRZUSTAND
11;11;11100308;2018;9;7;1;3;1;5;0;0;1;0;0;1;0;0
11;11;11300721;2018;10;9;6;2;5;3;0;0;1;0;1;0;0;0
11;6;6300527;2018;10;16;3;2;1;5;0;0;1;0;0;0;0;0
11;7;7100103;2018;9;0;1;3;0;1;2;1;1;0;0;0;0;0
11;10;10400837;2018;10;15;3;3;0;2;0;1;1;0;0;0;0;0
11;1;1100308;2018;10;9;6;3;3;2;0;1;1;0;0;0;0;0
11;1;1100416;2018;10;22;3;3;5;2;2;1;1;0;0;0;0;0
11;8;8100206;2018;9;20;1;3;5;3;2;1;1;0;0;0;0;0
11;6;6100210;2018;10;11;3;2;0;7;0;0;1;0;0;0;0;0
11;1;1100206;2018;10;8;6;3;5;3;0;1;1;0;0;0;0;0
11;11;11200514;2018;9;18;1;3;5;7;0;0;1;0;1;0;0;0
11;8;8300934;2018;10;12;6;3;0;6;0;0;1;0;0;0;1;0
11;11;11100204;2018;10;20;3;2;6;4;2;0;1;1;0;0;0;0
11;9;9401329;2018;9;18;1;3;5;2;0;1;1;0;0;0;0;0
11;3;3400828;2018;10;16;5;3;6;7;0;0;1;1;0;0;0;0
11;7;7601544;2018;10;7;2;3;3;6;0;1;1;0;0;0;1;0
11;10;10200629;2018;10;7;2;3;5;2;0;0;1;0;1;0;0;0
11;4;4501148;2018;10;8;5;3;5;2;0;1;1;0;0;0;0;0
11;2;2500835;2018;10;5;2;3;2;6;2;0;1;0;1;0;0;0
11;2;2500832;2018;10;16;5;3;5;2;0;1;1;0;0;0;0;0
11;5;5100317;2018;10;4;2;2;4;6;2;0;1;0;0;1;0;0
11;10;10300734;2018;10;10;3;3;5;3;0;0;1;0;0;1;0;1
11;8;8100310;2018;10;8;5;3;5;7;0;1;1;0;0;0;0;0
11;9;9301025;2018;10;14;2;2;5;3;0;1;1;0;0;0;0;0
11;9;9401432;2018;10;6;3;3;5;3;2;1;1;0;0;0;0;0
11;3;3701554;2018;10;14;2;3;0;1;0;1;0;0;0;0;0;0
11;3;3601243;2018;10;15;5;3;5;3;0;1;1;0;0;0;0;0
11;5;5100316;2018;10;13;2;3;5;3;0;1;1;0;0;0;0;0
11;1;1100308;2018;10;12;3;3;0;1;0;1;0;0;0;0;0;1
11;5;5200423;2018;10;15;5;2;5;7;1;1;1;0;0;0;0;0
11;7;7300619;2018;10;18;2;3;7;7;2;1;0;0;0;0;0;1
11;6;6200317;2018;10;14;5;2;5;3;0;1;1;0;0;0;0;0
11;4;4501040;2018;10;13;2;3;5;3;0;1;0;0;0;0;1;1
11;10;10400835;2018;10;13;2;3;3;6;0;0;1;0;0;0;1;0
11;5;5300841;2018;10;14;5;3;6;2;0;0;1;1;0;0;0;0
11;3;3601244;2018;10;14;2;3;5;3;0;1;1;0;0;0;0;0
11;4;4501042;2018;10;12;2;3;2;6;0;0;1;0;0;0;0;1
11;11;11400929;2018;10;14;5;2;1;5;0;0;1;0;0;0;1;0
11;3;3200308;2018;10;11;2;3;6;7;0;0;1;1;0;0;0;1
11;2;2400625;2018;10;12;2;3;5;3;0;0;1;0;0;0;1;0
11;1;1100205;2018;10;11;2;3;5;2;0;1;1;0;0;0;0;1
11;12;12200412;2018;10;18;5;3;0;1;2;0;0;0;1;0;0;1
11;4;4501044;2018;10;11;2;2;5;2;0;0;1;0;1;0;0;0
11;10;10200629;2018;10;11;2;3;0;1;0;0;0;0;1;0;0;1
11;1;1100207;2018;10;11;2;3;0;6;0;0;1;0;0;0;1;0
11;1;1100416;2018;10;10;5;3;0;1;0;1;0;0;0;0;0;0
11;3;3601245;2018;10;11;2;3;5;7;0;1;1;0;0;0;0;0
11;4;4400725;2018;10;10;2;2;5;3;0;1;1;0;0;0;0;0
11;7;7501031;2018;10;20;5;3;0;1;2;0;0;0;1;0;0;1
11;5;5200629;2018;10;8;5;2;5;3;0;0;1;0;0;0;0;0
11;7;7400927;2018;10;17;2;3;5;3;1;0;1;0;0;0;1;0
11;1;1200517;2018;10;8;5;3;5;3;0;1;0;0;0;0;1;0
11;8;8100312;2018;10;11;2;3;5;3;0;1;1;0;0;0;0;0
11;10;10100311;2018;10;16;2;3;2;6;0;0;1;0;0;0;0;0
11;1;1400937;2018;10;8;5;3;1;5;0;1;1;0;0;0;0;0
11;1;1100310;2018;10;8;2;3;0;1;0;0;0;0;1;0;0;0
11;7;7601546;2018;10;11;2;3;5;3;0;0;1;0;0;0;1;0
11;3;3500936;2018;10;8;5;3;5;3;0;0;1;0;0;0;0;0
11;6;6300629;2018;10;11;2;2;5;2;0;0;1;0;1;0;0;0
11;1;1100205;2018;10;16;2;3;5;3;0;0;1;0;1;0;0;1
11;6;6400841;2018;10;10;2;3;5;2;0;1;1;0;0;0;0;0
11;2;2200211;2018;10;8;5;3;6;7;0;0;1;1;0;0;0;0
11;5;5300736;2018;10;10;2;3;2;6;0;0;1;0;0;0;0;0
11;2;2200211;2018;10;7;5;3;3;6;0;1;1;0;0;0;0;0
11;5;5100316;2018;10;9;2;3;5;3;0;1;1;0;0;0;0;0
11;1;1200627;2018;10;8;2;3;5;1;0;0;1;0;1;0;0;0
11;1;1300834;2018;10;9;2;3;5;2;0;0;1;0;0;0;0;0
11;3;3601243;2018;10;6;5;2;0;3;0;0;1;0;1;0;0;0
11;7;7300619;2018;10;9;2;3;5;3;0;1;0;0;0;0;0;0
11;4;4200308;2018;10;16;2;3;5;2;0;0;1;0;0;0;0;1
11;1;1100311;2018;10;6;5;2;5;3;2;0;1;0;1;0;0;0
11;2;2400625;2018;10;18;5;3;3;6;1;0;0;0;1;1;0;0
11;4;4100102;2018;10;16;2;3;2;6;0;0;1;0;0;0;0;1
11;3;3601140;2018;10;15;5;3;5;2;2;1;1;0;0;0;0;0
11;3;3500936;2018;10;9;2;3;4;2;0;1;1;0;0;0;0;0
11;4;4300623;2018;10;11;5;3;2;3;0;0;1;0;0;0;0;0
11;2;2200209;2018;10;15;2;3;5;3;0;1;1;0;0;0;0;1
11;1;1100311;2018;10;9;2;3;6;4;0;1;0;1;0;0;0;0
11;2;2200210;2018;10;12;4;3;5;2;0;1;1;0;0;0;0;0
11;4;4200310;2018;10;9;2;3;1;5;0;1;1;0;0;0;0;0
11;1;1100308;2018;10;8;2;3;0;3;0;1;1;0;0;0;0;0
11;4;4300622;2018;10;12;2;3;2;6;0;1;1;0;0;0;0;0
11;4;4300624;2018;10;18;4;3;1;5;1;1;1;0;0;0;0;0
11;6;6200315;2018;10;14;2;2;5;3;0;1;0;0;0;0;1;0
11;12;12200515;2018;10;15;2;3;2;6;0;0;1;0;0;0;0;1
11;8;8100521;2018;10;9;4;3;2;2;0;0;1;0;0;0;0;0
11;10;10400938;2018;10;6;2;2;2;6;1;0;1;0;0;0;0;0
11;2;2100101;2018;10;16;1;3;5;2;0;0;1;0;0;0;0;0
11;5;5300841;2018;10;15;2;2;0;6;0;0;1;0;1;0;0;1
11;6;6100207;2018;10;14;2;2;5;3;0;0;1;0;1;0;0;1
11;2;2400623;2018;10;17;4;3;5;3;0;1;0;0;1;0;0;0
11;7;7400928;2018;10;16;4;3;5;2;0;1;1;0;0;0;0;0
11;6;6100206;2018;10;14;2;3;2;6;0;0;1;0;0;0;0;1
11;1;1100416;2018;10;16;4;3;6;4;0;0;1;1;0;0;0;0
11;8;8301036;2018;10;13;1;2;5;2;0;1;1;0;0;0;0;0
11;5;5100316;2018;10;15;2;2;2;6;0;0;1;0;0;0;0;1
11;3;3601449;2018;10;18;4;3;5;3;1;1;1;0;0;0;0;0
11;4;4400834;2018;10;14;2;3;2;6;0;0;1;0;0;0;0;1
11;6;6300631;2018;10;11;1;2;1;7;0;0;1;0;1;0;0;0
11;7;7601544;2018;10;18;4;2;5;2;1;0;1;0;0;0;0;0
11;5;5100316;2018;10;11;1;2;5;2;0;1;1;0;0;0;0;0
11;7;7501031;2018;10;14;2;3;2;6;0;0;0;0;0;1;1;1
11;4;4300621;2018;10;11;1;3;1;5;0;1;1;0;0;0;0;0
11;4;4300621;2018;10;18;4;3;5;2;2;1;1;0;0;0;0;0
11;4;4500938;2018;10;11;1;2;5;2;0;0;1;0;1;0;0;0
11;9;9200818;2018;10;5;2;3;2;6;2;0;1;0;0;0;0;0
11;5;5300841;2018;10;19;4;3;1;5;2;0;1;0;0;1;0;0
11;3;3400620;2018;10;5;2;2;5;2;2;0;1;0;1;0;0;0
11;11;11100308;2018;10;9;1;3;5;3;0;1;1;0;0;0;0;0
11;11;11300722;2018;10;13;2;3;2;6;0;0;1;0;0;1;0;1
11;9;9501939;2018;10;16;4;3;0;6;0;0;0;0;1;0;0;0
11;9;9401534;2018;10;9;1;2;6;4;0;1;0;1;0;0;0;0
11;8;8200831;2018;10;14;2;2;2;6;0;0;1;0;0;0;1;1
11;11;11300724;2018;10;8;1;3;5;3;0;0;1;0;0;0;0;0
11;4;4501043;2018;10;15;4;3;6;4;0;0;1;1;0;0;0;0
11;5;5300736;2018;10;6;1;3;1;1;1;0;1;0;0;0;0;0
11;2;2400520;2018;10;17;2;2;6;4;1;0;1;1;0;0;0;0
11;9;9401329;2018;10;16;4;3;0;1;0;1;0;0;0;0;0;0
11;11;11100102;2018;10;23;1;3;4;6;2;0;0;0;0;0;1;0
11;1;1100206;2018;10;16;2;3;0;1;0;0;0;0;1;0;0;0
11;10;10200524;2018;10;20;1;3;0;6;2;0;1;0;1;0;0;0
11;4;4200309;2018;10;16;4;3;5;3;0;0;1;0;0;0;0;0
11;1;1100206;2018;10;5;1;3;5;3;2;0;1;0;0;0;0;0
11;7;7601544;2018;10;20;2;3;6;4;2;0;0;1;0;0;1;0
11;12;12500825;2018;10;15;4;3;0;1;0;1;0;0;0;0;0;1
11;12;12200310;2018;10;19;1;2;0;7;2;0;1;0;1;0;0;1
11;7;7400824;2018;10;19;2;2;5;2;2;1;0;0;0;0;1;0
11;9;9401329;2018;10;15;4;3;5;3;0;0;1;0;0;0;0;0
11;1;1100308;2018;10;19;2;3;6;2;2;0;1;1;0;0;0;0
11;3;3400619;2018;10;19;1;3;1;5;2;0;1;0;0;0;0;0
11;1;1300732;2018;10;19;2;3;5;7;2;0;1;0;0;0;0;0
11;4;4501040;2018;10;14;4;3;2;6;0;0;1;0;0;0;0;0
11;4;4501042;2018;10;18;1;3;0;7;1;1;0;0;0;0;1;1
11;1;1200517;2018;10;19;2;3;5;3;2;0;1;0;0;0;1;0
11;6;6200315;2018;10;18;1;2;6;4;1;0;1;1;0;0;0;0
11;9;9401534;2018;10;14;4;2;5;2;0;1;1;0;0;0;0;0
11;4;4400727;2018;10;15;1;3;2;2;0;0;1;0;0;0;0;0
11;6;6300633;2018;10;18;2;3;1;5;1;1;1;0;0;0;0;0
11;5;5100210;2018;10;13;4;3;2;7;0;1;1;0;0;0;0;0
11;12;12500929;2018;10;9;4;3;5;2;0;0;1;0;0;0;0;0
11;2;2400624;2018;10;17;2;3;0;1;1;1;0;0;0;0;0;1
11;7;7400826;2018;10;8;4;3;5;2;0;1;1;0;0;0;0;0
11;1;1100308;2018;10;13;1;3;0;7;0;1;1;0;0;0;0;0
11;2;2300315;2018;10;17;2;3;1;5;0;1;0;0;0;0;1;1
11;1;1100308;2018;10;8;4;3;5;7;0;0;1;0;1;0;0;0
11;4;4501150;2018;10;7;4;3;4;6;0;1;0;0;0;0;0;0
11;1;1100102;2018;10;13;4;3;5;3;0;1;0;0;0;0;0;0
11;1;1200517;2018;10;11;1;3;2;6;0;0;1;0;0;0;0;0
11;8;8100521;2018;10;7;4;3;5;3;0;0;1;0;0;0;0;0
11;1;1100416;2018;10;5;1;2;1;1;2;1;1;0;0;0;0;0
11;9;9100101;2018;10;14;7;3;1;5;0;1;1;0;0;0;0;0
11;10;10100311;2018;10;6;4;3;5;3;1;1;1;0;0;0;0;0
11;7;7400721;2018;10;20;7;3;3;6;2;0;1;0;0;0;0;0
11;5;5200528;2018;10;14;1;3;3;6;0;0;1;0;1;0;0;0
11;10;10400837;2018;10;18;7;3;5;3;2;0;1;0;0;0;1;0
11;1;1100308;2018;10;12;4;3;5;2;0;1;1;0;0;0;0;0
11;4;4501042;2018;10;18;7;3;2;7;1;0;1;0;1;0;0;0
11;3;3400831;2018;10;0;1;3;5;2;2;0;1;0;0;0;0;0
11;11;11300722;2018;10;11;4;3;1;5;0;1;1;0;0;0;0;0
11;1;1300836;2018;10;6;4;3;5;2;1;1;1;0;0;0;0;0
11;1;1100310;2018;10;21;1;2;6;4;2;0;1;1;0;0;0;0
11;6;6300634;2018;10;11;4;3;5;2;0;0;1;0;0;0;0;0
11;1;1200628;2018;10;18;7;3;6;7;1;0;1;1;0;0;0;0
11;5;5100315;2018;10;21;1;2;6;4;2;0;1;1;0;0;0;0
11;5;5100103;2018;10;11;4;3;6;4;0;0;1;1;0;0;0;0
11;1;1401043;2018;10;19;1;3;5;3;2;0;1;0;1;0;0;0
11;6;6200421;2018;10;18;7;3;2;6;2;0;1;0;1;0;0;0
11;5;5200528;2018;10;10;4;3;5;2;0;0;1;0;1;0;0;0
11;7;7100102;2018;10;17;7;2;5;2;0;1;0;0;0;0;1;0
11;10;10200627;2018;10;18;1;3;9;1;1;0;0;0;1;0;0;0
11;3;3200308;2018;10;17;7;3;5;2;0;0;1;0;1;0;0;0
11;3;3300516;2018;10;17;1;3;5;3;0;1;1;0;0;0;0;0
11;1;1100207;2018;10;16;7;3;5;2;0;0;1;0;0;0;1;0
11;4;4200308;2018;10;10;4;2;5;2;0;0;1;0;0;0;1;0
11;4;4200308;2018;10;2;7;3;2;6;2;0;1;0;0;0;0;0
11;7;7400822;2018;10;14;1;3;2;2;0;0;1;0;1;0;0;0
11;1;1401046;2018;10;16;7;2;5;2;0;1;1;0;0;0;0;0
11;6;6100101;2018;10;16;7;3;5;2;0;1;1;0;0;0;0;0
11;2;2200210;2018;10;14;1;3;2;7;0;0;1;0;1;0;0;0
11;1;1300732;2018;10;20;4;3;0;2;2;1;1;0;0;0;0;0
11;2;2300417;2018;10;13;1;3;1;5;0;1;1;0;0;0;0;0
11;4;4501042;2018;10;9;4;3;1;5;0;1;0;0;0;1;0;0
11;9;9200510;2018;10;15;7;3;5;7;0;0;1;0;1;0;0;0
11;2;2300316;2018;10;2;1;3;0;1;2;0;0;0;1;0;0;0
11;4;4100101;2018;10;9;4;3;2;6;0;0;1;0;0;0;0;0
11;1;1401043;2018;10;21;7;3;3;6;2;0;1;0;1;0;0;0
11;4;4501153;2018;10;15;7;3;2;6;0;0;1;0;0;0;0;0
11;1;1100206;2018;10;15;4;3;3;2;0;0;1;0;1;0;0;0
11;4;4300414;2018;10;15;7;3;2;6;0;1;0;0;0;0;0;0
11;9;9100409;2018;10;20;7;3;5;3;2;0;1;0;0;0;0;0
11;11;11300721;2018;10;20;4;3;3;6;2;0;1;0;0;0;0;0
11;1;1100101;2018;10;15;7;3;5;3;0;0;1;0;0;0;0;0
11;12;12601236;2018;10;13;7;3;5;2;0;1;1;0;0;0;0;0
11;2;2300419;2018;10;9;4;3;0;7;0;0;1;0;1;0;0;0
11;7;7501029;2018;10;19;7;3;5;7;2;0;1;0;0;0;0;0
11;9;9200716;2018;10;9;4;3;6;7;0;0;1;1;0;0;0;0
11;5;5200524;2018;10;15;7;3;5;3;0;0;1;0;0;0;0;0
11;6;6100102;2018;10;18;7;3;5;3;2;0;1;0;1;0;0;0
11;2;2500830;2018;10;19;4;3;1;5;2;1;1;0;0;0;0;0
11;2;2300314;2018;10;17;7;3;1;5;1;1;1;0;0;0;1;0
11;2;2500832;2018;10;15;7;3;6;7;0;0;1;1;0;0;0;0
11;8;8401242;2018;10;16;7;3;9;1;0;0;1;0;0;0;0;0
11;12;12200515;2018;10;18;3;3;5;3;1;0;1;0;0;0;0;0
11;10;10400835;2018;10;16;7;2;6;7;0;1;0;1;0;0;0;0
11;6;6100103;2018;10;15;7;3;6;7;0;0;1;1;0;0;0;0
11;2;2500835;2018;10;14;7;3;1;5;0;1;1;0;0;0;0;0
11;1;1401045;2018;10;17;3;3;0;1;2;0;0;0;1;0;0;1
11;1;1200522;2018;10;13;7;3;6;2;0;0;1;1;0;0;0;0
11;6;6400736;2018;10;13;7;3;1;1;0;1;1;0;0;0;0;0
11;4;4501152;2018;10;8;3;3;6;4;0;1;0;1;0;0;0;0
11;9;9502043;2018;10;12;7;3;5;2;0;0;1;0;0;0;0;0
11;2;2500726;2018;10;16;3;3;5;2;0;1;1;0;0;0;0;0
11;7;7400823;2018;10;11;7;3;2;6;0;0;1;0;0;0;0;0
11;7;7400822;2018;10;13;7;3;2;6;0;0;1;0;0;0;1;0
11;4;4200310;2018;10;8;3;3;5;7;0;1;1;0;0;0;0;0
11;6;6200422;2018;10;12;7;3;4;6;0;1;0;0;0;0;0;0
11;3;3300412;2018;10;12;7;3;2;2;0;0;1;0;1;0;0;0
11;5;5100317;2018;10;12;7;3;2;6;0;0;1;0;0;0;1;0
11;1;1100310;2018;10;12;7;3;5;3;0;1;0;0;0;0;0;0
11;9;9401635;2018;10;2;7;2;9;1;2;0;1;0;0;0;0;0
11;2;2200210;2018;10;19;3;3;3;5;2;0;1;0;0;0;0;0
11;10;10100311;2018;10;11;7;3;2;6;0;0;1;0;0;0;0;0
11;9;9200510;2018;10;19;7;2;0;1;2;0;0;0;1;0;0;0
11;7;7501134;2018;10;11;7;3;5;3;0;0;1;0;1;0;0;0
11;2;2200208;2018;10;17;3;3;5;2;0;1;1;0;0;0;0;0
11;2;2400521;2018;10;11;7;3;1;5;0;0;1;0;0;0;0;0
11;7;7400826;2018;10;16;6;3;2;6;0;0;1;0;0;0;0;0
11;9;9100409;2018;10;23;3;3;0;1;2;0;0;0;1;0;0;0
11;2;2500833;2018;10;22;3;3;6;4;2;1;0;1;0;0;0;0
11;1;1100309;2018;10;16;6;3;5;3;0;1;0;0;0;0;0;0
11;2;2300315;2018;10;19;3;3;1;5;2;1;1;0;0;0;0;0
11;8;8100419;2018;10;11;7;2;5;3;0;1;1;0;0;0;0;0
11;8;8100314;2018;10;15;6;3;2;2;0;0;1;0;0;0;0;0
11;7;7300517;2018;10;18;3;3;2;6;1;0;1;0;1;0;0;0
11;7;7501029;2018;10;15;6;3;2;6;0;0;1;0;0;0;0;0
11;1;1100102;2018;10;10;7;3;5;3;0;0;1;0;0;0;0;0
11;9;9200510;2018;10;18;3;3;5;3;1;1;1;0;0;0;0;0
11;9;9501838;2018;10;10;7;3;5;7;0;0;1;0;1;0;0;0
11;4;4200203;2018;10;15;6;3;5;3;0;1;1;0;0;0;0;0
11;10;10200421;2018;10;10;7;3;5;2;0;0;1;0;0;0;1;0
11;1;1100310;2018;10;17;3;3;3;6;1;0;1;0;0;0;0;0
11;3;3400725;2018;10;10;7;2;5;3;0;1;1;0;0;0;0;0
11;9;9501737;2018;10;15;6;3;3;6;0;1;0;0;0;0;0;0
11;3;3300411;2018;10;17;3;3;5;3;1;1;1;0;0;0;0;0
11;4;4501041;2018;10;17;3;3;5;3;0;0;1;0;0;0;0;0
11;8;8401242;2018;10;15;6;3;5;3;0;0;1;0;0;0;0;0
11;3;3300517;2018;10;16;3;3;5;2;0;1;1;0;0;0;0;0
11;1;1401048;2018;10;10;7;3;5;3;0;0;1;0;0;0;0;0
11;1;1200626;2018;10;16;3;3;4;6;0;1;0;0;0;0;0;0
11;3;3400619;2018;10;9;7;3;5;2;0;1;1;0;0;0;0;0
11;8;8100311;2018;10;22;6;3;0;3;2;0;1;0;0;0;1;0
11;3;3400618;2018;10;16;3;3;2;6;0;0;1;0;0;0;0;0
11;9;9100408;2018;10;15;3;3;5;2;0;1;1;0;0;0;0;0
11;5;5200526;2018;10;15;3;3;5;2;0;1;1;0;0;0;0;0
11;8;8200726;2018;10;9;7;3;5;2;0;1;1;0;0;0;0;0
11;6;6300524;2018;10;15;3;3;2;7;0;0;1;0;0;0;1;1
11;8;8100521;2018;10;20;6;3;6;2;2;0;1;1;0;0;0;0
11;11;11400929;2018;10;7;7;2;8;1;2;0;1;0;0;0;0;0
11;7;7400720;2018;10;8;3;3;5;3;0;1;1;0;0;0;0;0
11;2;2500835;2018;10;2;7;3;5;2;2;0;1;0;0;0;0;0
11;1;1100415;2018;10;20;6;3;0;6;2;1;1;0;0;0;0;0
11;1;1300731;2018;10;14;7;2;6;4;0;0;1;1;0;0;0;0
11;1;1300836;2018;10;8;3;3;2;6;0;1;1;0;0;0;0;0
11;7;7100205;2018;10;14;6;3;6;2;0;0;1;1;0;0;0;0
11;11;11100204;2018;10;18;6;3;5;3;1;1;1;0;0;0;0;0
11;2;2500832;2018;10;8;3;3;5;2;0;1;1;0;0;0;0;0
11;2;2200208;2018;10;15;6;3;5;3;0;1;1;0;0;0;0;0
11;6;6300634;2018;10;14;6;2;6;4;0;0;1;1;0;0;0;0
11;4;4501041;2018;10;17;6;3;1;5;1;1;0;0;0;0;1;0
11;1;1100207;2018;10;8;3;3;3;6;0;1;0;0;0;0;0;0
11;9;9501939;2018;10;15;6;3;6;7;0;0;0;1;0;0;1;0
11;5;5300840;2018;10;14;6;2;3;6;0;1;1;0;0;0;0;0
11;4;4300620;2018;10;14;6;3;5;2;0;0;1;0;1;0;0;0
11;1;1400937;2018;10;7;3;3;4;6;0;1;0;0;0;0;0;0
11;4;4300413;2018;10;14;6;3;6;4;0;0;1;1;0;0;0;0
11;4;4200309;2018;10;13;6;3;2;6;0;0;1;0;0;0;0;0
11;3;3601449;2018;10;7;3;2;5;2;0;1;1;0;0;0;0;0
11;4;4100101;2018;10;13;6;3;5;3;0;0;1;0;0;0;0;0
11;1;1100311;2018;10;18;6;3;5;2;1;1;1;0;0;0;0;0
11;9;9401534;2018;10;13;6;3;5;3;0;1;1;0;0;0;0;0
11;4;4400726;2018;10;16;3;3;2;6;0;0;1;0;0;0;0;0
11;4;4400834;2018;10;13;6;3;0;1;0;1;0;0;0;0;0;0
11;7;7300619;2018;10;14;6;3;0;4;0;0;0;1;0;0;1;0
11;3;3200206;2018;10;6;3;3;2;6;1;0;1;0;0;0;0;0
11;2;2400522;2018;10;18;6;3;1;5;1;1;1;0;0;0;0;0
11;4;4500939;2018;10;12;6;3;5;3;0;0;1;0;1;0;0;0
11;4;4200310;2018;10;13;6;3;2;6;0;0;1;0;1;0;0;0
11;5;5100210;2018;10;16;3;3;2;6;0;0;1;0;1;0;0;0
11;11;11501238;2018;10;12;6;3;6;7;0;0;1;1;0;0;0;0
11;7;7601340;2018;10;13;6;2;0;6;0;0;1;0;1;0;0;0
11;2;2100102;2018;10;12;6;3;2;6;0;0;0;0;1;0;1;0
11;2;2200211;2018;10;16;3;3;5;2;0;1;1;0;0;0;0;0
11;1;1400937;2018;10;11;6;3;2;6;0;0;1;0;0;0;0;0
11;4;4300416;2018;10;17;6;3;2;6;1;0;1;0;0;0;0;0
11;5;5100314;2018;10;6;3;3;5;3;2;1;0;0;0;0;1;0
11;1;1200623;2018;10;12;6;3;5;3;0;1;1;0;0;0;0;0
11;1;1200517;2018;10;6;3;3;2;6;2;0;1;0;1;0;0;0
11;11;11100309;2018;10;11;6;3;2;6;0;0;1;0;0;0;0;0
11;3;3200310;2018;10;17;6;3;2;6;0;0;1;0;0;0;0;0
11;6;6200314;2018;10;15;3;3;3;5;0;1;1;0;0;0;0;0
11;1;1100310;2018;10;11;6;3;1;5;0;1;1;0;0;0;0;0
11;3;3601346;2018;10;12;6;3;0;4;0;0;0;1;1;0;0;0
11;4;4300622;2018;10;15;3;3;5;2;0;1;0;0;0;0;1;0
11;1;1100310;2018;10;17;6;3;2;6;1;1;1;0;0;0;0;0
11;11;11200411;2018;10;10;6;2;6;4;0;0;1;1;0;0;0;0
11;1;1100416;2018;10;23;6;2;0;1;2;1;0;0;0;0;0;0
11;2;2500834;2018;10;15;3;3;5;3;0;1;1;0;0;0;0;0
11;4;4300623;2018;10;10;6;3;2;7;0;1;1;0;0;0;0;0
11;1;1100312;2018;10;7;6;3;2;6;0;0;1;0;1;0;0;0
11;11;11401137;2018;10;10;6;3;5;3;0;1;1;0;0;0;0;0
11;3;3400620;2018;10;15;3;3;1;5;0;1;1;0;0;0;0;0
11;4;4501042;2018;10;9;6;3;6;2;0;0;1;1;0;0;0;0
11;2;2200210;2018;10;8;6;3;5;3;0;0;1;0;1;0;0;1
11;3;3400725;2018;10;15;3;3;5;3;0;1;1;0;0;0;0;0
11;6;6300524;2018;10;15;3;3;5;3;0;0;1;0;1;0;0;1
11;2;2200208;2018;10;8;6;3;5;2;0;1;1;0;0;0;0;0
11;6;6100209;2018;10;14;3;3;5;3;0;1;0;0;0;0;0;0
11;7;7601544;2018;10;9;6;2;6;4;0;0;1;1;0;0;0;0
11;2;2300316;2018;10;9;6;3;6;4;0;0;0;1;0;0;1;0
11;8;8200725;2018;10;15;3;3;2;2;0;0;1;0;0;0;0;0
11;4;4500936;2018;10;10;6;2;2;6;0;0;1;0;0;0;0;0
11;2;2400625;2018;10;8;6;3;5;2;0;1;0;0;0;0;1;0
11;12;12100204;2018;10;13;3;3;5;3;0;0;1;0;1;0;0;0
11;1;1100205;2018;10;17;6;3;3;6;1;1;0;0;0;0;0;0
11;8;8401243;2018;10;13;3;2;5;3;0;0;1;0;0;1;0;0
11;3;3200207;2018;10;10;6;3;6;4;0;0;1;1;0;0;0;0
11;3;3400723;2018;10;8;6;3;5;7;0;0;1;0;1;0;0;0
11;5;5300736;2018;10;12;3;3;2;6;0;0;1;0;0;1;0;0
11;12;12601236;2018;10;7;6;3;5;2;0;0;1;0;0;0;0;0
11;6;6200317;2018;10;10;6;3;5;3;0;0;1;0;0;0;0;0
11;3;3601142;2018;10;22;6;3;5;3;2;1;1;0;0;0;0;0
11;6;6200314;2018;10;11;3;3;2;6;0;0;1;0;0;0;1;0
11;3;3500932;2018;10;22;6;3;5;3;2;0;1;0;1;0;0;0
11;1;1100416;2018;10;11;6;2;5;3;0;1;1;0;0;0;0;0
11;8;8401242;2018;10;10;3;3;5;3;0;0;0;0;1;0;1;0
11;4;4501146;2018;10;10;3;3;5;2;0;1;1;0;0;0;0;0
11;1;1401045;2018;10;11;6;3;2;6;0;0;1;0;0;0;0;0
11;8;8100209;2018;10;9;3;3;5;3;0;1;1;0;0;0;0;0
11;3;3400828;2018;10;21;6;3;5;3;2;1;1;0;0;0;0;0
11;8;8100312;2018;10;11;6;3;0;4;0;0;0;1;0;0;1;0
11;2;2100104;2018;10;9;3;3;5;2;0;1;1;0;0;0;0;0
11;2;2200211;2018;10;11;6;3;5;2;0;1;0;0;0;0;1;0
11;12;12100102;2018;10;20;6;2;2;6;2;1;1;0;0;0;0;0
11;6;6300634;2018;10;9;3;3;5;3;0;1;1;0;0;0;0;0
11;8;8100312;2018;10;20;6;3;1;5;2;1;1;0;0;0;0;0
11;1;1100206;2018;10;7;6;3;2;2;0;0;1;0;0;0;0;0
11;11;11300620;2018;10;7;6;3;5;3;0;0;1;0;0;0;0;0
11;9;9501737;2018;10;8;3;3;0;7;0;0;1;0;0;0;0;0
11;12;12100205;2018;10;7;6;2;0;2;0;1;1;0;0;0;0;0
11;1;1200517;2018;10;7;6;3;5;2;0;1;1;0;0;0;0;0
11;10;10100311;2018;10;6;6;2;6;4;1;0;0;1;0;0;1;0