LAND;BEZ;LOR_ab_2021;UJAHR;UMONAT;USTUNDE;UWOCHENTAG;UKATEGORIE;UART;UTYP1;ULICHTVERH;IstRad;IstPKW;IstFuss;IstKrad;IstGkfz;IstSonstige;USTRZUSTAND
11;1;1100313;2018;10;7;6;3;5;2;0;1;1;0;0;0;0;0
11;1;1100311;2018;10;15;6;3;5;2;0;1;1;0;0;0;0;0
11;11;11501238;2018;10;6;6;3;6;4;2;0;0;1;0;1;0;0
11;4;4501042;2018;10;9;3;3;6;7;0;0;1;1;0;0;0;0
11;12;12200515;2018;10;6;6;2;0;3;2;0;1;0;1;0;0;0
11;3;3300516;2018;10;8;3;3;5;3;0;0;1;0;1;0;0;0
11;12;12400721;2018;10;16;6;2;5;3;0;0;1;0;1;0;0;0
11;3;3500934;2018;10;6;6;3;5;3;2;0;1;0;0;0;1;0
11;2;2300315;2018;10;13;3;3;0;3;0;0;1;0;1;0;0;0
11;1;1100309;2018;10;3;6;3;0;1;2;1;0;0;0;0;0;0
11;8;8100209;2018;10;6;6;3;2;1;1;0;1;0;1;0;0;0
11;7;7601339;2018;10;8;3;3;6;2;0;0;1;1;0;0;0;0
11;4;4200309;2018;10;16;6;3;2;6;0;0;1;0;0;0;0;0
11;1;1300834;2018;10;0;6;3;5;3;2;0;1;0;0;0;0;0
11;4;4501044;2018;10;11;2;3;5;2;0;1;1;0;0;0;0;0
11;2;2300314;2018;10;17;6;3;5;3;0;1;0;0;0;0;1;0
11;12;12200310;2018;10;10;6;3;5;2;0;0;1;0;0;0;1;0
11;3;3400829;2018;10;18;2;3;5;3;0;1;1;0;0;0;0;0
11;7;7300517;2018;10;15;5;3;5;2;0;1;1;0;0;0;0;0
11;1;1400938;2018;10;17;6;3;5;2;0;0;1;0;0;0;0;0
11;1;1401048;2018;10;10;5;3;7;7;0;1;0;0;0;0;0;0
11;7;7601236;2018;10;17;2;3;5;2;0;0;1;0;1;0;0;0
11;12;12400618;2018;10;19;6;3;5;2;2;0;1;0;1;0;0;0
11;12;12100205;2018;10;7;5;1;5;7;1;0;1;0;1;0;0;0
11;4;4300414;2018;10;17;2;3;5;2;0;1;1;0;0;0;0;0
11;11;11200513;2018;10;14;5;3;5;3;0;1;1;0;0;0;0;0
11;11;11300721;2018;10;19;6;3;2;6;2;0;1;0;0;0;0;0
11;4;4300517;2018;10;14;5;3;2;6;0;0;1;0;0;0;0;0
11;3;3601245;2018;10;16;2;3;5;2;0;0;1;0;0;0;1;0
11;1;1100206;2018;10;19;6;3;6;4;2;1;0;1;0;0;0;0
11;4;4200205;2018;10;14;5;3;5;7;0;0;1;0;0;0;1;0
11;4;4200311;2018;10;19;6;3;5;2;2;1;1;0;0;0;0;0
11;4;4501146;2018;10;17;2;2;5;7;0;0;1;0;1;0;0;0
11;1;1100104;2018;10;20;6;3;1;5;2;1;1;0;0;0;0;0
11;1;1100310;2018;10;14;5;3;6;7;0;1;0;1;0;0;0;0
11;11;11200514;2018;10;17;2;3;5;3;0;1;0;0;0;0;0;0
11;10;10400837;2018;10;12;5;3;2;6;0;0;1;0;1;0;0;0
11;5;5300838;2018;10;16;2;3;5;2;0;0;1;0;1;0;0;0
11;5;5200527;2018;10;11;5;3;6;2;0;0;1;1;0;0;0;0
11;7;7501135;2018;10;18;6;3;1;7;0;0;1;0;0;0;0;0
11;3;3300516;2018;10;11;5;3;5;3;0;1;0;0;0;0;1;0
11;3;3601244;2018;10;16;2;3;5;3;0;1;1;0;0;0;0;0
11;6;6200420;2018;10;2;6;3;8;1;2;0;1;0;0;0;0;0
11;11;11300722;2018;10;11;5;3;5;3;0;0;1;1;0;0;0;0
11;2;2200210;2018;10;15;6;3;5;3;0;0;1;0;1;0;0;0
11;11;11200411;2018;10;15;2;3;5;3;0;1;1;0;0;0;0;0
11;4;4300620;2018;10;15;6;3;6;4;0;0;0;1;0;0;1;0
11;7;7501031;2018;10;10;5;3;5;7;0;0;1;0;1;0;0;0
11;8;8100418;2018;10;16;2;3;6;4;0;0;1;1;0;0;0;0
11;4;4300518;2018;10;15;2;3;1;5;0;0;1;0;1;0;0;0
11;5;5200629;2018;10;15;6;3;2;6;0;0;1;0;0;0;1;0
11;1;1100309;2018;10;15;2;3;2;2;0;0;1;0;0;0;0;0
11;12;12500930;2018;10;15;6;3;2;6;0;0;1;0;0;0;0;0
11;4;4200311;2018;10;21;5;2;5;3;2;0;1;0;0;0;0;1
11;12;12400720;2018;10;15;2;3;5;3;0;1;1;0;0;0;0;0
11;1;1100416;2018;10;15;2;3;2;6;0;0;1;0;0;0;0;0
11;1;1100207;2018;10;19;5;3;2;6;2;1;0;0;0;0;0;0
11;2;2400522;2018;10;15;2;3;5;3;0;1;1;0;0;0;0;0
11;1;1300733;2018;10;15;6;3;2;6;0;1;1;0;0;0;0;0
11;5;5300737;2018;10;9;5;3;5;2;0;1;1;0;0;0;0;0
11;2;2500834;2018;10;22;2;3;6;4;2;0;0;1;1;0;0;0
11;4;4300414;2018;10;19;5;3;0;3;2;1;1;0;0;0;0;1
11;11;11300620;2018;10;15;6;3;2;6;0;0;1;0;0;0;0;0
11;9;9100407;2018;10;21;2;2;5;7;2;0;1;0;1;0;0;0
11;1;1100103;2018;10;14;6;3;5;2;0;1;0;0;0;1;0;0
11;11;11401136;2018;10;19;5;3;0;6;1;0;1;0;1;0;0;1
11;9;9100409;2018;10;15;5;3;0;3;0;0;1;0;1;0;0;0
11;1;1100104;2018;10;16;2;3;5;3;0;1;1;0;0;0;0;0
11;3;3601141;2018;10;17;5;3;5;2;0;1;1;0;0;0;0;0
11;2;11501238;2018;10;17;5;3;5;3;1;1;1;0;0;0;0;0
11;2;2100101;2018;10;20;2;3;2;6;2;0;1;0;0;0;0;0
11;7;7400823;2018;10;18;2;3;5;3;1;0;1;0;1;0;0;0
11;4;4300623;2018;10;9;5;2;6;7;0;0;1;1;0;0;0;0
11;12;12100103;2018;10;18;2;3;5;2;1;0;1;0;0;0;1;0
11;6;6200313;2018;10;8;5;3;5;2;0;1;0;0;0;0;1;0
11;1;1100308;2018;10;17;5;3;5;2;0;1;1;0;0;0;0;0
11;7;7300517;2018;10;19;2;2;5;2;2;0;1;0;1;0;0;0
11;2;2200207;2018;10;16;5;3;1;5;0;1;1;0;0;0;0;0
11;5;5100210;2018;10;21;5;2;1;7;2;1;1;0;0;0;0;0
11;9;9200819;2018;10;16;5;3;5;2;0;1;1;0;0;0;0;0
11;2;2100106;2018;10;16;2;2;6;4;0;1;0;1;0;0;0;0
11;12;12200414;2018;10;21;5;3;3;6;2;0;1;0;0;0;1;0
11;8;8100521;2018;10;16;5;3;5;3;0;0;1;0;0;0;0;0
11;2;2200208;2018;10;17;2;2;6;4;1;0;1;1;0;0;0;0
11;7;7200307;2018;10;9;5;2;5;2;0;0;1;0;0;0;1;0
11;3;3300411;2018;10;20;5;3;5;2;2;1;1;0;0;0;0;0
11;10;10400837;2018;10;15;2;3;5;3;0;1;1;0;0;0;0;0
11;2;2100101;2018;10;19;5;3;6;4;2;0;1;1;0;0;0;0
11;11;11501341;2018;10;16;5;3;5;3;0;1;1;0;0;0;0;0
11;8;8200833;2018;10;19;5;3;4;6;2;0;1;0;0;0;1;0
11;6;6100205;2018;10;8;2;2;6;4;0;0;1;1;0;0;0;0
11;12;12200515;2018;10;19;5;3;6;7;2;0;1;1;0;0;0;0
11;6;6200312;2018;10;16;5;3;2;6;0;0;1;0;0;0;0;0
11;7;7200307;2018;10;10;2;3;5;3;0;1;1;0;0;0;0;0
11;1;1100102;2018;10;8;5;3;5;3;0;0;1;0;0;0;0;0
11;1;1400937;2018;10;18;5;3;2;6;0;0;1;0;0;0;0;0
11;1;1400938;2018;11;14;5;3;2;2;0;0;1;0;0;0;0;0
11;7;7400927;2018;10;5;1;3;9;1;2;0;1;0;0;0;0;0
11;1;1300836;2018;11;13;5;3;1;5;0;1;1;0;0;0;0;0
11;3;3601140;2018;10;1;1;2;9;1;2;0;1;0;0;0;0;0
11;3;3701554;2018;11;11;5;3;5;3;0;0;1;0;1;0;0;0
11;12;12200309;2018;10;20;7;3;5;2;1;0;1;0;0;0;0;0
11;10;10400940;2018;10;8;7;3;5;3;0;1;1;0;0;0;0;0
11;7;7400927;2018;11;11;5;3;0;3;0;0;1;0;1;0;0;0
11;3;3400620;2018;10;14;7;3;5;3;0;0;1;0;0;0;0;0
11;1;1300733;2018;11;10;5;2;6;4;0;0;0;1;0;0;1;0
11;12;12400721;2018;10;1;7;2;9;1;2;0;1;0;0;0;0;1
11;8;8100313;2018;11;10;5;2;6;4;0;0;1;1;0;0;0;0
11;8;8100314;2018;10;14;7;3;1;5;0;1;1;0;0;0;0;0
11;4;4400729;2018;11;9;5;2;6;4;0;0;1;1;0;0;0;0
11;2;2500726;2018;10;13;7;3;5;3;0;0;1;0;1;0;0;0
11;9;9200715;2018;11;9;5;2;3;6;0;0;1;0;0;1;1;0
11;12;12200310;2018;10;12;7;2;5;2;0;0;1;0;1;0;0;0
11;4;4400833;2018;11;9;5;2;1;5;0;1;1;0;0;0;0;0
11;10;10400940;2018;10;11;7;2;1;5;0;1;1;0;0;0;0;0
11;12;12200515;2018;10;8;7;3;5;3;0;0;1;0;0;0;0;0
11;1;1100309;2018;11;9;5;3;5;2;0;1;1;0;0;0;0;0
11;10;10300734;2018;10;15;7;3;2;1;0;0;1;0;0;0;0;0
11;6;6400844;2018;11;9;5;3;2;6;0;0;1;0;0;0;0;0
11;2;2100102;2018;10;15;7;3;2;6;0;0;1;0;0;0;1;0
11;1;1100207;2018;11;8;5;3;3;6;0;1;1;0;0;0;0;0
11;4;4300416;2018;11;8;5;3;1;5;0;1;0;0;0;1;0;0
11;5;5300737;2018;10;15;7;3;0;1;0;0;0;0;1;0;0;0
11;12;12400722;2018;11;0;5;3;8;1;2;0;0;0;1;0;0;0
11;7;7100102;2018;10;0;7;3;2;6;2;0;1;0;1;0;0;0
11;10;10200629;2018;10;15;4;3;5;2;0;0;1;0;0;0;0;0
11;1;1100310;2018;10;23;6;2;5;2;2;0;1;0;0;0;0;0
11;4;4501045;2018;10;17;4;3;6;4;1;1;0;1;0;0;0;0
11;5;5100316;2018;10;18;6;2;5;2;2;0;0;0;1;0;0;0
11;1;1100308;2018;11;10;3;3;6;2;0;0;1;1;0;0;0;0
11;1;1100310;2018;10;16;4;3;5;3;1;1;0;0;0;0;0;0
11;1;1200521;2018;11;11;3;3;1;1;0;0;1;0;0;0;0;0
11;1;1100308;2018;10;19;4;3;1;5;2;1;1;0;0;0;1;0
11;11;11300618;2018;11;12;3;3;2;6;0;0;1;0;0;0;0;0
11;11;11100204;2018;10;18;6;3;6;2;1;0;1;1;0;0;0;0
11;1;1100310;2018;11;12;3;3;5;2;0;1;0;0;0;0;1;0
11;7;7601340;2018;10;18;4;3;6;4;2;0;0;1;1;0;0;0
11;6;6300633;2018;11;7;3;3;1;5;0;1;1;0;0;0;0;0
11;1;1100309;2018;10;17;6;3;0;3;1;1;1;0;0;0;0;0
11;12;12200309;2018;10;18;4;3;1;7;2;0;1;0;0;0;0;0
11;1;1100205;2018;10;16;4;3;0;1;1;1;0;0;0;0;0;0
11;6;6400844;2018;10;16;6;3;3;6;1;0;1;0;0;0;0;0
11;5;5100210;2018;10;16;4;3;5;3;0;0;1;0;0;0;1;0
11;9;9501737;2018;11;8;3;3;5;2;0;1;0;0;0;0;1;0
11;3;3501038;2018;10;15;4;3;5;3;1;0;1;0;0;0;1;0
11;11;11300721;2018;10;15;6;3;3;6;0;0;1;0;0;0;0;0
11;4;4300619;2018;11;13;3;3;0;1;0;0;0;0;1;0;0;0
11;11;11501238;2018;10;15;4;3;5;2;0;0;1;0;0;0;1;0
11;4;4400831;2018;11;17;3;3;5;3;2;1;1;0;0;0;0;0
11;4;4300624;2018;10;15;6;3;2;6;0;0;1;0;0;0;0;0
11;1;1401047;2018;11;10;3;2;5;2;0;1;0;0;0;1;0;0
11;11;11200411;2018;10;15;4;3;0;1;0;1;0;0;0;0;0;0
11;4;4400727;2018;11;17;3;2;5;2;2;1;1;0;0;0;0;0
11;12;12100103;2018;10;14;6;3;5;2;0;1;1;0;0;0;0;1
11;12;12500825;2018;10;14;4;3;2;6;0;0;1;0;0;0;0;0
11;2;7100206;2018;10;12;6;2;5;3;0;1;1;0;0;0;0;1
11;3;3601243;2018;11;9;3;3;6;4;0;0;1;1;0;0;0;0
11;6;6400844;2018;10;10;6;2;6;2;0;0;1;1;0;0;0;0
11;10;10400837;2018;10;10;6;3;5;3;0;0;1;0;0;0;0;0
11;5;5100209;2018;10;14;4;3;5;2;0;0;1;0;0;0;0;0
11;7;7300618;2018;10;14;4;3;6;4;0;0;1;1;0;0;0;0
11;1;1100101;2018;10;8;6;3;5;2;0;1;1;0;0;0;1;0
11;8;8401139;2018;10;14;4;3;5;2;0;1;1;0;0;0;0;0
11;1;1100310;2018;11;9;3;3;1;5;0;1;1;0;0;0;1;0
11;6;6200313;2018;10;7;6;3;1;5;0;1;1;0;0;0;0;0
11;7;7300619;2018;10;12;4;3;2;6;0;0;1;0;0;0;0;0
11;4;4200308;2018;10;6;6;3;5;3;2;1;1;0;0;0;0;0
11;7;7400823;2018;11;17;3;3;5;3;2;0;0;0;1;0;1;0
11;1;1200628;2018;10;12;4;2;5;2;0;1;1;0;0;0;0;0
11;2;2200210;2018;11;9;3;3;5;3;0;1;1;0;0;0;0;0
11;6;6400841;2018;10;19;5;3;6;7;2;0;1;1;0;0;0;1
11;1;1300733;2018;11;15;3;3;5;3;0;1;1;0;0;0;0;0
11;3;3200205;2018;10;11;4;3;1;5;0;0;1;0;0;0;0;0
11;1;1100312;2018;11;8;3;3;5;2;0;0;1;0;1;0;1;0
11;6;6300632;2018;10;13;5;3;5;2;0;1;1;0;0;0;0;1
11;10;10100311;2018;10;11;4;3;3;6;0;0;1;0;0;1;0;0
11;7;7100102;2018;10;0;5;3;6;2;2;0;1;1;0;0;0;0
11;9;9200512;2018;11;15;3;3;3;6;0;1;0;0;0;0;0;0
11;2;2200213;2018;10;19;5;3;0;2;2;0;1;0;0;0;1;0
11;4;4100101;2018;10;17;4;2;8;1;2;0;1;0;0;0;0;0
11;7;7601236;2018;11;8;3;2;5;3;0;0;1;0;1;0;0;0
11;5;5200528;2018;10;19;5;3;0;6;2;0;1;0;0;0;0;0
11;7;7200308;2018;11;0;3;2;5;3;2;0;1;0;0;0;0;0
11;9;9200715;2018;10;18;4;3;2;6;2;0;1;0;0;0;0;0
11;6;6200312;2018;11;15;3;3;6;4;0;0;1;1;0;0;0;0
11;5;5100317;2018;10;17;5;3;5;2;1;1;1;0;0;0;0;1
11;2;2200208;2018;10;17;4;3;5;3;2;1;1;0;0;0;0;0
11;5;5100316;2018;11;15;3;3;0;2;0;0;1;0;1;0;0;0
11;9;9100101;2018;10;16;5;3;5;3;0;1;1;0;0;0;0;1
11;8;8200726;2018;11;8;3;3;2;6;0;0;1;0;0;0;0;0
11;1;1200517;2018;10;16;4;3;5;7;0;0;1;0;1;0;0;0
11;6;6300528;2018;11;8;3;3;5;3;0;0;1;0;0;0;0;0
11;4;4501153;2018;10;15;5;3;3;6;0;1;1;0;0;0;0;1
11;12;12500930;2018;10;11;4;3;6;4;0;0;0;1;0;1;0;0
11;5;5200423;2018;11;7;3;3;2;2;0;0;1;0;0;0;0;0
11;12;12400618;2018;10;15;5;2;5;2;0;1;1;0;0;0;0;0
11;11;11400931;2018;10;9;4;3;2;6;0;0;1;0;0;0;0;0
11;1;1300834;2018;10;15;5;3;5;7;0;0;1;0;0;0;0;0
11;9;9300922;2018;11;7;3;3;6;4;0;0;1;1;0;0;0;0
11;12;12400616;2018;10;15;5;3;5;3;0;0;1;0;0;0;0;1
11;5;5300737;2018;10;9;4;3;0;6;0;0;1;0;1;0;0;0
11;8;8100102;2018;11;7;3;3;5;3;0;1;1;0;0;0;0;0
11;7;7400823;2018;10;14;5;3;5;3;0;0;1;0;0;0;0;1
11;10;10300733;2018;11;7;3;2;5;3;0;1;1;0;0;0;0;0
11;1;1200624;2018;10;14;4;3;6;7;0;1;0;1;0;0;0;0
11;11;11100101;2018;11;6;3;3;2;6;1;1;1;0;0;0;0;0
11;7;7100102;2018;10;14;5;3;5;3;0;1;1;0;0;0;0;1
11;1;1100206;2018;10;7;4;2;0;2;0;1;1;0;0;0;0;0
11;11;11300724;2018;10;7;4;3;5;2;0;1;1;0;0;0;0;0
11;12;12200414;2018;10;14;5;3;2;6;0;0;1;0;0;0;0;1
11;7;7501031;2018;10;6;4;3;5;3;0;1;1;0;0;0;0;0
11;10;10300731;2018;11;14;3;3;0;7;0;0;0;0;0;0;1;0
11;1;1401048;2018;10;14;5;3;3;6;0;0;1;0;0;0;0;1
11;4;4501042;2018;10;19;4;3;1;6;2;1;1;0;0;0;0;0
11;8;8100313;2018;10;9;4;3;0;3;0;0;0;0;1;0;1;0
11;5;5100312;2018;10;2;4;3;1;5;2;0;1;0;0;0;1;0
11;1;1200520;2018;10;13;5;3;5;2;0;0;1;0;0;0;0;1
11;9;9200512;2018;10;18;3;3;5;2;2;0;1;0;0;0;1;1
11;11;11300826;2018;10;13;5;3;5;3;0;0;1;0;0;0;1;0
11;6;6400844;2018;11;14;3;3;1;5;0;1;0;0;0;0;1;0
11;8;8100207;2018;10;17;3;2;5;3;1;0;1;0;0;1;0;1
11;1;1100416;2018;11;17;3;3;2;6;2;0;1;0;0;0;1;0
11;3;3701554;2018;10;13;5;3;1;1;0;1;1;0;0;0;0;1
11;7;7601236;2018;11;6;2;3;5;3;2;1;1;0;0;0;0;0
11;8;8401139;2018;10;16;3;3;5;3;0;0;1;0;0;0;0;1
11;2;2300314;2018;11;23;2;3;1;5;2;1;1;0;0;0;0;0
11;5;5300736;2018;10;13;5;3;5;2;0;1;1;0;0;0;0;1
11;10;10100103;2018;10;16;3;3;5;3;1;0;1;0;1;0;0;0
11;7;7400826;2018;10;15;3;3;1;5;0;0;1;0;0;0;0;0
11;3;3601450;2018;10;13;5;3;2;6;0;0;1;0;0;0;0;1
11;8;8100312;2018;10;15;3;3;5;2;0;1;1;0;0;0;0;1
11;11;11501238;2018;11;20;2;3;6;4;2;1;0;1;0;0;0;0
11;4;4300518;2018;10;12;5;3;5;2;0;1;0;0;0;0;1;1
11;8;8100208;2018;10;15;3;3;1;5;0;1;1;0;0;0;0;1
11;12;12500926;2018;10;12;5;3;0;4;0;0;0;1;1;0;0;1
11;1;1100104;2018;11;15;2;3;6;7;0;0;1;1;0;0;0;0
11;1;1200628;2018;10;14;3;3;2;6;0;0;1;0;0;0;0;0
11;1;1100416;2018;11;19;2;3;1;5;2;1;0;0;0;0;1;0
11;10;10100311;2018;10;12;5;2;3;6;0;1;1;0;0;0;0;1
11;1;1300836;2018;11;18;2;3;2;6;1;0;1;0;0;0;0;0
11;4;4300622;2018;10;11;5;3;6;2;0;0;1;1;0;0;0;1
11;4;4300624;2018;11;9;2;3;3;6;0;0;1;0;0;0;0;0
11;10;10200629;2018;10;14;3;3;6;4;0;0;1;1;0;0;0;0
11;1;1100311;2018;11;9;2;3;3;6;0;1;1;0;0;0;0;0
11;1;1100206;2018;10;10;5;3;6;4;0;0;1;1;0;0;0;1
11;4;4501041;2018;11;9;2;3;1;5;0;1;1;0;0;0;0;0
11;8;8100415;2018;11;9;2;3;2;6;0;0;1;0;0;0;0;0
11;1;1401045;2018;10;12;5;3;3;6;0;0;1;0;0;1;0;1
11;9;9200716;2018;10;14;3;3;2;2;0;0;1;0;0;0;0;0
11;2;2500833;2018;10;12;5;3;0;1;0;1;0;0;0;0;0;1
11;2;2200209;2018;10;13;3;3;1;5;0;1;1;0;0;0;0;0
11;5;5100317;2018;11;10;2;3;2;5;0;0;1;0;0;0;0;0
11;7;7300517;2018;10;11;5;3;5;7;0;0;1;0;1;0;0;1
11;3;3300516;2018;10;13;3;3;5;1;0;0;0;0;0;0;1;0
11;4;4501153;2018;10;8;5;3;5;7;0;0;1;0;1;0;0;1
11;3;3601245;2018;11;11;2;3;1;7;0;1;1;0;0;0;0;0
11;3;3200207;2018;10;13;3;3;5;2;0;0;0;0;0;1;1;0
11;10;10400835;2018;11;11;2;3;5;3;0;0;1;0;0;0;0;0
11;12;12500930;2018;10;8;5;3;5;2;0;0;1;0;0;1;0;1
11;6;6200313;2018;10;13;3;3;2;6;0;0;1;0;0;0;0;0
11;1;1100309;2018;11;12;2;3;5;7;0;0;1;0;0;0;0;0
11;1;1200522;2018;10;8;5;3;5;2;0;1;1;0;0;0;0;1
11;10;10400940;2018;10;13;3;3;5;2;0;1;1;0;0;0;0;0
11;3;3400619;2018;10;8;5;3;5;2;0;1;0;0;0;0;1;1
11;12;12200412;2018;10;12;3;3;5;3;0;0;1;0;0;0;0;0
11;3;3601245;2018;11;14;2;3;6;4;0;0;1;1;0;0;0;0
11;5;5300840;2018;10;8;5;2;5;7;0;0;1;0;1;0;0;0
11;11;3601450;2018;10;12;3;3;5;7;0;0;1;0;0;0;1;0
11;4;4300619;2018;10;8;5;3;0;3;0;1;1;0;0;0;0;1
11;7;6200423;2018;11;14;2;3;8;1;0;0;1;0;0;0;0;0
11;4;4200308;2018;10;8;5;2;2;2;0;0;1;0;0;0;1;1
11;1;1200623;2018;10;12;3;3;5;3;0;0;1;0;0;0;0;0
11;1;1401048;2018;11;15;2;2;5;3;0;1;0;0;0;0;0;0
11;3;3300517;2018;10;8;5;3;4;1;0;0;1;0;0;0;0;1
11;8;8100312;2018;11;16;2;3;0;3;1;0;1;0;0;0;1;0
11;4;4501042;2018;10;11;3;3;5;7;0;0;1;0;1;0;0;0
11;6;6200312;2018;11;18;2;3;0;2;2;0;0;0;0;0;1;0
11;1;1401047;2018;10;7;5;3;5;2;0;1;1;0;0;0;0;1
11;9;9100203;2018;10;11;3;3;1;5;0;0;1;0;0;0;1;0
11;10;10100315;2018;10;6;5;3;6;2;1;0;1;1;0;0;0;1
11;9;9100407;2018;10;10;3;3;3;6;0;1;0;0;0;1;0;0
11;10;10400940;2018;10;6;5;3;0;3;1;0;1;0;1;0;0;1
11;7;7601238;2018;11;17;2;2;6;4;2;0;1;1;0;0;0;0
11;12;12100204;2018;10;10;3;3;3;6;0;0;1;0;0;0;1;0
11;7;7200307;2018;11;17;2;3;2;6;2;0;1;0;0;0;0;0
11;5;5100208;2018;10;6;5;3;5;2;2;0;1;0;0;0;0;1
11;7;7601236;2018;11;17;2;3;2;6;2;0;1;0;0;0;0;0
11;1;1100309;2018;11;17;2;3;3;2;2;0;1;0;1;0;0;0
11;3;3200206;2018;10;5;5;3;5;2;2;1;1;0;0;0;0;1
11;6;6300632;2018;10;10;3;3;5;3;0;1;0;0;0;1;0;0
11;6;6400842;2018;11;9;2;3;5;7;0;0;1;0;0;0;0;0
11;3;3300517;2018;10;10;5;3;0;1;0;0;0;0;1;0;0;1
11;2;2100105;2018;11;8;2;3;5;3;0;0;1;0;0;0;0;0
11;10;10200421;2018;10;10;3;3;2;6;0;0;1;0;0;0;1;0
11;6;6200317;2018;11;7;2;2;6;4;0;0;1;1;0;0;0;0
11;1;1100312;2018;10;18;4;3;1;5;0;1;1;0;0;0;0;0
11;9;9100408;2018;10;9;3;3;5;3;0;1;1;0;0;0;0;0
11;6;6100205;2018;10;9;3;3;2;6;0;0;1;0;0;0;0;0
11;4;4501041;2018;10;10;4;3;5;2;0;1;1;0;0;0;0;0
11;3;3100102;2018;10;7;3;3;5;3;0;1;0;0;1;0;0;0
11;12;12400723;2018;11;6;2;3;6;7;0;1;1;1;0;0;0;0
11;5;5100316;2018;10;16;4;3;1;5;0;0;1;0;0;0;0;0
11;1;1400942;2018;10;9;3;2;2;6;0;0;0;0;1;1;0;0
11;8;8100209;2018;10;9;4;3;5;3;0;0;1;0;1;0;0;0
11;12;12200515;2018;11;16;2;3;6;2;0;0;1;1;0;0;0;0
11;1;1100310;2018;10;8;3;3;0;5;0;1;0;0;0;0;1;1
11;1;1100416;2018;11;7;2;3;3;6;0;0;1;0;0;1;0;0
11;7;7100102;2018;10;10;4;2;6;2;0;0;1;1;0;0;0;0
11;8;8100521;2018;11;9;2;2;5;3;0;0;1;1;0;0;1;0
11;4;4501042;2018;10;7;3;3;6;4;0;0;1;1;0;0;0;0
11;12;12400722;2018;11;19;1;2;3;6;1;1;1;0;0;0;0;0
11;9;9501939;2018;10;10;4;3;2;6;0;0;1;0;0;0;0;1
11;8;8401243;2018;10;7;3;3;6;2;0;0;0;1;0;0;1;1
11;1;1200626;2018;10;7;3;3;5;3;0;0;1;0;1;0;0;1
11;12;12200412;2018;10;10;4;3;3;2;0;1;0;0;0;0;1;1
11;4;4300620;2018;10;6;3;3;0;5;2;0;1;0;1;0;0;1
11;2;2500834;2018;11;17;1;3;3;6;1;0;1;0;0;0;0;0
11;4;4501146;2018;10;23;3;3;5;3;2;0;1;0;0;0;0;1
11;8;8100102;2018;11;17;1;2;6;4;1;0;1;1;0;0;0;0
11;3;3200310;2018;10;18;4;3;5;2;1;1;1;0;0;0;0;0
11;9;9200510;2018;10;6;3;3;5;3;1;1;1;0;0;0;0;1
11;3;3701554;2018;10;8;3;3;3;6;0;1;1;0;0;0;0;1
11;3;3500933;2018;10;21;3;3;4;6;2;0;1;0;0;0;1;0
11;7;7501032;2018;11;16;1;3;5;2;0;0;1;0;0;0;1;0
11;11;11401032;2018;10;20;3;3;6;7;1;0;1;1;0;0;0;0
11;11;11100204;2018;10;18;4;3;2;6;1;0;1;0;0;0;0;0
11;2;2400522;2018;11;14;1;2;5;3;0;1;1;0;0;0;0;0
11;7;7601341;2018;10;19;3;3;2;6;2;0;1;0;0;0;0;1
11;8;8100419;2018;11;13;1;3;5;3;0;1;1;0;0;0;0;0
11;1;1300730;2018;10;18;4;2;5;3;1;0;1;0;1;0;0;0
11;6;6400843;2018;11;11;1;2;1;5;0;0;1;0;0;0;0;0
11;4;4501042;2018;10;19;3;3;5;7;2;0;1;0;0;0;0;1
11;1;1100308;2018;11;17;1;3;9;1;1;0;0;0;1;0;0;0
11;4;4501043;2018;10;18;4;2;6;4;1;0;1;1;0;0;0;0
11;1;1100312;2018;10;19;3;3;5;7;2;1;1;0;0;0;0;1
11;7;7601238;2018;10;18;4;3;1;5;1;1;1;0;0;0;1;0
11;2;2200210;2018;11;6;1;3;9;1;1;0;1;0;0;0;0;1
11;1;1401043;2018;10;17;4;3;6;2;0;0;1;1;0;0;0;0
11;2;2200211;2018;10;19;3;3;0;4;2;1;0;1;0;0;0;1
11;7;7501029;2018;10;17;4;3;2;6;0;0;1;0;0;0;1;0
11;1;1100313;2018;11;4;1;3;0;1;2;1;0;0;0;0;0;0
11;4;4300416;2018;10;17;4;3;2;6;0;0;1;0;0;0;0;0
11;6;6200313;2018;10;19;3;3;1;7;2;0;1;0;0;0;1;1
11;3;3400620;2018;10;16;4;3;5;3;0;1;1;0;0;0;0;0
11;12;12500929;2018;11;3;1;3;9;1;2;0;1;0;0;0;0;0
11;6;6100103;2018;10;18;3;2;6;4;2;1;0;1;0;0;0;1
11;3;3601141;2018;11;15;7;3;2;6;0;0;1;0;0;0;0;0
11;11;11300721;2018;10;15;4;3;5;7;0;0;1;0;0;0;0;0
11;4;4300619;2018;11;20;7;2;5;3;2;0;1;0;1;0;0;0
11;2;2500833;2018;10;18;3;3;5;2;2;0;1;0;0;0;0;1