LAND;BEZ;LOR_ab_2021;UJAHR;UMONAT;USTUNDE;UWOCHENTAG;UKATEGORIE;UART;UTYP1;ULICHTVERH;IstRad;IstPKW;IstFuss;IstKrad;IstGkfz;IstSonstige;USTRZUSTAND
11;2;2100104;2018;11;15;7;3;5;3;0;0;1;0;1;0;0;0
11;3;3400721;2018;10;14;4;3;2;6;0;0;1;0;0;0;0;0
11;4;4501045;2018;10;17;3;3;5;2;2;1;1;0;0;0;0;1
11;11;11300617;2018;10;14;4;3;3;6;0;0;1;0;0;1;0;0
11;2;2500727;2018;11;14;7;2;0;1;0;1;0;0;0;0;0;0
11;4;4501041;2018;10;14;4;2;6;4;0;0;1;1;0;0;0;0
11;4;4400728;2018;10;18;3;3;2;6;2;1;1;0;0;0;0;1
11;1;1100102;2018;11;13;7;3;5;3;0;1;1;0;0;0;0;0
11;4;4300624;2018;10;13;4;3;6;7;0;0;1;1;0;0;0;0
11;4;4300623;2018;11;13;7;3;5;7;0;1;1;0;0;0;0;0
11;5;5100316;2018;10;18;3;3;5;3;2;0;1;0;0;0;0;1
11;6;6400841;2018;11;11;7;3;5;3;0;1;1;0;0;0;0;0
11;5;5100101;2018;10;13;4;3;5;3;0;1;1;0;0;0;0;0
11;3;3200207;2018;10;10;3;2;5;2;0;0;1;0;1;0;0;0
11;2;2300316;2018;10;12;4;2;6;2;0;0;1;1;0;0;0;0
11;1;1300835;2018;10;18;3;3;2;6;0;0;1;0;0;0;0;1
11;1;1100205;2018;11;11;7;3;5;2;0;1;1;0;0;0;0;0
11;1;1100309;2018;10;12;4;3;5;2;0;1;1;0;0;0;0;0
11;2;2300314;2018;10;18;3;3;5;3;2;1;1;0;0;0;0;0
11;2;2100101;2018;11;10;7;3;5;2;0;1;1;0;0;0;0;0
11;12;12400723;2018;10;12;4;3;6;7;0;1;0;1;0;0;0;0
11;1;1400942;2018;10;18;3;3;6;4;2;0;1;1;0;0;0;1
11;1;1400942;2018;10;12;4;3;6;4;0;0;1;1;0;0;0;0
11;1;1300732;2018;11;8;7;3;1;5;0;0;1;0;0;0;1;0
11;7;7100205;2018;10;10;4;3;3;6;0;0;1;0;1;0;0;1
11;5;5200630;2018;10;12;3;3;2;6;0;0;1;0;1;0;0;0
11;1;1401048;2018;11;12;7;3;5;7;0;1;0;0;0;0;1;0
11;10;10400837;2018;10;11;4;3;5;3;0;0;1;0;0;0;1;1
11;6;6200315;2018;11;12;6;3;0;7;0;0;0;0;0;0;1;0
11;11;11300826;2018;10;5;3;3;6;2;2;0;1;1;0;0;0;1
11;8;8100103;2018;11;17;6;2;5;2;0;0;1;0;1;0;0;0
11;2;2400624;2018;10;11;4;2;1;5;0;0;1;0;1;0;0;0
11;6;6400843;2018;10;10;3;3;2;6;0;0;1;0;0;0;0;0
11;3;3200308;2018;10;8;3;3;5;3;0;0;1;0;0;0;1;1
11;6;6300528;2018;10;8;4;3;0;3;0;0;0;0;1;1;0;1
11;8;8100417;2018;10;7;3;3;0;4;0;1;0;1;0;0;0;1
11;2;2200210;2018;11;20;6;3;2;6;2;0;1;0;0;0;0;0
11;5;5100209;2018;10;7;4;3;6;2;0;0;1;1;0;0;0;1
11;1;1300730;2018;10;14;3;3;5;2;0;1;0;0;0;1;0;0
11;5;5300737;2018;10;7;4;3;6;2;1;0;1;1;0;0;0;1
11;4;4300623;2018;11;17;6;3;5;2;2;0;1;0;0;0;0;0
11;1;1401046;2018;10;12;3;3;2;6;0;0;1;0;0;0;0;0
11;2;2400625;2018;11;22;6;3;2;6;2;0;1;0;0;0;0;0
11;6;6300629;2018;10;16;2;3;1;5;0;1;1;0;0;0;0;0
11;8;8200730;2018;10;6;4;3;6;2;2;0;1;1;0;0;0;1
11;2;2200208;2018;11;19;6;2;6;4;1;0;1;1;0;0;0;0
11;10;10400835;2018;10;5;2;3;5;2;2;1;1;0;0;0;0;0
11;7;7501031;2018;11;16;6;3;5;2;0;0;1;0;0;0;0;0
11;10;10400835;2018;10;5;4;2;5;3;2;1;1;0;0;0;0;1
11;1;1200522;2018;11;15;6;3;2;6;0;0;1;0;0;0;0;0
11;9;9502043;2018;10;17;2;3;6;2;2;0;1;1;0;0;0;1
11;6;6100209;2018;11;15;6;3;5;2;0;1;1;0;0;0;0;0
11;11;11300721;2018;10;4;4;3;5;2;2;0;1;0;0;0;0;1
11;1;1401045;2018;10;21;2;3;6;4;2;0;1;1;0;0;0;0
11;1;1100309;2018;10;20;2;3;0;5;2;1;1;0;0;0;0;1
11;8;8100419;2018;10;9;3;3;5;3;0;1;0;0;0;0;0;0
11;2;2200209;2018;10;20;2;3;1;5;2;0;1;0;0;0;0;1
11;1;1401047;2018;11;15;6;3;5;3;0;0;1;0;0;0;0;0
11;9;9200715;2018;10;20;3;3;5;2;2;1;1;0;0;0;0;1
11;2;2300417;2018;10;18;2;3;5;3;1;0;1;0;0;0;0;1
11;3;3500934;2018;10;20;3;3;5;7;2;1;1;0;0;0;0;1
11;8;8200624;2018;11;14;6;3;2;6;0;0;1;0;0;0;0;0
11;9;9501737;2018;10;18;2;2;5;2;2;0;1;0;0;0;1;1
11;1;1400938;2018;11;14;6;3;2;6;0;0;1;0;0;0;0;0
11;1;1200521;2018;10;22;3;3;5;7;2;0;1;0;1;0;0;1
11;1;1200628;2018;11;19;6;3;5;3;2;0;1;0;0;0;0;0
11;1;1200626;2018;10;18;2;3;3;6;1;0;1;0;0;1;0;1
11;7;7100206;2018;11;9;6;3;0;2;0;1;0;0;1;0;0;0
11;9;9200511;2018;10;22;3;3;5;3;2;0;1;0;0;0;0;1
11;12;12400723;2018;10;21;3;3;2;6;2;0;1;0;0;0;0;1
11;4;4300518;2018;11;8;6;3;2;6;0;0;1;0;1;0;0;0
11;9;9100407;2018;11;8;6;3;5;3;0;1;1;0;0;0;0;0
11;12;12400722;2018;10;20;3;3;8;1;2;0;1;0;0;0;0;1
11;6;6100101;2018;10;18;2;3;2;6;1;0;1;0;0;0;0;1
11;11;11100308;2018;10;20;3;3;6;2;2;0;1;1;0;0;0;1
11;1;1300836;2018;10;18;2;3;0;5;1;0;1;0;1;0;0;1
11;9;9100407;2018;11;3;6;3;9;1;2;0;1;0;0;0;0;1
11;7;7501029;2018;10;19;3;3;5;7;2;0;1;0;0;0;0;1
11;3;3300516;2018;10;17;2;3;2;6;1;0;1;0;0;0;0;1
11;7;7601545;2018;10;18;3;3;6;2;2;0;1;1;0;0;0;1
11;8;8301037;2018;11;13;6;3;5;3;0;1;1;0;0;0;0;0
11;1;1401046;2018;10;17;2;3;5;7;1;0;1;0;1;0;0;1
11;4;4501045;2018;11;12;6;2;2;6;0;0;1;0;0;0;0;0
11;12;12100103;2018;10;18;3;2;6;4;2;0;1;1;0;0;0;1
11;3;3400620;2018;10;16;2;3;2;6;2;0;1;0;0;0;0;1
11;5;5100206;2018;11;11;6;3;5;7;0;1;1;0;0;0;0;0
11;4;4400835;2018;10;18;3;3;5;2;2;1;1;0;0;0;0;1
11;3;3601244;2018;10;14;2;2;6;4;0;0;1;1;0;0;0;0
11;4;4400832;2018;10;18;3;3;6;2;2;0;1;1;0;0;0;1
11;6;6100101;2018;11;10;6;3;6;2;0;0;0;1;0;0;1;0
11;1;1100311;2018;10;17;3;3;5;2;1;1;1;0;0;0;0;1
11;5;5300839;2018;10;14;2;2;5;3;0;1;1;0;0;0;0;0
11;9;9200715;2018;11;10;6;2;5;2;0;0;1;0;0;0;0;0
11;1;1300733;2018;10;16;3;3;6;4;1;0;1;1;0;0;0;1
11;8;8100521;2018;10;14;2;3;5;3;0;1;1;0;0;0;0;0
11;1;1100207;2018;10;16;3;3;5;3;2;0;1;0;0;0;0;1
11;8;8100415;2018;11;20;6;3;0;2;2;0;0;1;0;0;1;0
11;6;6200312;2018;10;16;3;3;5;3;0;0;1;0;1;0;0;1
11;4;4100102;2018;10;13;2;2;2;6;0;0;1;0;1;0;0;0
11;4;4300621;2018;11;9;6;3;2;2;0;0;1;0;0;0;0;0
11;2;2500729;2018;10;14;3;3;2;6;0;1;0;0;0;0;0;1
11;1;1100102;2018;11;9;6;3;2;6;0;0;1;0;0;0;0;0
11;3;3601244;2018;10;13;2;3;5;3;0;0;1;0;1;0;0;0
11;2;2300314;2018;11;8;6;3;2;6;0;1;1;0;0;0;0;0
11;7;7400823;2018;10;11;3;3;0;1;0;0;0;0;1;0;0;1
11;1;1100102;2018;10;12;2;3;2;6;0;0;1;0;0;0;1;0
11;8;8200623;2018;10;15;3;2;2;6;0;0;1;0;0;0;0;1
11;4;4400727;2018;10;9;2;3;5;3;0;0;1;0;0;0;0;0
11;1;1401049;2018;10;15;3;3;1;5;0;0;1;0;0;0;1;1
11;6;6100208;2018;11;23;5;3;1;1;2;0;1;0;0;0;1;0
11;7;7601238;2018;10;14;3;3;5;3;0;1;1;0;0;0;0;1
11;9;9300920;2018;10;21;2;2;8;1;2;0;1;0;0;0;0;1
11;2;2500834;2018;11;23;5;3;6;7;2;1;0;1;0;0;0;0
11;10;10300733;2018;10;14;3;3;5;3;0;0;1;0;1;0;0;1
11;2;2500830;2018;11;22;5;3;5;3;2;1;0;0;0;0;1;0
11;2;2500830;2018;10;17;2;3;0;1;1;1;0;0;0;0;0;1
11;1;1100207;2018;11;19;5;3;1;5;2;1;1;0;0;0;0;0
11;4;4400729;2018;10;14;3;3;1;3;0;0;1;0;0;0;0;1
11;2;2500833;2018;10;8;2;3;5;3;0;0;1;0;1;0;0;0
11;10;10400938;2018;10;6;2;2;5;3;1;0;1;0;1;0;0;0
11;4;4501042;2018;11;19;5;3;5;3;2;0;1;0;0;0;0;0
11;9;9401329;2018;10;2;2;2;7;7;2;0;1;0;0;0;0;1
11;1;1100205;2018;11;18;5;2;5;3;2;0;1;0;1;0;0;0
11;11;11200411;2018;10;13;3;3;5;3;0;0;0;0;0;0;1;1
11;8;8200622;2018;10;19;1;3;5;7;1;0;1;0;1;0;0;1
11;1;1401047;2018;10;17;1;3;1;5;1;1;1;0;0;0;0;0
11;7;7601341;2018;10;13;3;3;8;1;0;0;1;0;0;0;0;1
11;6;6400737;2018;10;17;1;2;6;4;1;0;0;1;0;0;1;1
11;4;4501041;2018;11;18;5;3;0;3;2;0;1;0;0;0;1;0
11;8;8100104;2018;10;13;3;3;1;5;0;0;1;0;0;0;0;1
11;8;8100312;2018;10;17;1;3;5;3;1;0;1;0;1;0;0;0
11;2;2400521;2018;10;13;3;2;3;1;0;1;1;0;0;0;0;1
11;6;6100102;2018;11;17;5;3;2;2;2;0;1;1;0;0;0;0
11;1;1100205;2018;10;14;1;3;1;5;0;1;0;0;0;0;1;0
11;11;11300617;2018;11;17;5;2;5;3;2;1;0;0;0;0;1;0
11;10;10300731;2018;10;13;3;2;0;2;0;1;1;0;0;0;0;1
11;4;4300416;2018;11;16;5;3;2;6;1;0;1;0;0;0;0;0
11;8;8401242;2018;10;12;1;2;3;6;0;1;1;0;0;0;0;0
11;3;3300517;2018;11;16;5;3;5;3;1;0;1;0;0;0;0;0
11;8;8401242;2018;10;13;3;2;0;6;0;0;1;0;1;0;0;1
11;1;1200628;2018;10;21;1;2;5;3;2;0;1;0;0;0;0;1
11;4;4501040;2018;10;21;1;2;6;2;2;0;1;1;0;0;0;1
11;12;12400722;2018;10;12;3;3;4;6;0;0;1;0;0;0;1;1
11;3;3500934;2018;10;18;1;3;2;2;1;0;1;0;0;0;0;0
11;7;7400825;2018;11;8;5;3;5;3;0;0;1;0;0;0;0;0
11;12;12200309;2018;10;12;3;3;3;6;0;0;1;0;0;0;0;1
11;1;1100309;2018;10;16;1;3;0;1;0;1;0;0;0;0;0;0
11;3;3601140;2018;10;11;3;2;0;7;0;0;1;0;0;0;0;1
11;1;1100308;2018;11;16;5;3;0;1;0;1;0;0;0;0;0;0
11;1;1100308;2018;10;11;3;3;1;5;0;1;1;0;0;0;0;1
11;7;7601238;2018;10;11;1;3;8;1;0;0;1;0;0;0;0;0
11;9;9200715;2018;11;16;5;3;2;6;0;0;1;0;0;0;0;0
11;4;4501146;2018;10;10;3;3;2;2;0;1;1;0;0;0;0;1
11;12;12601134;2018;10;10;1;3;7;7;0;0;0;0;0;0;1;0
11;6;6200421;2018;10;9;3;3;2;6;0;0;1;0;0;0;0;1
11;3;3400826;2018;11;15;5;2;5;7;0;0;1;0;1;0;0;0
11;1;1100313;2018;10;10;1;3;5;3;0;1;1;0;0;0;0;0
11;7;7100102;2018;11;15;5;3;1;5;0;0;1;0;0;0;0;0
11;4;4400727;2018;10;9;3;3;5;3;0;0;0;0;1;0;0;1
11;8;8100207;2018;11;14;5;3;5;2;0;1;0;0;0;0;1;0
11;2;2100103;2018;10;1;1;3;5;3;2;0;1;0;0;0;0;0
11;7;7601442;2018;11;13;5;3;5;2;0;0;1;0;0;0;0;0
11;11;11300620;2018;10;8;3;3;2;6;0;0;1;0;0;0;0;0
11;8;8100310;2018;10;0;1;3;6;4;2;0;1;1;0;0;0;0
11;10;10400835;2018;10;7;3;3;5;3;1;1;1;0;0;0;0;1
11;10;10400938;2018;11;9;5;3;1;5;0;0;1;0;0;0;1;0
11;4;4300622;2018;11;17;7;3;6;4;2;0;0;1;1;0;0;0
11;4;4501152;2018;11;19;3;3;2;6;2;0;1;0;0;0;0;1
11;8;8200727;2018;11;16;7;3;5;7;1;0;1;0;1;0;0;0
11;6;6200421;2018;11;15;3;3;2;5;0;0;1;0;0;0;1;1
11;9;9300923;2018;11;15;7;3;6;4;0;0;1;1;0;0;0;0
11;3;3601245;2018;11;9;2;3;5;3;0;0;0;0;1;0;1;0
11;8;8100419;2018;11;15;7;3;5;2;0;0;1;0;1;0;0;0
11;5;5300736;2018;11;5;2;3;2;6;2;0;1;0;0;0;0;1
11;1;1100101;2018;11;14;7;3;0;1;0;1;0;0;0;0;0;0
11;5;5100105;2018;11;16;3;3;5;3;1;1;1;0;0;0;0;1
11;3;3400725;2018;11;13;7;3;2;6;0;0;1;0;1;0;0;0
11;7;7601339;2018;11;8;3;3;2;6;0;0;1;0;0;0;0;1
11;3;3400725;2018;11;13;7;3;5;3;0;1;1;0;0;0;0;0
11;12;12200515;2018;11;12;7;3;2;6;0;0;1;0;0;0;0;0
11;10;10100206;2018;11;14;3;3;2;6;0;0;1;0;1;0;0;1
11;1;1400941;2018;11;12;7;3;5;3;0;0;1;0;0;0;0;0
11;5;5100312;2018;11;17;1;2;0;1;1;0;0;0;1;0;0;1
11;2;2300314;2018;11;17;1;2;0;5;2;0;1;0;1;0;0;1
11;12;12200414;2018;11;11;7;3;5;3;0;1;1;0;0;0;0;0
11;7;7100101;2018;11;20;1;3;0;7;2;1;0;0;0;0;0;0
11;12;12100204;2018;11;7;7;3;5;3;0;0;1;0;0;0;0;0
11;3;3400830;2018;11;10;7;3;5;3;0;1;1;0;0;0;0;0
11;8;8100417;2018;11;12;3;2;2;6;0;0;1;0;0;0;0;1
11;8;8100520;2018;11;11;7;3;0;3;0;1;1;0;0;0;0;0
11;9;9301025;2018;11;11;7;3;5;2;0;0;1;0;0;0;1;1
11;2;2400521;2018;11;8;3;3;5;2;0;1;1;0;0;0;0;1
11;1;1100102;2018;11;11;7;3;2;6;0;0;1;0;0;0;0;0
11;2;2100102;2018;11;21;7;3;5;3;2;0;1;0;0;0;0;0
11;6;6400840;2018;11;18;6;3;2;7;2;0;1;0;1;0;0;0
11;3;3300411;2018;11;7;6;3;5;3;0;0;1;0;0;0;0;0
11;1;7100102;2018;11;7;6;3;0;2;0;1;0;0;0;0;1;1
11;4;4300416;2018;11;13;6;3;1;5;0;1;1;0;0;0;0;0
11;2;2200210;2018;11;9;3;3;5;3;0;1;1;0;0;0;0;1
11;1;1200520;2018;11;21;6;3;3;6;2;0;1;0;1;0;0;0
11;9;9501939;2018;11;19;6;3;4;2;2;1;1;0;0;0;0;0
11;4;4500937;2018;11;0;2;3;2;6;2;0;1;0;0;0;0;1
11;2;2200208;2018;11;8;6;3;0;2;0;1;0;0;0;0;1;1
11;8;8200730;2018;11;18;6;2;1;5;2;0;1;0;0;0;0;0
11;4;4400832;2018;11;9;6;3;6;4;0;0;1;1;0;0;0;1
11;1;1100206;2018;11;7;3;3;6;4;2;0;1;1;0;0;0;1
11;2;2400521;2018;11;9;6;3;0;1;0;1;0;0;0;0;0;1
11;1;1100207;2018;11;15;6;3;5;3;0;0;1;0;0;0;0;0
11;7;7601236;2018;11;7;3;3;5;3;0;0;1;0;1;0;0;1
11;4;4501153;2018;11;9;6;3;5;3;0;1;1;0;0;0;0;1
11;7;7601544;2018;11;15;6;3;8;1;0;0;1;0;0;0;0;0
11;3;3500934;2018;11;18;2;2;6;4;2;0;1;1;0;0;0;0
11;6;6200420;2018;11;8;6;3;2;6;0;0;1;0;0;1;0;1
11;1;1100415;2018;11;15;2;3;0;5;0;1;1;0;0;0;0;0
11;11;11300721;2018;11;17;1;2;3;6;1;0;1;0;0;1;0;1
11;8;8300934;2018;11;15;6;3;6;7;0;0;1;1;0;0;0;0
11;7;7601339;2018;11;18;3;3;5;3;2;1;1;0;0;0;0;1
11;4;4200310;2018;11;8;6;3;5;3;0;0;1;0;0;0;0;1
11;4;4300517;2018;11;14;3;3;2;6;0;0;1;0;0;0;0;1
11;11;11400929;2018;11;15;6;3;5;3;0;0;1;0;0;0;0;0
11;11;11400929;2018;11;17;1;3;5;3;1;0;1;0;0;0;0;1
11;8;8100208;2018;11;17;1;3;5;3;1;0;1;0;0;0;0;1
11;6;6400838;2018;11;8;6;3;5;2;0;0;1;0;0;0;0;1
11;7;7400720;2018;11;13;2;3;3;6;0;0;1;0;0;0;0;0
11;3;3500935;2018;11;8;6;3;1;5;0;1;1;0;0;0;0;1
11;4;4400728;2018;11;11;2;2;5;2;0;0;1;0;1;0;0;1
11;2;2200211;2018;11;18;1;2;6;4;2;0;1;1;0;0;0;1
11;11;11400929;2018;11;14;6;3;5;3;0;0;1;0;0;0;0;0
11;9;9301126;2018;11;7;2;2;0;1;0;1;0;0;0;0;0;1
11;2;2100106;2018;11;14;6;3;6;4;0;0;1;1;0;0;0;0
11;12;12200309;2018;11;14;3;3;8;1;0;0;1;0;0;0;0;1
11;7;7300517;2018;11;8;6;3;6;2;0;0;1;1;0;0;0;1
11;3;3400724;2018;11;13;3;3;2;6;0;0;1;0;0;0;0;1
11;8;8100312;2018;11;14;6;3;6;4;0;0;1;1;0;0;0;0
11;1;1401047;2018;11;17;1;2;1;5;2;0;1;0;1;0;0;1
11;11;11401136;2018;11;6;6;3;2;6;0;0;1;0;0;1;0;1
11;4;4100101;2018;11;21;1;3;2;6;2;0;1;0;1;0;0;1
11;1;1100206;2018;11;5;6;3;5;3;2;0;1;0;0;0;1;1
11;4;4200311;2018;11;13;6;3;5;7;0;0;1;0;0;0;0;0
11;5;5100206;2018;11;12;3;2;5;7;0;0;1;0;0;0;0;1
11;4;4300622;2018;11;7;6;3;1;5;1;1;1;0;0;0;0;1
11;4;4500936;2018;11;13;6;3;2;6;0;1;1;0;0;0;0;0
11;8;8200623;2018;11;14;3;3;0;4;0;1;0;1;0;0;0;1
11;4;4501041;2018;11;1;6;3;0;1;2;1;0;0;0;0;0;0
11;5;5200630;2018;11;12;6;3;4;6;0;1;0;0;0;0;0;0
11;3;3300516;2018;11;12;3;3;0;7;0;0;1;0;0;0;0;1
11;1;1401048;2018;11;5;6;3;2;6;1;0;1;0;1;0;0;1
11;5;5200629;2018;11;8;3;2;6;2;0;0;1;1;0;0;0;1
11;4;4500939;2018;11;12;6;3;5;2;0;0;1;0;0;0;1;1
11;4;4400728;2018;11;12;6;3;5;2;0;0;1;0;0;0;0;1
11;8;8100208;2018;11;11;6;3;5;3;0;0;1;0;0;0;0;0
11;9;9200715;2018;11;11;6;3;5;2;0;0;1;0;0;0;0;0
11;6;6400839;2018;11;7;3;3;6;4;0;0;1;1;0;0;0;1
11;3;3601453;2018;11;10;6;3;5;3;0;0;1;0;0;0;0;0
11;2;2200207;2018;11;13;6;3;0;7;0;0;1;0;0;0;0;0
11;8;8100102;2018;11;15;1;3;0;1;0;0;1;0;0;0;0;1
11;7;7100102;2018;11;19;1;3;8;1;2;0;1;0;0;0;0;1
11;5;5300737;2018;11;19;2;3;5;2;1;0;1;0;0;0;0;0
11;1;1300733;2018;11;18;6;3;2;6;2;0;1;0;0;0;0;0
11;5;5100316;2018;11;16;2;3;5;2;1;1;1;0;0;0;0;0
11;1;1300733;2018;11;17;6;3;3;6;2;1;1;0;0;0;0;0
11;10;10100311;2018;11;17;6;3;2;6;2;0;1;0;0;0;0;0
11;1;1100104;2018;11;17;3;3;3;6;2;1;0;0;0;0;1;0
11;2;2400521;2018;11;7;3;3;5;2;0;0;1;0;1;0;0;1
11;8;8100105;2018;11;8;6;3;0;2;0;1;1;0;0;0;0;0
11;7;7300619;2018;11;18;5;3;1;5;2;1;1;0;0;0;0;0
11;1;1401049;2018;11;15;1;3;1;1;0;0;1;0;1;0;0;1
11;7;7400927;2018;11;12;2;3;5;3;0;0;1;0;0;0;1;0
11;11;11100309;2018;11;22;5;3;5;3;2;0;1;0;0;0;1;0
11;6;6100102;2018;11;14;2;3;2;6;0;0;1;0;0;0;0;0
11;12;12100101;2018;11;17;1;3;5;2;2;0;1;0;0;0;0;1
11;8;8100102;2018;11;21;5;3;1;5;2;1;1;0;0;0;0;0
11;6;6200313;2018;11;17;3;2;6;4;2;0;1;1;0;0;0;1
11;4;4100101;2018;11;19;5;3;2;6;2;0;1;0;1;0;0;0
11;1;1300733;2018;11;13;1;3;5;3;0;0;1;0;0;0;0;1
11;7;7501031;2018;11;14;3;3;5;3;0;0;1;0;0;0;0;1
11;8;8100417;2018;11;19;5;2;6;4;2;0;1;1;0;0;0;0
11;8;8100313;2018;11;19;5;3;0;1;2;1;0;0;0;0;0;0
11;2;2200209;2018;11;15;3;3;5;2;0;0;1;0;0;0;0;1
11;2;2100102;2018;11;14;5;3;3;6;0;0;1;0;1;0;0;0
11;2;2500831;2018;11;13;1;3;5;2;0;1;1;0;0;0;0;1
11;4;4300414;2018;11;10;2;3;5;7;0;1;1;0;0;0;0;0
11;8;8401243;2018;11;13;5;2;6;4;0;1;0;1;0;0;0;0
11;6;6200420;2018;11;6;2;3;5;2;1;0;1;0;0;0;0;1
11;9;9300920;2018;11;12;5;2;6;4;0;0;0;1;1;0;0;0
11;1;1200522;2018;11;16;3;3;5;3;1;0;1;0;0;0;0;1
11;1;1100207;2018;11;19;5;2;3;6;1;0;1;0;1;0;0;0
11;12;12200515;2018;11;13;1;3;5;3;0;0;1;0;0;0;0;1
11;2;2200208;2018;11;9;3;3;5;2;0;1;1;0;0;0;0;1
11;7;7200307;2018;11;19;5;3;5;7;2;1;1;0;0;0;0;0
11;4;4400728;2018;11;11;1;3;5;3;0;0;1;0;0;0;0;1
11;4;4501043;2018;11;10;5;3;6;4;0;1;0;1;0;0;0;0
11;3;3601453;2018;11;18;5;3;1;5;2;1;1;0;0;0;0;0
11;3;3400724;2018;11;19;1;3;0;6;2;0;1;0;1;0;0;0
11;3;3601141;2018;11;10;5;3;5;3;0;1;1;0;0;0;0;0
11;2;2500727;2018;11;18;5;3;2;6;2;0;1;0;0;0;0;0
11;7;7200409;2018;11;12;3;3;2;6;0;0;1;0;0;0;0;1
11;5;5400942;2018;11;9;5;3;5;2;0;1;1;0;0;0;0;0
11;5;5300737;2018;11;8;5;3;3;6;0;0;1;0;1;0;1;0
11;5;5100316;2018;11;9;1;2;6;2;0;0;1;1;0;0;0;1
11;1;1400938;2018;11;8;3;3;2;6;0;0;1;0;1;0;0;1
11;1;1200520;2018;11;8;5;3;0;2;0;1;1;0;0;0;0;0
11;1;1401045;2018;11;18;5;3;2;6;2;0;1;0;0;0;0;0
11;5;5200528;2018;11;8;5;3;2;6;0;0;1;0;0;0;1;0
11;4;4501148;2018;11;7;5;2;5;2;0;0;1;0;0;0;0;1
11;12;12400618;2018;11;7;3;3;2;6;0;0;1;0;0;0;0;1
11;7;7601545;2018;11;7;5;3;6;4;0;0;1;1;0;0;0;0
11;5;5100316;2018;11;17;5;3;5;2;2;1;1;0;0;0;0;0
11;8;8100206;2018;11;7;5;2;1;5;0;1;1;0;0;0;0;0
11;5;5200629;2018;11;7;5;3;5;3;1;1;1;0;0;0;0;0
11;3;3601450;2018;11;10;3;3;5;3;0;0;1;0;0;1;0;1
11;9;9401534;2018;11;6;5;3;2;6;2;0;1;0;0;0;0;0
11;6;6100208;2018;11;17;5;3;5;3;2;0;1;0;0;0;0;0
11;9;9200715;2018;11;9;1;3;5;3;0;1;0;0;0;0;1;1
11;2;2300418;2018;11;8;2;3;6;4;1;0;1;1;0;0;0;0
11;3;3501038;2018;11;16;5;3;5;2;2;1;1;0;0;0;0;0
11;4;4200311;2018;11;15;5;3;2;6;1;0;0;0;1;0;1;0
11;10;10300734;2018;11;16;5;3;5;2;2;1;1;0;0;0;0;0
11;9;9200717;2018;11;7;3;3;5;3;1;1;1;0;0;0;0;1
11;4;4300416;2018;11;10;5;3;0;1;0;0;0;0;1;0;0;0
11;4;4200206;2018;11;9;1;3;6;7;0;1;0;1;0;0;0;1
11;4;4501042;2018;11;17;2;2;6;4;2;0;1;1;0;0;0;0
11;6;6400840;2018;11;16;5;2;5;2;2;0;1;0;1;0;0;1
11;6;6300526;2018;11;14;2;2;6;4;1;1;0;1;0;0;0;0
11;2;2400625;2018;11;2;1;3;5;7;2;0;1;0;0;0;0;0
11;4;4300414;2018;11;13;2;3;6;4;0;1;0;1;0;0;0;1
11;2;2400625;2018;11;16;5;3;3;7;2;1;1;0;0;0;0;0
11;11;11300620;2018;11;8;2;3;5;2;0;1;0;0;0;1;0;1
11;10;10400939;2018;11;16;5;3;0;3;1;0;0;0;0;0;1;0
11;4;4500938;2018;11;19;3;3;0;2;2;1;1;0;0;0;0;1
11;12;12601032;2018;11;15;5;3;2;6;0;0;1;0;0;0;1;0
11;4;4300412;2018;11;15;1;3;2;6;0;0;1;0;0;0;0;1
11;12;12200307;2018;11;6;3;3;0;1;1;0;0;0;1;0;0;1
11;1;1300730;2018;11;15;5;3;2;2;0;0;1;0;0;0;0;0
11;7;7501133;2018;11;12;1;3;0;7;0;0;0;0;1;0;0;1
11;11;11300723;2018;11;18;1;2;1;5;2;0;1;0;1;0;0;1
11;11;11300721;2018;11;14;5;3;2;6;0;0;0;0;0;0;1;0
11;7;7601547;2018;11;5;2;3;2;6;2;0;1;0;0;0;0;1
11;3;3400725;2018;11;18;5;3;5;2;2;0;1;0;0;0;0;0
11;2;2200213;2018;11;13;3;3;2;7;0;0;1;0;1;0;0;1
11;2;2300314;2018;11;1;5;3;6;4;2;1;0;1;0;0;0;0
11;2;2300316;2018;11;10;1;3;9;1;0;0;1;0;0;0;0;1
11;5;5200629;2018;11;17;5;3;2;6;2;0;1;0;0;0;0;0
11;4;4300412;2018;11;16;3;3;6;2;2;0;1;1;0;0;0;1
11;6;6100207;2018;11;18;4;3;0;6;2;0;1;0;0;0;1;0
11;11;11400927;2018;11;13;1;2;0;1;0;1;0;0;0;0;0;1
11;1;1401049;2018;11;13;3;3;5;2;0;1;1;0;0;0;0;1
11;2;2300419;2018;11;22;4;3;0;7;2;1;0;0;0;0;0;0
11;7;7300619;2018;11;22;1;3;5;2;2;1;1;0;0;0;0;0
11;11;11200411;2018;11;21;4;2;0;1;2;1;0;0;0;0;0;0