LAND;BEZ;LOR_ab_2021;UJAHR;UMONAT;USTUNDE;UWOCHENTAG;UKATEGORIE;UART;UTYP1;ULICHTVERH;IstRad;IstPKW;IstFuss;IstKrad;IstGkfz;IstSonstige;USTRZUSTAND
11;5;5200526;2018;11;14;1;3;2;6;0;0;1;0;0;0;1;1
11;11;11401034;2018;11;20;1;3;5;3;2;0;1;0;0;0;0;1
11;8;8100311;2018;11;21;4;3;1;5;2;1;1;0;0;0;0;0
11;6;6400843;2018;11;20;4;3;5;3;1;0;1;0;0;0;0;0
11;7;7200413;2018;11;12;3;2;0;1;0;1;0;0;0;0;0;1
11;6;6300527;2018;11;20;4;2;5;3;2;0;1;0;0;0;0;0
11;6;6300629;2018;11;18;4;3;6;4;2;1;0;1;0;0;0;0
11;9;9501940;2018;11;19;7;2;6;4;2;0;1;1;0;0;0;0
11;7;7601442;2018;11;17;3;3;6;2;2;0;1;1;0;0;0;1
11;5;5200631;2018;11;17;4;3;6;2;2;0;1;1;0;0;0;0
11;7;7300619;2018;11;18;7;3;1;1;2;0;1;0;0;0;0;0
11;5;5200629;2018;11;17;4;3;0;2;2;0;1;0;0;0;1;0
11;3;3500932;2018;11;8;3;3;5;5;0;0;1;0;0;0;0;1
11;4;4501045;2018;11;16;4;3;2;7;1;0;1;0;1;0;0;0
11;9;9301126;2018;11;18;1;3;4;2;2;0;1;0;0;0;0;1
11;7;7601547;2018;11;16;4;3;6;2;1;0;0;1;0;0;1;0
11;1;1100310;2018;11;15;4;3;2;6;0;0;1;0;0;0;0;0
11;9;9100101;2018;11;15;4;3;2;6;1;1;1;0;0;0;0;0
11;8;8401139;2018;11;7;3;3;5;3;0;0;1;0;0;0;0;1
11;4;4300620;2018;11;15;4;3;5;7;0;0;1;0;0;0;1;0
11;1;1200629;2018;11;7;4;3;2;6;0;1;1;0;0;0;0;1
11;9;9200717;2018;11;15;1;3;0;3;0;1;1;0;0;0;0;0
11;4;4300623;2018;11;19;2;3;0;3;2;1;0;0;0;0;0;0
11;7;7601443;2018;11;15;4;2;5;3;0;0;0;0;1;0;1;0
11;2;2200208;2018;11;7;2;3;2;7;0;0;1;0;0;0;1;0
11;6;6400844;2018;11;7;4;3;5;3;0;1;1;0;0;0;0;1
11;7;7300515;2018;11;7;4;3;5;3;0;1;1;0;0;0;0;0
11;7;7300619;2018;11;18;3;3;2;6;2;0;1;0;0;0;0;0
11;1;1100103;2018;11;7;3;3;2;6;1;0;1;0;0;0;0;1
11;11;11501238;2018;11;7;4;2;5;2;0;1;0;0;0;0;0;0
11;4;4501148;2018;11;7;4;3;5;7;0;1;1;0;0;0;0;0
11;1;1300733;2018;11;23;7;3;1;5;2;1;1;0;0;0;0;0
11;1;1300836;2018;11;17;2;2;6;2;2;0;1;1;0;0;0;1
11;6;6200422;2018;11;7;4;2;5;3;0;0;1;0;0;0;1;1
11;9;9100407;2018;11;7;2;3;6;4;0;1;0;1;0;0;0;0
11;1;1300834;2018;11;16;1;3;0;1;1;0;0;0;1;0;0;1
11;7;7100204;2018;11;14;4;2;5;3;0;0;1;0;0;0;0;0
11;5;5100316;2018;11;17;3;3;5;2;2;1;1;0;0;0;0;1
11;10;10100311;2018;11;13;4;3;2;6;0;0;1;0;0;0;1;0
11;1;1100309;2018;11;23;7;3;2;6;2;0;1;0;0;0;0;0
11;4;4501148;2018;11;14;3;3;2;6;0;0;1;0;0;0;0;1
11;4;4200203;2018;11;13;4;3;5;2;0;0;1;0;0;0;0;0
11;8;8200624;2018;11;22;7;3;6;2;2;0;1;1;0;0;0;0
11;1;1100206;2018;11;12;4;2;5;2;0;1;1;0;0;0;0;0
11;11;11300721;2018;11;16;2;3;2;6;0;0;1;0;0;0;0;0
11;6;6100205;2018;11;16;3;3;2;2;2;0;1;0;0;0;0;1
11;1;1401045;2018;11;11;4;3;2;6;0;0;1;0;1;0;0;0
11;4;4501041;2018;11;10;2;3;1;5;0;1;1;0;0;0;0;0
11;11;11200410;2018;11;11;4;3;5;2;0;0;1;0;0;0;0;0
11;5;5200528;2018;11;7;2;2;5;3;0;0;1;0;1;0;0;1
11;12;12200307;2018;11;10;4;2;6;4;0;0;1;1;0;0;0;0
11;7;7400927;2018;11;16;3;3;6;2;2;0;1;1;0;0;0;1
11;3;3601449;2018;11;10;4;3;2;6;0;0;1;0;0;0;0;1
11;4;4300619;2018;11;9;3;3;5;7;0;0;1;0;0;0;0;1
11;1;1100308;2018;11;10;4;3;5;7;0;1;1;0;0;0;0;0
11;4;4300517;2018;11;10;4;3;5;2;0;1;0;0;0;0;0;0
11;4;4300416;2018;11;9;4;3;5;3;0;0;1;0;0;0;0;0
11;4;4300416;2018;11;8;4;2;5;2;0;0;1;0;1;0;0;0
11;3;3200309;2018;11;11;3;3;2;6;0;0;1;0;0;0;0;1
11;1;1100207;2018;11;8;4;3;5;2;0;1;1;0;0;0;0;0
11;4;4300619;2018;11;8;4;3;5;7;0;1;1;0;0;0;0;0
11;4;4300622;2018;11;7;4;3;6;7;0;0;1;1;0;0;0;1
11;5;5200632;2018;11;12;3;3;2;6;0;0;1;0;0;0;0;1
11;9;9301025;2018;11;7;4;3;0;1;0;0;0;0;1;0;0;1
11;2;2200210;2018;11;6;4;3;6;2;1;0;1;1;0;0;0;0
11;6;6100204;2018;11;8;3;3;2;6;0;0;1;0;0;0;1;1
11;9;9100101;2018;11;5;4;3;2;2;2;1;1;0;0;0;0;1
11;2;2300315;2018;11;10;4;3;3;6;0;1;1;0;0;0;0;0
11;4;4300416;2018;11;14;4;3;8;1;0;0;1;0;0;0;0;0
11;4;7300515;2018;11;8;4;2;0;1;0;1;0;0;0;0;0;1
11;12;12400722;2018;11;7;3;3;5;3;0;1;1;0;0;0;0;1
11;5;5100105;2018;11;19;3;3;0;6;2;0;0;0;0;0;1;0
11;10;10200524;2018;11;21;3;3;5;3;0;1;0;0;0;0;1;0
11;10;10100312;2018;11;18;1;2;5;2;2;1;1;0;0;0;0;1
11;11;11300721;2018;11;18;2;3;2;2;2;1;1;0;0;0;0;1
11;11;11400927;2018;11;9;3;3;0;3;0;1;1;0;0;0;0;0
11;1;1100309;2018;11;8;2;3;5;3;0;1;1;0;0;0;0;0
11;1;1100310;2018;11;19;3;3;0;1;2;0;0;0;1;0;0;0
11;1;1200517;2018;11;11;3;3;3;6;0;0;1;0;0;0;0;1
11;8;8100206;2018;11;19;3;2;2;1;2;0;1;0;1;0;0;0
11;5;5200632;2018;11;18;3;3;5;2;2;1;0;0;0;0;1;0
11;4;4501042;2018;11;18;3;3;0;7;2;0;1;0;1;0;0;0
11;2;2500835;2018;11;7;3;3;2;6;1;0;1;0;1;0;0;1
11;1;1100103;2018;11;18;3;3;5;2;2;1;0;0;1;0;0;0
11;11;11400931;2018;11;12;2;3;6;4;0;0;1;1;0;0;0;1
11;5;5100105;2018;11;7;2;3;2;6;0;0;1;0;0;0;0;0
11;1;1401048;2018;11;16;1;3;2;6;0;0;1;0;0;0;0;1
11;11;11100309;2018;11;10;3;3;2;6;0;0;1;0;0;0;0;0
11;5;5100316;2018;11;15;3;3;3;6;1;1;0;0;0;0;0;1
11;6;6200421;2018;11;17;5;3;4;7;2;1;0;0;0;0;0;0
11;10;10200526;2018;11;12;1;3;0;2;0;0;0;1;1;0;0;0
11;2;2200213;2018;11;8;4;3;5;2;0;1;1;0;0;0;0;0
11;1;1300835;2018;11;20;1;3;5;2;2;1;1;0;0;0;0;0
11;4;4200310;2018;11;19;4;3;5;3;2;0;1;0;0;0;0;0
11;4;4400833;2018;11;12;1;2;5;2;0;1;1;0;0;0;0;0
11;11;11400928;2018;11;10;4;3;2;6;0;1;0;0;0;0;1;0
11;9;9200510;2018;11;10;1;3;5;3;0;0;1;0;0;0;0;0
11;1;1100308;2018;11;7;4;3;5;2;0;1;1;0;0;0;0;0
11;2;2200210;2018;11;8;5;3;0;1;0;0;1;0;1;0;0;0
11;11;11300620;2018;11;8;1;3;1;5;0;0;1;0;0;0;0;0
11;6;6100102;2018;11;7;4;3;6;4;0;0;1;1;0;0;0;0
11;1;1100310;2018;11;1;1;3;6;4;2;0;1;1;0;0;0;0
11;6;6300629;2018;11;6;4;3;2;2;0;0;1;0;0;0;0;0
11;9;9401534;2018;11;22;1;3;1;5;2;0;1;0;0;0;0;1
11;1;1300730;2018;11;13;6;3;2;6;0;0;1;0;0;0;1;0
11;12;12200309;2018;11;22;1;3;5;2;2;0;1;0;0;0;1;1
11;7;7601238;2018;11;6;4;2;1;1;0;0;1;0;1;0;0;0
11;1;1200623;2018;11;17;1;3;5;3;1;0;1;0;1;0;0;1
11;8;8100311;2018;11;18;1;3;1;5;2;1;1;0;0;0;0;1
11;6;6200313;2018;11;11;4;3;0;2;0;0;1;0;0;0;1;0
11;2;2400625;2018;11;4;5;2;5;2;2;0;1;0;0;0;0;0
11;3;3601141;2018;11;18;1;3;2;2;2;1;1;0;0;0;0;1
11;4;4400725;2018;11;19;1;3;3;6;2;0;1;0;0;0;0;0
11;1;1100415;2018;11;20;3;3;1;5;2;1;1;0;0;0;0;0
11;6;6400737;2018;11;20;1;2;0;1;2;0;1;0;0;0;0;1
11;7;7200409;2018;11;3;7;2;3;6;2;1;0;0;0;0;1;0
11;5;5200634;2018;11;15;3;3;5;2;0;0;1;0;0;0;0;0
11;1;1200522;2018;11;17;7;3;2;5;2;0;1;0;0;0;0;0
11;10;10200420;2018;11;7;6;2;6;4;1;0;1;1;0;0;0;1
11;9;9200715;2018;11;7;7;3;5;3;1;1;1;0;0;0;0;0
11;1;1300733;2018;11;17;4;3;5;2;2;0;1;0;0;0;0;0
11;4;4300412;2018;11;20;7;2;9;1;2;0;1;0;0;0;0;0
11;1;1401045;2018;11;20;7;2;6;2;2;0;1;1;0;0;0;0
11;1;2100101;2018;11;19;4;3;2;2;2;1;1;0;0;0;0;1
11;4;4501043;2018;11;12;7;3;1;5;0;1;1;0;0;0;1;0
11;9;9502043;2018;11;11;7;3;2;2;0;0;1;0;0;0;0;0
11;2;2500726;2018;11;17;3;1;6;4;2;0;0;1;0;0;1;0
11;4;4300412;2018;11;11;7;3;5;2;0;1;1;0;0;0;0;0
11;6;6200313;2018;11;11;7;3;0;7;0;0;1;0;0;0;1;0
11;5;5200528;2018;11;22;3;2;5;2;2;0;1;0;0;0;0;0
11;2;2100106;2018;11;10;7;3;5;3;0;0;0;0;1;0;1;0
11;1;1100308;2018;11;19;5;3;1;5;2;0;1;0;0;0;0;0
11;6;6400842;2018;11;10;7;3;5;3;0;0;1;0;0;0;0;0
11;3;3701555;2018;11;9;4;3;2;6;0;1;0;0;0;0;0;0
11;3;3200204;2018;11;6;7;3;0;7;2;0;1;0;0;0;0;0
11;2;2200210;2018;11;21;3;3;5;2;2;1;1;0;0;0;0;0
11;2;2500726;2018;11;0;7;3;1;1;2;0;1;0;1;0;0;0
11;3;3400723;2018;11;20;7;3;5;3;2;1;1;0;0;0;0;0
11;3;3200206;2018;11;21;3;2;6;2;2;0;1;1;0;0;0;0
11;4;4501153;2018;11;18;7;3;9;1;2;0;1;0;0;0;0;0
11;9;9100407;2018;11;15;7;3;3;6;0;0;1;0;0;0;1;0
11;5;5300737;2018;11;21;3;3;5;3;2;0;1;0;0;0;0;0
11;11;11200512;2018;11;15;7;3;1;5;0;0;1;0;0;1;0;0
11;4;4300622;2018;11;21;3;3;9;1;1;0;0;0;1;0;0;0
11;6;6100208;2018;11;16;5;3;5;3;2;1;1;0;0;0;0;0
11;8;8200726;2018;11;14;7;3;2;6;0;0;1;0;0;0;0;0
11;6;6400844;2018;11;19;3;3;0;3;2;0;1;0;1;0;0;0
11;2;2200210;2018;11;13;7;3;5;3;0;0;1;0;0;0;0;0
11;7;7501135;2018;11;18;3;3;5;3;2;0;1;0;1;0;0;0
11;1;1400937;2018;11;13;7;3;5;7;0;0;1;0;0;0;0;1
11;4;4200309;2018;11;13;6;3;4;6;0;1;1;0;0;0;0;0
11;2;2200209;2018;11;18;3;3;6;2;2;0;0;1;0;0;1;0
11;7;7601442;2018;11;7;5;3;5;3;0;0;1;0;0;0;0;0
11;1;1300836;2018;11;17;6;3;2;6;2;0;1;0;0;0;1;0
11;7;7400823;2018;11;17;3;3;2;6;2;0;1;0;0;0;1;0
11;2;2100104;2018;11;19;6;3;5;3;2;1;1;0;0;0;0;0
11;4;4501042;2018;11;17;3;3;0;3;2;0;1;0;0;0;1;1
11;1;1401048;2018;11;9;5;2;3;6;0;0;0;0;1;1;0;0
11;5;5300737;2018;11;16;6;3;5;2;1;0;1;0;1;0;0;0
11;1;1100310;2018;11;17;3;3;2;6;2;0;1;0;1;0;0;0
11;3;3400721;2018;11;8;6;3;1;5;0;1;1;0;0;0;0;0
11;2;2500833;2018;11;17;3;3;1;5;2;1;1;0;0;0;0;0
11;7;7100101;2018;11;18;6;3;6;2;2;0;1;1;0;0;0;0
11;2;2500832;2018;11;14;6;3;5;3;0;1;0;0;0;0;1;0
11;12;12400723;2018;11;17;6;2;5;3;2;0;1;0;1;0;0;0
11;11;11300721;2018;11;8;3;3;3;6;0;1;0;0;0;1;0;0
11;4;4100101;2018;11;20;4;2;0;1;2;1;0;0;0;0;0;1
11;7;7601442;2018;11;17;6;2;1;7;2;0;1;0;0;0;0;0
11;12;12200309;2018;11;16;6;3;1;5;2;1;1;0;0;0;1;0
11;1;1400942;2018;11;7;3;3;3;6;0;0;1;0;0;0;0;0
11;2;2100101;2018;11;15;6;3;0;4;1;0;1;1;0;0;0;0
11;7;7501030;2018;11;16;6;3;2;7;1;0;1;0;0;0;0;0
11;9;9100408;2018;11;7;3;3;5;2;1;1;1;0;0;0;0;0
11;1;1100207;2018;11;8;6;3;1;5;0;1;1;0;0;0;0;0
11;5;5200632;2018;11;12;6;3;8;1;0;0;1;0;0;0;0;0
11;11;11100102;2018;11;6;3;2;6;4;2;0;1;1;0;0;0;1
11;8;8200833;2018;11;11;6;3;2;6;0;0;1;0;0;0;1;0
11;8;8100311;2018;11;21;3;3;5;2;2;1;1;0;0;0;0;0
11;1;1401044;2018;11;11;6;3;5;3;0;1;1;0;0;0;0;0
11;11;11300721;2018;11;20;6;3;0;6;2;0;1;0;0;0;0;0
11;4;4501044;2018;11;15;6;3;4;6;0;1;0;0;0;0;0;0
11;2;2200209;2018;11;17;4;3;5;2;2;1;1;0;0;0;0;0
11;4;4501041;2018;11;11;6;3;2;6;0;0;1;0;0;0;1;0
11;12;12400723;2018;11;11;6;3;5;3;0;0;1;0;0;0;0;0
11;8;8100311;2018;11;16;3;3;2;6;1;0;1;0;1;0;0;1
11;7;7400928;2018;11;10;6;2;6;4;0;0;1;1;0;0;0;0
11;1;1200623;2018;11;10;6;3;0;2;0;1;0;0;1;0;0;1
11;4;4300620;2018;11;16;3;3;6;4;1;1;0;1;0;0;0;0
11;8;8100312;2018;11;9;6;3;3;6;0;0;0;0;1;0;1;0
11;4;4300624;2018;11;13;3;3;1;5;0;1;1;0;0;0;0;0
11;11;11300722;2018;11;18;5;2;6;2;2;0;1;1;0;0;0;0
11;2;2400623;2018;11;9;6;3;5;2;0;0;1;0;0;0;1;0
11;4;4100101;2018;11;23;5;2;5;3;2;0;1;0;0;0;0;0
11;1;1100207;2018;11;8;6;3;5;2;0;1;0;0;0;0;1;0
11;4;4400835;2018;11;16;4;2;5;2;1;0;1;0;0;0;0;0
11;4;4501146;2018;11;8;6;3;2;2;0;1;1;0;0;0;0;0
11;6;6200314;2018;11;12;3;3;6;2;0;0;1;1;0;0;0;0
11;3;3400828;2018;11;7;6;2;3;2;0;1;1;0;0;0;0;0
11;1;1200628;2018;11;7;6;2;6;4;0;0;1;1;0;0;0;0
11;4;4200311;2018;11;12;3;3;5;3;0;1;1;0;0;0;0;0
11;10;10300731;2018;11;7;6;3;0;2;0;1;1;0;0;0;0;0
11;1;1100207;2018;11;11;3;3;5;7;0;1;1;0;0;0;0;0
11;8;8100311;2018;11;13;5;3;5;3;0;1;0;0;0;0;1;0
11;7;7300517;2018;11;18;5;3;1;5;2;1;1;0;0;0;0;0
11;2;2100102;2018;11;10;3;3;3;6;0;1;1;0;0;0;0;0
11;1;1100206;2018;11;18;5;3;5;3;2;1;1;0;0;0;0;0
11;1;1200519;2018;11;8;3;3;5;2;0;1;1;0;0;0;0;0
11;4;4300621;2018;11;17;5;3;0;1;2;1;0;0;0;0;0;0
11;6;6300528;2018;11;17;5;2;1;5;2;0;1;0;0;0;0;0
11;5;5100317;2018;11;8;3;3;5;2;0;0;1;0;0;0;0;0
11;7;7601340;2018;11;16;5;3;5;2;1;1;1;0;0;0;0;0
11;4;4300517;2018;11;8;3;3;4;6;0;1;1;0;0;0;0;0
11;1;1100310;2018;11;15;5;3;5;3;0;1;0;0;0;0;1;0
11;6;6200421;2018;11;8;3;3;2;7;0;0;1;0;0;0;1;0
11;3;3601450;2018;11;9;5;2;1;5;0;1;1;0;0;0;1;0
11;5;5200632;2018;11;15;5;3;5;2;0;0;1;0;0;0;1;0
11;7;7300517;2018;11;19;2;3;5;2;2;1;1;0;0;0;0;0
11;8;8200624;2018;11;15;5;2;5;2;0;0;1;0;1;0;0;1
11;3;3100101;2018;11;19;2;3;6;6;2;0;1;1;0;0;0;1
11;1;1200520;2018;11;17;5;3;5;2;1;1;1;0;0;0;0;0
11;7;7400927;2018;11;14;6;2;6;4;0;0;1;1;0;0;0;0
11;11;11501341;2018;11;14;5;2;6;4;0;0;0;1;0;0;1;0
11;8;8100314;2018;11;19;4;3;5;7;2;1;1;0;0;0;0;0
11;2;2300417;2018;11;22;5;3;0;7;2;0;1;0;1;0;0;0
11;10;10300734;2018;11;19;2;3;6;4;2;1;0;1;0;0;0;1
11;8;8200832;2018;11;7;5;3;2;2;1;0;1;0;0;0;0;0
11;1;1100310;2018;11;12;5;3;6;4;0;0;1;1;0;0;0;0
11;12;12500930;2018;11;19;5;3;5;2;2;0;1;0;0;0;0;0
11;5;5300735;2018;11;18;2;3;4;1;1;0;1;0;0;0;0;1
11;7;7400720;2018;11;12;5;3;1;5;0;1;1;0;0;0;0;0
11;4;4300619;2018;11;12;5;3;5;3;0;1;1;0;0;0;0;0
11;5;5200632;2018;11;18;2;3;2;6;2;0;1;0;0;0;0;1
11;9;9200819;2018;11;12;5;3;2;6;0;0;1;0;0;0;0;0
11;2;2300314;2018;11;7;6;3;5;2;0;1;0;0;0;1;0;0
11;11;11401136;2018;11;18;5;2;6;4;2;0;1;1;0;0;0;0
11;8;8100415;2018;11;17;4;2;6;7;2;0;1;1;0;0;0;0
11;4;4300518;2018;11;17;5;3;5;2;2;0;1;0;1;0;0;0
11;4;4500937;2018;11;12;5;3;1;5;0;1;1;0;0;0;0;0
11;10;10200421;2018;11;16;2;3;5;3;2;0;1;0;0;0;0;1
11;9;9301126;2018;11;11;5;3;0;7;0;1;1;0;0;0;0;0
11;11;11300725;2018;11;10;5;3;5;3;0;0;1;0;0;0;1;0
11;1;1100415;2018;11;9;5;3;0;1;0;0;0;0;1;0;0;0
11;7;7100205;2018;11;9;5;3;2;2;0;0;1;0;0;0;0;0
11;4;4400726;2018;11;15;2;3;5;2;0;0;1;0;0;0;1;1
11;2;2100102;2018;11;9;5;3;5;3;0;1;1;0;0;0;0;0
11;7;7100101;2018;11;8;5;3;2;6;0;0;1;0;0;0;0;0
11;12;12500930;2018;11;14;2;3;6;4;0;0;1;1;0;0;0;1
11;4;4501042;2018;11;8;5;3;1;5;0;1;1;0;0;0;0;0
11;7;7200308;2018;11;19;5;3;2;6;2;1;1;0;0;0;0;0
11;2;2500835;2018;11;8;5;3;5;2;0;1;1;0;0;0;0;0
11;1;1200517;2018;11;16;4;2;5;3;2;0;1;0;1;0;0;0
11;7;7300619;2018;11;8;5;3;0;2;0;1;0;0;0;0;1;0
11;8;8200730;2018;11;14;2;3;5;7;0;0;1;0;0;0;0;1
11;9;9301025;2018;11;7;5;3;5;3;0;1;1;0;0;0;0;1
11;3;3400725;2018;11;14;2;3;5;2;0;1;1;0;0;0;0;1
11;2;2200210;2018;11;6;5;3;2;3;1;1;1;0;0;0;0;0
11;1;1100310;2018;11;13;2;2;0;1;0;1;0;0;0;0;0;1
11;7;7601339;2018;11;12;5;3;2;7;0;0;1;0;1;0;0;0
11;12;12200307;2018;11;13;2;3;5;3;0;0;1;0;0;0;0;1
11;9;9200717;2018;11;5;5;3;8;1;2;0;1;0;0;0;0;1
11;6;6200317;2018;11;13;2;3;5;3;0;1;1;0;0;0;0;1
11;12;12400720;2018;11;17;5;3;6;7;2;1;0;1;0;0;0;0
11;2;2300316;2018;11;0;5;3;2;6;2;0;1;0;0;0;0;0
11;12;12500926;2018;11;13;2;3;5;2;0;1;1;0;0;0;0;1
11;1;1200520;2018;11;21;4;2;2;6;2;0;1;0;0;0;0;0
11;1;1200623;2018;11;12;2;3;1;5;0;0;1;0;0;0;1;0
11;4;4501040;2018;11;20;4;2;0;7;2;0;1;0;1;0;0;0
11;1;1100206;2018;11;19;4;3;6;4;2;0;1;1;0;0;0;0
11;10;10400940;2018;11;13;2;3;2;6;0;0;1;0;0;0;0;1
11;6;6100208;2018;11;8;5;3;5;3;0;1;1;0;0;0;0;0
11;2;2500835;2018;11;19;4;3;3;6;2;1;1;0;0;0;0;0
11;1;1100415;2018;11;12;2;3;0;6;0;0;1;0;0;0;1;1
11;1;1100308;2018;11;7;4;3;0;6;2;1;0;0;0;0;1;0
11;4;4501042;2018;11;19;4;3;1;5;2;1;1;0;0;0;0;1
11;6;6100101;2018;11;12;2;3;0;7;0;0;1;0;0;0;0;1
11;4;4300416;2018;11;17;4;3;3;6;2;0;1;0;1;0;0;0
11;6;6100210;2018;11;9;2;3;2;6;0;0;1;0;0;0;0;0
11;7;7501029;2018;11;17;4;2;1;5;2;0;1;0;1;0;0;0
11;11;11100206;2018;11;17;4;3;5;2;2;0;0;0;1;0;0;1
11;3;3400723;2018;11;9;2;2;2;6;0;0;1;0;1;0;1;1
11;8;8100521;2018;11;8;4;3;1;5;0;1;1;0;0;0;0;0
11;3;3701657;2018;11;17;4;3;5;3;2;1;1;0;0;0;0;0
11;7;7300619;2018;11;16;4;2;1;5;2;0;1;0;1;0;0;1
11;8;8100310;2018;11;9;2;3;0;5;0;0;1;0;0;0;0;1
11;9;9502043;2018;11;18;4;3;0;1;2;1;0;0;0;0;0;1
11;1;1100309;2018;11;16;4;3;5;3;1;1;0;0;0;0;1;0
11;5;5100103;2018;11;9;2;3;2;2;0;0;1;0;0;0;1;0
11;7;7601341;2018;11;15;4;2;5;3;0;1;1;0;0;0;0;0
11;3;3601449;2018;11;19;5;3;6;2;2;0;1;1;0;0;0;0
11;7;7100204;2018;11;14;4;3;5;3;0;1;1;0;0;0;0;0
11;6;6300633;2018;11;8;2;2;0;3;0;1;0;0;0;0;1;0
11;12;12500930;2018;11;18;4;2;2;2;1;0;1;0;0;0;0;0
11;10;10400939;2018;11;12;6;3;5;3;0;0;1;0;0;0;0;1
11;2;2200210;2018;11;18;4;3;2;6;0;0;1;0;0;0;0;0
11;11;11501341;2018;11;18;4;2;0;1;2;0;1;0;0;0;0;1
11;2;2500836;2018;11;15;4;3;5;7;1;1;1;0;0;0;0;1
11;1;1100206;2018;11;17;4;3;5;7;1;1;1;0;0;0;0;0
11;3;3701556;2018;11;9;2;3;5;2;0;1;0;0;0;0;1;1
11;1;1100206;2018;11;12;4;3;1;5;0;1;0;0;0;0;1;0
11;8;8401241;2018;11;7;4;3;2;2;0;0;1;0;0;0;0;1
11;5;5200629;2018;11;17;2;3;0;7;2;0;0;0;1;0;0;1
11;6;6400737;2018;11;7;4;3;5;2;0;0;1;0;0;0;0;1
11;4;4501150;2018;11;17;2;3;2;6;2;1;1;0;0;0;0;0
11;6;6200420;2018;11;18;5;3;1;5;2;1;1;0;0;0;0;0
11;1;1200623;2018;11;6;4;3;1;5;1;1;1;0;0;0;0;0
11;3;3601451;2018;11;9;4;3;6;4;0;0;0;1;1;0;0;0
11;10;10100209;2018;11;5;4;3;3;6;2;0;1;0;1;0;0;1
11;11;11501340;2018;11;17;4;3;5;2;2;1;1;0;0;0;0;0
11;3;3601346;2018;11;13;4;3;5;2;0;0;0;0;1;0;1;0
11;8;8401243;2018;11;7;2;3;5;3;1;1;1;0;0;0;0;0
11;4;4501045;2018;11;14;4;3;2;6;0;0;1;0;0;0;0;0
11;2;2200213;2018;11;11;4;3;5;3;0;1;1;0;0;0;0;0
11;10;10400941;2018;11;7;2;3;5;3;1;1;1;0;0;0;0;0
11;5;5300737;2018;11;10;4;3;3;6;0;0;1;0;0;0;0;1
11;8;8100104;2018;11;17;2;3;6;4;2;1;0;1;0;0;1;0
11;5;5100211;2018;11;15;5;3;5;2;0;0;1;0;0;0;0;0
11;1;1100313;2018;11;10;4;3;5;5;0;1;1;0;0;0;0;1
11;3;3300516;2018;11;6;2;3;0;3;2;0;0;0;1;0;1;0
11;7;7100205;2018;11;9;4;3;5;3;0;1;1;0;0;0;0;1
11;3;3501037;2018;11;5;2;3;5;3;2;0;1;0;0;0;0;1
11;1;1100207;2018;11;6;4;2;6;2;2;0;1;1;0;0;0;1
11;6;6400735;2018;11;8;4;3;2;6;0;0;1;0;0;0;0;1
11;7;7200308;2018;11;17;2;3;2;6;2;0;1;0;0;0;0;1
11;12;12200412;2018;11;4;2;2;5;7;2;0;1;0;1;0;0;1
11;1;1300731;2018;11;8;4;3;2;6;0;0;1;0;0;0;0;1
11;1;1300834;2018;11;3;2;3;0;3;2;0;1;0;1;0;0;1
11;8;8301036;2018;11;8;4;3;2;6;0;0;1;0;0;0;0;1
11;7;7601443;2018;11;3;2;3;1;7;2;0;1;0;0;0;0;1
11;10;10200418;2018;11;9;5;3;5;2;0;0;1;0;0;0;0;1
11;1;1400938;2018;11;8;4;3;0;7;0;1;1;0;0;0;0;1
11;10;10400835;2018;11;16;2;3;2;6;2;0;1;0;0;0;0;1
11;5;5200630;2018;11;12;4;2;2;6;0;0;1;0;0;0;0;0
11;5;5200631;2018;11;2;2;3;1;1;2;0;1;0;0;0;1;1
11;9;9501939;2018;11;9;4;2;5;3;0;1;0;0;1;0;0;1
11;11;11200514;2018;11;15;6;3;6;4;0;0;1;1;0;0;0;0
11;5;5300736;2018;11;8;4;2;5;2;0;1;1;0;0;0;0;1
11;1;7100102;2018;11;20;4;3;2;6;2;0;1;0;1;0;0;1
11;12;12601236;2018;11;8;4;3;2;6;0;0;1;0;0;0;0;1
11;6;6300634;2018;11;13;4;3;5;2;0;0;1;0;0;0;0;0
11;9;9502043;2018;11;16;2;3;2;2;2;0;1;0;0;0;0;1
11;10;10400938;2018;11;14;4;3;0;7;0;0;0;0;0;0;1;0
11;3;3200206;2018;11;7;5;3;4;6;0;1;1;0;0;0;0;0
11;4;4300619;2018;11;15;4;3;0;2;0;1;1;0;0;0;0;1
11;1;1401044;2018;11;19;4;3;6;7;2;1;0;1;0;0;0;0
11;1;3701556;2018;11;0;2;2;6;4;2;1;0;1;0;0;0;1
11;2;2200211;2018;11;21;4;3;1;5;2;1;1;0;0;0;0;0
11;7;7400928;2018;11;22;4;3;5;2;2;1;1;0;0;0;0;0
11;3;3500933;2018;11;16;2;3;6;4;2;0;1;1;0;0;0;1
11;9;9200715;2018;11;9;4;3;2;6;0;0;1;0;0;0;0;0
11;3;3500933;2018;11;9;6;3;6;4;0;1;0;1;0;0;0;0
11;6;6400844;2018;11;6;4;2;0;3;2;0;1;0;1;0;0;1