LAND;BEZ;LOR_ab_2021;UJAHR;UMONAT;USTUNDE;UWOCHENTAG;UKATEGORIE;UART;UTYP1;ULICHTVERH;IstRad;IstPKW;IstFuss;IstKrad;IstGkfz;IstSonstige;USTRZUSTAND
11;6;6400838;2018;11;17;4;3;5;3;2;0;1;0;0;0;1;0
11;12;12200412;2018;11;2;4;1;0;6;2;0;1;0;0;0;0;1
11;1;1100207;2018;11;16;3;3;6;4;0;0;0;1;0;0;1;0
11;4;4501149;2018;11;16;2;3;5;3;0;0;1;0;1;0;0;0
11;9;9501939;2018;11;6;3;3;0;2;2;1;1;0;0;0;0;0
11;2;2100103;2018;11;17;3;3;0;7;2;1;0;0;0;0;0;1
11;11;11200410;2018;11;15;2;2;6;4;1;0;1;1;0;0;0;1
11;7;7400823;2018;11;17;3;3;6;2;2;0;1;1;0;0;0;0
11;1;1300836;2018;11;15;2;3;5;2;1;0;1;0;0;0;0;1
11;1;1100309;2018;11;9;3;3;6;2;0;0;1;1;0;0;0;1
11;5;5100211;2018;11;15;2;3;5;2;0;1;1;0;0;0;0;1
11;11;10100205;2018;11;7;3;3;5;2;0;0;1;0;0;0;1;1
11;1;1100206;2018;11;20;5;3;2;6;2;1;1;0;0;0;0;0
11;3;3701554;2018;11;21;3;3;5;3;2;1;1;0;0;0;0;1
11;5;5300737;2018;11;16;4;3;2;6;2;0;1;0;1;0;0;0
11;1;1200517;2018;11;21;3;3;5;3;2;0;1;0;0;0;0;1
11;4;4200311;2018;11;14;2;3;1;5;0;0;1;0;0;0;0;0
11;6;6200316;2018;11;20;3;3;1;3;2;0;1;0;1;0;0;1
11;5;5100316;2018;11;15;2;3;6;2;0;0;1;1;0;0;0;1
11;11;11400927;2018;11;14;2;3;0;1;0;0;0;0;1;0;0;1
11;11;11400929;2018;11;13;5;3;0;3;0;0;1;0;1;0;0;0
11;7;7601544;2018;11;8;3;3;6;4;2;0;1;1;0;0;0;1
11;9;9501939;2018;11;13;4;2;5;2;0;0;0;0;1;0;1;0
11;1;1100308;2018;12;21;2;3;1;5;2;1;1;0;0;0;1;0
11;11;11100309;2018;11;12;4;3;5;3;0;1;1;0;0;0;0;0
11;6;6100207;2018;12;17;2;3;2;6;2;0;1;0;0;0;0;1
11;8;8200726;2018;11;12;4;2;6;2;0;0;1;1;0;0;0;0
11;8;8200726;2018;12;16;2;3;5;3;2;0;1;0;0;0;0;0
11;3;3701556;2018;11;14;4;3;3;6;0;1;1;0;0;0;0;0
11;12;12100101;2018;11;11;4;3;2;6;0;0;1;0;0;1;0;0
11;5;5200632;2018;12;18;2;3;3;6;2;0;1;0;0;0;0;1
11;12;12200414;2018;11;11;4;3;2;6;0;0;1;0;0;0;0;0
11;3;3200308;2018;11;11;4;3;5;3;0;0;1;0;0;0;0;0
11;10;10300731;2018;12;19;2;2;5;3;2;0;1;0;0;0;1;1
11;7;7300619;2018;11;18;4;2;2;7;2;0;1;0;0;0;1;0
11;1;1400937;2018;12;18;2;3;2;6;2;0;1;0;0;0;0;0
11;11;11300725;2018;11;18;4;3;3;6;2;1;1;0;0;0;0;0
11;9;9100203;2018;12;17;2;3;5;2;2;1;1;0;0;0;0;1
11;11;11400929;2018;11;18;4;3;5;7;2;0;1;0;0;0;0;0
11;4;4300619;2018;12;9;2;3;5;3;0;1;1;0;0;0;0;1
11;3;3601141;2018;11;1;4;3;6;2;2;0;1;1;0;0;0;0
11;5;5300838;2018;12;8;2;2;0;6;0;0;0;0;1;0;1;1
11;7;7400823;2018;12;8;2;3;5;3;1;1;1;0;0;0;0;1
11;4;4501045;2018;11;17;4;3;5;3;2;1;1;0;0;0;0;0
11;7;7200410;2018;11;18;4;3;6;7;2;0;1;1;0;0;0;0
11;5;5200630;2018;12;8;2;3;6;4;0;0;1;1;0;0;0;1
11;4;4200311;2018;12;8;2;3;0;6;0;0;1;0;1;0;0;1
11;10;10400939;2018;11;17;4;3;5;2;2;0;1;0;1;0;0;0
11;6;6200313;2018;12;7;2;3;5;3;1;1;1;0;0;0;0;1
11;9;9200715;2018;12;7;2;3;5;3;1;1;1;0;0;0;0;1
11;5;5400943;2018;11;17;4;3;6;4;2;0;1;1;0;0;0;0
11;8;8200831;2018;12;7;2;2;5;3;1;1;1;0;0;0;0;1
11;4;4300619;2018;11;17;4;3;6;4;2;0;0;1;0;0;1;0
11;8;8200832;2018;12;7;2;3;6;4;1;0;1;1;0;0;0;1
11;9;9502043;2018;11;10;4;3;5;3;0;0;1;0;0;0;0;0
11;1;1401048;2018;12;11;2;2;5;3;0;1;1;0;0;0;0;1
11;5;5300841;2018;12;7;2;3;6;2;2;0;1;1;0;0;0;1
11;4;4300624;2018;11;10;4;3;2;2;0;1;1;0;0;0;0;0
11;7;7400826;2018;12;6;2;3;5;3;2;0;1;0;0;0;1;1
11;11;11100204;2018;12;6;2;3;6;2;2;0;0;1;0;0;1;1
11;12;12400616;2018;11;10;4;2;2;2;0;1;1;0;0;0;0;0
11;1;1100415;2018;12;5;2;2;0;1;2;1;0;0;0;0;0;1
11;3;3400619;2018;12;21;1;3;6;2;2;0;1;1;0;0;0;1
11;3;3400620;2018;11;10;4;3;1;5;0;0;1;0;0;0;0;0
11;5;5200630;2018;12;20;1;2;6;4;2;0;0;1;0;0;1;1
11;9;9200716;2018;11;9;4;3;5;3;0;1;1;0;0;0;0;0
11;3;3501038;2018;12;19;1;3;5;2;2;1;1;0;0;0;0;1
11;7;7100101;2018;11;9;4;3;2;6;0;0;1;0;0;1;0;0
11;10;10200421;2018;12;19;1;3;6;4;2;0;1;1;0;0;0;1
11;1;1401047;2018;11;9;4;3;6;4;0;0;1;1;0;0;0;0
11;1;1100103;2018;12;19;1;3;6;2;2;0;1;1;0;0;0;1
11;1;1100205;2018;11;6;4;3;6;2;1;0;1;1;0;0;0;0
11;5;5100316;2018;12;19;1;3;1;5;2;0;1;0;0;0;1;1
11;4;4400835;2018;11;8;4;3;6;2;1;0;0;1;0;0;1;0
11;12;12200309;2018;12;18;1;3;2;6;2;0;1;0;0;0;0;1
11;6;6100209;2018;12;14;1;3;0;7;0;0;1;0;1;0;0;0
11;1;1100308;2018;11;18;4;3;2;2;2;1;1;0;0;0;0;0
11;8;8401246;2018;11;8;4;3;5;3;0;1;1;0;0;0;0;0
11;11;11401032;2018;12;18;1;3;2;6;2;0;1;0;0;0;0;1
11;8;8401241;2018;11;8;4;3;2;2;0;0;1;0;0;0;0;0
11;2;2300315;2018;11;7;4;3;5;3;0;0;1;0;0;0;0;0
11;1;1200522;2018;12;18;1;3;6;2;2;0;1;1;0;0;0;1
11;7;7400721;2018;11;6;4;3;3;6;2;0;1;0;0;1;0;0
11;2;2500833;2018;12;13;1;3;5;2;0;1;1;0;0;0;0;0
11;3;3400830;2018;11;6;4;3;5;2;2;1;1;0;0;0;0;0
11;4;4300622;2018;12;12;1;3;5;3;0;0;1;0;0;0;0;0
11;2;2200212;2018;11;14;4;3;5;2;0;1;1;0;0;0;0;0
11;11;11501238;2018;12;17;1;3;6;2;2;0;1;1;0;0;0;1
11;3;3500932;2018;11;6;4;3;6;4;1;0;1;1;0;0;0;0
11;12;12400619;2018;11;16;4;3;7;7;2;0;1;0;0;0;0;0
11;11;11300618;2018;12;17;1;2;6;4;1;0;0;1;0;0;1;1
11;3;3601453;2018;11;10;4;3;6;2;0;0;1;1;0;0;0;0
11;7;7501029;2018;12;16;1;2;6;2;1;0;1;1;0;0;0;1
11;3;3501038;2018;11;16;4;3;5;3;2;0;1;0;0;0;0;0
11;3;3701554;2018;11;15;4;2;6;4;0;1;0;1;0;0;0;0
11;1;1300834;2018;12;16;1;2;6;2;1;0;1;1;0;0;0;1
11;2;2500835;2018;11;15;4;3;5;3;0;1;1;0;0;0;0;0
11;5;5300736;2018;12;15;1;3;5;3;1;0;1;0;0;0;0;1
11;4;4500936;2018;11;14;4;3;3;6;0;1;1;0;0;0;0;0
11;1;1100415;2018;12;15;1;3;1;5;1;1;1;0;0;0;1;1
11;1;1300733;2018;11;7;4;3;0;7;0;1;1;0;0;0;0;0
11;3;3500932;2018;12;14;1;3;2;3;0;0;1;0;1;0;0;1
11;1;1400942;2018;11;14;3;3;0;4;0;1;0;1;0;0;0;0
11;5;5200630;2018;11;17;3;3;5;3;2;0;1;0;0;0;0;0
11;2;2400521;2018;12;14;1;3;5;3;0;0;1;0;0;0;0;1
11;2;2100101;2018;12;13;1;2;1;5;1;1;1;0;0;0;0;1
11;7;7100102;2018;11;16;3;3;2;6;1;0;1;0;0;0;0;0
11;8;8100102;2018;12;8;1;2;1;1;0;0;1;0;0;1;0;0
11;7;7400721;2018;12;6;1;2;8;1;2;0;1;0;0;0;0;1
11;2;2200210;2018;11;15;3;3;0;1;0;1;0;0;0;0;0;0
11;10;10100311;2018;12;5;1;2;9;1;2;0;1;0;0;0;0;1
11;8;8401242;2018;12;17;1;1;6;4;2;0;1;1;0;0;0;1
11;8;8100417;2018;11;15;3;3;2;6;0;0;1;0;0;0;0;0
11;10;10100103;2018;12;17;7;3;5;3;2;0;1;0;0;0;1;1
11;7;7400927;2018;11;12;3;3;2;6;0;0;1;0;0;0;0;0
11;7;7300516;2018;12;17;7;3;5;2;1;0;1;0;1;0;0;1
11;2;2200209;2018;11;9;3;3;2;6;0;0;1;0;1;0;0;0
11;8;8100207;2018;12;16;7;3;5;5;0;0;1;0;1;0;0;0
11;6;6100209;2018;11;9;3;3;3;2;0;1;1;0;0;0;0;0
11;7;7601236;2018;12;17;7;3;2;6;2;0;1;0;0;0;0;1
11;3;3300515;2018;12;17;7;3;2;6;2;0;1;0;0;0;0;1
11;1;1300834;2018;11;17;3;3;5;3;2;1;1;0;0;0;0;0
11;4;4400835;2018;12;17;7;3;0;6;2;0;0;1;1;0;0;1
11;8;8300935;2018;12;17;7;3;3;6;2;0;1;0;0;0;0;1
11;1;1100101;2018;11;9;3;3;5;3;0;1;1;0;0;0;0;0
11;3;3601450;2018;12;16;7;3;5;2;2;0;1;0;0;0;0;1
11;8;8300934;2018;11;9;3;2;5;2;0;0;1;0;0;0;0;0
11;11;11200514;2018;11;8;3;3;2;2;0;1;1;0;0;0;0;0
11;12;12200515;2018;12;15;7;3;5;3;0;0;1;0;1;0;0;1
11;2;2400623;2018;11;8;3;2;5;3;0;1;0;0;0;0;0;0
11;6;6300525;2018;12;15;7;2;5;3;1;0;1;0;1;0;0;1
11;7;7300517;2018;11;8;3;3;2;6;0;0;1;0;0;0;0;0
11;4;4200310;2018;12;14;7;3;2;6;0;0;1;0;0;0;0;1
11;8;8200831;2018;11;7;3;3;5;3;0;1;1;0;0;0;0;0
11;6;6300528;2018;12;14;7;3;5;3;0;0;1;0;0;0;0;1
11;12;12200515;2018;12;13;7;3;5;2;0;0;1;0;0;0;0;1
11;11;11100101;2018;11;7;4;3;5;3;1;1;1;0;0;0;0;0
11;10;10200417;2018;11;7;3;3;6;2;0;0;1;1;0;0;0;1
11;9;9401635;2018;12;12;7;3;5;3;0;0;1;0;0;0;0;1
11;4;4300517;2018;11;7;3;2;5;3;1;1;1;0;0;0;0;0
11;3;3501038;2018;11;6;3;3;5;3;2;1;1;0;0;0;0;1
11;6;6100102;2018;12;11;7;2;6;3;0;0;1;1;0;0;0;0
11;10;10400938;2018;11;6;3;3;1;5;2;1;1;0;0;0;0;0
11;10;10200417;2018;12;19;7;3;2;6;2;0;1;0;0;0;1;1
11;6;6200311;2018;11;21;3;3;5;3;2;0;1;0;0;0;0;0
11;2;2300314;2018;12;2;7;3;3;6;2;1;1;0;0;0;0;0
11;6;6200421;2018;12;18;7;3;6;2;2;0;1;1;0;0;0;0
11;2;2300315;2018;11;20;3;3;2;6;2;1;0;0;0;0;0;0
11;2;2400625;2018;12;5;7;3;0;1;2;0;0;0;0;0;1;1
11;9;9200512;2018;11;13;4;3;6;7;0;0;1;1;0;0;0;0
11;8;8100418;2018;11;19;3;3;6;2;2;0;1;1;0;0;0;0
11;4;4300415;2018;12;15;7;3;0;2;0;1;1;0;0;0;0;1
11;1;1200628;2018;11;18;3;3;5;3;1;0;1;0;0;0;0;0
11;12;12200412;2018;11;1;3;2;1;5;2;0;1;0;1;0;0;0
11;2;2200209;2018;11;21;6;3;0;7;2;0;1;0;0;0;0;1
11;6;6400843;2018;11;8;2;2;1;5;0;1;1;0;0;0;1;0
11;2;2200210;2018;11;22;6;3;5;2;2;1;1;0;0;0;0;1
11;12;12100102;2018;11;22;2;3;1;5;2;1;1;0;0;0;0;0
11;5;5200629;2018;11;20;6;3;6;2;2;0;1;1;0;0;0;1
11;7;7300517;2018;11;19;2;3;6;4;2;1;0;1;0;0;0;0
11;12;12601235;2018;11;19;6;3;6;2;2;0;1;1;0;0;0;1
11;4;4300621;2018;11;19;2;3;6;4;2;0;1;1;0;0;0;0
11;4;4501045;2018;11;14;4;3;5;3;0;1;1;0;0;0;0;0
11;1;1100205;2018;11;19;6;3;0;2;2;0;1;0;1;0;0;1
11;7;7501031;2018;11;19;2;3;5;7;2;0;1;0;0;0;0;0
11;6;6200317;2018;11;18;2;2;5;7;2;0;1;0;0;0;0;0
11;1;1200623;2018;11;19;6;3;6;2;2;0;1;1;0;0;0;1
11;9;9301126;2018;11;19;6;3;0;2;2;1;0;0;0;1;0;1
11;1;1100309;2018;11;18;2;3;1;5;2;0;1;0;1;0;0;0
11;12;12200515;2018;11;19;6;3;2;7;2;0;1;0;0;0;0;1
11;6;6400841;2018;11;18;6;3;5;3;2;1;1;0;0;0;0;1
11;6;6300524;2018;11;18;2;3;5;2;2;0;1;0;0;0;1;0
11;8;8100311;2018;11;18;6;3;6;7;2;0;1;1;0;0;0;1
11;12;12500824;2018;11;18;2;3;3;2;2;0;1;0;0;0;1;1
11;1;1200520;2018;11;18;6;2;6;2;2;0;1;1;0;0;0;1
11;5;5200632;2018;11;17;2;3;2;7;2;0;1;0;0;0;0;0
11;9;9502043;2018;11;14;6;3;2;6;0;0;1;0;0;0;1;1
11;10;10400939;2018;11;14;6;3;5;3;0;1;1;0;0;0;0;1
11;3;3400829;2018;11;17;2;2;6;6;2;0;1;1;0;0;0;0
11;11;11100307;2018;11;14;6;3;0;2;0;1;1;0;0;0;0;1
11;6;6400841;2018;11;14;6;3;5;3;1;1;1;0;0;0;0;1
11;1;1200627;2018;11;13;6;2;1;5;0;0;1;0;0;1;0;1
11;1;1100102;2018;11;18;6;3;5;3;2;1;1;0;0;0;0;1
11;10;10200421;2018;11;16;2;3;5;3;2;0;1;0;0;0;0;0
11;2;2300417;2018;11;11;6;3;5;3;0;0;1;0;0;1;0;1
11;4;4300624;2018;11;18;6;3;6;2;2;0;1;1;0;0;0;1
11;11;11300620;2018;11;16;2;3;0;1;2;1;0;0;0;0;0;0
11;3;3601450;2018;11;9;6;3;5;2;0;0;1;0;0;0;0;0
11;11;11501238;2018;11;16;2;3;3;6;2;0;1;0;0;0;0;0
11;1;1400942;2018;11;10;6;2;5;2;0;1;1;0;0;0;0;1
11;7;7501030;2018;11;15;2;3;6;6;1;0;0;1;0;1;0;0
11;12;12400720;2018;11;9;6;3;5;3;0;0;1;0;0;0;0;0
11;11;11300618;2018;11;15;2;3;1;5;1;0;1;0;0;0;0;0
11;3;3500933;2018;11;8;6;3;6;4;0;0;1;1;0;0;0;0
11;2;2200209;2018;11;18;4;3;0;7;2;1;0;0;0;0;0;1
11;7;7400822;2018;12;16;2;3;6;2;2;0;1;1;0;0;0;1
11;8;8100102;2018;11;17;2;3;2;6;1;0;1;0;0;0;0;0
11;5;5100315;2018;11;8;6;3;5;7;0;0;1;0;0;0;1;0
11;1;1100310;2018;11;14;2;3;0;7;0;0;0;0;0;0;1;0
11;2;2400521;2018;11;9;2;3;1;7;0;0;1;0;0;0;0;0
11;9;9100408;2018;12;11;2;3;6;7;0;1;0;1;0;0;0;0
11;4;4200308;2018;11;8;2;3;2;2;0;0;1;0;0;0;1;0
11;6;6100209;2018;11;7;6;3;5;2;1;0;1;0;0;0;0;0
11;2;2100106;2018;11;12;2;3;3;6;0;1;0;0;0;0;1;0
11;12;12601235;2018;11;15;2;3;0;5;2;0;1;0;0;0;1;0
11;1;1200517;2018;11;0;6;3;9;1;2;0;1;0;0;0;0;0
11;11;11200410;2018;11;15;2;3;5;7;0;0;0;0;0;1;1;0
11;9;9200613;2018;11;17;6;3;6;2;2;0;1;1;0;0;0;1
11;1;1200623;2018;12;15;2;3;0;7;0;1;1;0;0;0;0;1
11;1;1401045;2018;11;13;2;3;1;5;0;0;1;0;0;1;0;0
11;2;2400623;2018;11;17;6;3;6;7;2;1;0;1;0;0;0;1
11;3;3200205;2018;11;14;4;3;5;3;0;0;1;0;0;0;1;0
11;6;6400844;2018;12;15;2;3;5;3;0;1;1;0;0;0;0;1
11;3;3601449;2018;11;16;6;3;5;2;2;1;1;0;0;0;0;1
11;4;4501042;2018;11;12;2;3;1;5;0;1;1;0;0;0;1;0
11;4;4501045;2018;11;12;2;3;5;3;0;0;1;0;0;0;1;0
11;1;1100102;2018;11;16;6;3;4;7;2;1;1;0;0;0;0;1
11;4;4300412;2018;11;12;2;3;5;2;0;1;0;0;0;0;1;0
11;1;1100103;2018;11;16;6;3;3;2;2;0;1;0;1;0;0;1
11;12;12200307;2018;12;13;2;3;0;1;0;0;0;0;1;0;0;1
11;7;7100103;2018;11;17;6;3;6;4;2;0;1;1;0;0;0;1
11;3;3200308;2018;11;11;2;3;5;3;0;1;0;0;0;0;1;0
11;6;6300525;2018;11;15;6;3;2;2;2;0;1;0;0;0;0;1
11;8;8300934;2018;12;21;2;3;6;2;2;0;1;1;0;0;0;1
11;12;12200412;2018;11;11;2;3;2;6;0;0;1;0;0;0;0;0
11;8;8100418;2018;11;16;6;3;2;6;2;0;1;0;0;0;0;1
11;9;9501737;2018;12;20;2;3;6;3;2;0;1;1;0;0;0;1
11;12;12500930;2018;11;16;6;3;2;6;2;0;1;0;0;0;0;1
11;10;10100316;2018;11;10;2;3;5;3;0;1;1;0;0;0;0;0
11;4;4501045;2018;11;10;2;3;2;2;0;0;1;0;0;0;0;0
11;4;4500937;2018;11;16;6;3;6;4;2;0;1;1;0;0;0;1
11;11;11100309;2018;11;17;6;2;6;4;2;0;0;1;0;0;1;1
11;11;11300618;2018;11;10;2;3;5;2;0;1;1;0;0;0;0;0
11;4;4500939;2018;11;19;6;3;2;6;2;0;1;0;0;0;0;1
11;7;7200410;2018;11;16;6;3;6;4;2;0;1;1;0;0;0;1
11;7;7100101;2018;12;19;2;3;0;2;2;1;1;0;0;0;0;0
11;7;7400824;2018;11;17;1;3;5;3;1;0;1;0;0;0;0;0
11;12;12200515;2018;11;17;6;3;1;5;2;1;1;0;0;0;0;1
11;12;12200414;2018;11;17;1;3;2;7;2;0;1;0;0;0;0;0
11;4;4300622;2018;12;18;2;3;5;2;2;0;1;0;1;0;0;1
11;3;3500932;2018;11;16;6;3;5;3;2;1;1;0;0;0;0;1
11;1;1200520;2018;11;19;1;3;2;6;2;0;1;0;0;0;0;0
11;1;1400938;2018;11;15;6;3;6;4;1;0;1;1;0;0;0;1
11;12;12500926;2018;11;16;1;3;0;2;2;1;1;0;0;0;0;0
11;9;9200717;2018;12;13;2;3;6;7;0;1;0;1;0;0;0;1
11;12;12400723;2018;11;15;6;3;1;5;0;0;1;0;0;0;0;1
11;1;1100416;2018;11;16;1;3;1;5;1;1;1;0;0;0;0;0
11;8;8100419;2018;11;17;6;3;5;3;2;0;1;0;0;0;0;1
11;1;1100310;2018;11;5;6;1;1;5;2;0;1;0;0;0;1;0
11;5;5200528;2018;11;14;1;3;2;2;0;0;1;0;0;0;0;0
11;2;2400625;2018;11;19;5;3;5;2;2;1;1;0;0;0;0;0
11;1;1100308;2018;11;11;5;3;1;5;0;1;1;0;0;0;0;0
11;12;12200309;2018;12;17;2;2;6;4;2;0;1;1;0;0;0;1
11;1;1100205;2018;11;12;1;3;5;3;0;1;1;0;0;0;0;0
11;1;1401047;2018;11;11;5;2;5;2;0;0;1;0;0;0;0;0
11;3;3601243;2018;11;11;1;3;5;3;0;0;1;0;0;0;0;0
11;11;11400927;2018;11;6;1;3;2;6;2;0;1;0;0;0;0;1
11;7;7601442;2018;11;11;5;3;6;2;0;0;1;1;0;0;0;0
11;2;2300316;2018;11;3;1;3;2;6;2;0;1;0;0;0;0;0
11;4;4300621;2018;11;9;5;3;2;6;0;0;1;0;1;0;0;0
11;4;4300619;2018;11;1;1;3;1;5;2;1;1;0;0;0;0;0
11;1;1401045;2018;11;8;5;3;3;6;0;1;0;0;0;0;0;0
11;6;6400839;2018;11;12;7;3;6;7;0;1;0;1;0;0;0;1
11;4;4400832;2018;11;7;5;3;1;5;0;1;1;0;0;0;0;0
11;12;12500824;2018;11;7;5;3;4;7;1;1;1;0;0;0;0;0
11;12;12200412;2018;11;18;4;3;6;2;2;0;1;1;0;0;0;0
11;11;2500835;2018;12;17;2;3;2;2;2;0;1;0;0;0;0;1
11;9;9200510;2018;11;20;7;3;5;2;2;0;1;0;0;0;1;0
11;10;10400837;2018;11;7;5;3;5;2;0;1;1;0;0;0;0;0
11;2;2500727;2018;11;19;7;3;5;3;2;1;0;0;0;0;0;0
11;1;1200522;2018;11;16;7;3;3;6;2;0;1;0;0;0;0;0
11;6;6300633;2018;11;20;5;3;5;3;2;1;1;0;0;0;0;0
11;3;3400831;2018;11;16;7;3;2;6;2;0;1;0;0;0;0;0
11;12;12500926;2018;11;17;5;3;5;3;2;1;1;0;0;0;0;0
11;1;1200522;2018;12;17;2;3;3;6;2;0;1;0;0;0;1;1
11;8;8100521;2018;11;15;7;3;5;3;1;1;0;0;0;0;1;0
11;10;10200629;2018;11;11;5;3;2;7;0;0;1;0;0;0;0;0
11;4;4200308;2018;11;14;4;3;1;5;0;1;1;0;0;0;0;0
11;10;10200417;2018;12;17;2;3;2;6;2;0;1;0;0;0;0;0
11;1;1200626;2018;11;10;5;3;0;6;0;0;1;0;0;0;1;0
11;12;12500825;2018;11;15;7;3;3;6;1;1;1;0;0;0;0;0
11;4;4501041;2018;11;14;7;3;1;5;0;0;1;0;0;0;0;0
11;10;10100316;2018;11;9;5;2;3;6;0;0;1;0;0;0;1;0
11;6;6100103;2018;11;18;4;3;6;4;2;1;0;1;0;0;0;0
11;7;7601544;2018;11;18;7;3;6;2;2;0;1;1;0;0;0;0
11;11;11100206;2018;11;18;5;3;6;4;2;0;1;1;0;0;0;0
11;7;7300515;2018;11;14;7;3;5;3;0;1;0;0;0;0;1;0
11;1;1300733;2018;11;23;7;2;6;4;2;0;1;1;0;0;0;0
11;4;4100102;2018;11;10;5;3;2;6;0;0;1;0;0;0;0;0
11;8;8200730;2018;11;17;7;2;6;4;1;0;1;1;0;0;0;0
11;2;2400521;2018;11;17;5;3;3;6;1;1;0;0;0;0;0;0
11;7;7100103;2018;11;17;7;2;6;4;2;0;1;1;0;0;0;0
11;8;8100101;2018;11;17;5;3;6;2;1;0;1;1;0;0;0;0
11;4;4501041;2018;11;13;7;2;5;3;0;1;1;0;0;0;0;0
11;10;10400939;2018;11;16;5;3;5;7;2;0;1;0;1;0;0;0
11;1;1100309;2018;11;13;7;2;5;3;0;0;1;0;1;0;0;0
11;4;4501044;2018;11;15;5;3;5;2;1;1;1;0;0;0;0;0
11;12;12200307;2018;11;15;5;3;5;3;1;0;1;0;0;0;0;0
11;9;9100203;2018;11;21;7;3;6;2;2;0;1;1;0;0;0;1
11;4;4300619;2018;11;15;5;3;0;3;1;0;1;0;0;0;1;0
11;4;4300518;2018;11;12;7;3;5;2;0;0;1;0;0;0;1;0
11;5;5100211;2018;11;14;5;3;2;6;0;0;1;0;0;0;0;0
11;4;4300620;2018;11;14;5;3;6;2;0;0;1;1;0;0;0;0
11;2;2400521;2018;11;11;7;3;1;5;0;1;1;0;0;0;0;0
11;12;12200308;2018;11;13;5;3;5;3;0;1;1;0;0;0;0;0
11;9;9100408;2018;11;13;5;3;5;3;0;1;1;0;0;0;0;0
11;4;4501146;2018;11;10;7;3;5;7;0;0;1;0;1;0;0;0
11;6;6200312;2018;11;13;5;2;5;2;0;0;1;0;0;0;0;0
11;1;1100308;2018;11;1;7;3;0;1;2;1;0;0;0;0;0;0
11;2;2400521;2018;11;13;5;3;5;2;0;1;0;0;0;0;0;0
11;1;1100313;2018;11;3;7;3;5;3;2;0;1;0;0;0;0;1
11;8;8200730;2018;11;12;5;2;5;3;0;0;1;0;1;0;0;0
11;8;8100521;2018;11;12;5;3;5;2;0;0;1;0;0;0;0;0
11;4;4300619;2018;11;15;7;3;5;3;1;1;0;0;1;0;0;0
11;4;4501041;2018;11;0;5;3;9;1;2;0;1;0;0;0;0;0
11;3;3601141;2018;11;13;5;2;5;3;0;0;1;0;0;0;1;0
11;5;5100316;2018;11;19;6;3;2;6;2;0;1;0;0;0;0;0
11;10;10400837;2018;11;15;4;3;6;4;1;0;1;1;0;0;0;1
11;9;9301126;2018;11;21;6;3;1;5;2;1;1;0;0;0;0;1
11;1;1100309;2018;11;9;4;3;2;7;0;1;0;0;0;0;1;1
11;8;8100209;2018;11;21;6;3;3;6;2;0;1;0;0;1;0;0
11;4;4300412;2018;11;12;4;3;6;4;0;0;1;1;0;0;0;0
11;5;5100210;2018;11;20;6;2;6;4;2;0;1;1;0;0;0;0
11;1;1100308;2018;11;20;4;3;2;6;0;0;1;0;0;0;0;0
11;4;4100101;2018;11;20;6;2;6;4;2;0;1;1;0;0;0;0
11;2;2300316;2018;11;19;4;3;1;5;2;0;1;0;0;0;1;0
11;1;1100309;2018;11;19;6;3;5;2;2;0;1;0;0;0;0;0
11;3;3701554;2018;11;19;4;3;1;5;2;1;1;0;0;0;0;0
11;2;2100106;2018;11;23;4;3;5;2;2;0;1;0;0;0;0;0
11;1;1100415;2018;11;18;6;3;2;6;1;1;1;0;0;0;0;0
11;8;8300934;2018;11;16;6;2;5;7;2;0;1;0;1;0;0;1
11;12;12200307;2018;11;16;6;3;1;5;2;1;1;0;0;0;0;0
11;5;5200528;2018;12;12;6;3;2;6;0;0;1;0;0;0;0;1
11;11;11300620;2018;12;15;4;3;5;3;0;1;1;0;0;0;0;0
11;5;5200629;2018;12;13;6;3;5;3;0;0;1;0;1;0;0;1
11;3;3200207;2018;12;14;4;3;5;2;0;0;1;0;1;0;0;0
11;10;10400940;2018;12;12;6;3;5;2;0;0;1;0;0;0;1;1
11;8;8200832;2018;12;17;4;3;2;2;2;0;1;0;0;0;0;0
11;4;4300619;2018;12;11;6;3;5;7;0;1;1;0;0;0;0;1
11;5;5100316;2018;12;10;6;2;6;4;0;0;0;1;0;1;0;1
11;10;10100313;2018;12;13;4;3;2;6;0;0;1;0;0;0;0;0
11;10;10200524;2018;12;11;6;3;5;3;0;1;1;0;0;0;0;1
11;3;3400724;2018;12;9;6;3;5;3;0;0;1;0;0;0;0;1
11;6;6400842;2018;12;12;4;3;2;6;0;0;1;0;0;0;0;1
11;2;2400521;2018;12;9;6;2;5;3;0;1;1;0;0;0;0;1
11;3;3601245;2018;12;11;4;3;2;6;0;0;1;0;0;0;0;1
11;11;11200410;2018;12;7;6;2;5;3;0;1;1;0;0;0;0;1
11;8;8401243;2018;12;6;4;3;5;2;1;0;1;0;0;0;0;1
11;8;8100521;2018;12;7;6;3;2;6;1;0;1;0;0;0;0;1