LAND;BEZ;LOR_ab_2021;UJAHR;UMONAT;USTUNDE;UWOCHENTAG;UKATEGORIE;UART;UTYP1;ULICHTVERH;IstRad;IstPKW;IstFuss;IstKrad;IstGkfz;IstSonstige;USTRZUSTAND
11;10;10400938;2018;12;6;4;3;5;3;2;1;1;0;0;0;0;1
11;6;6200315;2018;12;7;6;3;6;2;1;0;1;1;0;0;0;1
11;8;8200624;2018;12;10;4;3;3;6;0;0;1;0;0;0;1;0
11;4;4501042;2018;12;11;4;3;1;5;0;1;1;0;0;0;0;1
11;11;11100204;2018;12;7;6;3;6;7;1;0;1;1;0;0;0;1
11;4;4200311;2018;12;6;6;3;6;7;2;0;1;1;0;0;0;1
11;9;9501939;2018;12;10;4;3;3;2;0;0;1;0;1;0;0;0
11;1;1100313;2018;12;10;4;3;5;3;0;1;1;0;0;0;0;1
11;5;5300737;2018;12;5;6;3;6;2;2;0;0;1;0;1;0;1
11;1;1100312;2018;12;9;4;3;2;2;0;1;1;0;0;0;0;1
11;12;12100103;2018;12;9;4;3;5;7;0;0;1;0;1;0;0;1
11;3;3400619;2018;12;5;6;3;2;6;2;0;1;0;1;0;0;1
11;11;11501340;2018;12;8;4;3;5;3;0;0;1;0;1;0;0;1
11;2;2400522;2018;12;3;6;2;5;2;2;1;0;0;0;0;0;1
11;5;5100314;2018;12;7;4;3;6;4;0;0;1;1;0;0;0;1
11;4;4300517;2018;12;13;6;3;0;1;0;0;0;0;1;0;0;1
11;3;3501038;2018;12;7;4;3;6;4;0;0;0;1;0;0;1;0
11;1;1100308;2018;12;6;4;3;6;2;2;0;1;1;0;0;0;1
11;8;8100521;2018;12;15;5;3;5;3;0;1;1;0;0;0;0;1
11;7;7601236;2018;12;7;4;2;6;4;1;0;1;1;0;0;0;1
11;1;1100102;2018;12;6;3;3;2;2;2;0;1;0;0;1;0;1
11;2;2100102;2018;12;0;5;3;0;3;2;1;1;0;0;0;0;0
11;8;8100520;2018;12;6;3;3;6;2;2;0;1;1;0;0;0;1
11;3;3100102;2018;12;6;3;3;6;4;2;0;0;1;0;0;1;1
11;7;7601341;2018;12;15;5;3;3;6;1;0;1;0;0;1;0;0
11;8;8401139;2018;12;16;3;2;6;4;2;0;1;1;0;0;0;1
11;3;3100102;2018;12;16;5;3;3;6;1;0;1;0;1;0;0;1
11;12;12200309;2018;12;12;3;3;0;4;0;0;0;1;1;0;0;1
11;11;11300616;2018;12;16;5;3;6;4;2;0;1;1;0;0;0;1
11;4;4501042;2018;12;15;3;3;3;6;0;0;0;0;1;0;1;0
11;2;2400623;2018;12;17;5;2;6;2;2;0;1;1;0;0;0;1
11;5;5100104;2018;12;19;3;3;2;3;2;0;1;0;0;0;0;1
11;12;12200309;2018;12;20;5;3;6;4;2;0;1;1;0;0;0;1
11;2;2500833;2018;12;19;3;3;5;7;2;1;1;0;0;0;0;1
11;6;6100207;2018;12;19;5;3;0;6;2;0;1;0;1;0;0;1
11;2;2100104;2018;12;18;3;3;5;3;2;1;1;0;0;0;0;1
11;3;3400725;2018;12;15;3;3;1;5;1;1;1;0;0;0;0;1
11;10;10200524;2018;12;17;5;3;2;6;2;0;1;0;0;0;0;1
11;3;3701554;2018;12;19;5;3;2;3;2;0;1;0;1;0;0;1
11;4;4500936;2018;12;17;3;3;5;7;2;0;1;0;0;0;1;1
11;8;8401243;2018;12;17;5;3;1;5;2;1;1;0;0;0;0;1
11;4;4500937;2018;12;18;5;3;2;6;2;0;1;0;0;0;0;1
11;8;8401246;2018;12;16;3;3;6;2;2;0;1;1;0;0;0;1
11;3;3200310;2018;12;16;5;3;5;3;2;1;1;0;0;0;0;1
11;8;8100520;2018;12;16;3;3;6;4;2;0;1;1;0;0;0;1
11;3;3701556;2018;12;16;5;3;0;1;2;0;0;0;1;0;0;1
11;12;12400723;2018;12;16;3;3;1;5;2;0;1;0;0;0;1;1
11;12;12500926;2018;12;16;5;3;5;3;2;0;1;0;1;0;0;1
11;7;7501029;2018;12;18;4;3;5;2;2;0;1;0;1;0;0;0
11;3;3200206;2018;12;16;3;3;5;2;2;1;1;0;0;0;0;1
11;7;7400824;2018;12;17;5;3;5;2;2;1;1;0;0;0;0;0
11;12;12100101;2018;12;16;5;3;6;4;2;0;1;1;0;0;0;1
11;1;1400942;2018;12;15;3;3;5;2;2;1;1;0;0;0;0;1
11;1;1100310;2018;12;17;5;3;6;2;2;0;1;1;0;0;0;1
11;11;11401136;2018;12;15;3;3;5;7;1;0;1;0;0;0;0;1
11;11;11300617;2018;12;17;5;3;0;2;2;0;1;1;0;0;0;1
11;6;6200420;2018;12;18;5;2;6;4;2;0;1;1;0;0;0;0
11;2;2100105;2018;12;15;3;3;5;3;1;0;1;0;0;0;0;1
11;12;12500929;2018;12;18;5;2;6;2;2;0;1;1;0;0;0;1
11;6;6200423;2018;12;14;3;3;0;7;0;0;1;0;1;0;0;1
11;2;2400521;2018;12;18;5;2;6;2;2;0;1;1;0;0;0;1
11;1;1200628;2018;12;14;3;3;6;2;0;0;1;1;0;0;0;1
11;1;1300834;2018;12;16;5;3;1;5;2;0;0;0;0;0;1;1
11;11;11100308;2018;12;8;3;3;2;6;0;0;1;0;0;0;1;1
11;9;9200614;2018;12;17;5;2;6;4;2;0;1;1;0;0;0;1
11;1;1100102;2018;12;19;5;2;3;6;2;0;1;0;1;0;0;1
11;2;2100102;2018;12;9;3;3;6;4;0;0;0;1;0;0;1;1
11;11;11300721;2018;12;14;3;3;0;1;0;0;0;0;1;0;0;1
11;11;11200514;2018;12;15;5;3;5;3;1;0;1;0;0;0;0;0
11;1;1200517;2018;12;9;3;3;6;4;0;0;1;1;0;0;0;1
11;9;9501737;2018;12;14;3;3;2;6;0;0;1;0;0;0;0;1
11;7;7400927;2018;12;20;5;2;5;2;2;0;1;0;1;0;0;1
11;1;1100309;2018;12;9;3;3;1;5;0;1;1;0;0;0;0;1
11;11;11401135;2018;12;9;3;3;5;3;0;1;1;0;0;0;0;1
11;6;6300525;2018;12;17;5;3;2;6;2;0;1;0;0;0;0;1
11;4;4501042;2018;12;10;3;3;6;7;0;0;1;1;0;0;0;1
11;12;12500927;2018;12;17;5;3;1;5;2;0;1;0;0;0;0;1
11;9;9501941;2018;12;12;3;3;2;6;0;0;1;0;0;0;0;1
11;10;10100315;2018;12;19;5;3;2;6;2;0;1;0;0;0;0;1
11;7;7300619;2018;12;13;3;2;5;3;0;0;1;0;0;0;0;1
11;8;8100102;2018;12;15;5;3;2;6;1;0;1;0;0;0;0;0
11;2;2400625;2018;12;13;3;3;2;6;0;1;0;0;0;0;1;1
11;3;3400830;2018;12;14;3;3;5;2;0;0;1;0;0;0;0;1
11;8;8200623;2018;12;18;5;3;2;6;2;0;1;0;0;0;1;1
11;1;1300730;2018;12;14;3;3;5;3;0;0;1;0;0;0;0;1
11;10;10400837;2018;12;7;3;3;6;4;1;0;1;1;0;0;0;1
11;5;5200528;2018;12;21;6;3;5;3;2;0;1;0;0;0;0;1
11;1;1200628;2018;12;18;5;3;0;7;2;0;1;0;0;0;1;0
11;3;3501037;2018;12;7;3;3;6;2;1;0;1;1;0;0;0;1
11;11;11200512;2018;12;13;5;3;5;3;0;1;0;0;0;0;1;0
11;3;3701554;2018;12;19;5;3;0;4;2;0;0;1;0;0;1;1
11;12;12100205;2018;12;6;3;3;6;2;2;0;1;1;0;0;0;1
11;1;1100310;2018;12;21;5;3;5;2;2;0;1;0;0;0;0;1
11;3;3500934;2018;12;7;3;3;6;4;1;0;1;1;0;0;0;1
11;3;3300412;2018;12;12;5;3;5;3;0;0;1;0;0;0;0;0
11;11;11300725;2018;12;7;3;3;1;5;2;0;1;0;0;0;0;1
11;4;4501043;2018;12;12;5;3;6;2;0;0;1;1;0;0;0;0
11;12;12200307;2018;12;14;3;3;6;2;0;0;1;1;0;0;0;1
11;2;2300316;2018;12;17;3;3;1;5;2;1;1;0;0;0;0;1
11;8;8200832;2018;12;10;5;3;5;3;0;0;1;0;0;0;1;0
11;4;4300416;2018;12;16;6;3;2;2;2;0;1;0;0;0;1;1
11;1;1200626;2018;12;13;5;3;3;6;0;0;1;0;0;0;1;0
11;12;12200309;2018;12;17;3;3;3;6;2;0;1;0;0;1;0;1
11;5;5300737;2018;12;10;5;3;6;4;0;0;1;1;0;0;0;1
11;2;2300316;2018;12;10;5;3;1;5;0;1;1;0;0;0;0;0
11;3;3601244;2018;12;17;4;3;5;3;2;0;1;0;0;0;0;0
11;1;1100308;2018;12;17;3;3;6;4;2;0;1;1;0;0;0;1
11;1;1100309;2018;12;9;5;3;6;2;0;1;0;1;0;0;0;0
11;11;11300722;2018;12;18;3;3;1;5;2;1;0;0;0;1;1;1
11;7;7100206;2018;12;16;6;3;6;4;2;0;1;1;0;0;0;1
11;1;1100207;2018;12;8;5;3;2;6;0;1;1;0;0;0;0;0
11;10;10200418;2018;12;17;3;3;6;4;2;0;1;1;0;0;0;1
11;6;6100209;2018;12;18;2;3;1;5;2;1;1;0;0;0;0;0
11;2;2400623;2018;12;8;5;3;0;3;0;1;1;0;0;0;0;0
11;1;1100205;2018;12;18;2;3;5;3;2;0;1;0;1;0;0;1
11;7;7300619;2018;12;7;5;2;5;2;0;0;1;0;0;0;0;0
11;10;10100209;2018;12;7;6;3;6;6;2;1;1;1;0;0;0;1
11;3;3601245;2018;12;5;4;3;5;2;2;1;1;0;0;0;0;0
11;7;7100205;2018;12;18;2;3;5;2;2;1;1;0;0;0;0;1
11;10;10300731;2018;12;13;4;3;2;6;0;0;1;0;0;0;0;0
11;9;9200717;2018;12;15;4;3;0;2;0;1;1;0;0;0;0;0
11;1;1100205;2018;12;18;2;3;0;2;2;1;1;0;0;0;0;1
11;11;11501341;2018;12;15;4;3;5;7;0;0;1;0;0;0;1;0
11;1;1200520;2018;12;18;2;3;3;6;2;0;1;0;1;0;0;1
11;11;11501238;2018;12;16;6;2;6;4;2;0;0;1;0;0;1;1
11;4;4200311;2018;12;15;4;3;2;6;0;0;1;0;1;0;0;0
11;4;4501045;2018;12;16;2;3;6;3;1;0;1;1;0;0;0;1
11;1;1100205;2018;12;14;4;2;1;5;0;0;1;0;0;0;1;0
11;12;12400720;2018;12;16;6;3;0;3;2;0;0;0;0;0;1;1
11;8;8100104;2018;12;16;2;3;2;6;2;0;1;0;0;0;0;0
11;1;1100205;2018;12;14;4;3;6;4;0;1;0;1;0;0;0;0
11;10;10400940;2018;12;13;4;3;5;3;0;1;1;0;0;0;0;0
11;12;12100102;2018;12;16;2;3;5;3;2;0;1;0;0;0;0;1
11;8;8200624;2018;12;12;4;3;3;6;0;0;1;0;1;0;0;0
11;4;4100101;2018;12;12;4;2;5;3;0;0;1;0;1;0;0;0
11;12;12200310;2018;12;15;2;3;2;2;0;0;1;0;0;0;0;0
11;11;11400927;2018;12;15;2;3;6;4;1;1;0;1;0;0;0;1
11;3;3300413;2018;12;12;4;3;1;5;0;1;1;0;0;0;0;0
11;7;7400720;2018;12;15;2;2;6;4;2;0;1;1;0;0;0;0
11;9;9200511;2018;12;17;2;2;6;4;2;0;1;1;0;0;0;1
11;10;10100210;2018;12;11;4;3;6;3;0;0;1;1;0;0;0;0
11;12;12601235;2018;12;18;2;3;0;3;2;0;1;0;0;0;1;1
11;5;5200631;2018;12;10;4;3;1;5;0;0;1;0;0;0;0;0
11;1;1300733;2018;12;16;2;3;2;2;0;0;1;0;0;0;0;1
11;7;7200308;2018;12;10;4;3;6;7;0;0;1;1;0;0;0;0
11;7;7300515;2018;12;16;2;3;2;6;2;0;1;0;0;0;0;1
11;6;6200312;2018;12;14;2;3;5;3;0;0;1;0;0;0;1;0
11;12;12400721;2018;12;10;4;3;5;3;0;1;1;0;0;0;0;1
11;8;8100312;2018;12;13;2;3;5;7;0;0;1;0;0;0;0;0
11;2;2300314;2018;12;19;2;3;5;3;2;1;0;0;0;0;0;1
11;2;2100106;2018;12;22;2;3;5;3;2;0;1;0;0;0;0;1
11;7;7100102;2018;12;14;2;2;5;3;0;0;1;0;0;0;0;1
11;2;2200210;2018;12;22;4;3;1;5;2;1;1;0;0;0;0;0
11;5;5300737;2018;12;12;2;3;3;6;0;0;1;0;1;0;0;1
11;3;3601245;2018;12;12;2;3;5;3;0;1;1;0;0;0;0;0
11;4;4500936;2018;12;20;4;2;5;3;2;1;1;0;0;0;0;0
11;4;4500938;2018;12;12;2;3;5;2;0;1;1;0;0;0;0;0
11;9;9300921;2018;12;10;4;3;1;5;0;0;1;0;0;0;0;0
11;8;8100418;2018;12;10;2;3;1;5;0;1;1;0;0;0;0;0
11;4;4200311;2018;12;9;4;2;5;2;0;0;1;0;1;0;0;0
11;4;4300518;2018;12;10;2;3;2;7;0;0;1;0;0;0;0;0
11;2;2100103;2018;12;18;4;3;0;1;2;0;0;0;1;0;0;1
11;1;1100310;2018;12;10;2;3;5;3;0;1;0;0;0;0;1;0
11;1;1200628;2018;12;9;4;3;5;2;0;1;1;0;0;0;0;0
11;9;9200613;2018;12;16;6;3;6;2;2;0;1;1;0;0;0;1
11;7;7400824;2018;12;18;4;3;0;2;2;0;1;0;1;0;0;0
11;1;1100206;2018;12;9;2;3;6;7;0;0;0;1;1;0;0;1
11;8;8100419;2018;12;9;4;3;1;5;0;1;1;0;0;0;0;0
11;1;1100206;2018;12;18;4;3;3;2;2;0;1;0;0;0;1;0
11;3;3400723;2018;12;15;6;3;5;2;2;1;1;0;0;0;0;1
11;4;4200309;2018;12;9;4;3;2;6;0;0;1;0;0;0;0;0
11;1;1100312;2018;12;9;2;3;1;5;0;1;0;0;0;1;0;0
11;11;11200411;2018;12;9;4;3;5;2;0;1;0;0;0;1;0;0
11;11;11100203;2018;12;9;4;3;5;3;0;1;1;0;0;0;0;0
11;2;2400623;2018;12;9;2;3;5;2;0;1;0;0;0;0;1;0
11;1;1100313;2018;12;18;4;3;2;6;2;0;1;0;0;0;0;1
11;12;12400723;2018;12;8;2;3;2;6;0;0;1;0;0;0;0;0
11;2;2200213;2018;12;15;6;3;1;5;1;1;1;0;0;0;0;1
11;10;10400835;2018;12;8;4;3;5;3;0;1;1;0;0;0;0;1
11;1;1100103;2018;12;7;2;2;5;2;0;1;1;0;0;0;0;0
11;9;9200715;2018;12;8;4;3;5;3;0;1;1;0;0;0;0;0
11;4;4501148;2018;12;15;6;3;2;2;0;0;1;0;0;0;0;1
11;12;12100102;2018;12;7;2;1;6;4;2;0;1;1;0;0;0;0
11;12;12100205;2018;12;8;4;3;5;2;0;1;1;0;0;0;0;1
11;1;1400942;2018;12;7;4;3;5;3;0;0;1;0;0;0;1;0
11;8;8100206;2018;12;6;2;3;2;6;2;0;1;0;0;0;0;0
11;4;4300619;2018;12;17;4;3;5;2;2;0;1;0;0;0;0;0
11;1;1100310;2018;12;23;1;3;2;6;2;0;1;0;0;0;0;0
11;4;4501042;2018;12;14;6;3;5;2;0;1;1;0;0;0;0;1
11;3;3601449;2018;12;16;1;3;5;2;2;0;1;0;0;0;0;1
11;1;1100313;2018;12;17;4;3;5;2;2;1;0;0;0;0;1;0
11;7;7300619;2018;12;22;1;3;1;5;2;0;1;0;0;1;0;1
11;1;1100102;2018;12;14;6;2;8;1;0;0;0;0;0;0;1;1
11;7;7601442;2018;12;7;4;3;0;1;0;0;1;0;1;0;0;1
11;2;2100104;2018;12;20;1;3;5;3;2;1;0;0;0;0;1;1
11;1;1401045;2018;12;13;6;3;3;6;0;1;1;0;0;0;0;1
11;4;4501150;2018;12;18;1;2;6;4;2;0;1;1;0;0;0;1
11;3;3601141;2018;12;16;4;2;6;4;1;1;0;1;0;0;0;0
11;2;2300314;2018;12;4;4;2;6;2;2;0;1;1;0;0;0;0
11;3;3701556;2018;12;18;1;2;2;6;1;0;1;0;1;0;0;1
11;1;1100103;2018;12;17;1;3;3;2;2;0;1;0;0;0;0;1
11;7;7601341;2018;12;15;4;3;5;2;1;0;1;0;0;0;0;0
11;7;7601341;2018;12;15;1;3;5;3;1;0;1;0;0;0;0;1
11;11;11200514;2018;12;14;1;3;6;7;0;0;0;1;0;0;1;0
11;2;2400625;2018;12;19;6;3;5;7;2;0;1;0;0;0;0;1
11;12;12100204;2018;12;16;4;3;6;4;1;0;1;1;0;0;0;0
11;1;1400938;2018;12;11;1;2;6;4;0;0;1;1;0;0;0;1
11;7;7501031;2018;12;9;4;3;2;6;0;0;1;0;0;0;0;1
11;12;12100204;2018;12;13;6;2;2;4;0;0;1;1;1;0;0;1
11;10;10300734;2018;12;5;1;3;0;7;2;0;1;0;0;0;0;1
11;4;4501147;2018;12;16;4;3;1;5;0;1;1;0;0;0;0;0
11;8;8200833;2018;12;4;1;3;5;3;2;0;1;0;0;0;0;1
11;3;3601245;2018;12;7;4;3;5;2;1;1;1;0;0;0;0;0
11;9;9100407;2018;12;13;6;2;9;1;0;0;1;0;0;0;0;1
11;5;5300736;2018;12;1;1;2;6;4;2;0;1;1;0;0;0;1
11;11;11100204;2018;12;7;4;3;5;2;2;1;1;0;0;0;0;1
11;9;9200717;2018;12;1;1;3;1;5;2;0;1;0;0;0;0;1
11;2;2200210;2018;12;0;1;3;5;3;2;0;1;0;0;0;0;1
11;6;6300634;2018;12;6;4;2;6;2;2;0;1;1;0;0;0;1
11;9;9100203;2018;12;5;1;3;5;3;2;0;1;0;0;0;0;1
11;4;4500937;2018;12;20;7;3;6;4;2;0;1;1;0;0;0;1
11;10;10100311;2018;12;12;6;3;0;3;0;1;0;0;0;1;0;1
11;4;4100102;2018;12;15;3;3;5;3;0;0;1;0;0;0;0;0
11;12;12200414;2018;12;16;7;3;6;2;1;0;1;1;0;0;0;1
11;6;6300633;2018;12;21;3;2;6;4;2;0;1;1;0;0;0;0
11;3;3601142;2018;12;19;3;3;0;5;2;0;1;0;0;0;1;0
11;2;2200210;2018;12;23;7;3;2;6;2;0;1;0;0;0;0;1
11;8;8100105;2018;12;17;3;3;6;2;2;0;1;1;0;0;0;0
11;4;4200311;2018;12;21;7;3;3;6;2;0;1;0;0;0;0;1
11;1;1100308;2018;12;18;3;3;5;2;2;1;1;0;0;0;0;0
11;6;6300526;2018;12;18;7;3;6;4;1;0;0;1;0;0;1;0
11;8;8100206;2018;12;17;3;3;2;6;2;1;1;0;0;0;0;0
11;2;2100106;2018;12;18;7;3;5;2;2;0;1;0;0;0;0;1
11;1;12100101;2018;12;18;7;3;2;6;2;0;1;0;0;0;0;1
11;8;8401243;2018;12;21;3;3;5;3;2;0;1;0;0;0;0;0
11;1;1400938;2018;12;13;6;3;2;6;1;0;1;0;0;0;0;1
11;1;1100205;2018;12;21;3;2;6;7;2;1;0;1;0;0;0;0
11;12;12400723;2018;12;18;7;2;6;4;2;0;1;1;0;0;0;1
11;3;3601453;2018;12;15;3;3;6;4;0;0;1;1;0;0;0;0
11;7;7601544;2018;12;14;3;3;5;7;0;0;1;0;0;0;0;1
11;12;12400618;2018;12;17;4;3;0;3;2;0;1;0;0;0;1;1
11;12;12200412;2018;12;16;7;3;6;2;1;0;1;1;0;0;0;1
11;12;12500927;2018;12;14;3;3;5;3;0;0;1;0;0;0;0;1
11;9;9300920;2018;12;13;7;3;2;2;0;1;1;0;0;0;0;0
11;8;8100521;2018;12;18;6;3;2;6;2;0;1;0;0;0;0;1
11;7;7300517;2018;12;14;3;2;5;2;0;0;1;0;1;0;0;0
11;5;5100316;2018;12;7;7;3;2;6;2;0;1;0;0;0;0;1
11;8;8200727;2018;12;14;3;3;2;6;0;0;1;0;0;0;0;1
11;4;4200308;2018;12;16;6;3;6;2;2;0;1;1;0;0;0;1
11;7;7100101;2018;12;14;7;3;1;6;0;1;1;0;0;0;1;1
11;6;6200420;2018;12;14;3;3;5;3;0;1;0;0;0;0;1;1
11;2;2200208;2018;12;12;3;3;5;2;0;1;1;0;0;0;0;0
11;9;9200819;2018;12;13;7;2;6;4;0;0;0;1;0;0;1;0
11;3;3601141;2018;12;11;3;3;2;1;0;0;1;0;0;0;0;0
11;9;9200715;2018;12;11;3;3;1;5;0;0;1;0;0;0;0;0
11;7;7100102;2018;12;9;7;2;8;1;0;0;1;0;0;0;0;1
11;2;2500835;2018;12;11;3;3;2;1;0;0;1;0;0;0;0;0
11;1;1400940;2018;12;9;3;3;6;7;0;0;1;1;0;0;0;0
11;1;1100309;2018;12;6;7;3;2;6;2;0;1;0;0;0;0;0
11;1;1100206;2018;12;9;3;3;6;4;0;1;0;1;0;0;0;1
11;8;8200622;2018;12;11;7;3;1;5;0;0;1;0;0;0;1;0
11;8;8100102;2018;12;8;3;3;2;6;1;0;1;0;0;0;0;1
11;6;6400844;2018;12;2;7;2;9;1;2;0;1;0;0;0;0;1
11;3;3300514;2018;12;5;3;3;4;6;2;0;1;0;0;0;0;1
11;10;10200629;2018;12;2;7;3;0;6;2;0;1;0;0;0;1;1
11;11;11501238;2018;12;8;3;3;5;2;0;1;1;0;0;0;0;1
11;3;3300516;2018;12;7;6;3;6;4;2;1;0;1;0;0;0;1
11;12;12200412;2018;12;19;6;3;6;7;2;0;1;1;0;0;0;1
11;5;5400942;2018;12;8;3;3;6;7;0;1;0;1;0;0;0;0
11;6;6200422;2018;12;16;6;3;5;2;2;1;1;0;0;0;0;1
11;12;12500928;2018;12;7;3;3;5;3;0;1;1;0;0;0;0;1
11;2;2300315;2018;12;18;6;3;5;3;2;1;1;0;0;0;0;1
11;1;1300836;2018;12;18;6;3;5;3;2;0;1;0;0;0;0;1
11;6;6200421;2018;12;6;3;2;6;2;2;0;1;1;0;0;0;1
11;1;1300835;2018;12;17;6;3;3;6;2;1;1;0;0;0;0;1
11;4;4500936;2018;12;18;6;3;3;6;2;1;1;0;0;0;0;1
11;3;3400830;2018;12;6;3;3;5;3;2;1;1;0;0;0;0;0
11;7;7601547;2018;12;16;6;3;6;2;1;0;1;1;0;0;0;0
11;10;10300734;2018;12;8;3;3;5;3;0;1;1;0;0;0;0;0
11;1;1100206;2018;12;20;6;3;5;2;2;1;1;0;0;0;0;1
11;1;1200517;2018;12;12;2;3;2;6;0;0;1;0;0;0;0;1
11;1;1401047;2018;12;19;6;3;6;4;2;1;0;1;0;0;0;1
11;1;1100309;2018;12;19;6;3;6;2;2;0;1;1;0;0;0;1
11;1;1300733;2018;12;12;2;3;5;2;0;1;0;0;0;1;0;1
11;9;9200715;2018;12;16;6;3;5;3;1;1;1;0;0;0;0;1
11;2;2500833;2018;12;17;6;3;5;2;2;1;1;0;0;0;0;1
11;8;8100206;2018;12;11;2;2;6;2;0;0;1;1;0;0;0;1
11;6;6200313;2018;12;17;6;2;6;2;2;0;0;1;0;0;1;1
11;11;11401135;2018;12;10;2;3;5;3;0;0;1;0;0;0;0;1
11;12;12200515;2018;12;17;6;3;6;6;2;0;1;1;0;0;0;1
11;1;1200628;2018;12;9;2;3;3;6;0;0;1;0;0;1;0;1
11;11;11300725;2018;12;17;6;3;0;2;2;0;1;1;0;0;0;1
11;4;4300624;2018;12;8;2;2;6;2;0;0;1;1;0;0;0;1
11;4;4300623;2018;12;19;6;2;6;4;2;0;0;1;0;0;1;1
11;6;6300633;2018;12;10;2;2;5;3;0;0;1;0;0;0;1;1
11;1;1100207;2018;12;21;6;3;6;2;2;0;1;1;0;0;0;1
11;3;3601245;2018;12;11;2;3;5;2;0;0;1;0;0;0;1;1
11;6;6400844;2018;12;17;6;2;6;2;2;0;1;1;0;0;0;1
11;2;2200209;2018;12;23;2;3;5;3;2;0;1;0;0;0;1;0
11;6;6300634;2018;12;10;2;3;6;7;0;0;1;1;0;0;0;0
11;9;9200613;2018;12;16;2;3;1;5;2;1;1;0;0;0;0;1
11;12;12200308;2018;12;16;4;2;2;6;2;0;1;0;1;0;0;1
11;1;1200520;2018;12;17;4;3;6;7;1;1;0;1;0;0;0;0
11;10;10200629;2018;12;17;1;3;5;3;2;0;1;0;0;0;0;1
11;1;1100102;2018;12;20;5;3;2;6;2;0;1;0;0;0;0;0
11;1;1100206;2018;12;18;4;3;5;3;1;1;0;0;0;0;1;0
11;12;12500825;2018;12;15;1;3;5;7;1;0;1;0;0;0;1;1
11;4;4501148;2018;12;17;4;2;6;4;1;0;1;1;0;0;0;0
11;7;7400927;2018;12;15;1;3;0;7;0;0;1;0;0;0;0;1
11;12;12500825;2018;12;19;4;3;0;3;2;0;1;0;1;0;0;0
11;3;3601244;2018;12;19;4;3;5;3;2;1;1;0;0;0;0;0
11;1;1100205;2018;12;14;1;3;5;3;0;0;1;0;0;0;1;1
11;2;2500835;2018;12;19;4;3;5;3;2;1;1;0;0;0;0;0
11;2;2500830;2018;12;19;4;3;5;3;2;0;1;0;1;0;0;0
11;8;8401241;2018;12;7;1;3;4;6;0;0;1;0;0;0;1;1
11;11;11400927;2018;12;20;4;3;2;6;2;0;1;0;0;0;0;1
11;1;1100308;2018;12;20;4;3;1;5;2;1;1;0;0;0;0;0
11;2;2100106;2018;12;3;1;2;5;2;2;0;1;0;0;0;0;1
11;12;12200515;2018;12;17;4;3;4;6;1;0;1;0;0;0;0;0
11;2;2100101;2018;12;0;1;3;0;1;2;0;0;0;1;0;0;1
11;5;5300737;2018;12;16;4;3;8;1;2;0;1;0;0;0;0;1
11;1;1100206;2018;12;17;1;3;6;4;2;0;1;1;0;0;0;0
11;2;2500832;2018;12;18;4;3;0;1;2;0;0;0;1;0;0;1
11;2;2100104;2018;12;23;7;3;5;3;2;1;1;0;0;0;0;1
11;1;1100310;2018;12;13;4;3;0;1;0;1;0;0;0;0;0;1
11;12;12100205;2018;12;16;4;3;2;6;1;0;1;0;0;0;0;1
11;6;6300631;2018;12;16;7;3;0;4;2;0;0;1;0;0;1;0
11;4;4501149;2018;12;19;3;3;2;6;2;0;1;0;0;0;0;0
11;8;8200730;2018;12;18;3;2;1;5;2;0;1;0;0;0;0;0
11;7;7601339;2018;12;21;7;3;6;2;2;0;1;1;0;0;0;1
11;8;8100104;2018;12;16;4;3;6;4;2;0;1;1;0;0;0;1
11;11;11400927;2018;12;21;7;2;6;6;2;0;1;1;0;0;0;1
11;4;4200311;2018;12;22;3;2;6;4;2;0;0;1;0;1;0;0
11;1;1300836;2018;12;21;7;3;5;3;2;0;1;0;0;0;1;1
11;2;2200208;2018;12;21;7;3;5;3;2;0;1;0;0;0;0;1
11;8;8100103;2018;12;21;3;2;6;7;2;0;1;1;0;0;0;0
11;2;2100102;2018;12;20;7;3;6;2;2;0;1;1;0;0;0;1
11;10;10100210;2018;12;5;3;3;0;3;2;1;1;0;0;0;0;1
11;1;1200629;2018;12;19;7;3;2;6;2;0;1;0;0;0;0;1
11;9;9200510;2018;12;19;3;3;0;1;2;1;0;0;0;0;0;0
11;12;12200309;2018;12;19;7;3;5;2;2;0;1;0;0;0;0;1
11;2;2400521;2018;12;22;7;3;2;2;2;0;1;0;0;0;0;1
11;12;12601031;2018;12;19;3;3;2;2;2;0;1;0;0;0;0;1
11;1;1300733;2018;12;22;7;3;6;2;2;0;1;1;0;0;0;1
11;5;5100316;2018;12;19;7;3;1;5;2;0;1;0;0;0;0;1
11;7;7501134;2018;12;11;3;3;2;6;0;0;1;0;0;0;0;0
11;5;5400942;2018;12;18;7;3;1;5;2;0;1;0;0;0;0;1
11;12;12200309;2018;12;18;7;3;6;2;2;0;1;1;0;0;0;1
11;3;3501038;2018;12;17;3;3;6;2;2;0;1;1;0;0;0;1