LAND;BEZ;LOR_ab_2021;UJAHR;UMONAT;USTUNDE;UWOCHENTAG;UKATEGORIE;UART;UTYP1;ULICHTVERH;IstRad;IstPKW;IstFuss;IstKrad;IstGkfz;IstSonstige;USTRZUSTAND
11;4;4300619;2018;12;17;7;3;2;6;1;0;1;0;0;0;0;1
11;9;9501838;2018;12;17;3;2;6;6;2;0;1;1;0;0;0;1
11;12;12200310;2018;12;16;7;3;3;6;2;0;1;0;0;0;0;0
11;4;4100102;2018;12;5;6;3;9;1;2;0;1;0;0;0;0;1
11;1;1300730;2018;12;16;3;3;0;2;2;0;1;1;0;0;0;0
11;8;8100314;2018;12;15;7;3;0;1;1;1;0;0;0;0;0;0
11;8;8200622;2018;12;16;3;3;5;3;2;0;1;0;0;0;0;1
11;9;9200819;2018;12;13;7;3;0;7;0;0;1;0;0;0;0;0
11;8;8200622;2018;12;16;3;2;4;6;2;0;1;0;0;0;0;0
11;6;6300525;2018;12;13;7;3;1;5;0;0;1;0;0;0;0;0
11;1;1100308;2018;12;16;3;3;2;6;0;1;1;0;0;0;0;0
11;5;5100208;2018;12;13;7;2;5;3;0;1;1;0;0;0;0;0
11;4;4501042;2018;12;12;7;3;6;4;0;0;1;1;0;0;0;0
11;4;4501044;2018;12;15;3;3;3;6;1;0;1;0;1;0;1;0
11;11;11300722;2018;12;15;3;3;5;3;1;1;1;0;0;0;0;0
11;12;12500825;2018;12;10;7;3;5;3;0;0;1;0;1;0;0;1
11;5;5400944;2018;12;13;3;3;5;3;0;0;0;0;1;0;1;0
11;4;4200207;2018;12;10;3;3;0;7;0;0;1;0;0;0;0;0
11;5;5400942;2018;12;4;7;2;8;1;2;0;1;0;0;0;0;1
11;5;5200632;2018;12;16;5;3;6;2;2;0;1;1;0;0;0;1
11;1;1300733;2018;12;9;3;3;5;2;0;0;1;0;0;0;0;1
11;11;11400928;2018;12;1;7;3;5;3;2;0;1;0;0;0;1;1
11;11;11400927;2018;12;8;3;3;3;6;0;0;1;0;0;0;0;1
11;12;12500930;2018;12;6;6;3;1;5;2;0;1;0;0;0;1;1
11;2;2100104;2018;12;10;4;3;5;3;0;0;1;0;0;0;0;1
11;5;5400942;2018;12;8;3;3;6;2;0;0;1;1;0;0;0;1
11;8;8200725;2018;12;11;4;3;8;1;0;0;1;0;0;0;0;0
11;1;1300732;2018;12;18;6;3;6;2;2;0;1;1;0;0;0;1
11;8;8200624;2018;12;7;3;2;5;3;0;0;1;0;0;0;0;1
11;2;2500834;2018;12;7;3;3;6;4;1;0;1;1;0;0;0;1
11;4;4501148;2018;12;23;6;2;9;1;2;0;1;0;0;0;0;1
11;8;8100521;2018;12;18;4;2;4;1;2;0;1;0;0;0;0;1
11;4;4300620;2018;12;7;3;3;6;2;2;0;1;1;0;0;0;1
11;1;1401045;2018;12;14;4;3;2;6;0;0;1;0;0;0;0;1
11;10;10300731;2018;12;16;6;3;6;4;2;0;1;1;0;0;0;1
11;9;9501737;2018;12;7;3;3;5;2;2;1;1;0;0;0;0;1
11;5;5100104;2018;12;6;3;3;2;2;2;0;1;0;0;0;0;1
11;1;1100101;2018;12;16;6;3;6;4;2;0;1;1;0;0;0;1
11;7;7601442;2018;12;0;5;3;5;3;2;0;1;0;0;0;0;1
11;8;8100521;2018;12;6;3;3;2;4;2;0;1;1;0;1;0;1
11;1;1200629;2018;12;16;6;3;5;2;2;1;1;0;0;0;0;1
11;8;8401139;2018;12;6;3;3;5;3;2;1;1;0;0;0;0;1
11;11;11300617;2018;12;16;6;3;5;2;1;0;1;0;0;0;1;1
11;3;3601142;2018;12;3;4;3;5;3;2;0;1;0;0;0;0;0
11;3;3200207;2018;12;15;3;3;2;6;0;0;1;0;0;0;0;1
11;1;1401047;2018;12;17;6;3;6;4;2;0;1;1;0;0;0;1
11;3;3601245;2018;12;15;3;3;0;2;0;1;1;0;0;0;0;0
11;3;3400723;2018;12;15;3;2;0;1;0;1;0;0;0;0;0;1
11;2;2300316;2018;12;17;6;3;2;6;2;1;1;0;0;0;0;1
11;1;1100309;2018;12;17;6;3;5;3;2;1;1;0;0;0;0;1
11;9;9200510;2018;12;13;3;2;5;2;0;1;1;0;0;0;0;1
11;2;2200210;2018;12;17;6;3;5;3;2;0;1;0;0;0;0;1
11;10;10400836;2018;12;17;6;3;5;2;2;1;1;0;0;0;0;1
11;8;8300935;2018;12;12;3;3;6;7;0;0;1;1;0;0;0;0
11;5;5100317;2018;12;17;6;3;6;2;2;0;1;1;0;0;0;1
11;2;2100102;2018;12;18;6;3;6;2;2;0;1;1;0;0;0;1
11;10;10100104;2018;12;12;3;3;6;4;0;0;1;1;0;0;0;0
11;12;12200310;2018;12;18;6;3;1;5;2;0;1;0;0;0;1;1
11;1;1100308;2018;12;12;3;3;6;7;0;0;0;1;1;0;0;0
11;9;9200715;2018;12;19;6;3;5;7;2;0;1;0;0;0;1;1
11;1;1100312;2018;12;11;3;3;5;2;0;1;1;0;0;0;0;0
11;6;6200423;2018;12;19;6;3;5;3;2;0;1;0;0;0;0;1
11;6;6400843;2018;12;11;3;3;5;2;0;1;1;0;0;0;0;0
11;3;3701660;2018;12;19;6;3;9;1;2;0;1;0;0;0;0;1
11;9;9401329;2018;12;20;6;3;5;7;2;0;1;0;0;0;0;1
11;7;7400824;2018;12;11;3;3;3;6;0;0;1;0;0;0;1;1
11;1;1100102;2018;12;22;6;3;5;2;2;0;1;0;1;0;0;1
11;4;4300621;2018;12;23;6;3;6;7;2;1;0;1;0;0;0;1
11;1;1300730;2018;12;22;3;2;2;6;2;0;1;0;0;0;0;0
11;1;1300836;2018;12;15;4;3;5;3;0;0;1;0;0;0;0;1
11;9;9100306;2018;12;10;3;2;2;6;0;0;1;0;0;1;0;1
11;11;11501238;2018;12;22;6;3;6;2;2;0;1;1;0;0;0;1
11;1;1100308;2018;12;12;2;3;2;6;0;1;0;0;0;0;0;1
11;1;1100206;2018;12;14;2;3;2;7;0;1;1;0;0;0;0;0
11;2;2500831;2018;12;11;6;3;5;3;0;0;1;0;0;0;0;1
11;4;4100101;2018;12;22;5;3;6;2;2;0;1;1;0;0;0;1
11;4;4400728;2018;12;17;2;2;6;2;2;0;1;1;0;0;0;0
11;1;1401046;2018;12;10;6;3;5;3;0;0;1;0;0;0;0;1
11;4;4500936;2018;12;17;2;3;2;6;2;0;1;0;0;0;0;0
11;1;1401046;2018;12;9;6;3;5;2;0;1;0;0;0;0;1;1
11;1;1100205;2018;12;17;2;3;5;2;2;1;1;0;0;0;0;0
11;1;1200628;2018;12;15;6;3;6;4;2;0;1;1;0;0;0;1
11;9;9200511;2018;12;14;6;3;5;3;0;1;1;0;0;0;0;1
11;3;3400725;2018;12;17;2;3;2;6;2;0;1;0;0;0;1;0
11;3;3400725;2018;12;22;3;3;9;1;2;0;1;0;0;0;0;0
11;10;10100315;2018;12;16;2;3;2;6;2;0;1;0;0;0;0;1
11;8;8200726;2018;12;14;6;3;6;4;0;1;0;1;0;0;0;1
11;8;8200833;2018;12;16;2;3;1;5;2;0;1;0;0;0;0;0
11;6;6400844;2018;12;16;2;3;6;2;1;0;1;1;0;0;0;0
11;11;11300722;2018;12;13;4;3;0;1;0;0;0;0;1;0;0;1
11;3;3400620;2018;12;13;6;3;5;2;0;1;0;0;0;0;1;1
11;6;6200423;2018;12;14;5;3;6;4;0;0;1;1;0;0;0;0
11;1;1100311;2018;12;16;2;3;2;6;1;0;1;0;0;0;0;1
11;8;8200623;2018;12;16;6;3;6;4;2;0;1;1;0;0;0;1
11;1;1100309;2018;12;11;3;3;0;7;0;1;0;0;0;0;0;1
11;8;8100418;2018;12;16;2;3;3;6;2;1;1;0;0;0;0;0
11;3;3400725;2018;12;14;6;2;6;4;0;0;1;1;0;0;0;1
11;3;3601244;2018;12;13;6;3;0;3;0;0;1;0;1;0;0;1
11;2;2400623;2018;12;16;2;3;2;6;2;0;1;0;0;0;1;0
11;2;2200213;2018;12;8;6;3;6;2;0;0;1;1;0;0;0;1
11;9;9100101;2018;12;15;2;3;5;3;0;1;1;0;0;0;0;0
11;3;3400830;2018;12;10;3;3;5;3;0;1;1;0;0;0;0;1
11;2;2500831;2018;12;15;2;3;2;2;0;0;1;0;0;0;0;1
11;4;4500939;2018;12;12;6;3;5;3;0;0;1;0;0;0;0;1
11;4;4501042;2018;12;14;2;3;5;2;0;0;1;0;0;0;0;0
11;11;11300721;2018;12;13;2;3;1;3;0;0;1;0;0;0;1;1
11;3;3500934;2018;12;7;6;3;5;2;0;1;1;0;0;0;0;1
11;9;9501838;2018;12;21;4;3;5;2;2;0;1;0;0;0;0;1
11;9;9300922;2018;12;13;2;2;5;3;0;0;1;0;1;0;0;1
11;2;2500835;2018;12;12;6;3;5;3;0;1;1;0;0;0;0;0
11;1;1300836;2018;12;1;3;3;2;6;2;0;1;0;0;0;0;1
11;1;1200625;2018;12;18;2;3;2;6;2;0;1;0;1;0;0;0
11;6;6100204;2018;12;11;6;3;2;6;0;0;1;0;0;0;0;1
11;10;10100313;2018;12;22;2;3;6;7;2;0;1;1;0;0;0;0
11;2;2100106;2018;12;12;2;3;5;3;0;1;0;0;0;0;0;1
11;12;12100102;2018;12;11;6;2;5;7;0;0;1;0;1;0;0;0
11;4;4500937;2018;12;23;2;2;3;6;2;0;1;0;1;0;0;0
11;1;1200519;2018;12;6;2;3;6;7;2;1;0;1;0;0;0;0
11;3;3701554;2018;12;7;6;3;6;2;2;0;1;1;0;0;0;1
11;1;1300835;2018;12;7;2;3;6;4;0;0;1;1;0;0;0;0
11;4;4501153;2018;12;9;2;3;5;2;0;1;0;0;0;0;1;0
11;5;5100316;2018;12;11;6;3;2;6;0;0;1;0;0;0;0;0
11;12;12400723;2018;12;16;4;3;1;1;2;0;1;0;0;0;0;1
11;6;6200422;2018;12;11;6;3;1;5;0;0;1;0;0;0;1;1
11;1;1100101;2018;12;10;2;3;1;5;0;1;1;0;0;0;1;0
11;2;2100101;2018;12;13;6;3;5;7;0;0;1;0;0;0;0;1
11;10;10400940;2018;12;7;6;2;6;4;2;0;1;1;0;0;0;1
11;2;2100102;2018;12;8;2;3;8;1;0;0;1;0;0;0;0;0
11;11;11300617;2018;12;14;6;2;6;4;0;0;1;1;0;0;0;1
11;4;4501153;2018;12;0;1;3;5;3;2;0;1;0;0;0;0;0
11;2;2100104;2018;12;7;6;3;5;3;2;1;1;0;0;0;0;1
11;2;2400623;2018;12;6;1;3;6;4;2;0;1;1;0;0;0;0
11;3;3300412;2018;12;13;6;3;5;3;0;0;1;0;0;0;0;1
11;9;9200819;2018;12;6;6;3;6;4;2;0;0;1;0;0;1;1
11;6;6200312;2018;12;9;1;3;0;7;0;1;0;0;0;0;0;1
11;3;3400721;2018;12;13;6;2;0;7;0;0;1;0;0;0;1;1
11;8;8200624;2018;12;15;6;3;0;7;1;0;1;1;0;0;0;1
11;8;8100418;2018;12;2;6;2;1;5;2;1;1;0;0;0;0;0
11;1;1100102;2018;12;16;5;3;2;6;2;0;1;0;0;0;0;0
11;4;4400833;2018;12;10;1;3;1;7;0;0;1;0;0;0;0;0
11;6;6100103;2018;12;7;5;3;6;4;2;0;1;1;0;0;0;0
11;1;1300732;2018;12;22;5;3;5;3;2;0;1;0;0;0;0;1
11;4;4100101;2018;12;11;1;3;5;2;0;0;1;0;1;0;0;0
11;9;9300920;2018;12;21;5;3;0;1;2;0;1;0;0;0;0;1
11;7;7200412;2018;12;13;1;3;1;5;0;1;1;0;0;0;1;0
11;1;1100309;2018;12;19;5;3;5;2;2;1;1;0;0;0;0;1
11;11;11200513;2018;12;5;6;3;5;3;2;1;1;0;0;0;0;1
11;3;3601244;2018;12;17;1;2;2;6;1;0;1;0;0;0;0;0
11;7;7100205;2018;12;19;5;3;5;3;2;1;1;0;0;0;0;1
11;12;12601133;2018;12;21;1;3;5;7;2;0;1;0;0;0;1;0
11;9;9501737;2018;12;10;5;3;6;7;0;1;0;1;0;0;0;0
11;3;3601245;2018;12;20;1;3;5;3;2;0;1;0;0;0;0;1
11;2;2300314;2018;12;21;2;3;0;3;2;0;1;0;0;0;1;1
11;1;1300834;2018;12;18;7;3;5;2;2;0;1;0;0;0;0;1
11;8;8300934;2018;12;9;5;3;5;7;0;0;1;0;0;0;0;0
11;2;2500833;2018;12;20;7;3;4;1;2;1;1;0;0;0;0;0
11;1;1100104;2018;12;20;7;3;2;6;2;0;1;0;0;0;0;0
11;1;1100313;2018;12;22;2;3;5;3;2;0;1;0;0;0;0;1
11;5;5100210;2018;12;20;7;3;2;6;2;0;1;0;0;0;0;0
11;8;8100208;2018;12;9;5;3;3;6;0;0;1;0;1;0;0;0
11;10;10200419;2018;12;22;7;3;5;1;2;0;1;0;0;0;1;0
11;5;5300736;2018;12;18;7;3;2;6;2;0;1;0;0;0;0;1
11;1;1100104;2018;12;9;5;2;0;1;0;1;0;0;0;0;0;0
11;11;11200411;2018;12;18;5;3;5;3;2;0;1;0;0;0;0;1
11;4;4500939;2018;12;16;7;3;2;2;1;0;1;0;0;0;0;0
11;1;1100207;2018;12;9;5;3;5;3;0;0;1;0;0;0;0;0
11;3;3400827;2018;12;17;2;3;1;5;2;1;1;0;0;0;0;0
11;10;10100208;2018;12;13;7;2;6;7;0;0;1;1;0;0;0;0
11;5;5100316;2018;12;9;5;3;2;6;0;0;1;0;0;0;0;0
11;1;1100206;2018;12;9;7;2;0;1;0;1;0;0;0;0;0;0
11;7;7100102;2018;12;14;2;3;1;5;0;0;1;0;0;0;0;0
11;3;3200205;2018;12;14;4;3;5;3;0;0;1;0;0;0;0;1
11;1;1100207;2018;12;8;5;3;0;3;0;1;0;0;1;0;0;0
11;2;2500835;2018;12;1;7;3;8;1;2;1;0;0;0;0;0;0
11;7;7400823;2018;12;14;7;3;0;1;0;0;0;0;1;0;0;1
11;7;7400720;2018;12;7;5;3;2;6;0;0;1;0;0;0;0;1
11;12;12500927;2018;12;19;4;3;8;1;2;0;1;0;0;0;0;1
11;7;7300517;2018;12;15;6;3;6;7;0;0;1;1;0;0;0;0
11;2;2200213;2018;12;7;5;2;3;6;0;0;1;0;0;0;0;0
11;6;6100102;2018;12;13;2;3;1;5;0;0;1;0;0;0;0;0
11;6;6400844;2018;12;7;5;3;2;7;1;0;1;0;0;0;0;0
11;8;8100415;2018;12;11;5;3;2;6;0;0;1;0;0;0;1;0
11;10;10200421;2018;12;17;6;3;0;4;2;0;0;1;0;0;1;0
11;5;5100104;2018;12;6;5;2;5;3;2;1;0;0;0;1;0;0
11;10;10100315;2018;12;12;2;3;2;6;0;0;1;0;0;0;0;0
11;4;4300413;2018;12;18;6;3;6;6;2;0;1;1;0;0;0;0
11;11;11300826;2018;12;6;5;3;2;6;2;0;1;0;0;0;0;0
11;9;9401431;2018;12;10;2;3;6;2;0;0;1;1;0;0;0;1
11;8;8100207;2018;12;5;5;3;5;3;2;0;1;0;0;0;0;1
11;7;7100102;2018;12;16;6;3;6;2;2;0;1;1;0;0;0;0
11;1;1200626;2018;12;17;6;3;2;6;2;0;1;0;1;0;0;0
11;4;4300412;2018;12;15;4;3;2;6;1;0;1;0;0;0;0;1
11;7;7200410;2018;12;1;5;3;2;2;2;1;0;0;0;0;0;1
11;10;10100312;2018;12;16;5;3;0;1;1;0;0;0;1;0;0;1
11;2;2500831;2018;12;17;6;2;6;4;1;0;1;1;0;0;0;0
11;4;4500936;2018;12;12;5;3;5;2;0;1;1;0;0;0;0;0
11;4;4501151;2018;12;16;5;3;0;2;1;1;1;0;0;0;0;0
11;12;12100103;2018;12;9;1;3;5;3;0;1;1;0;0;0;0;0
11;4;4501042;2018;12;16;6;3;2;2;2;0;1;0;0;0;0;0
11;11;11100307;2018;12;16;5;2;6;4;1;0;0;1;0;0;1;0
11;9;9100409;2018;12;16;6;3;2;6;2;0;1;0;0;0;0;0
11;7;7400720;2018;12;22;1;3;5;2;2;0;1;0;0;0;0;1
11;12;12400723;2018;12;17;5;3;2;6;2;0;1;0;0;0;0;1
11;4;4501148;2018;12;14;6;3;6;6;0;1;0;1;0;0;0;0
11;1;1200519;2018;12;15;5;3;5;2;0;0;1;1;0;0;0;0
11;11;11300619;2018;12;13;6;2;6;7;0;0;0;1;0;0;1;0
11;2;2100102;2018;12;21;1;3;5;2;2;0;1;0;0;0;0;1
11;3;3300411;2018;12;15;5;3;6;4;1;0;1;1;0;0;0;0
11;5;5300840;2018;12;12;6;3;8;1;0;0;1;0;0;0;0;0
11;4;4200311;2018;12;15;5;3;2;7;0;0;1;0;0;0;0;0
11;12;12400618;2018;12;14;5;3;5;2;0;0;1;0;1;0;0;1
11;1;1401046;2018;12;11;6;3;5;2;0;1;0;0;0;0;1;0
11;1;1100205;2018;12;13;5;3;5;3;0;1;1;0;0;0;0;1
11;4;4300624;2018;12;13;5;3;5;3;0;1;1;0;0;0;0;0
11;5;5100316;2018;12;21;1;3;6;2;2;0;1;1;0;0;0;1
11;8;8200623;2018;12;11;6;2;5;2;0;1;1;0;0;0;0;0
11;3;3400725;2018;12;13;5;3;2;6;0;0;1;0;0;0;1;0
11;10;10400837;2018;12;11;6;2;5;3;0;1;1;0;0;0;0;0
11;3;3701660;2018;12;8;6;3;6;7;0;1;0;1;0;0;0;0
11;6;6100103;2018;12;13;5;3;5;3;0;0;1;0;0;0;0;0
11;5;5200629;2018;12;7;6;3;6;2;2;0;1;1;0;0;0;1
11;4;4400728;2018;12;9;6;3;2;6;0;0;1;0;0;0;0;0
11;10;10200524;2018;12;10;5;3;5;3;0;1;1;0;0;0;0;0
11;3;3300412;2018;12;9;6;3;5;3;0;1;1;0;0;0;0;0
11;9;9200715;2018;12;15;5;3;6;2;2;0;1;1;0;0;0;0
11;1;1200628;2018;12;9;6;3;5;2;0;1;1;0;0;0;0;0
11;3;3701554;2018;12;18;5;3;1;5;2;1;1;0;0;0;0;1
11;1;1100310;2018;12;18;5;3;5;2;2;1;1;0;0;0;0;0
11;2;2400623;2018;12;7;6;3;5;2;2;1;1;0;0;0;0;0
11;4;4501045;2018;12;20;1;2;6;4;2;0;1;1;0;0;0;1
11;5;5300841;2018;12;15;5;3;5;3;0;0;1;0;0;0;0;0
11;11;11501339;2018;12;17;5;3;5;3;2;1;1;0;0;0;0;0
11;3;3501038;2018;12;7;5;3;0;3;2;1;1;0;0;0;0;0
11;2;2500834;2018;12;21;5;3;6;2;2;0;0;1;0;0;1;0
11;7;7400721;2018;12;17;4;3;2;2;1;0;1;0;0;0;0;1
11;10;10100311;2018;12;17;5;2;6;4;2;0;0;1;0;0;1;1
11;4;4200308;2018;12;15;5;3;1;6;2;0;1;0;0;1;0;1
11;3;3601449;2018;12;20;5;2;6;7;2;0;1;1;0;0;0;1
11;3;3200310;2018;12;17;5;3;5;3;2;0;1;0;0;0;0;1
11;8;8300934;2018;12;19;1;3;5;3;2;0;1;0;0;0;0;1
11;9;9200511;2018;12;20;5;3;6;7;2;0;1;1;0;0;0;1
11;9;9200512;2018;12;17;5;2;8;1;2;0;0;0;1;0;0;0
11;3;3701555;2018;12;19;5;3;6;7;2;0;1;1;0;0;0;1
11;9;9200715;2018;12;18;1;3;5;3;2;0;1;0;0;0;0;1
11;1;1400938;2018;12;17;5;3;6;2;2;0;1;1;0;0;0;0
11;5;5100316;2018;12;19;5;2;6;2;2;0;1;1;0;0;0;1
11;1;1100312;2018;12;19;5;3;2;6;2;0;1;0;0;0;0;1
11;1;1401043;2018;12;16;5;3;6;2;2;0;0;1;0;0;1;1
11;11;11300721;2018;12;18;5;3;2;6;2;0;1;0;0;0;1;1
11;11;11300620;2018;12;18;5;3;2;6;2;0;1;0;0;0;0;1
11;2;2100102;2018;12;7;4;3;5;2;1;1;1;0;0;0;0;0
11;2;2400521;2018;12;18;5;3;5;3;2;1;1;0;0;0;0;0
11;1;1300834;2018;12;5;5;3;5;2;2;1;1;0;0;0;0;0
11;9;9401329;2018;12;9;4;3;5;3;0;0;1;0;0;0;0;1
11;10;10400835;2018;12;22;4;3;0;1;2;0;0;0;1;0;0;1
11;9;9200715;2018;12;6;5;3;5;3;1;1;1;0;0;0;0;0
11;4;4500936;2018;12;20;4;2;6;4;2;1;0;1;0;0;0;0
11;9;9502043;2018;12;6;5;3;5;2;1;1;1;0;0;0;0;0
11;6;6100103;2018;12;16;4;3;6;2;1;0;1;1;0;0;0;1
11;8;8401243;2018;12;8;5;3;2;6;0;0;1;0;0;0;0;0
11;8;8100208;2018;12;15;4;3;5;3;0;0;1;0;0;0;0;1
11;1;1200628;2018;12;8;5;3;0;2;1;0;1;0;0;0;1;0
11;4;4200311;2018;12;9;4;3;2;6;0;1;1;0;0;0;0;1
11;6;6400841;2018;12;11;4;3;5;3;0;1;1;0;0;0;0;0
11;5;5100211;2018;12;9;5;3;5;3;0;1;1;0;0;0;0;1
11;4;4501042;2018;12;11;4;3;6;4;0;0;1;1;0;0;0;0
11;5;5400944;2018;12;11;5;3;2;6;0;0;1;0;0;0;0;0
11;1;1401049;2018;12;12;4;3;5;2;0;1;0;0;0;0;1;0
11;7;7100205;2018;12;16;4;3;6;2;2;0;1;1;0;0;0;1
11;4;4400726;2018;12;12;4;3;6;4;0;0;1;1;0;0;0;0
11;1;1100205;2018;12;13;5;2;6;4;0;0;1;1;0;0;0;0
11;1;1100207;2018;12;13;4;3;6;4;0;0;1;1;0;0;0;0
11;4;4200308;2018;12;0;4;3;2;6;2;0;1;0;0;0;0;0
11;2;2100103;2018;12;13;5;3;3;6;0;0;1;0;0;0;0;0
11;2;2200209;2018;12;9;4;3;5;2;0;1;1;0;0;0;0;0
11;12;12500930;2018;12;14;5;3;6;4;0;0;0;1;1;0;0;1
11;4;4200310;2018;12;13;4;2;2;6;0;0;1;0;0;0;0;0
11;2;2200209;2018;12;12;5;3;0;7;0;1;1;0;0;0;0;0
11;12;12601031;2018;12;14;4;3;5;3;0;1;1;0;0;0;0;1
11;11;11100204;2018;12;6;4;3;0;1;2;0;0;0;1;0;0;2
11;5;5400943;2018;12;15;5;3;6;2;0;0;1;1;0;0;0;1
11;10;10200629;2018;12;9;4;2;0;1;0;1;0;0;0;0;0;2
11;6;6200313;2018;12;15;4;3;1;5;0;0;1;0;1;0;0;1
11;8;8100313;2018;12;15;4;3;5;2;1;0;1;0;0;0;0;1
11;5;5100314;2018;12;15;5;3;6;4;1;0;1;1;0;0;0;0
11;6;6100210;2018;12;8;4;2;0;1;0;1;0;0;0;0;0;2
11;4;4300518;2018;12;15;5;3;1;5;0;1;1;0;0;0;0;1
11;7;7200412;2018;12;6;4;2;0;1;2;0;0;0;1;0;0;2
11;6;6100210;2018;12;16;5;2;3;6;1;0;1;0;1;0;0;1
11;8;8100102;2018;12;5;4;3;9;1;2;0;1;0;0;0;0;2
11;4;4300622;2018;12;17;5;2;2;1;1;0;1;0;0;0;0;1
11;3;3400830;2018;12;13;4;2;6;4;0;0;1;1;0;0;0;1
11;7;7400825;2018;12;2;6;3;1;1;2;0;1;0;0;0;0;1
11;8;8100417;2018;12;17;5;3;5;3;1;0;1;0;0;0;1;0
11;5;5100105;2018;12;16;4;3;5;2;1;1;1;0;0;0;0;1
11;1;1100309;2018;12;21;4;3;1;5;2;0;1;0;0;0;0;0
11;3;3300412;2018;12;9;4;3;5;3;0;0;1;0;0;0;0;0
11;5;5100105;2018;12;20;4;3;0;1;2;0;0;0;1;0;0;1
11;1;1100102;2018;12;18;4;3;5;3;2;1;1;0;0;0;0;1
11;9;9200613;2018;12;18;4;3;5;3;2;1;1;0;0;0;0;0
11;6;6400841;2018;12;12;5;3;5;2;0;1;1;0;0;0;0;1
11;9;9200715;2018;12;18;2;3;2;2;2;0;1;0;0;0;0;1
11;8;8100102;2018;12;18;2;2;5;3;2;1;1;0;0;0;0;1
11;8;8100521;2018;12;23;2;3;5;3;2;0;1;0;0;0;0;1
11;1;1300733;2018;12;22;2;3;2;6;2;0;1;0;0;0;0;0
11;2;2100101;2018;12;20;2;3;2;3;2;0;1;0;0;0;0;1
11;3;3601347;2018;12;19;2;3;5;3;2;0;1;0;0;0;0;1
11;1;1401049;2018;12;18;2;3;0;6;2;0;1;0;1;0;0;1
11;1;1300733;2018;12;14;2;3;6;4;0;1;1;1;0;0;0;0
11;5;5200630;2018;12;14;2;3;2;6;0;0;1;0;0;0;0;0
11;6;6100101;2018;12;14;2;2;0;1;0;1;0;0;0;0;0;0
11;6;6400844;2018;12;13;2;3;5;3;0;1;1;0;0;0;0;0
11;3;3300516;2018;12;13;2;3;5;2;0;1;1;0;0;0;0;0
11;7;7400927;2018;12;12;2;2;5;3;0;0;1;0;0;0;0;0
11;5;5100211;2018;12;12;2;3;6;2;0;0;1;1;0;0;0;0
11;1;1401047;2018;12;11;2;3;3;6;0;1;1;0;0;0;0;0
11;4;1200522;2018;12;11;2;3;2;6;0;0;1;0;0;0;0;0
11;9;9501736;2018;12;16;1;3;5;3;1;0;1;0;0;0;1;0
11;12;12601031;2018;12;23;1;2;6;2;2;0;1;1;0;0;0;0
11;1;1300730;2018;12;22;1;3;5;3;2;0;1;0;0;0;0;0
11;2;2500833;2018;12;1;1;3;0;1;2;1;0;0;0;0;0;1
11;2;2100105;2018;12;1;7;3;5;2;2;1;1;0;0;0;0;0
11;12;12400618;2018;12;0;7;3;2;6;2;0;1;0;0;0;0;0
11;9;9200512;2018;12;15;7;3;5;7;0;0;1;0;0;0;0;1
11;6;6100101;2018;12;11;7;3;8;1;0;0;1;0;0;0;0;1
11;9;9501838;2018;12;10;7;3;8;7;0;0;1;0;0;0;0;1
11;10;10100311;2018;12;23;7;2;6;6;2;0;1;1;0;0;0;1
11;7;7100102;2018;12;23;7;3;6;2;2;0;1;1;0;0;0;1
11;8;8200832;2018;12;21;7;3;6;4;2;0;1;1;0;0;0;1
11;11;11200411;2018;12;21;7;3;6;4;2;0;1;1;0;0;0;1
11;11;11501238;2018;12;20;7;2;1;7;2;1;0;0;0;0;0;1
11;1;1300836;2018;12;20;7;3;2;6;2;0;1;0;0;0;0;1
11;1;1300836;2018;12;20;7;2;6;4;2;0;1;1;0;0;0;1
11;8;8100207;2018;12;19;7;2;5;3;2;1;1;0;0;0;0;0
11;11;11400930;2018;12;10;7;2;0;1;0;1;0;0;0;0;0;1
11;4;4300620;2018;12;10;7;3;5;7;0;1;1;0;0;0;0;1
11;1;1300733;2018;12;2;7;1;8;1;2;0;1;1;0;0;0;1
11;10;10200421;2018;12;17;6;3;6;2;2;0;1;1;0;0;0;1
11;11;11200512;2018;12;14;6;2;5;2;1;0;1;0;0;0;0;0
11;1;1401046;2018;12;14;6;3;2;4;0;0;1;1;0;0;0;1
11;6;6300525;2018;12;13;6;3;5;3;0;0;1;0;0;0;0;0
11;1;1100206;2018;12;12;6;3;3;6;0;0;1;0;0;0;0;1
11;8;8100102;2018;12;12;6;3;5;3;0;0;1;0;0;0;0;1
11;2;2100102;2018;12;10;6;3;5;3;0;0;1;0;0;0;0;1
11;11;11100308;2018;12;10;6;3;9;7;0;0;1;0;0;0;0;1
11;4;4200310;2018;12;10;6;3;5;3;0;0;1;0;0;0;0;0
11;3;3501037;2018;12;10;6;3;5;7;0;1;1;0;0;0;0;1
11;2;2500726;2018;12;9;6;3;2;6;0;0;1;0;0;0;0;1
11;11;11300618;2018;12;9;6;2;0;7;1;1;0;0;0;0;0;1
11;7;7400927;2018;12;7;6;3;5;3;1;0;1;0;0;0;0;1